{"type": "FeatureCollection", "features": [{"type": "Feature", "geometry": {"type": "Point", "coordinates": [123.8758763, 10.3066317]}, "properties": {"kind": "school"}}, {"type": "Feature", "geometry": {"type": "Point", "coordinates": [123.8848454, 10.3158828]}, "properties": {"kind": "place_of_worship"}}, {"type": "Feature", "geometry": {"type": "Point", "coordinates": [123.8856702, 10.3101068]}, "properties": {"kind": "school"}}, {"type": "Feature", "geometry": {"type": "Point", "coordinates": [123.8857134, 10.3282959]}, "properties": {"kind": "place_of_worship"}}, {"type": "Feature", "geometry": {"type": "Point", "coordinates": [123.8785542, 10.2910247]}, "properties": {"kind": "place_of_worship"}}, {"type": "Feature", "geometry": {"type": "Point", "coordinates": [123.8777733, 10.2918385]}, "properties": {"kind": "place_of_worship"}}, {"type": "Feature", "geometry": {"type": "Point", "coordinates": [123.8731552, 10.2935441]}, "properties": {"kind": "place_of_worship"}}, {"type": "Feature", "geometry": {"type": "Point", "coordinates": [123.8933308, 10.3042771]}, "properties": {"kind": "school"}}, {"type": "Feature", "geometry": {"type": "Point", "coordinates": [123.892126, 10.3217499]}, "properties": {"kind": "place_of_worship"}}, {"type": "Feature", "geometry": {"type": "Point", "coordinates": [123.877412, 10.3055941]}, "properties": {"kind": "place_of_worship"}}, {"type": "Feature", "geometry": {"type": "Point", "coordinates": [123.8837618, 10.3090353]}, "properties": {"kind": "school"}}, {"type": "Feature", "geometry": {"type": "Point", "coordinates": [123.8782538, 10.3121001]}, "properties": {"kind": "school"}}, {"type": "Feature", "geometry": {"type": "Point", "coordinates": [123.8870819, 10.2982999]}, "properties": {"kind": "school"}}, {"type": "Feature", "geometry": {"type": "Point", "coordinates": [123.8710828, 10.2866597]}, "properties": {"kind": "place_of_worship"}}, {"type": "Feature", "geometry": {"type": "Point", "coordinates": [123.8733587, 10.2845867]}, "properties": {"kind": "place_of_worship"}}, {"type": "Feature", "geometry": {"type": "Point", "coordinates": [123.871945, 10.2846357]}, "properties": {"kind": "place_of_worship"}}, {"type": "Feature", "geometry": {"type": "Point", "coordinates": [123.8740805, 10.28971]}, "properties": {"kind": "marketplace"}}, {"type": "Feature", "geometry": {"type": "Point", "coordinates": [123.8699178, 10.2883831]}, "properties": {"kind": "place_of_worship"}}, {"type": "Feature", "geometry": {"type": "Point", "coordinates": [123.8730548, 10.2897678]}, "properties": {"kind": "place_of_worship"}}, {"type": "Feature", "geometry": {"type": "Point", "coordinates": [123.869796, 10.2885679]}, "properties": {"kind": "place_of_worship"}}, {"type": "Feature", "geometry": {"type": "Point", "coordinates": [123.8668365, 10.2866482]}, "properties": {"kind": "place_of_worship"}}, {"type": "Feature", "geometry": {"type": "Point", "coordinates": [123.8660055, 10.2908599]}, "properties": {"kind": "school"}}, {"type": "Feature", "geometry": {"type": "Point", "coordinates": [123.8923968, 10.3096109]}, "properties": {"kind": "bus_stop"}}, {"type": "Feature", "geometry": {"type": "Point", "coordinates": [123.8807255, 10.3243062]}, "properties": {"kind": "place_of_worship"}}, {"type": "Feature", "geometry": {"type": "Point", "coordinates": [123.8868903, 10.3175867]}, "properties": {"kind": "school"}}, {"type": "Feature", "geometry": {"type": "Point", "coordinates": [123.855654, 10.2924018]}, "properties": {"kind": "place_of_worship"}}, {"type": "Feature", "geometry": {"type": "Point", "coordinates": [123.8840372, 10.3018217]}, "properties": {"kind": "place_of_worship"}}, {"type": "Feature", "geometry": {"type": "Point", "coordinates": [123.8691384, 10.2949359]}, "properties": {"kind": "marketplace"}}, {"type": "Feature", "geometry": {"type": "Point", "coordinates": [123.8551515, 10.2787831]}, "properties": {"kind": "school"}}, {"type": "Feature", "geometry": {"type": "Point", "coordinates": [123.8947615, 10.2904983]}, "properties": {"kind": "school"}}, {"type": "Feature", "geometry": {"type": "Point", "coordinates": [123.8922175, 10.297435]}, "properties": {"kind": "school"}}, {"type": "Feature", "geometry": {"type": "Point", "coordinates": [123.8562557, 10.2721167]}, "properties": {"kind": "school"}}, {"type": "Feature", "geometry": {"type": "Point", "coordinates": [123.8910006, 10.2931862]}, "properties": {"kind": "school"}}, {"type": "Feature", "geometry": {"type": "Point", "coordinates": [123.8705486, 10.29366]}, "properties": {"kind": "school"}}, {"type": "Feature", "geometry": {"type": "Point", "coordinates": [123.8694055, 10.2600617]}, "properties": {"kind": "place_of_worship"}}, {"type": "Feature", "geometry": {"type": "Point", "coordinates": [123.8716006, 10.2951193]}, "properties": {"kind": "school"}}, {"type": "Feature", "geometry": {"type": "Point", "coordinates": [123.888146, 10.3166507]}, "properties": {"kind": "hospital"}}, {"type": "Feature", "geometry": {"type": "Point", "coordinates": [123.8728722, 10.3107484]}, "properties": {"kind": "place_of_worship"}}, {"type": "Feature", "geometry": {"type": "Point", "coordinates": [123.865251, 10.3170675]}, "properties": {"kind": "place_of_worship"}}, {"type": "Feature", "geometry": {"type": "Point", "coordinates": [123.860045, 10.2791106]}, "properties": {"kind": "place_of_worship"}}, {"type": "Feature", "geometry": {"type": "Point", "coordinates": [123.8572416, 10.2976625]}, "properties": {"kind": "place_of_worship"}}, {"type": "Feature", "geometry": {"type": "Point", "coordinates": [123.8906107, 10.3123642]}, "properties": {"kind": "school"}}, {"type": "Feature", "geometry": {"type": "Point", "coordinates": [123.8942414, 10.3196028]}, "properties": {"kind": "place_of_worship"}}, {"type": "Feature", "geometry": {"type": "Point", "coordinates": [123.8916725, 10.3136124]}, "properties": {"kind": "bus_stop"}}, {"type": "Feature", "geometry": {"type": "Point", "coordinates": [123.8924758, 10.3120591]}, "properties": {"kind": "bus_stop"}}, {"type": "Feature", "geometry": {"type": "Point", "coordinates": [123.8571531, 10.2976656]}, "properties": {"kind": "place_of_worship"}}, {"type": "Feature", "geometry": {"type": "Point", "coordinates": [123.8818749, 10.2942774]}, "properties": {"kind": "bus_stop"}}, {"type": "Feature", "geometry": {"type": "Point", "coordinates": [123.8482094, 10.2723952]}, "properties": {"kind": "bus_stop"}}, {"type": "Feature", "geometry": {"type": "Point", "coordinates": [123.8781039, 10.2908172]}, "properties": {"kind": "bus_stop"}}, {"type": "Feature", "geometry": {"type": "Point", "coordinates": [123.8554528, 10.2795313]}, "properties": {"kind": "bus_stop"}}, {"type": "Feature", "geometry": {"type": "Point", "coordinates": [123.893136, 10.2965332]}, "properties": {"kind": "bus_stop"}}, {"type": "Feature", "geometry": {"type": "Point", "coordinates": [123.883409, 10.2922697]}, "properties": {"kind": "bus_stop"}}, {"type": "Feature", "geometry": {"type": "Point", "coordinates": [123.8923719, 10.3166462]}, "properties": {"kind": "bus_stop"}}, {"type": "Feature", "geometry": {"type": "Point", "coordinates": [123.8922467, 10.3119899]}, "properties": {"kind": "bus_stop"}}, {"type": "Feature", "geometry": {"type": "Point", "coordinates": [123.8947554, 10.3094793]}, "properties": {"kind": "bus_stop"}}, {"type": "Feature", "geometry": {"type": "Point", "coordinates": [123.8938883, 10.2947747]}, "properties": {"kind": "bus_stop"}}, {"type": "Feature", "geometry": {"type": "Point", "coordinates": [123.8928065, 10.2925916]}, "properties": {"kind": "bus_stop"}}, {"type": "Feature", "geometry": {"type": "Point", "coordinates": [123.8809847, 10.2939341]}, "properties": {"kind": "bus_stop"}}, {"type": "Feature", "geometry": {"type": "Point", "coordinates": [123.8874061, 10.2944541]}, "properties": {"kind": "bus_stop"}}, {"type": "Feature", "geometry": {"type": "Point", "coordinates": [123.8553308, 10.279655]}, "properties": {"kind": "bus_stop"}}, {"type": "Feature", "geometry": {"type": "Point", "coordinates": [123.886431, 10.2931167]}, "properties": {"kind": "bus_stop"}}, {"type": "Feature", "geometry": {"type": "Point", "coordinates": [123.8917161, 10.3141908]}, "properties": {"kind": "bus_stop"}}, {"type": "Feature", "geometry": {"type": "Point", "coordinates": [123.8747679, 10.2903056]}, "properties": {"kind": "bus_stop"}}, {"type": "Feature", "geometry": {"type": "Point", "coordinates": [123.8801647, 10.2913092]}, "properties": {"kind": "bus_stop"}}, {"type": "Feature", "geometry": {"type": "Point", "coordinates": [123.8711703, 10.2897073]}, "properties": {"kind": "bus_stop"}}, {"type": "Feature", "geometry": {"type": "Point", "coordinates": [123.8801269, 10.2914286]}, "properties": {"kind": "bus_stop"}}, {"type": "Feature", "geometry": {"type": "Point", "coordinates": [123.8481261, 10.2725285]}, "properties": {"kind": "bus_stop"}}, {"type": "Feature", "geometry": {"type": "Point", "coordinates": [123.8910701, 10.3151707]}, "properties": {"kind": "bus_stop"}}, {"type": "Feature", "geometry": {"type": "Point", "coordinates": [123.8620583, 10.2870785]}, "properties": {"kind": "bus_stop"}}, {"type": "Feature", "geometry": {"type": "Point", "coordinates": [123.8933683, 10.2984113]}, "properties": {"kind": "bus_stop"}}, {"type": "Feature", "geometry": {"type": "Point", "coordinates": [123.8830643, 10.295411]}, "properties": {"kind": "bus_stop"}}, {"type": "Feature", "geometry": {"type": "Point", "coordinates": [123.8904893, 10.2976628]}, "properties": {"kind": "bus_stop"}}, {"type": "Feature", "geometry": {"type": "Point", "coordinates": [123.8870719, 10.2926004]}, "properties": {"kind": "bus_stop"}}, {"type": "Feature", "geometry": {"type": "Point", "coordinates": [123.893519, 10.3082244]}, "properties": {"kind": "bus_stop"}}, {"type": "Feature", "geometry": {"type": "Point", "coordinates": [123.8942374, 10.2992073]}, "properties": {"kind": "bus_stop"}}, {"type": "Feature", "geometry": {"type": "Point", "coordinates": [123.8832275, 10.2923473]}, "properties": {"kind": "bus_stop"}}, {"type": "Feature", "geometry": {"type": "Point", "coordinates": [123.886565, 10.2960217]}, "properties": {"kind": "bus_stop"}}, {"type": "Feature", "geometry": {"type": "Point", "coordinates": [123.8778693, 10.2908716]}, "properties": {"kind": "bus_stop"}}, {"type": "Feature", "geometry": {"type": "Point", "coordinates": [123.8910956, 10.2976825]}, "properties": {"kind": "bus_stop"}}, {"type": "Feature", "geometry": {"type": "Point", "coordinates": [123.870119, 10.2898464]}, "properties": {"kind": "bus_stop"}}, {"type": "Feature", "geometry": {"type": "Point", "coordinates": [123.8623005, 10.2870152]}, "properties": {"kind": "bus_stop"}}, {"type": "Feature", "geometry": {"type": "Point", "coordinates": [123.8864971, 10.2958245]}, "properties": {"kind": "bus_stop"}}, {"type": "Feature", "geometry": {"type": "Point", "coordinates": [123.8942132, 10.2990834]}, "properties": {"kind": "bus_stop"}}, {"type": "Feature", "geometry": {"type": "Point", "coordinates": [123.8938813, 10.3083102]}, "properties": {"kind": "bus_stop"}}, {"type": "Feature", "geometry": {"type": "Point", "coordinates": [123.8940394, 10.2987245]}, "properties": {"kind": "bus_stop"}}, {"type": "Feature", "geometry": {"type": "Point", "coordinates": [123.8919085, 10.2944974]}, "properties": {"kind": "bus_stop"}}, {"type": "Feature", "geometry": {"type": "Point", "coordinates": [123.8890292, 10.2972082]}, "properties": {"kind": "bus_stop"}}, {"type": "Feature", "geometry": {"type": "Point", "coordinates": [123.8949897, 10.3089175]}, "properties": {"kind": "bus_stop"}}, {"type": "Feature", "geometry": {"type": "Point", "coordinates": [123.883208, 10.2952429]}, "properties": {"kind": "bus_stop"}}, {"type": "Feature", "geometry": {"type": "Point", "coordinates": [123.8898388, 10.2937566]}, "properties": {"kind": "bus_stop"}}, {"type": "Feature", "geometry": {"type": "Point", "coordinates": [123.87483, 10.290144]}, "properties": {"kind": "bus_stop"}}, {"type": "Feature", "geometry": {"type": "Point", "coordinates": [123.8731664, 10.3183862]}, "properties": {"kind": "place_of_worship"}}, {"type": "Feature", "geometry": {"type": "Point", "coordinates": [123.8919796, 10.2975585]}, "properties": {"kind": "place_of_worship"}}, {"type": "Feature", "geometry": {"type": "Point", "coordinates": [123.8740087, 10.2964307]}, "properties": {"kind": "school"}}, {"type": "Feature", "geometry": {"type": "Point", "coordinates": [123.8948924, 10.3045831]}, "properties": {"kind": "bus_stop"}}, {"type": "Feature", "geometry": {"type": "Point", "coordinates": [123.8940493, 10.3077257]}, "properties": {"kind": "bus_stop"}}, {"type": "Feature", "geometry": {"type": "Point", "coordinates": [123.8949701, 10.305056]}, "properties": {"kind": "bus_stop"}}, {"type": "Feature", "geometry": {"type": "Point", "coordinates": [123.8797428, 10.2816676]}, "properties": {"kind": "bus_stop"}}, {"type": "Feature", "geometry": {"type": "Point", "coordinates": [123.8939466, 10.2923509]}, "properties": {"kind": "place_of_worship"}}, {"type": "Feature", "geometry": {"type": "Point", "coordinates": [123.8920268, 10.2933971]}, "properties": {"kind": "school"}}, {"type": "Feature", "geometry": {"type": "Point", "coordinates": [123.8942256, 10.3172693]}, "properties": {"kind": "bus_stop"}}, {"type": "Feature", "geometry": {"type": "Point", "coordinates": [123.8920669, 10.3165734]}, "properties": {"kind": "bus_stop"}}, {"type": "Feature", "geometry": {"type": "Point", "coordinates": [123.8922045, 10.3112618]}, "properties": {"kind": "place_of_worship"}}, {"type": "Feature", "geometry": {"type": "Point", "coordinates": [123.8930718, 10.316883]}, "properties": {"kind": "place_of_worship"}}, {"type": "Feature", "geometry": {"type": "Point", "coordinates": [123.8946492, 10.2987677]}, "properties": {"kind": "bus_stop"}}, {"type": "Feature", "geometry": {"type": "Point", "coordinates": [123.8859393, 10.3044668]}, "properties": {"kind": "place_of_worship"}}, {"type": "Feature", "geometry": {"type": "Point", "coordinates": [123.8778594, 10.2998813]}, "properties": {"kind": "place_of_worship"}}, {"type": "Feature", "geometry": {"type": "Point", "coordinates": [123.893618, 10.308447]}, "properties": {"kind": "bus_stop"}}, {"type": "Feature", "geometry": {"type": "Point", "coordinates": [123.8936437, 10.2985709]}, "properties": {"kind": "bus_stop"}}, {"type": "Feature", "geometry": {"type": "Point", "coordinates": [123.8934944, 10.3090392]}, "properties": {"kind": "bus_stop"}}, {"type": "Feature", "geometry": {"type": "Point", "coordinates": [123.891101, 10.3156745]}, "properties": {"kind": "bus_stop"}}, {"type": "Feature", "geometry": {"type": "Point", "coordinates": [123.8917049, 10.3138497]}, "properties": {"kind": "bus_stop"}}, {"type": "Feature", "geometry": {"type": "Point", "coordinates": [123.8948315, 10.2986458]}, "properties": {"kind": "bus_stop"}}, {"type": "Feature", "geometry": {"type": "Point", "coordinates": [123.8560084, 10.2668754]}, "properties": {"kind": "school"}}, {"type": "Feature", "geometry": {"type": "Point", "coordinates": [123.8945343, 10.3062801]}, "properties": {"kind": "bus_stop"}}, {"type": "Feature", "geometry": {"type": "Point", "coordinates": [123.8732086, 10.2957612]}, "properties": {"kind": "place_of_worship"}}, {"type": "Feature", "geometry": {"type": "Point", "coordinates": [123.8777402, 10.2902357]}, "properties": {"kind": "bus_stop"}}, {"type": "Feature", "geometry": {"type": "Point", "coordinates": [123.8749547, 10.2635325]}, "properties": {"kind": "bus_stop"}}, {"type": "Feature", "geometry": {"type": "Point", "coordinates": [123.8865405, 10.2971091]}, "properties": {"kind": "bus_stop"}}, {"type": "Feature", "geometry": {"type": "Point", "coordinates": [123.8782002, 10.2673107]}, "properties": {"kind": "bus_stop"}}, {"type": "Feature", "geometry": {"type": "Point", "coordinates": [123.8821217, 10.2832614]}, "properties": {"kind": "bus_stop"}}, {"type": "Feature", "geometry": {"type": "Point", "coordinates": [123.8777818, 10.2905069]}, "properties": {"kind": "bus_stop"}}, {"type": "Feature", "geometry": {"type": "Point", "coordinates": [123.8817517, 10.2833317]}, "properties": {"kind": "bus_stop"}}, {"type": "Feature", "geometry": {"type": "Point", "coordinates": [123.8759046, 10.2650036]}, "properties": {"kind": "bus_stop"}}, {"type": "Feature", "geometry": {"type": "Point", "coordinates": [123.8790813, 10.2687042]}, "properties": {"kind": "bus_stop"}}, {"type": "Feature", "geometry": {"type": "Point", "coordinates": [123.8817582, 10.2803971]}, "properties": {"kind": "bus_stop"}}, {"type": "Feature", "geometry": {"type": "Point", "coordinates": [123.8873868, 10.2969719]}, "properties": {"kind": "bus_stop"}}, {"type": "Feature", "geometry": {"type": "Point", "coordinates": [123.8887668, 10.2992837]}, "properties": {"kind": "bus_stop"}}, {"type": "Feature", "geometry": {"type": "Point", "coordinates": [123.8885093, 10.2992137]}, "properties": {"kind": "bus_stop"}}, {"type": "Feature", "geometry": {"type": "Point", "coordinates": [123.8879152, 10.2987123]}, "properties": {"kind": "bus_stop"}}, {"type": "Feature", "geometry": {"type": "Point", "coordinates": [123.8880613, 10.2987374]}, "properties": {"kind": "bus_stop"}}, {"type": "Feature", "geometry": {"type": "Point", "coordinates": [123.8859524, 10.3129505]}, "properties": {"kind": "bus_stop"}}, {"type": "Feature", "geometry": {"type": "Point", "coordinates": [123.8837057, 10.3236707]}, "properties": {"kind": "bus_stop"}}, {"type": "Feature", "geometry": {"type": "Point", "coordinates": [123.8888872, 10.2964799]}, "properties": {"kind": "bus_stop"}}, {"type": "Feature", "geometry": {"type": "Point", "coordinates": [123.8868272, 10.3037861]}, "properties": {"kind": "bus_stop"}}, {"type": "Feature", "geometry": {"type": "Point", "coordinates": [123.8852584, 10.3167612]}, "properties": {"kind": "bus_stop"}}, {"type": "Feature", "geometry": {"type": "Point", "coordinates": [123.8851646, 10.3166783]}, "properties": {"kind": "bus_stop"}}, {"type": "Feature", "geometry": {"type": "Point", "coordinates": [123.8836563, 10.3235081]}, "properties": {"kind": "bus_stop"}}, {"type": "Feature", "geometry": {"type": "Point", "coordinates": [123.8866593, 10.3002185]}, "properties": {"kind": "bus_stop"}}, {"type": "Feature", "geometry": {"type": "Point", "coordinates": [123.886751, 10.3008002]}, "properties": {"kind": "bus_stop"}}, {"type": "Feature", "geometry": {"type": "Point", "coordinates": [123.8859462, 10.3136816]}, "properties": {"kind": "bus_stop"}}, {"type": "Feature", "geometry": {"type": "Point", "coordinates": [123.8866693, 10.3031915]}, "properties": {"kind": "bus_stop"}}, {"type": "Feature", "geometry": {"type": "Point", "coordinates": [123.8816606, 10.2999895]}, "properties": {"kind": "school"}}, {"type": "Feature", "geometry": {"type": "Point", "coordinates": [123.8796264, 10.3004508]}, "properties": {"kind": "school"}}, {"type": "Feature", "geometry": {"type": "Point", "coordinates": [123.8724724, 10.3005675]}, "properties": {"kind": "place_of_worship"}}, {"type": "Feature", "geometry": {"type": "Point", "coordinates": [123.8718317, 10.2946053]}, "properties": {"kind": "school"}}, {"type": "Feature", "geometry": {"type": "Point", "coordinates": [123.8737716, 10.2960432]}, "properties": {"kind": "place_of_worship"}}, {"type": "Feature", "geometry": {"type": "Point", "coordinates": [123.8923279, 10.3087503]}, "properties": {"kind": "hospital"}}, {"type": "Feature", "geometry": {"type": "Point", "coordinates": [123.8877055, 10.3082522]}, "properties": {"kind": "place_of_worship"}}, {"type": "Feature", "geometry": {"type": "Point", "coordinates": [123.8948046, 10.3020176]}, "properties": {"kind": "hospital"}}, {"type": "Feature", "geometry": {"type": "Point", "coordinates": [123.8709656, 10.2827334]}, "properties": {"kind": "place_of_worship"}}, {"type": "Feature", "geometry": {"type": "Point", "coordinates": [123.8736742, 10.2876161]}, "properties": {"kind": "place_of_worship"}}, {"type": "Feature", "geometry": {"type": "Point", "coordinates": [123.8729624, 10.2849795]}, "properties": {"kind": "place_of_worship"}}, {"type": "Feature", "geometry": {"type": "Point", "coordinates": [123.8678049, 10.2860559]}, "properties": {"kind": "place_of_worship"}}, {"type": "Feature", "geometry": {"type": "Point", "coordinates": [123.8688722, 10.2856744]}, "properties": {"kind": "place_of_worship"}}, {"type": "Feature", "geometry": {"type": "Point", "coordinates": [123.8751293, 10.2865651]}, "properties": {"kind": "place_of_worship"}}, {"type": "Feature", "geometry": {"type": "Point", "coordinates": [123.8723663, 10.287098]}, "properties": {"kind": "place_of_worship"}}, {"type": "Feature", "geometry": {"type": "Point", "coordinates": [123.8691418, 10.281162]}, "properties": {"kind": "place_of_worship"}}, {"type": "Feature", "geometry": {"type": "Point", "coordinates": [123.8745563, 10.2874371]}, "properties": {"kind": "place_of_worship"}}, {"type": "Feature", "geometry": {"type": "Point", "coordinates": [123.8730408, 10.2879909]}, "properties": {"kind": "place_of_worship"}}, {"type": "Feature", "geometry": {"type": "Point", "coordinates": [123.8852419, 10.3159047]}, "properties": {"kind": "marketplace"}}, {"type": "Feature", "geometry": {"type": "Point", "coordinates": [123.8921223, 10.3138414]}, "properties": {"kind": "place_of_worship"}}, {"type": "Feature", "geometry": {"type": "Point", "coordinates": [123.8912557, 10.3160178]}, "properties": {"kind": "place_of_worship"}}, {"type": "Feature", "geometry": {"type": "Point", "coordinates": [123.8915753, 10.2935154]}, "properties": {"kind": "place_of_worship"}}, {"type": "Feature", "geometry": {"type": "Point", "coordinates": [123.8696541, 10.2934267]}, "properties": {"kind": "place_of_worship"}}, {"type": "Feature", "geometry": {"type": "Point", "coordinates": [123.864081, 10.2981743]}, "properties": {"kind": "place_of_worship"}}, {"type": "Feature", "geometry": {"type": "Point", "coordinates": [123.881684, 10.3012822]}, "properties": {"kind": "school"}}, {"type": "Feature", "geometry": {"type": "Point", "coordinates": [123.8544175, 10.2796483]}, "properties": {"kind": "place_of_worship"}}, {"type": "Feature", "geometry": {"type": "Point", "coordinates": [123.8876669, 10.2960515]}, "properties": {"kind": "hospital"}}, {"type": "Feature", "geometry": {"type": "Point", "coordinates": [123.8857854, 10.2950435]}, "properties": {"kind": "school"}}, {"type": "Feature", "geometry": {"type": "Point", "coordinates": [123.8899635, 10.2942824]}, "properties": {"kind": "school"}}, {"type": "Feature", "geometry": {"type": "Point", "coordinates": [123.8557333, 10.2795173]}, "properties": {"kind": "marketplace"}}, {"type": "Feature", "geometry": {"type": "Point", "coordinates": [123.8893361, 10.3137398]}, "properties": {"kind": "place_of_worship"}}, {"type": "Feature", "geometry": {"type": "Point", "coordinates": [123.8549505, 10.2813616]}, "properties": {"kind": "place_of_worship"}}, {"type": "Feature", "geometry": {"type": "Point", "coordinates": [123.8853993, 10.311996]}, "properties": {"kind": "place_of_worship"}}, {"type": "Feature", "geometry": {"type": "Point", "coordinates": [123.8548619, 10.2800091]}, "properties": {"kind": "school"}}, {"type": "Feature", "geometry": {"type": "Point", "coordinates": [123.8655471, 10.2908726]}, "properties": {"kind": "school"}}, {"type": "Feature", "geometry": {"type": "Point", "coordinates": [123.8406748, 10.2634477]}, "properties": {"kind": "school"}}, {"type": "Feature", "geometry": {"type": "Point", "coordinates": [123.8457798, 10.2721194]}, "properties": {"kind": "school"}}, {"type": "Feature", "geometry": {"type": "Point", "coordinates": [123.8914401, 10.289665]}, "properties": {"kind": "marketplace"}}, {"type": "Feature", "geometry": {"type": "Point", "coordinates": [123.8849185, 10.3207691]}, "properties": {"kind": "school"}}, {"type": "Feature", "geometry": {"type": "Point", "coordinates": [123.8778988, 10.2818883]}, "properties": {"kind": "place_of_worship"}}, {"type": "Feature", "geometry": {"type": "Point", "coordinates": [123.8710002, 10.2863636]}, "properties": {"kind": "hospital"}}, {"type": "Feature", "geometry": {"type": "Point", "coordinates": [123.8566176, 10.2704833]}, "properties": {"kind": "marketplace"}}, {"type": "Feature", "geometry": {"type": "Point", "coordinates": [123.8560834, 10.2694374]}, "properties": {"kind": "place_of_worship"}}, {"type": "Feature", "geometry": {"type": "Point", "coordinates": [123.8857901, 10.3283533]}, "properties": {"kind": "place_of_worship"}}, {"type": "Feature", "geometry": {"type": "Point", "coordinates": [123.8869809, 10.2980832]}, "properties": {"kind": "place_of_worship"}}, {"type": "Feature", "geometry": {"type": "Point", "coordinates": [123.8736523, 10.2956062]}, "properties": {"kind": "place_of_worship"}}, {"type": "Feature", "geometry": {"type": "Point", "coordinates": [123.8716969, 10.289642]}, "properties": {"kind": "place_of_worship"}}, {"type": "Feature", "geometry": {"type": "Point", "coordinates": [123.8760468, 10.3147885]}, "properties": {"kind": "place_of_worship"}}, {"type": "Feature", "geometry": {"type": "Point", "coordinates": [123.8949023, 10.305852]}, "properties": {"kind": "place_of_worship"}}, {"type": "Feature", "geometry": {"type": "Point", "coordinates": [123.8747718, 10.3013687]}, "properties": {"kind": "place_of_worship"}}, {"type": "Feature", "geometry": {"type": "Point", "coordinates": [123.8832168, 10.2864587]}, "properties": {"kind": "place_of_worship"}}, {"type": "Feature", "geometry": {"type": "Point", "coordinates": [123.8943902, 10.2904714]}, "properties": {"kind": "school"}}, {"type": "Feature", "geometry": {"type": "Point", "coordinates": [123.8934962, 10.290295]}, "properties": {"kind": "place_of_worship"}}, {"type": "Feature", "geometry": {"type": "Point", "coordinates": [123.8909799, 10.2906788]}, "properties": {"kind": "school"}}, {"type": "Feature", "geometry": {"type": "Point", "coordinates": [123.8919861, 10.2914629]}, "properties": {"kind": "marketplace"}}, {"type": "Feature", "geometry": {"type": "Point", "coordinates": [123.8946476, 10.3039854]}, "properties": {"kind": "place_of_worship"}}, {"type": "Feature", "geometry": {"type": "Point", "coordinates": [123.8955241, 10.3010824]}, "properties": {"kind": "school"}}, {"type": "Feature", "geometry": {"type": "Point", "coordinates": [123.8921655, 10.3035907]}, "properties": {"kind": "hospital"}}, {"type": "Feature", "geometry": {"type": "Point", "coordinates": [123.8908945, 10.3050637]}, "properties": {"kind": "place_of_worship"}}, {"type": "Feature", "geometry": {"type": "Point", "coordinates": [123.877144, 10.2901034]}, "properties": {"kind": "place_of_worship"}}, {"type": "Feature", "geometry": {"type": "Point", "coordinates": [123.8809977, 10.3213626]}, "properties": {"kind": "school"}}, {"type": "Feature", "geometry": {"type": "Point", "coordinates": [123.8800203, 10.3201765]}, "properties": {"kind": "school"}}, {"type": "Feature", "geometry": {"type": "Point", "coordinates": [123.8776319, 10.3175489]}, "properties": {"kind": "school"}}, {"type": "Feature", "geometry": {"type": "Point", "coordinates": [123.844886, 10.2607455]}, "properties": {"kind": "place_of_worship"}}, {"type": "Feature", "geometry": {"type": "Point", "coordinates": [123.8494707, 10.2759655]}, "properties": {"kind": "school"}}, {"type": "Feature", "geometry": {"type": "Point", "coordinates": [123.8653379, 10.2925606]}, "properties": {"kind": "place_of_worship"}}, {"type": "Feature", "geometry": {"type": "Point", "coordinates": [123.8696767, 10.2878929]}, "properties": {"kind": "school"}}, {"type": "Feature", "geometry": {"type": "Point", "coordinates": [123.8816146, 10.28823]}, "properties": {"kind": "school"}}, {"type": "Feature", "geometry": {"type": "Point", "coordinates": [123.8659138, 10.289592]}, "properties": {"kind": "school"}}, {"type": "Feature", "geometry": {"type": "Point", "coordinates": [123.8846791, 10.3216009]}, "properties": {"kind": "school"}}, {"type": "Feature", "geometry": {"type": "Point", "coordinates": [123.8840677, 10.301335]}, "properties": {"kind": "place_of_worship"}}, {"type": "Feature", "geometry": {"type": "Point", "coordinates": [123.8835634, 10.291738]}, "properties": {"kind": "place_of_worship"}}, {"type": "Feature", "geometry": {"type": "Point", "coordinates": [123.8693204, 10.2819846]}, "properties": {"kind": "place_of_worship"}}, {"type": "Feature", "geometry": {"type": "Point", "coordinates": [123.8818411, 10.2877547]}, "properties": {"kind": "school"}}, {"type": "Feature", "geometry": {"type": "Point", "coordinates": [123.8772993, 10.2877528]}, "properties": {"kind": "school"}}, {"type": "Feature", "geometry": {"type": "Point", "coordinates": [123.8877547, 10.2963453]}, "properties": {"kind": "place_of_worship"}}, {"type": "Feature", "geometry": {"type": "Point", "coordinates": [123.869015, 10.2987169]}, "properties": {"kind": "school"}}, {"type": "Feature", "geometry": {"type": "Point", "coordinates": [123.8692571, 10.3010896]}, "properties": {"kind": "school"}}, {"type": "Feature", "geometry": {"type": "Point", "coordinates": [123.8705581, 10.2938223]}, "properties": {"kind": "school"}}, {"type": "Feature", "geometry": {"type": "Point", "coordinates": [123.8944454, 10.2992913]}, "properties": {"kind": "school"}}, {"type": "Feature", "geometry": {"type": "Point", "coordinates": [123.856072, 10.2719236]}, "properties": {"kind": "school"}}, {"type": "Feature", "geometry": {"type": "Point", "coordinates": [123.8539487, 10.27949]}, "properties": {"kind": "school"}}, {"type": "Feature", "geometry": {"type": "Point", "coordinates": [123.8562459, 10.288047]}, "properties": {"kind": "school"}}, {"type": "Feature", "geometry": {"type": "Point", "coordinates": [123.8801404, 10.3263371]}, "properties": {"kind": "place_of_worship"}}, {"type": "Feature", "geometry": {"type": "Point", "coordinates": [123.88044, 10.3240326]}, "properties": {"kind": "school"}}, {"type": "Feature", "geometry": {"type": "Point", "coordinates": [123.8860376, 10.3295111]}, "properties": {"kind": "school"}}, {"type": "Feature", "geometry": {"type": "Point", "coordinates": [123.8865422, 10.3289928]}, "properties": {"kind": "school"}}, {"type": "Feature", "geometry": {"type": "Point", "coordinates": [123.8557828, 10.2882454]}, "properties": {"kind": "school"}}, {"type": "Feature", "geometry": {"type": "Point", "coordinates": [123.8551517, 10.2789559]}, "properties": {"kind": "school"}}, {"type": "Feature", "geometry": {"type": "Point", "coordinates": [123.8463043, 10.2789594]}, "properties": {"kind": "school"}}, {"type": "Feature", "geometry": {"type": "Point", "coordinates": [123.8707118, 10.2860335]}, "properties": {"kind": "school"}}, {"type": "Feature", "geometry": {"type": "Point", "coordinates": [123.8525038, 10.3095656]}, "properties": {"kind": "school"}}, {"type": "Feature", "geometry": {"type": "Point", "coordinates": [123.8712612, 10.2864602]}, "properties": {"kind": "hospital"}}, {"type": "Feature", "geometry": {"type": "Point", "coordinates": [123.8708139, 10.3063968]}, "properties": {"kind": "place_of_worship"}}, {"type": "Feature", "geometry": {"type": "Point", "coordinates": [123.8645617, 10.2888899]}, "properties": {"kind": "place_of_worship"}}, {"type": "Feature", "geometry": {"type": "Point", "coordinates": [123.882544, 10.3120172]}, "properties": {"kind": "place_of_worship"}}, {"type": "Feature", "geometry": {"type": "Point", "coordinates": [123.8934955, 10.296683]}, "properties": {"kind": "place_of_worship"}}, {"type": "Feature", "geometry": {"type": "Point", "coordinates": [123.89489, 10.3157361]}, "properties": {"kind": "school"}}, {"type": "Feature", "geometry": {"type": "Point", "coordinates": [123.873171, 10.3183913]}, "properties": {"kind": "place_of_worship"}}, {"type": "Feature", "geometry": {"type": "Point", "coordinates": [123.8407115, 10.2638311]}, "properties": {"kind": "school"}}, {"type": "Feature", "geometry": {"type": "Point", "coordinates": [123.8718482, 10.3006155]}, "properties": {"kind": "place_of_worship"}}, {"type": "Feature", "geometry": {"type": "Point", "coordinates": [123.8915075, 10.2974162]}, "properties": {"kind": "hospital"}}, {"type": "Feature", "geometry": {"type": "Point", "coordinates": [123.8922345, 10.313739]}, "properties": {"kind": "place_of_worship"}}, {"type": "Feature", "geometry": {"type": "Point", "coordinates": [123.8827565, 10.2964939]}, "properties": {"kind": "school"}}, {"type": "Feature", "geometry": {"type": "Point", "coordinates": [123.8878707, 10.2965092]}, "properties": {"kind": "school"}}, {"type": "Feature", "geometry": {"type": "Point", "coordinates": [123.8631929, 10.2871203]}, "properties": {"kind": "hospital"}}, {"type": "Feature", "geometry": {"type": "Point", "coordinates": [123.8878663, 10.3082946]}, "properties": {"kind": "school"}}, {"type": "Feature", "geometry": {"type": "Point", "coordinates": [123.8951101, 10.3064587]}, "properties": {"kind": "hospital"}}, {"type": "Feature", "geometry": {"type": "Point", "coordinates": [123.8698905, 10.2930535]}, "properties": {"kind": "school"}}, {"type": "Feature", "geometry": {"type": "Point", "coordinates": [123.8839464, 10.3091977]}, "properties": {"kind": "school"}}, {"type": "Feature", "geometry": {"type": "Point", "coordinates": [123.8754584, 10.2909159]}, "properties": {"kind": "school"}}, {"type": "Feature", "geometry": {"type": "Point", "coordinates": [123.8750813, 10.2908523]}, "properties": {"kind": "school"}}, {"type": "Feature", "geometry": {"type": "Point", "coordinates": [123.8923321, 10.2973495]}, "properties": {"kind": "school"}}, {"type": "Feature", "geometry": {"type": "Point", "coordinates": [123.8805203, 10.2998982]}, "properties": {"kind": "school"}}, {"type": "Feature", "geometry": {"type": "Point", "coordinates": [123.8911713, 10.2955046]}, "properties": {"kind": "marketplace"}}, {"type": "Feature", "geometry": {"type": "Point", "coordinates": [123.8922238, 10.3140477]}, "properties": {"kind": "hospital"}}, {"type": "Feature", "geometry": {"type": "Point", "coordinates": [123.8421952, 10.2714505]}, "properties": {"kind": "school"}}, {"type": "Feature", "geometry": {"type": "Point", "coordinates": [123.8425409, 10.2710952]}, "properties": {"kind": "school"}}, {"type": "Feature", "geometry": {"type": "Point", "coordinates": [123.8431355, 10.2788295]}, "properties": {"kind": "school"}}, {"type": "Feature", "geometry": {"type": "Point", "coordinates": [123.8429829, 10.2787553]}, "properties": {"kind": "school"}}, {"type": "Feature", "geometry": {"type": "Point", "coordinates": [123.8568611, 10.2779321]}, "properties": {"kind": "school"}}, {"type": "Feature", "geometry": {"type": "Point", "coordinates": [123.8564898, 10.2786689]}, "properties": {"kind": "school"}}, {"type": "Feature", "geometry": {"type": "Point", "coordinates": [123.8916528, 10.307831]}, "properties": {"kind": "hospital"}}, {"type": "Feature", "geometry": {"type": "Point", "coordinates": [123.8912003, 10.3100482]}, "properties": {"kind": "hospital"}}, {"type": "Feature", "geometry": {"type": "Point", "coordinates": [123.8894646, 10.3109337]}, "properties": {"kind": "school"}}, {"type": "Feature", "geometry": {"type": "Point", "coordinates": [123.9195629, 10.3109986]}, "properties": {"kind": "bus_stop"}}, {"type": "Feature", "geometry": {"type": "Point", "coordinates": [123.9144148, 10.3151009]}, "properties": {"kind": "place_of_worship"}}, {"type": "Feature", "geometry": {"type": "Point", "coordinates": [123.8995989, 10.3256849]}, "properties": {"kind": "school"}}, {"type": "Feature", "geometry": {"type": "Point", "coordinates": [123.9032105, 10.2921794]}, "properties": {"kind": "bus_stop"}}, {"type": "Feature", "geometry": {"type": "Point", "coordinates": [123.9022288, 10.2928232]}, "properties": {"kind": "bus_stop"}}, {"type": "Feature", "geometry": {"type": "Point", "coordinates": [123.9444716, 10.328465]}, "properties": {"kind": "school"}}, {"type": "Feature", "geometry": {"type": "Point", "coordinates": [123.9023228, 10.2976376]}, "properties": {"kind": "school"}}, {"type": "Feature", "geometry": {"type": "Point", "coordinates": [123.9354683, 10.3254401]}, "properties": {"kind": "bus_stop"}}, {"type": "Feature", "geometry": {"type": "Point", "coordinates": [123.9330789, 10.326663]}, "properties": {"kind": "place_of_worship"}}, {"type": "Feature", "geometry": {"type": "Point", "coordinates": [123.9485956, 10.3116239]}, "properties": {"kind": "school"}}, {"type": "Feature", "geometry": {"type": "Point", "coordinates": [123.9240473, 10.322602]}, "properties": {"kind": "bus_stop"}}, {"type": "Feature", "geometry": {"type": "Point", "coordinates": [123.8978974, 10.3260706]}, "properties": {"kind": "school"}}, {"type": "Feature", "geometry": {"type": "Point", "coordinates": [123.8978943, 10.3260922]}, "properties": {"kind": "place_of_worship"}}, {"type": "Feature", "geometry": {"type": "Point", "coordinates": [123.9471634, 10.2624607]}, "properties": {"kind": "school"}}, {"type": "Feature", "geometry": {"type": "Point", "coordinates": [123.9044058, 10.3101444]}, "properties": {"kind": "school"}}, {"type": "Feature", "geometry": {"type": "Point", "coordinates": [123.9104971, 10.3261421]}, "properties": {"kind": "school"}}, {"type": "Feature", "geometry": {"type": "Point", "coordinates": [123.9061588, 10.3255723]}, "properties": {"kind": "place_of_worship"}}, {"type": "Feature", "geometry": {"type": "Point", "coordinates": [123.9444975, 10.3284537]}, "properties": {"kind": "school"}}, {"type": "Feature", "geometry": {"type": "Point", "coordinates": [123.9444834, 10.3284604]}, "properties": {"kind": "place_of_worship"}}, {"type": "Feature", "geometry": {"type": "Point", "coordinates": [123.8980446, 10.3037432]}, "properties": {"kind": "place_of_worship"}}, {"type": "Feature", "geometry": {"type": "Point", "coordinates": [123.9335333, 10.3260237]}, "properties": {"kind": "bus_stop"}}, {"type": "Feature", "geometry": {"type": "Point", "coordinates": [123.9089744, 10.3073787]}, "properties": {"kind": "school"}}, {"type": "Feature", "geometry": {"type": "Point", "coordinates": [123.9181855, 10.3103896]}, "properties": {"kind": "bus_stop"}}, {"type": "Feature", "geometry": {"type": "Point", "coordinates": [123.8995929, 10.2971363]}, "properties": {"kind": "bus_stop"}}, {"type": "Feature", "geometry": {"type": "Point", "coordinates": [123.9142149, 10.3151906]}, "properties": {"kind": "bus_stop"}}, {"type": "Feature", "geometry": {"type": "Point", "coordinates": [123.9021452, 10.329536]}, "properties": {"kind": "school"}}, {"type": "Feature", "geometry": {"type": "Point", "coordinates": [123.9055382, 10.3274115]}, "properties": {"kind": "bus_stop"}}, {"type": "Feature", "geometry": {"type": "Point", "coordinates": [123.9036749, 10.2917719]}, "properties": {"kind": "bus_stop"}}, {"type": "Feature", "geometry": {"type": "Point", "coordinates": [123.9258828, 10.3192044]}, "properties": {"kind": "bus_stop"}}, {"type": "Feature", "geometry": {"type": "Point", "coordinates": [123.9180373, 10.3139648]}, "properties": {"kind": "bus_stop"}}, {"type": "Feature", "geometry": {"type": "Point", "coordinates": [123.9032577, 10.3048981]}, "properties": {"kind": "place_of_worship"}}, {"type": "Feature", "geometry": {"type": "Point", "coordinates": [123.911842, 10.3031986]}, "properties": {"kind": "bus_stop"}}, {"type": "Feature", "geometry": {"type": "Point", "coordinates": [123.9271891, 10.3238134]}, "properties": {"kind": "hospital"}}, {"type": "Feature", "geometry": {"type": "Point", "coordinates": [123.9096642, 10.3112858]}, "properties": {"kind": "place_of_worship"}}, {"type": "Feature", "geometry": {"type": "Point", "coordinates": [123.9002385, 10.3168089]}, "properties": {"kind": "place_of_worship"}}, {"type": "Feature", "geometry": {"type": "Point", "coordinates": [123.9047573, 10.3100161]}, "properties": {"kind": "hospital"}}, {"type": "Feature", "geometry": {"type": "Point", "coordinates": [123.9051354, 10.3230906]}, "properties": {"kind": "place_of_worship"}}, {"type": "Feature", "geometry": {"type": "Point", "coordinates": [123.915537, 10.3126993]}, "properties": {"kind": "school"}}, {"type": "Feature", "geometry": {"type": "Point", "coordinates": [123.9067644, 10.3243557]}, "properties": {"kind": "school"}}, {"type": "Feature", "geometry": {"type": "Point", "coordinates": [123.9477564, 10.3121154]}, "properties": {"kind": "school"}}, {"type": "Feature", "geometry": {"type": "Point", "coordinates": [123.9475205, 10.3124065]}, "properties": {"kind": "school"}}, {"type": "Feature", "geometry": {"type": "Point", "coordinates": [123.9348097, 10.3262719]}, "properties": {"kind": "bus_stop"}}, {"type": "Feature", "geometry": {"type": "Point", "coordinates": [123.9420141, 10.3284394]}, "properties": {"kind": "bus_stop"}}, {"type": "Feature", "geometry": {"type": "Point", "coordinates": [123.8959888, 10.3117986]}, "properties": {"kind": "place_of_worship"}}, {"type": "Feature", "geometry": {"type": "Point", "coordinates": [123.9420783, 10.3262834]}, "properties": {"kind": "bus_stop"}}, {"type": "Feature", "geometry": {"type": "Point", "coordinates": [123.9296841, 10.3208191]}, "properties": {"kind": "bus_stop"}}, {"type": "Feature", "geometry": {"type": "Point", "coordinates": [123.9287869, 10.320286]}, "properties": {"kind": "bus_stop"}}, {"type": "Feature", "geometry": {"type": "Point", "coordinates": [123.929974, 10.3216995]}, "properties": {"kind": "bus_stop"}}, {"type": "Feature", "geometry": {"type": "Point", "coordinates": [123.9352371, 10.3270579]}, "properties": {"kind": "bus_stop"}}, {"type": "Feature", "geometry": {"type": "Point", "coordinates": [123.9350872, 10.327234]}, "properties": {"kind": "bus_stop"}}, {"type": "Feature", "geometry": {"type": "Point", "coordinates": [123.9326289, 10.3299393]}, "properties": {"kind": "bus_stop"}}, {"type": "Feature", "geometry": {"type": "Point", "coordinates": [123.8963837, 10.3073224]}, "properties": {"kind": "bus_stop"}}, {"type": "Feature", "geometry": {"type": "Point", "coordinates": [123.9013766, 10.2948524]}, "properties": {"kind": "bus_stop"}}, {"type": "Feature", "geometry": {"type": "Point", "coordinates": [123.94557, 10.2996696]}, "properties": {"kind": "place_of_worship"}}, {"type": "Feature", "geometry": {"type": "Point", "coordinates": [123.8981505, 10.3248901]}, "properties": {"kind": "bus_stop"}}, {"type": "Feature", "geometry": {"type": "Point", "coordinates": [123.90038, 10.3175016]}, "properties": {"kind": "bus_stop"}}, {"type": "Feature", "geometry": {"type": "Point", "coordinates": [123.9466354, 10.3279249]}, "properties": {"kind": "bus_stop"}}, {"type": "Feature", "geometry": {"type": "Point", "coordinates": [123.9205221, 10.3195566]}, "properties": {"kind": "bus_stop"}}, {"type": "Feature", "geometry": {"type": "Point", "coordinates": [123.9091158, 10.3171901]}, "properties": {"kind": "bus_stop"}}, {"type": "Feature", "geometry": {"type": "Point", "coordinates": [123.9065277, 10.301027]}, "properties": {"kind": "bus_stop"}}, {"type": "Feature", "geometry": {"type": "Point", "coordinates": [123.9063757, 10.3079498]}, "properties": {"kind": "bus_stop"}}, {"type": "Feature", "geometry": {"type": "Point", "coordinates": [123.8993791, 10.3008851]}, "properties": {"kind": "bus_stop"}}, {"type": "Feature", "geometry": {"type": "Point", "coordinates": [123.9012287, 10.297779]}, "properties": {"kind": "bus_stop"}}, {"type": "Feature", "geometry": {"type": "Point", "coordinates": [123.899325, 10.2998977]}, "properties": {"kind": "bus_stop"}}, {"type": "Feature", "geometry": {"type": "Point", "coordinates": [123.9034665, 10.3016708]}, "properties": {"kind": "bus_stop"}}, {"type": "Feature", "geometry": {"type": "Point", "coordinates": [123.8985564, 10.2940759]}, "properties": {"kind": "bus_stop"}}, {"type": "Feature", "geometry": {"type": "Point", "coordinates": [123.8977535, 10.2979576]}, "properties": {"kind": "bus_stop"}}, {"type": "Feature", "geometry": {"type": "Point", "coordinates": [123.8957074, 10.2979837]}, "properties": {"kind": "bus_stop"}}, {"type": "Feature", "geometry": {"type": "Point", "coordinates": [123.9033651, 10.3003815]}, "properties": {"kind": "bus_stop"}}, {"type": "Feature", "geometry": {"type": "Point", "coordinates": [123.903456, 10.2949656]}, "properties": {"kind": "bus_stop"}}, {"type": "Feature", "geometry": {"type": "Point", "coordinates": [123.8974861, 10.2936377]}, "properties": {"kind": "bus_stop"}}, {"type": "Feature", "geometry": {"type": "Point", "coordinates": [123.9039555, 10.2954644]}, "properties": {"kind": "bus_stop"}}, {"type": "Feature", "geometry": {"type": "Point", "coordinates": [123.9028777, 10.3028941]}, "properties": {"kind": "bus_stop"}}, {"type": "Feature", "geometry": {"type": "Point", "coordinates": [123.9032436, 10.2978383]}, "properties": {"kind": "bus_stop"}}, {"type": "Feature", "geometry": {"type": "Point", "coordinates": [123.8958604, 10.2980676]}, "properties": {"kind": "bus_stop"}}, {"type": "Feature", "geometry": {"type": "Point", "coordinates": [123.8977932, 10.3054343]}, "properties": {"kind": "bus_stop"}}, {"type": "Feature", "geometry": {"type": "Point", "coordinates": [123.8982099, 10.2992485]}, "properties": {"kind": "bus_stop"}}, {"type": "Feature", "geometry": {"type": "Point", "coordinates": [123.8971701, 10.2958266]}, "properties": {"kind": "bus_stop"}}, {"type": "Feature", "geometry": {"type": "Point", "coordinates": [123.9033339, 10.3017641]}, "properties": {"kind": "bus_stop"}}, {"type": "Feature", "geometry": {"type": "Point", "coordinates": [123.9060751, 10.301965]}, "properties": {"kind": "bus_stop"}}, {"type": "Feature", "geometry": {"type": "Point", "coordinates": [123.8987998, 10.2918703]}, "properties": {"kind": "bus_stop"}}, {"type": "Feature", "geometry": {"type": "Point", "coordinates": [123.9000956, 10.2954178]}, "properties": {"kind": "bus_stop"}}, {"type": "Feature", "geometry": {"type": "Point", "coordinates": [123.9058828, 10.2979342]}, "properties": {"kind": "bus_stop"}}, {"type": "Feature", "geometry": {"type": "Point", "coordinates": [123.903627, 10.2935154]}, "properties": {"kind": "bus_stop"}}, {"type": "Feature", "geometry": {"type": "Point", "coordinates": [123.908847, 10.2989694]}, "properties": {"kind": "bus_stop"}}, {"type": "Feature", "geometry": {"type": "Point", "coordinates": [123.9061232, 10.3041425]}, "properties": {"kind": "bus_stop"}}, {"type": "Feature", "geometry": {"type": "Point", "coordinates": [123.8960635, 10.310378]}, "properties": {"kind": "bus_stop"}}, {"type": "Feature", "geometry": {"type": "Point", "coordinates": [123.9118072, 10.3030341]}, "properties": {"kind": "bus_stop"}}, {"type": "Feature", "geometry": {"type": "Point", "coordinates": [123.908636, 10.2990254]}, "properties": {"kind": "bus_stop"}}, {"type": "Feature", "geometry": {"type": "Point", "coordinates": [123.9033819, 10.2953527]}, "properties": {"kind": "bus_stop"}}, {"type": "Feature", "geometry": {"type": "Point", "coordinates": [123.8960635, 10.3011721]}, "properties": {"kind": "bus_stop"}}, {"type": "Feature", "geometry": {"type": "Point", "coordinates": [123.9061538, 10.3018613]}, "properties": {"kind": "bus_stop"}}, {"type": "Feature", "geometry": {"type": "Point", "coordinates": [123.9124336, 10.3032715]}, "properties": {"kind": "bus_stop"}}, {"type": "Feature", "geometry": {"type": "Point", "coordinates": [123.909869, 10.2984537]}, "properties": {"kind": "bus_stop"}}, {"type": "Feature", "geometry": {"type": "Point", "coordinates": [123.8973365, 10.2957673]}, "properties": {"kind": "bus_stop"}}, {"type": "Feature", "geometry": {"type": "Point", "coordinates": [123.8965239, 10.3007319]}, "properties": {"kind": "bus_stop"}}, {"type": "Feature", "geometry": {"type": "Point", "coordinates": [123.9060508, 10.2979952]}, "properties": {"kind": "bus_stop"}}, {"type": "Feature", "geometry": {"type": "Point", "coordinates": [123.9064561, 10.2935112]}, "properties": {"kind": "bus_stop"}}, {"type": "Feature", "geometry": {"type": "Point", "coordinates": [123.9014044, 10.3005815]}, "properties": {"kind": "bus_stop"}}, {"type": "Feature", "geometry": {"type": "Point", "coordinates": [123.8994763, 10.2969242]}, "properties": {"kind": "bus_stop"}}, {"type": "Feature", "geometry": {"type": "Point", "coordinates": [123.8972602, 10.3109833]}, "properties": {"kind": "bus_stop"}}, {"type": "Feature", "geometry": {"type": "Point", "coordinates": [123.897815, 10.296929]}, "properties": {"kind": "bus_stop"}}, {"type": "Feature", "geometry": {"type": "Point", "coordinates": [123.9015585, 10.2977276]}, "properties": {"kind": "bus_stop"}}, {"type": "Feature", "geometry": {"type": "Point", "coordinates": [123.9029524, 10.2990083]}, "properties": {"kind": "bus_stop"}}, {"type": "Feature", "geometry": {"type": "Point", "coordinates": [123.8990638, 10.2958487]}, "properties": {"kind": "bus_stop"}}, {"type": "Feature", "geometry": {"type": "Point", "coordinates": [123.9064409, 10.3023102]}, "properties": {"kind": "bus_stop"}}, {"type": "Feature", "geometry": {"type": "Point", "coordinates": [123.9062327, 10.3045251]}, "properties": {"kind": "bus_stop"}}, {"type": "Feature", "geometry": {"type": "Point", "coordinates": [123.9011122, 10.2933774]}, "properties": {"kind": "bus_stop"}}, {"type": "Feature", "geometry": {"type": "Point", "coordinates": [123.8979379, 10.2940967]}, "properties": {"kind": "bus_stop"}}, {"type": "Feature", "geometry": {"type": "Point", "coordinates": [123.9028038, 10.3007916]}, "properties": {"kind": "bus_stop"}}, {"type": "Feature", "geometry": {"type": "Point", "coordinates": [123.9049287, 10.2940335]}, "properties": {"kind": "bus_stop"}}, {"type": "Feature", "geometry": {"type": "Point", "coordinates": [123.8997791, 10.2920187]}, "properties": {"kind": "bus_stop"}}, {"type": "Feature", "geometry": {"type": "Point", "coordinates": [123.9064754, 10.2943382]}, "properties": {"kind": "bus_stop"}}, {"type": "Feature", "geometry": {"type": "Point", "coordinates": [123.9059181, 10.3070641]}, "properties": {"kind": "bus_stop"}}, {"type": "Feature", "geometry": {"type": "Point", "coordinates": [123.908156, 10.2953206]}, "properties": {"kind": "bus_stop"}}, {"type": "Feature", "geometry": {"type": "Point", "coordinates": [123.8986569, 10.2922748]}, "properties": {"kind": "bus_stop"}}, {"type": "Feature", "geometry": {"type": "Point", "coordinates": [123.9065577, 10.3024776]}, "properties": {"kind": "bus_stop"}}, {"type": "Feature", "geometry": {"type": "Point", "coordinates": [123.9015458, 10.2923994]}, "properties": {"kind": "bus_stop"}}, {"type": "Feature", "geometry": {"type": "Point", "coordinates": [123.9011435, 10.3115767]}, "properties": {"kind": "bus_stop"}}, {"type": "Feature", "geometry": {"type": "Point", "coordinates": [123.9076171, 10.2967348]}, "properties": {"kind": "bus_stop"}}, {"type": "Feature", "geometry": {"type": "Point", "coordinates": [123.8975245, 10.2935144]}, "properties": {"kind": "bus_stop"}}, {"type": "Feature", "geometry": {"type": "Point", "coordinates": [123.8976558, 10.3109148]}, "properties": {"kind": "bus_stop"}}, {"type": "Feature", "geometry": {"type": "Point", "coordinates": [123.9092325, 10.2976159]}, "properties": {"kind": "bus_stop"}}, {"type": "Feature", "geometry": {"type": "Point", "coordinates": [123.896292, 10.297446]}, "properties": {"kind": "bus_stop"}}, {"type": "Feature", "geometry": {"type": "Point", "coordinates": [123.9079738, 10.2953235]}, "properties": {"kind": "bus_stop"}}, {"type": "Feature", "geometry": {"type": "Point", "coordinates": [123.9056473, 10.2968094]}, "properties": {"kind": "bus_stop"}}, {"type": "Feature", "geometry": {"type": "Point", "coordinates": [123.8994618, 10.2987584]}, "properties": {"kind": "bus_stop"}}, {"type": "Feature", "geometry": {"type": "Point", "coordinates": [123.9026679, 10.2924002]}, "properties": {"kind": "bus_stop"}}, {"type": "Feature", "geometry": {"type": "Point", "coordinates": [123.899705, 10.2964955]}, "properties": {"kind": "bus_stop"}}, {"type": "Feature", "geometry": {"type": "Point", "coordinates": [123.8978724, 10.3051073]}, "properties": {"kind": "bus_stop"}}, {"type": "Feature", "geometry": {"type": "Point", "coordinates": [123.897937, 10.2956349]}, "properties": {"kind": "bus_stop"}}, {"type": "Feature", "geometry": {"type": "Point", "coordinates": [123.8959789, 10.3105124]}, "properties": {"kind": "bus_stop"}}, {"type": "Feature", "geometry": {"type": "Point", "coordinates": [123.8979945, 10.2968851]}, "properties": {"kind": "bus_stop"}}, {"type": "Feature", "geometry": {"type": "Point", "coordinates": [123.901194, 10.2992325]}, "properties": {"kind": "bus_stop"}}, {"type": "Feature", "geometry": {"type": "Point", "coordinates": [123.8963465, 10.3071361]}, "properties": {"kind": "bus_stop"}}, {"type": "Feature", "geometry": {"type": "Point", "coordinates": [123.9063851, 10.3010045]}, "properties": {"kind": "bus_stop"}}, {"type": "Feature", "geometry": {"type": "Point", "coordinates": [123.9013523, 10.301653]}, "properties": {"kind": "bus_stop"}}, {"type": "Feature", "geometry": {"type": "Point", "coordinates": [123.9077649, 10.3253571]}, "properties": {"kind": "bus_stop"}}, {"type": "Feature", "geometry": {"type": "Point", "coordinates": [123.9079298, 10.3254482]}, "properties": {"kind": "bus_stop"}}, {"type": "Feature", "geometry": {"type": "Point", "coordinates": [123.9016119, 10.3294947]}, "properties": {"kind": "bus_stop"}}, {"type": "Feature", "geometry": {"type": "Point", "coordinates": [123.9010419, 10.3296596]}, "properties": {"kind": "bus_stop"}}, {"type": "Feature", "geometry": {"type": "Point", "coordinates": [123.9034693, 10.3285513]}, "properties": {"kind": "bus_stop"}}, {"type": "Feature", "geometry": {"type": "Point", "coordinates": [123.9058866, 10.3237135]}, "properties": {"kind": "bus_stop"}}, {"type": "Feature", "geometry": {"type": "Point", "coordinates": [123.9063594, 10.3240839]}, "properties": {"kind": "bus_stop"}}, {"type": "Feature", "geometry": {"type": "Point", "coordinates": [123.9097504, 10.3221934]}, "properties": {"kind": "bus_stop"}}, {"type": "Feature", "geometry": {"type": "Point", "coordinates": [123.9099844, 10.3220692]}, "properties": {"kind": "bus_stop"}}, {"type": "Feature", "geometry": {"type": "Point", "coordinates": [123.9110707, 10.3203183]}, "properties": {"kind": "bus_stop"}}, {"type": "Feature", "geometry": {"type": "Point", "coordinates": [123.9083531, 10.3190133]}, "properties": {"kind": "bus_stop"}}, {"type": "Feature", "geometry": {"type": "Point", "coordinates": [123.911009, 10.3201204]}, "properties": {"kind": "bus_stop"}}, {"type": "Feature", "geometry": {"type": "Point", "coordinates": [123.9119732, 10.3185055]}, "properties": {"kind": "bus_stop"}}, {"type": "Feature", "geometry": {"type": "Point", "coordinates": [123.911933, 10.3189119]}, "properties": {"kind": "bus_stop"}}, {"type": "Feature", "geometry": {"type": "Point", "coordinates": [123.9156966, 10.3146662]}, "properties": {"kind": "bus_stop"}}, {"type": "Feature", "geometry": {"type": "Point", "coordinates": [123.913677, 10.3138536]}, "properties": {"kind": "bus_stop"}}, {"type": "Feature", "geometry": {"type": "Point", "coordinates": [123.9151346, 10.3134459]}, "properties": {"kind": "bus_stop"}}, {"type": "Feature", "geometry": {"type": "Point", "coordinates": [123.918504, 10.3141173]}, "properties": {"kind": "bus_stop"}}, {"type": "Feature", "geometry": {"type": "Point", "coordinates": [123.9164807, 10.3127317]}, "properties": {"kind": "bus_stop"}}, {"type": "Feature", "geometry": {"type": "Point", "coordinates": [123.9212362, 10.3114083]}, "properties": {"kind": "bus_stop"}}, {"type": "Feature", "geometry": {"type": "Point", "coordinates": [123.9196497, 10.3091711]}, "properties": {"kind": "bus_stop"}}, {"type": "Feature", "geometry": {"type": "Point", "coordinates": [123.9010043, 10.3038188]}, "properties": {"kind": "place_of_worship"}}, {"type": "Feature", "geometry": {"type": "Point", "coordinates": [123.8957282, 10.3029297]}, "properties": {"kind": "bus_stop"}}, {"type": "Feature", "geometry": {"type": "Point", "coordinates": [123.8955419, 10.3027693]}, "properties": {"kind": "bus_stop"}}, {"type": "Feature", "geometry": {"type": "Point", "coordinates": [123.9011227, 10.2950845]}, "properties": {"kind": "bus_stop"}}, {"type": "Feature", "geometry": {"type": "Point", "coordinates": [123.8989562, 10.2960481]}, "properties": {"kind": "bus_stop"}}, {"type": "Feature", "geometry": {"type": "Point", "coordinates": [123.900124, 10.2955205]}, "properties": {"kind": "bus_stop"}}, {"type": "Feature", "geometry": {"type": "Point", "coordinates": [123.902712, 10.2939971]}, "properties": {"kind": "place_of_worship"}}, {"type": "Feature", "geometry": {"type": "Point", "coordinates": [123.8952564, 10.2922094]}, "properties": {"kind": "place_of_worship"}}, {"type": "Feature", "geometry": {"type": "Point", "coordinates": [123.8982078, 10.3028784]}, "properties": {"kind": "bus_stop"}}, {"type": "Feature", "geometry": {"type": "Point", "coordinates": [123.8971455, 10.3179238]}, "properties": {"kind": "bus_stop"}}, {"type": "Feature", "geometry": {"type": "Point", "coordinates": [123.9008937, 10.3096217]}, "properties": {"kind": "school"}}, {"type": "Feature", "geometry": {"type": "Point", "coordinates": [123.898293, 10.3181581]}, "properties": {"kind": "bus_stop"}}, {"type": "Feature", "geometry": {"type": "Point", "coordinates": [123.8971322, 10.317968]}, "properties": {"kind": "bus_stop"}}, {"type": "Feature", "geometry": {"type": "Point", "coordinates": [123.8957166, 10.3176223]}, "properties": {"kind": "bus_stop"}}, {"type": "Feature", "geometry": {"type": "Point", "coordinates": [123.9067129, 10.3148198]}, "properties": {"kind": "place_of_worship"}}, {"type": "Feature", "geometry": {"type": "Point", "coordinates": [123.9085388, 10.3117865]}, "properties": {"kind": "marketplace"}}, {"type": "Feature", "geometry": {"type": "Point", "coordinates": [123.9073022, 10.314249]}, "properties": {"kind": "school"}}, {"type": "Feature", "geometry": {"type": "Point", "coordinates": [123.9058972, 10.314148]}, "properties": {"kind": "place_of_worship"}}, {"type": "Feature", "geometry": {"type": "Point", "coordinates": [123.9257752, 10.3196155]}, "properties": {"kind": "bus_stop"}}, {"type": "Feature", "geometry": {"type": "Point", "coordinates": [123.898765, 10.3000417]}, "properties": {"kind": "place_of_worship"}}, {"type": "Feature", "geometry": {"type": "Point", "coordinates": [123.8996928, 10.2943538]}, "properties": {"kind": "bus_stop"}}, {"type": "Feature", "geometry": {"type": "Point", "coordinates": [123.8985762, 10.294657]}, "properties": {"kind": "bus_stop"}}, {"type": "Feature", "geometry": {"type": "Point", "coordinates": [123.8961026, 10.2957447]}, "properties": {"kind": "bus_stop"}}, {"type": "Feature", "geometry": {"type": "Point", "coordinates": [123.9340136, 10.3222793]}, "properties": {"kind": "place_of_worship"}}, {"type": "Feature", "geometry": {"type": "Point", "coordinates": [123.9215832, 10.328098]}, "properties": {"kind": "bus_stop"}}, {"type": "Feature", "geometry": {"type": "Point", "coordinates": [123.9021818, 10.3195472]}, "properties": {"kind": "bus_stop"}}, {"type": "Feature", "geometry": {"type": "Point", "coordinates": [123.9021129, 10.3197019]}, "properties": {"kind": "bus_stop"}}, {"type": "Feature", "geometry": {"type": "Point", "coordinates": [123.9060321, 10.321997]}, "properties": {"kind": "marketplace"}}, {"type": "Feature", "geometry": {"type": "Point", "coordinates": [123.9143424, 10.3205725]}, "properties": {"kind": "place_of_worship"}}, {"type": "Feature", "geometry": {"type": "Point", "coordinates": [123.8965253, 10.3002434]}, "properties": {"kind": "bus_stop"}}, {"type": "Feature", "geometry": {"type": "Point", "coordinates": [123.8960995, 10.3015969]}, "properties": {"kind": "bus_stop"}}, {"type": "Feature", "geometry": {"type": "Point", "coordinates": [123.9206224, 10.3115795]}, "properties": {"kind": "bus_stop"}}, {"type": "Feature", "geometry": {"type": "Point", "coordinates": [123.9203824, 10.3113285]}, "properties": {"kind": "bus_stop"}}, {"type": "Feature", "geometry": {"type": "Point", "coordinates": [123.9420723, 10.3241275]}, "properties": {"kind": "bus_stop"}}, {"type": "Feature", "geometry": {"type": "Point", "coordinates": [123.9324533, 10.3217233]}, "properties": {"kind": "bus_stop"}}, {"type": "Feature", "geometry": {"type": "Point", "coordinates": [123.8995981, 10.3193961]}, "properties": {"kind": "bus_stop"}}, {"type": "Feature", "geometry": {"type": "Point", "coordinates": [123.9003046, 10.317998]}, "properties": {"kind": "bus_stop"}}, {"type": "Feature", "geometry": {"type": "Point", "coordinates": [123.9440947, 10.2885237]}, "properties": {"kind": "place_of_worship"}}, {"type": "Feature", "geometry": {"type": "Point", "coordinates": [123.9084787, 10.3078533]}, "properties": {"kind": "bus_stop"}}, {"type": "Feature", "geometry": {"type": "Point", "coordinates": [123.9089549, 10.3077479]}, "properties": {"kind": "bus_stop"}}, {"type": "Feature", "geometry": {"type": "Point", "coordinates": [123.9033555, 10.3117974]}, "properties": {"kind": "bus_stop"}}, {"type": "Feature", "geometry": {"type": "Point", "coordinates": [123.9115946, 10.3045286]}, "properties": {"kind": "bus_stop"}}, {"type": "Feature", "geometry": {"type": "Point", "coordinates": [123.8960348, 10.2942691]}, "properties": {"kind": "bus_stop"}}, {"type": "Feature", "geometry": {"type": "Point", "coordinates": [123.9051755, 10.3223283]}, "properties": {"kind": "bus_stop"}}, {"type": "Feature", "geometry": {"type": "Point", "coordinates": [123.9121524, 10.3035466]}, "properties": {"kind": "bus_stop"}}, {"type": "Feature", "geometry": {"type": "Point", "coordinates": [123.9076439, 10.3092102]}, "properties": {"kind": "bus_stop"}}, {"type": "Feature", "geometry": {"type": "Point", "coordinates": [123.8986773, 10.3113926]}, "properties": {"kind": "bus_stop"}}, {"type": "Feature", "geometry": {"type": "Point", "coordinates": [123.9024378, 10.3113369]}, "properties": {"kind": "bus_stop"}}, {"type": "Feature", "geometry": {"type": "Point", "coordinates": [123.9049465, 10.3099666]}, "properties": {"kind": "bus_stop"}}, {"type": "Feature", "geometry": {"type": "Point", "coordinates": [123.8955048, 10.2951033]}, "properties": {"kind": "bus_stop"}}, {"type": "Feature", "geometry": {"type": "Point", "coordinates": [123.9087492, 10.3173853]}, "properties": {"kind": "bus_stop"}}, {"type": "Feature", "geometry": {"type": "Point", "coordinates": [123.8965603, 10.3177798]}, "properties": {"kind": "bus_stop"}}, {"type": "Feature", "geometry": {"type": "Point", "coordinates": [123.9042265, 10.3167807]}, "properties": {"kind": "bus_stop"}}, {"type": "Feature", "geometry": {"type": "Point", "coordinates": [123.9049163, 10.3199713]}, "properties": {"kind": "bus_stop"}}, {"type": "Feature", "geometry": {"type": "Point", "coordinates": [123.8958974, 10.317795]}, "properties": {"kind": "bus_stop"}}, {"type": "Feature", "geometry": {"type": "Point", "coordinates": [123.9042534, 10.3165166]}, "properties": {"kind": "bus_stop"}}, {"type": "Feature", "geometry": {"type": "Point", "coordinates": [123.9042175, 10.3203566]}, "properties": {"kind": "bus_stop"}}, {"type": "Feature", "geometry": {"type": "Point", "coordinates": [123.9049834, 10.3276001]}, "properties": {"kind": "bus_stop"}}, {"type": "Feature", "geometry": {"type": "Point", "coordinates": [123.8974665, 10.3280948]}, "properties": {"kind": "bus_stop"}}, {"type": "Feature", "geometry": {"type": "Point", "coordinates": [123.8975349, 10.3290989]}, "properties": {"kind": "bus_stop"}}, {"type": "Feature", "geometry": {"type": "Point", "coordinates": [123.8979211, 10.3266158]}, "properties": {"kind": "bus_stop"}}, {"type": "Feature", "geometry": {"type": "Point", "coordinates": [123.8979399, 10.3271911]}, "properties": {"kind": "bus_stop"}}, {"type": "Feature", "geometry": {"type": "Point", "coordinates": [123.8981491, 10.3258361]}, "properties": {"kind": "bus_stop"}}, {"type": "Feature", "geometry": {"type": "Point", "coordinates": [123.8988116, 10.3224663]}, "properties": {"kind": "bus_stop"}}, {"type": "Feature", "geometry": {"type": "Point", "coordinates": [123.9034478, 10.3190768]}, "properties": {"kind": "bus_stop"}}, {"type": "Feature", "geometry": {"type": "Point", "coordinates": [123.8996109, 10.3201086]}, "properties": {"kind": "bus_stop"}}, {"type": "Feature", "geometry": {"type": "Point", "coordinates": [123.9018014, 10.3151185]}, "properties": {"kind": "bus_stop"}}, {"type": "Feature", "geometry": {"type": "Point", "coordinates": [123.9048916, 10.3102363]}, "properties": {"kind": "bus_stop"}}, {"type": "Feature", "geometry": {"type": "Point", "coordinates": [123.9020576, 10.3142889]}, "properties": {"kind": "bus_stop"}}, {"type": "Feature", "geometry": {"type": "Point", "coordinates": [123.9018529, 10.3161397]}, "properties": {"kind": "bus_stop"}}, {"type": "Feature", "geometry": {"type": "Point", "coordinates": [123.9076644, 10.3083128]}, "properties": {"kind": "bus_stop"}}, {"type": "Feature", "geometry": {"type": "Point", "coordinates": [123.9067309, 10.3091008]}, "properties": {"kind": "bus_stop"}}, {"type": "Feature", "geometry": {"type": "Point", "coordinates": [123.9087717, 10.3108932]}, "properties": {"kind": "bus_stop"}}, {"type": "Feature", "geometry": {"type": "Point", "coordinates": [123.9168796, 10.3161428]}, "properties": {"kind": "bus_stop"}}, {"type": "Feature", "geometry": {"type": "Point", "coordinates": [123.9094545, 10.311453]}, "properties": {"kind": "bus_stop"}}, {"type": "Feature", "geometry": {"type": "Point", "coordinates": [123.9096799, 10.3121481]}, "properties": {"kind": "bus_stop"}}, {"type": "Feature", "geometry": {"type": "Point", "coordinates": [123.9117725, 10.3127987]}, "properties": {"kind": "bus_stop"}}, {"type": "Feature", "geometry": {"type": "Point", "coordinates": [123.9176814, 10.3168669]}, "properties": {"kind": "bus_stop"}}, {"type": "Feature", "geometry": {"type": "Point", "coordinates": [123.9111406, 10.31262]}, "properties": {"kind": "bus_stop"}}, {"type": "Feature", "geometry": {"type": "Point", "coordinates": [123.9472876, 10.2625208]}, "properties": {"kind": "bus_stop"}}, {"type": "Feature", "geometry": {"type": "Point", "coordinates": [123.9472542, 10.2632602]}, "properties": {"kind": "bus_stop"}}, {"type": "Feature", "geometry": {"type": "Point", "coordinates": [123.9466834, 10.2660449]}, "properties": {"kind": "bus_stop"}}, {"type": "Feature", "geometry": {"type": "Point", "coordinates": [123.9467579, 10.266011]}, "properties": {"kind": "bus_stop"}}, {"type": "Feature", "geometry": {"type": "Point", "coordinates": [123.9458694, 10.2719607]}, "properties": {"kind": "bus_stop"}}, {"type": "Feature", "geometry": {"type": "Point", "coordinates": [123.9457269, 10.2716764]}, "properties": {"kind": "bus_stop"}}, {"type": "Feature", "geometry": {"type": "Point", "coordinates": [123.9240212, 10.3227646]}, "properties": {"kind": "bus_stop"}}, {"type": "Feature", "geometry": {"type": "Point", "coordinates": [123.9344088, 10.3271381]}, "properties": {"kind": "bus_stop"}}, {"type": "Feature", "geometry": {"type": "Point", "coordinates": [123.924915, 10.3235668]}, "properties": {"kind": "bus_stop"}}, {"type": "Feature", "geometry": {"type": "Point", "coordinates": [123.94366, 10.3298198]}, "properties": {"kind": "bus_stop"}}, {"type": "Feature", "geometry": {"type": "Point", "coordinates": [123.9410333, 10.3280401]}, "properties": {"kind": "bus_stop"}}, {"type": "Feature", "geometry": {"type": "Point", "coordinates": [123.9418984, 10.3244514]}, "properties": {"kind": "bus_stop"}}, {"type": "Feature", "geometry": {"type": "Point", "coordinates": [123.9332463, 10.3287225]}, "properties": {"kind": "bus_stop"}}, {"type": "Feature", "geometry": {"type": "Point", "coordinates": [123.9251387, 10.3235433]}, "properties": {"kind": "bus_stop"}}, {"type": "Feature", "geometry": {"type": "Point", "coordinates": [123.9332431, 10.3297911]}, "properties": {"kind": "bus_stop"}}, {"type": "Feature", "geometry": {"type": "Point", "coordinates": [123.9198274, 10.3192415]}, "properties": {"kind": "bus_stop"}}, {"type": "Feature", "geometry": {"type": "Point", "coordinates": [123.9428127, 10.3275507]}, "properties": {"kind": "bus_stop"}}, {"type": "Feature", "geometry": {"type": "Point", "coordinates": [123.9343247, 10.3269794]}, "properties": {"kind": "bus_stop"}}, {"type": "Feature", "geometry": {"type": "Point", "coordinates": [123.9492042, 10.3297299]}, "properties": {"kind": "bus_stop"}}, {"type": "Feature", "geometry": {"type": "Point", "coordinates": [123.9320302, 10.3192636]}, "properties": {"kind": "bus_stop"}}, {"type": "Feature", "geometry": {"type": "Point", "coordinates": [123.9427055, 10.327398]}, "properties": {"kind": "bus_stop"}}, {"type": "Feature", "geometry": {"type": "Point", "coordinates": [123.9290133, 10.3270877]}, "properties": {"kind": "bus_stop"}}, {"type": "Feature", "geometry": {"type": "Point", "coordinates": [123.9289475, 10.32719]}, "properties": {"kind": "bus_stop"}}, {"type": "Feature", "geometry": {"type": "Point", "coordinates": [123.94467, 10.3265329]}, "properties": {"kind": "bus_stop"}}, {"type": "Feature", "geometry": {"type": "Point", "coordinates": [123.9458098, 10.3268508]}, "properties": {"kind": "bus_stop"}}, {"type": "Feature", "geometry": {"type": "Point", "coordinates": [123.9367195, 10.3251978]}, "properties": {"kind": "bus_stop"}}, {"type": "Feature", "geometry": {"type": "Point", "coordinates": [123.9444097, 10.3248543]}, "properties": {"kind": "bus_stop"}}, {"type": "Feature", "geometry": {"type": "Point", "coordinates": [123.9486001, 10.3298509]}, "properties": {"kind": "bus_stop"}}, {"type": "Feature", "geometry": {"type": "Point", "coordinates": [123.9314474, 10.318838]}, "properties": {"kind": "bus_stop"}}, {"type": "Feature", "geometry": {"type": "Point", "coordinates": [123.9330071, 10.3246381]}, "properties": {"kind": "bus_stop"}}, {"type": "Feature", "geometry": {"type": "Point", "coordinates": [123.9503086, 10.3108589]}, "properties": {"kind": "marketplace"}}, {"type": "Feature", "geometry": {"type": "Point", "coordinates": [123.9061511, 10.2918141]}, "properties": {"kind": "place_of_worship"}}, {"type": "Feature", "geometry": {"type": "Point", "coordinates": [123.9244764, 10.3261926]}, "properties": {"kind": "place_of_worship"}}, {"type": "Feature", "geometry": {"type": "Point", "coordinates": [123.9072556, 10.2928292]}, "properties": {"kind": "place_of_worship"}}, {"type": "Feature", "geometry": {"type": "Point", "coordinates": [123.9047191, 10.3093145]}, "properties": {"kind": "school"}}, {"type": "Feature", "geometry": {"type": "Point", "coordinates": [123.9021022, 10.3152005]}, "properties": {"kind": "place_of_worship"}}, {"type": "Feature", "geometry": {"type": "Point", "coordinates": [123.9012525, 10.3125406]}, "properties": {"kind": "school"}}, {"type": "Feature", "geometry": {"type": "Point", "coordinates": [123.9000822, 10.31388]}, "properties": {"kind": "school"}}, {"type": "Feature", "geometry": {"type": "Point", "coordinates": [123.897835, 10.3017534]}, "properties": {"kind": "school"}}, {"type": "Feature", "geometry": {"type": "Point", "coordinates": [123.8996039, 10.3119863]}, "properties": {"kind": "place_of_worship"}}, {"type": "Feature", "geometry": {"type": "Point", "coordinates": [123.9071706, 10.3198139]}, "properties": {"kind": "place_of_worship"}}, {"type": "Feature", "geometry": {"type": "Point", "coordinates": [123.9079182, 10.3212164]}, "properties": {"kind": "place_of_worship"}}, {"type": "Feature", "geometry": {"type": "Point", "coordinates": [123.9072905, 10.3251797]}, "properties": {"kind": "place_of_worship"}}, {"type": "Feature", "geometry": {"type": "Point", "coordinates": [123.9427931, 10.323425]}, "properties": {"kind": "hospital"}}, {"type": "Feature", "geometry": {"type": "Point", "coordinates": [123.9027286, 10.2958632]}, "properties": {"kind": "place_of_worship"}}, {"type": "Feature", "geometry": {"type": "Point", "coordinates": [123.8961427, 10.3173166]}, "properties": {"kind": "place_of_worship"}}, {"type": "Feature", "geometry": {"type": "Point", "coordinates": [123.8975816, 10.3128305]}, "properties": {"kind": "place_of_worship"}}, {"type": "Feature", "geometry": {"type": "Point", "coordinates": [123.8974726, 10.3128485]}, "properties": {"kind": "place_of_worship"}}, {"type": "Feature", "geometry": {"type": "Point", "coordinates": [123.899841, 10.2917163]}, "properties": {"kind": "marketplace"}}, {"type": "Feature", "geometry": {"type": "Point", "coordinates": [123.8987692, 10.3091886]}, "properties": {"kind": "place_of_worship"}}, {"type": "Feature", "geometry": {"type": "Point", "coordinates": [123.8987571, 10.2992081]}, "properties": {"kind": "school"}}, {"type": "Feature", "geometry": {"type": "Point", "coordinates": [123.8967164, 10.307379]}, "properties": {"kind": "school"}}, {"type": "Feature", "geometry": {"type": "Point", "coordinates": [123.8994947, 10.3168365]}, "properties": {"kind": "school"}}, {"type": "Feature", "geometry": {"type": "Point", "coordinates": [123.8995657, 10.316583]}, "properties": {"kind": "school"}}, {"type": "Feature", "geometry": {"type": "Point", "coordinates": [123.8992822, 10.3045675]}, "properties": {"kind": "marketplace"}}, {"type": "Feature", "geometry": {"type": "Point", "coordinates": [123.9434626, 10.3291225]}, "properties": {"kind": "hospital"}}, {"type": "Feature", "geometry": {"type": "Point", "coordinates": [123.9485392, 10.312444]}, "properties": {"kind": "place_of_worship"}}, {"type": "Feature", "geometry": {"type": "Point", "coordinates": [123.9475962, 10.3002163]}, "properties": {"kind": "school"}}, {"type": "Feature", "geometry": {"type": "Point", "coordinates": [123.9475889, 10.3090244]}, "properties": {"kind": "school"}}, {"type": "Feature", "geometry": {"type": "Point", "coordinates": [123.8979303, 10.3168978]}, "properties": {"kind": "place_of_worship"}}, {"type": "Feature", "geometry": {"type": "Point", "coordinates": [123.8980233, 10.2912434]}, "properties": {"kind": "marketplace"}}, {"type": "Feature", "geometry": {"type": "Point", "coordinates": [123.8989673, 10.2914802]}, "properties": {"kind": "marketplace"}}, {"type": "Feature", "geometry": {"type": "Point", "coordinates": [123.9449316, 10.2847331]}, "properties": {"kind": "place_of_worship"}}, {"type": "Feature", "geometry": {"type": "Point", "coordinates": [123.9087813, 10.3075039]}, "properties": {"kind": "school"}}, {"type": "Feature", "geometry": {"type": "Point", "coordinates": [123.90156, 10.2943992]}, "properties": {"kind": "place_of_worship"}}, {"type": "Feature", "geometry": {"type": "Point", "coordinates": [123.901631, 10.2946441]}, "properties": {"kind": "place_of_worship"}}, {"type": "Feature", "geometry": {"type": "Point", "coordinates": [123.942269, 10.3277365]}, "properties": {"kind": "school"}}, {"type": "Feature", "geometry": {"type": "Point", "coordinates": [123.8982126, 10.3275294]}, "properties": {"kind": "place_of_worship"}}, {"type": "Feature", "geometry": {"type": "Point", "coordinates": [123.9477079, 10.325407]}, "properties": {"kind": "place_of_worship"}}, {"type": "Feature", "geometry": {"type": "Point", "coordinates": [123.9425783, 10.2671275]}, "properties": {"kind": "place_of_worship"}}, {"type": "Feature", "geometry": {"type": "Point", "coordinates": [123.8969344, 10.3189872]}, "properties": {"kind": "school"}}, {"type": "Feature", "geometry": {"type": "Point", "coordinates": [123.9501339, 10.3020345]}, "properties": {"kind": "school"}}, {"type": "Feature", "geometry": {"type": "Point", "coordinates": [123.8958681, 10.2897445]}, "properties": {"kind": "school"}}, {"type": "Feature", "geometry": {"type": "Point", "coordinates": [123.9316302, 10.3227685]}, "properties": {"kind": "hospital"}}, {"type": "Feature", "geometry": {"type": "Point", "coordinates": [123.8968479, 10.3076881]}, "properties": {"kind": "hospital"}}, {"type": "Feature", "geometry": {"type": "Point", "coordinates": [123.8990198, 10.3088908]}, "properties": {"kind": "place_of_worship"}}, {"type": "Feature", "geometry": {"type": "Point", "coordinates": [123.9017954, 10.3087548]}, "properties": {"kind": "place_of_worship"}}, {"type": "Feature", "geometry": {"type": "Point", "coordinates": [123.9028002, 10.2963894]}, "properties": {"kind": "school"}}, {"type": "Feature", "geometry": {"type": "Point", "coordinates": [123.9022988, 10.3033704]}, "properties": {"kind": "school"}}, {"type": "Feature", "geometry": {"type": "Point", "coordinates": [123.9152304, 10.3124582]}, "properties": {"kind": "school"}}, {"type": "Feature", "geometry": {"type": "Point", "coordinates": [123.9104018, 10.320761]}, "properties": {"kind": "place_of_worship"}}, {"type": "Feature", "geometry": {"type": "Point", "coordinates": [123.9072312, 10.313729]}, "properties": {"kind": "school"}}, {"type": "Feature", "geometry": {"type": "Point", "coordinates": [123.9137717, 10.314695]}, "properties": {"kind": "place_of_worship"}}, {"type": "Feature", "geometry": {"type": "Point", "coordinates": [123.9087639, 10.3262314]}, "properties": {"kind": "school"}}, {"type": "Feature", "geometry": {"type": "Point", "coordinates": [123.8997135, 10.3299768]}, "properties": {"kind": "place_of_worship"}}, {"type": "Feature", "geometry": {"type": "Point", "coordinates": [123.9072069, 10.3242835]}, "properties": {"kind": "school"}}, {"type": "Feature", "geometry": {"type": "Point", "coordinates": [123.9229465, 10.3226738]}, "properties": {"kind": "school"}}, {"type": "Feature", "geometry": {"type": "Point", "coordinates": [123.9144871, 10.313491]}, "properties": {"kind": "school"}}, {"type": "Feature", "geometry": {"type": "Point", "coordinates": [123.9461385, 10.2662362]}, "properties": {"kind": "school"}}, {"type": "Feature", "geometry": {"type": "Point", "coordinates": [123.9358085, 10.3288818]}, "properties": {"kind": "school"}}, {"type": "Feature", "geometry": {"type": "Point", "coordinates": [123.9366617, 10.281443]}, "properties": {"kind": "school"}}, {"type": "Feature", "geometry": {"type": "Point", "coordinates": [123.9447017, 10.3041875]}, "properties": {"kind": "school"}}, {"type": "Feature", "geometry": {"type": "Point", "coordinates": [123.943854, 10.2980802]}, "properties": {"kind": "school"}}, {"type": "Feature", "geometry": {"type": "Point", "coordinates": [123.95014, 10.285496]}, "properties": {"kind": "school"}}, {"type": "Feature", "geometry": {"type": "Point", "coordinates": [123.944818, 10.2915676]}, "properties": {"kind": "school"}}, {"type": "Feature", "geometry": {"type": "Point", "coordinates": [123.9449537, 10.2796094]}, "properties": {"kind": "school"}}, {"type": "Feature", "geometry": {"type": "Point", "coordinates": [123.9472665, 10.3048146]}, "properties": {"kind": "hospital"}}, {"type": "Feature", "geometry": {"type": "Point", "coordinates": [123.9025783, 10.3040582]}, "properties": {"kind": "school"}}, {"type": "Feature", "geometry": {"type": "Point", "coordinates": [123.9242761, 10.3186966]}, "properties": {"kind": "school"}}, {"type": "Feature", "geometry": {"type": "Point", "coordinates": [123.8977002, 10.3050031]}, "properties": {"kind": "school"}}, {"type": "Feature", "geometry": {"type": "Point", "coordinates": [123.9414342, 10.3276686]}, "properties": {"kind": "marketplace"}}, {"type": "Feature", "geometry": {"type": "Point", "coordinates": [123.9421631, 10.3274199]}, "properties": {"kind": "place_of_worship"}}, {"type": "Feature", "geometry": {"type": "Point", "coordinates": [123.8964418, 10.3026014]}, "properties": {"kind": "place_of_worship"}}, {"type": "Feature", "geometry": {"type": "Point", "coordinates": [123.9015255, 10.2921263]}, "properties": {"kind": "place_of_worship"}}, {"type": "Feature", "geometry": {"type": "Point", "coordinates": [123.9342538, 10.3291415]}, "properties": {"kind": "school"}}, {"type": "Feature", "geometry": {"type": "Point", "coordinates": [123.9337336, 10.3193271]}, "properties": {"kind": "school"}}, {"type": "Feature", "geometry": {"type": "Point", "coordinates": [123.9304492, 10.3207698]}, "properties": {"kind": "hospital"}}, {"type": "Feature", "geometry": {"type": "Point", "coordinates": [123.9043482, 10.3015293]}, "properties": {"kind": "marketplace"}}, {"type": "Feature", "geometry": {"type": "Point", "coordinates": [123.9461146, 10.2718117]}, "properties": {"kind": "marketplace"}}, {"type": "Feature", "geometry": {"type": "Point", "coordinates": [123.907989, 10.3116626]}, "properties": {"kind": "marketplace"}}, {"type": "Feature", "geometry": {"type": "Point", "coordinates": [123.9018453, 10.2938906]}, "properties": {"kind": "school"}}, {"type": "Feature", "geometry": {"type": "Point", "coordinates": [123.9148656, 10.318054]}, "properties": {"kind": "marketplace"}}, {"type": "Feature", "geometry": {"type": "Point", "coordinates": [123.9331036, 10.3198883]}, "properties": {"kind": "school"}}, {"type": "Feature", "geometry": {"type": "Point", "coordinates": [123.9164241, 10.3269334]}, "properties": {"kind": "school"}}, {"type": "Feature", "geometry": {"type": "Point", "coordinates": [123.901444, 10.2922056]}, "properties": {"kind": "place_of_worship"}}, {"type": "Feature", "geometry": {"type": "Point", "coordinates": [123.9378926, 10.3296901]}, "properties": {"kind": "place_of_worship"}}, {"type": "Feature", "geometry": {"type": "Point", "coordinates": [123.9036874, 10.2993452]}, "properties": {"kind": "place_of_worship"}}, {"type": "Feature", "geometry": {"type": "Point", "coordinates": [123.89881, 10.3088791]}, "properties": {"kind": "place_of_worship"}}, {"type": "Feature", "geometry": {"type": "Point", "coordinates": [123.9253183, 10.3189845]}, "properties": {"kind": "place_of_worship"}}, {"type": "Feature", "geometry": {"type": "Point", "coordinates": [123.9008075, 10.3040849]}, "properties": {"kind": "place_of_worship"}}, {"type": "Feature", "geometry": {"type": "Point", "coordinates": [123.8962176, 10.2997974]}, "properties": {"kind": "school"}}, {"type": "Feature", "geometry": {"type": "Point", "coordinates": [123.8957128, 10.2994694]}, "properties": {"kind": "school"}}, {"type": "Feature", "geometry": {"type": "Point", "coordinates": [123.9438881, 10.3251254]}, "properties": {"kind": "school"}}, {"type": "Feature", "geometry": {"type": "Point", "coordinates": [123.9435766, 10.3247008]}, "properties": {"kind": "school"}}, {"type": "Feature", "geometry": {"type": "Point", "coordinates": [123.9443481, 10.3259767]}, "properties": {"kind": "school"}}, {"type": "Feature", "geometry": {"type": "Point", "coordinates": [123.8995331, 10.3218981]}, "properties": {"kind": "school"}}, {"type": "Feature", "geometry": {"type": "Point", "coordinates": [123.9416645, 10.3055853]}, "properties": {"kind": "school"}}, {"type": "Feature", "geometry": {"type": "Point", "coordinates": [123.8988174, 10.3245359]}, "properties": {"kind": "school"}}, {"type": "Feature", "geometry": {"type": "Point", "coordinates": [123.8986725, 10.3250322]}, "properties": {"kind": "school"}}, {"type": "Feature", "geometry": {"type": "Point", "coordinates": [123.9460258, 10.2880272]}, "properties": {"kind": "school"}}, {"type": "Feature", "geometry": {"type": "Point", "coordinates": [123.9456148, 10.288187]}, "properties": {"kind": "school"}}, {"type": "Feature", "geometry": {"type": "Point", "coordinates": [123.9456896, 10.2886886]}, "properties": {"kind": "school"}}, {"type": "Feature", "geometry": {"type": "Point", "coordinates": [123.9073419, 10.3007915]}, "properties": {"kind": "school"}}, {"type": "Feature", "geometry": {"type": "Point", "coordinates": [123.9073057, 10.3005281]}, "properties": {"kind": "school"}}, {"type": "Feature", "geometry": {"type": "Point", "coordinates": [123.9439938, 10.2850413]}, "properties": {"kind": "school"}}, {"type": "Feature", "geometry": {"type": "Point", "coordinates": [123.9332328, 10.3282984]}, "properties": {"kind": "school"}}, {"type": "Feature", "geometry": {"type": "Point", "coordinates": [123.8995888, 10.3148392]}, "properties": {"kind": "hospital"}}, {"type": "Feature", "geometry": {"type": "Point", "coordinates": [123.9018811, 10.2943373]}, "properties": {"kind": "place_of_worship"}}, {"type": "Feature", "geometry": {"type": "Point", "coordinates": [123.8886385, 10.3508567]}, "properties": {"kind": "place_of_worship"}}, {"type": "Feature", "geometry": {"type": "Point", "coordinates": [123.8512938, 10.3559345]}, "properties": {"kind": "place_of_worship"}}, {"type": "Feature", "geometry": {"type": "Point", "coordinates": [123.8876152, 10.3848968]}, "properties": {"kind": "place_of_worship"}}, {"type": "Feature", "geometry": {"type": "Point", "coordinates": [123.8898435, 10.3469698]}, "properties": {"kind": "place_of_worship"}}, {"type": "Feature", "geometry": {"type": "Point", "coordinates": [123.8634585, 10.3388629]}, "properties": {"kind": "school"}}, {"type": "Feature", "geometry": {"type": "Point", "coordinates": [123.8406939, 10.3469944]}, "properties": {"kind": "place_of_worship"}}, {"type": "Feature", "geometry": {"type": "Point", "coordinates": [123.8636747, 10.331707]}, "properties": {"kind": "place_of_worship"}}, {"type": "Feature", "geometry": {"type": "Point", "coordinates": [123.8799623, 10.3305641]}, "properties": {"kind": "bus_stop"}}, {"type": "Feature", "geometry": {"type": "Point", "coordinates": [123.8881469, 10.3344464]}, "properties": {"kind": "place_of_worship"}}, {"type": "Feature", "geometry": {"type": "Point", "coordinates": [123.8877645, 10.3342577]}, "properties": {"kind": "place_of_worship"}}, {"type": "Feature", "geometry": {"type": "Point", "coordinates": [123.8848374, 10.3621658]}, "properties": {"kind": "place_of_worship"}}, {"type": "Feature", "geometry": {"type": "Point", "coordinates": [123.8737936, 10.3723224]}, "properties": {"kind": "place_of_worship"}}, {"type": "Feature", "geometry": {"type": "Point", "coordinates": [123.8921522, 10.3435822]}, "properties": {"kind": "place_of_worship"}}, {"type": "Feature", "geometry": {"type": "Point", "coordinates": [123.8426828, 10.3718302]}, "properties": {"kind": "place_of_worship"}}, {"type": "Feature", "geometry": {"type": "Point", "coordinates": [123.8801905, 10.3307969]}, "properties": {"kind": "place_of_worship"}}, {"type": "Feature", "geometry": {"type": "Point", "coordinates": [123.8923341, 10.3311218]}, "properties": {"kind": "place_of_worship"}}, {"type": "Feature", "geometry": {"type": "Point", "coordinates": [123.8933503, 10.3403202]}, "properties": {"kind": "place_of_worship"}}, {"type": "Feature", "geometry": {"type": "Point", "coordinates": [123.8935246, 10.3441927]}, "properties": {"kind": "place_of_worship"}}, {"type": "Feature", "geometry": {"type": "Point", "coordinates": [123.8921249, 10.3423207]}, "properties": {"kind": "school"}}, {"type": "Feature", "geometry": {"type": "Point", "coordinates": [123.8633727, 10.3438493]}, "properties": {"kind": "school"}}, {"type": "Feature", "geometry": {"type": "Point", "coordinates": [123.8856121, 10.3789929]}, "properties": {"kind": "school"}}, {"type": "Feature", "geometry": {"type": "Point", "coordinates": [123.8836491, 10.3603552]}, "properties": {"kind": "school"}}, {"type": "Feature", "geometry": {"type": "Point", "coordinates": [123.8799994, 10.3390653]}, "properties": {"kind": "school"}}, {"type": "Feature", "geometry": {"type": "Point", "coordinates": [123.8759851, 10.3703029]}, "properties": {"kind": "school"}}, {"type": "Feature", "geometry": {"type": "Point", "coordinates": [123.8861461, 10.3788751]}, "properties": {"kind": "school"}}, {"type": "Feature", "geometry": {"type": "Point", "coordinates": [123.8721726, 10.3337275]}, "properties": {"kind": "school"}}, {"type": "Feature", "geometry": {"type": "Point", "coordinates": [123.8784271, 10.3677471]}, "properties": {"kind": "place_of_worship"}}, {"type": "Feature", "geometry": {"type": "Point", "coordinates": [123.8602738, 10.3655509]}, "properties": {"kind": "place_of_worship"}}, {"type": "Feature", "geometry": {"type": "Point", "coordinates": [123.8688345, 10.3795047]}, "properties": {"kind": "school"}}, {"type": "Feature", "geometry": {"type": "Point", "coordinates": [123.8685541, 10.3792154]}, "properties": {"kind": "school"}}, {"type": "Feature", "geometry": {"type": "Point", "coordinates": [123.8560625, 10.3800868]}, "properties": {"kind": "school"}}, {"type": "Feature", "geometry": {"type": "Point", "coordinates": [123.9159152, 10.3375835]}, "properties": {"kind": "school"}}, {"type": "Feature", "geometry": {"type": "Point", "coordinates": [123.9129611, 10.3486103]}, "properties": {"kind": "school"}}, {"type": "Feature", "geometry": {"type": "Point", "coordinates": [123.9101168, 10.3455079]}, "properties": {"kind": "school"}}, {"type": "Feature", "geometry": {"type": "Point", "coordinates": [123.8979719, 10.3313114]}, "properties": {"kind": "marketplace"}}, {"type": "Feature", "geometry": {"type": "Point", "coordinates": [123.9002115, 10.3315726]}, "properties": {"kind": "school"}}, {"type": "Feature", "geometry": {"type": "Point", "coordinates": [123.9429152, 10.3380691]}, "properties": {"kind": "place_of_worship"}}, {"type": "Feature", "geometry": {"type": "Point", "coordinates": [123.914021, 10.3662476]}, "properties": {"kind": "school"}}, {"type": "Feature", "geometry": {"type": "Point", "coordinates": [123.8989382, 10.3318902]}, "properties": {"kind": "marketplace"}}, {"type": "Feature", "geometry": {"type": "Point", "coordinates": [123.9471808, 10.3511035]}, "properties": {"kind": "place_of_worship"}}, {"type": "Feature", "geometry": {"type": "Point", "coordinates": [123.9132122, 10.3391537]}, "properties": {"kind": "place_of_worship"}}, {"type": "Feature", "geometry": {"type": "Point", "coordinates": [123.9033159, 10.3374922]}, "properties": {"kind": "hospital"}}, {"type": "Feature", "geometry": {"type": "Point", "coordinates": [123.9349354, 10.3318908]}, "properties": {"kind": "bus_stop"}}, {"type": "Feature", "geometry": {"type": "Point", "coordinates": [123.9436847, 10.3493186]}, "properties": {"kind": "place_of_worship"}}, {"type": "Feature", "geometry": {"type": "Point", "coordinates": [123.9004865, 10.330174]}, "properties": {"kind": "school"}}, {"type": "Feature", "geometry": {"type": "Point", "coordinates": [123.9025869, 10.3309107]}, "properties": {"kind": "school"}}, {"type": "Feature", "geometry": {"type": "Point", "coordinates": [123.9497027, 10.3447959]}, "properties": {"kind": "school"}}, {"type": "Feature", "geometry": {"type": "Point", "coordinates": [123.9128524, 10.3482325]}, "properties": {"kind": "place_of_worship"}}, {"type": "Feature", "geometry": {"type": "Point", "coordinates": [123.9083665, 10.3306867]}, "properties": {"kind": "bus_stop"}}, {"type": "Feature", "geometry": {"type": "Point", "coordinates": [123.9222796, 10.3961012]}, "properties": {"kind": "marketplace"}}, {"type": "Feature", "geometry": {"type": "Point", "coordinates": [123.9004214, 10.3303607]}, "properties": {"kind": "school"}}, {"type": "Feature", "geometry": {"type": "Point", "coordinates": [123.9125638, 10.3415836]}, "properties": {"kind": "school"}}, {"type": "Feature", "geometry": {"type": "Point", "coordinates": [123.9099898, 10.3314144]}, "properties": {"kind": "bus_stop"}}, {"type": "Feature", "geometry": {"type": "Point", "coordinates": [123.920559, 10.382215]}, "properties": {"kind": "place_of_worship"}}, {"type": "Feature", "geometry": {"type": "Point", "coordinates": [123.9497514, 10.3592239]}, "properties": {"kind": "bus_stop"}}, {"type": "Feature", "geometry": {"type": "Point", "coordinates": [123.949791, 10.3613341]}, "properties": {"kind": "payment_terminal"}}, {"type": "Feature", "geometry": {"type": "Point", "coordinates": [123.9055318, 10.3390229]}, "properties": {"kind": "bus_stop"}}, {"type": "Feature", "geometry": {"type": "Point", "coordinates": [123.9351829, 10.337019]}, "properties": {"kind": "bus_stop"}}, {"type": "Feature", "geometry": {"type": "Point", "coordinates": [123.9247314, 10.350546]}, "properties": {"kind": "marketplace"}}, {"type": "Feature", "geometry": {"type": "Point", "coordinates": [123.9213462, 10.3861683]}, "properties": {"kind": "marketplace"}}, {"type": "Feature", "geometry": {"type": "Point", "coordinates": [123.9119303, 10.3470062]}, "properties": {"kind": "school"}}, {"type": "Feature", "geometry": {"type": "Point", "coordinates": [123.9132594, 10.3798391]}, "properties": {"kind": "school"}}, {"type": "Feature", "geometry": {"type": "Point", "coordinates": [123.9412858, 10.3343176]}, "properties": {"kind": "bus_stop"}}, {"type": "Feature", "geometry": {"type": "Point", "coordinates": [123.9417665, 10.3343328]}, "properties": {"kind": "bus_stop"}}, {"type": "Feature", "geometry": {"type": "Point", "coordinates": [123.9378773, 10.333648]}, "properties": {"kind": "bus_stop"}}, {"type": "Feature", "geometry": {"type": "Point", "coordinates": [123.9388597, 10.3347378]}, "properties": {"kind": "school"}}, {"type": "Feature", "geometry": {"type": "Point", "coordinates": [123.9470734, 10.3301287]}, "properties": {"kind": "school"}}, {"type": "Feature", "geometry": {"type": "Point", "coordinates": [123.915799, 10.3557082]}, "properties": {"kind": "school"}}, {"type": "Feature", "geometry": {"type": "Point", "coordinates": [123.9150829, 10.3555599]}, "properties": {"kind": "school"}}, {"type": "Feature", "geometry": {"type": "Point", "coordinates": [123.9496274, 10.333462]}, "properties": {"kind": "bus_stop"}}, {"type": "Feature", "geometry": {"type": "Point", "coordinates": [123.8976342, 10.3301055]}, "properties": {"kind": "bus_stop"}}, {"type": "Feature", "geometry": {"type": "Point", "coordinates": [123.9292989, 10.3414165]}, "properties": {"kind": "hospital"}}, {"type": "Feature", "geometry": {"type": "Point", "coordinates": [123.9467045, 10.3405572]}, "properties": {"kind": "bus_stop"}}, {"type": "Feature", "geometry": {"type": "Point", "coordinates": [123.9316496, 10.367081]}, "properties": {"kind": "place_of_worship"}}, {"type": "Feature", "geometry": {"type": "Point", "coordinates": [123.9316482, 10.3685869]}, "properties": {"kind": "place_of_worship"}}, {"type": "Feature", "geometry": {"type": "Point", "coordinates": [123.9227217, 10.332458]}, "properties": {"kind": "bus_stop"}}, {"type": "Feature", "geometry": {"type": "Point", "coordinates": [123.923191, 10.3337667]}, "properties": {"kind": "bus_stop"}}, {"type": "Feature", "geometry": {"type": "Point", "coordinates": [123.9497928, 10.3628164]}, "properties": {"kind": "bus_stop"}}, {"type": "Feature", "geometry": {"type": "Point", "coordinates": [123.9496895, 10.3622188]}, "properties": {"kind": "bus_stop"}}, {"type": "Feature", "geometry": {"type": "Point", "coordinates": [123.9498946, 10.355107]}, "properties": {"kind": "bus_stop"}}, {"type": "Feature", "geometry": {"type": "Point", "coordinates": [123.9476255, 10.3446876]}, "properties": {"kind": "bus_stop"}}, {"type": "Feature", "geometry": {"type": "Point", "coordinates": [123.9477932, 10.344681]}, "properties": {"kind": "bus_stop"}}, {"type": "Feature", "geometry": {"type": "Point", "coordinates": [123.9120379, 10.3431426]}, "properties": {"kind": "school"}}, {"type": "Feature", "geometry": {"type": "Point", "coordinates": [123.9120895, 10.343228]}, "properties": {"kind": "school"}}, {"type": "Feature", "geometry": {"type": "Point", "coordinates": [123.9376822, 10.3374003]}, "properties": {"kind": "school"}}, {"type": "Feature", "geometry": {"type": "Point", "coordinates": [123.9251154, 10.34959]}, "properties": {"kind": "marketplace"}}, {"type": "Feature", "geometry": {"type": "Point", "coordinates": [123.9264381, 10.3481846]}, "properties": {"kind": "school"}}, {"type": "Feature", "geometry": {"type": "Point", "coordinates": [123.9346674, 10.333272]}, "properties": {"kind": "school"}}, {"type": "Feature", "geometry": {"type": "Point", "coordinates": [123.9308251, 10.3374003]}, "properties": {"kind": "school"}}, {"type": "Feature", "geometry": {"type": "Point", "coordinates": [123.9268863, 10.3394795]}, "properties": {"kind": "school"}}, {"type": "Feature", "geometry": {"type": "Point", "coordinates": [123.9213496, 10.34082]}, "properties": {"kind": "school"}}, {"type": "Feature", "geometry": {"type": "Point", "coordinates": [123.9064305, 10.3313933]}, "properties": {"kind": "bus_stop"}}, {"type": "Feature", "geometry": {"type": "Point", "coordinates": [123.8982846, 10.3307903]}, "properties": {"kind": "bus_stop"}}, {"type": "Feature", "geometry": {"type": "Point", "coordinates": [123.9194454, 10.341495]}, "properties": {"kind": "bus_stop"}}, {"type": "Feature", "geometry": {"type": "Point", "coordinates": [123.9492633, 10.3330834]}, "properties": {"kind": "bus_stop"}}, {"type": "Feature", "geometry": {"type": "Point", "coordinates": [123.9343014, 10.3300767]}, "properties": {"kind": "bus_stop"}}, {"type": "Feature", "geometry": {"type": "Point", "coordinates": [123.9284935, 10.3386584]}, "properties": {"kind": "bus_stop"}}, {"type": "Feature", "geometry": {"type": "Point", "coordinates": [123.9433561, 10.3333868]}, "properties": {"kind": "bus_stop"}}, {"type": "Feature", "geometry": {"type": "Point", "coordinates": [123.9445854, 10.3384348]}, "properties": {"kind": "bus_stop"}}, {"type": "Feature", "geometry": {"type": "Point", "coordinates": [123.944461, 10.3332405]}, "properties": {"kind": "bus_stop"}}, {"type": "Feature", "geometry": {"type": "Point", "coordinates": [123.9448085, 10.3322167]}, "properties": {"kind": "bus_stop"}}, {"type": "Feature", "geometry": {"type": "Point", "coordinates": [123.9309581, 10.3372309]}, "properties": {"kind": "bus_stop"}}, {"type": "Feature", "geometry": {"type": "Point", "coordinates": [123.9488848, 10.3497134]}, "properties": {"kind": "bus_stop"}}, {"type": "Feature", "geometry": {"type": "Point", "coordinates": [123.9335842, 10.3350928]}, "properties": {"kind": "bus_stop"}}, {"type": "Feature", "geometry": {"type": "Point", "coordinates": [123.9380134, 10.3301516]}, "properties": {"kind": "bus_stop"}}, {"type": "Feature", "geometry": {"type": "Point", "coordinates": [123.9386256, 10.3360586]}, "properties": {"kind": "bus_stop"}}, {"type": "Feature", "geometry": {"type": "Point", "coordinates": [123.9362048, 10.3324636]}, "properties": {"kind": "bus_stop"}}, {"type": "Feature", "geometry": {"type": "Point", "coordinates": [123.9353024, 10.3326523]}, "properties": {"kind": "bus_stop"}}, {"type": "Feature", "geometry": {"type": "Point", "coordinates": [123.9379254, 10.3302823]}, "properties": {"kind": "bus_stop"}}, {"type": "Feature", "geometry": {"type": "Point", "coordinates": [123.9291323, 10.3382102]}, "properties": {"kind": "bus_stop"}}, {"type": "Feature", "geometry": {"type": "Point", "coordinates": [123.9491521, 10.3500894]}, "properties": {"kind": "bus_stop"}}, {"type": "Feature", "geometry": {"type": "Point", "coordinates": [123.9358884, 10.3316013]}, "properties": {"kind": "bus_stop"}}, {"type": "Feature", "geometry": {"type": "Point", "coordinates": [123.9475151, 10.3409997]}, "properties": {"kind": "bus_stop"}}, {"type": "Feature", "geometry": {"type": "Point", "coordinates": [123.9376863, 10.3338052]}, "properties": {"kind": "bus_stop"}}, {"type": "Feature", "geometry": {"type": "Point", "coordinates": [123.944483, 10.3385648]}, "properties": {"kind": "bus_stop"}}, {"type": "Feature", "geometry": {"type": "Point", "coordinates": [123.933833, 10.3344145]}, "properties": {"kind": "bus_stop"}}, {"type": "Feature", "geometry": {"type": "Point", "coordinates": [123.9308504, 10.3371372]}, "properties": {"kind": "bus_stop"}}, {"type": "Feature", "geometry": {"type": "Point", "coordinates": [123.9199641, 10.3411458]}, "properties": {"kind": "bus_stop"}}, {"type": "Feature", "geometry": {"type": "Point", "coordinates": [123.9139845, 10.3672314]}, "properties": {"kind": "bus_stop"}}, {"type": "Feature", "geometry": {"type": "Point", "coordinates": [123.9137832, 10.3661008]}, "properties": {"kind": "bus_stop"}}, {"type": "Feature", "geometry": {"type": "Point", "coordinates": [123.9102028, 10.3315341]}, "properties": {"kind": "bus_stop"}}, {"type": "Feature", "geometry": {"type": "Point", "coordinates": [123.9146084, 10.3545123]}, "properties": {"kind": "bus_stop"}}, {"type": "Feature", "geometry": {"type": "Point", "coordinates": [123.916291, 10.3691653]}, "properties": {"kind": "bus_stop"}}, {"type": "Feature", "geometry": {"type": "Point", "coordinates": [123.9139677, 10.3521289]}, "properties": {"kind": "bus_stop"}}, {"type": "Feature", "geometry": {"type": "Point", "coordinates": [123.9114713, 10.3381541]}, "properties": {"kind": "bus_stop"}}, {"type": "Feature", "geometry": {"type": "Point", "coordinates": [123.9126294, 10.3460382]}, "properties": {"kind": "bus_stop"}}, {"type": "Feature", "geometry": {"type": "Point", "coordinates": [123.9154389, 10.3616839]}, "properties": {"kind": "bus_stop"}}, {"type": "Feature", "geometry": {"type": "Point", "coordinates": [123.9106629, 10.3343827]}, "properties": {"kind": "bus_stop"}}, {"type": "Feature", "geometry": {"type": "Point", "coordinates": [123.9114875, 10.3392502]}, "properties": {"kind": "bus_stop"}}, {"type": "Feature", "geometry": {"type": "Point", "coordinates": [123.9135289, 10.3506604]}, "properties": {"kind": "bus_stop"}}, {"type": "Feature", "geometry": {"type": "Point", "coordinates": [123.9151797, 10.3565904]}, "properties": {"kind": "bus_stop"}}, {"type": "Feature", "geometry": {"type": "Point", "coordinates": [123.912961, 10.3468154]}, "properties": {"kind": "bus_stop"}}, {"type": "Feature", "geometry": {"type": "Point", "coordinates": [123.9152472, 10.3609363]}, "properties": {"kind": "bus_stop"}}, {"type": "Feature", "geometry": {"type": "Point", "coordinates": [123.9161252, 10.368886]}, "properties": {"kind": "bus_stop"}}, {"type": "Feature", "geometry": {"type": "Point", "coordinates": [123.910878, 10.3347935]}, "properties": {"kind": "bus_stop"}}, {"type": "Feature", "geometry": {"type": "Point", "coordinates": [123.9353621, 10.3305093]}, "properties": {"kind": "bus_stop"}}, {"type": "Feature", "geometry": {"type": "Point", "coordinates": [123.9403698, 10.3342246]}, "properties": {"kind": "bus_stop"}}, {"type": "Feature", "geometry": {"type": "Point", "coordinates": [123.9460802, 10.3314157]}, "properties": {"kind": "bus_stop"}}, {"type": "Feature", "geometry": {"type": "Point", "coordinates": [123.9456403, 10.331956]}, "properties": {"kind": "bus_stop"}}, {"type": "Feature", "geometry": {"type": "Point", "coordinates": [123.948846, 10.3408892]}, "properties": {"kind": "bus_stop"}}, {"type": "Feature", "geometry": {"type": "Point", "coordinates": [123.9140498, 10.347854]}, "properties": {"kind": "school"}}, {"type": "Feature", "geometry": {"type": "Point", "coordinates": [123.9085468, 10.3518293]}, "properties": {"kind": "place_of_worship"}}, {"type": "Feature", "geometry": {"type": "Point", "coordinates": [123.915138, 10.3471198]}, "properties": {"kind": "hospital"}}, {"type": "Feature", "geometry": {"type": "Point", "coordinates": [123.935546, 10.3406321]}, "properties": {"kind": "place_of_worship"}}, {"type": "Feature", "geometry": {"type": "Point", "coordinates": [123.9121386, 10.3467966]}, "properties": {"kind": "school"}}, {"type": "Feature", "geometry": {"type": "Point", "coordinates": [123.906188, 10.3813967]}, "properties": {"kind": "school"}}, {"type": "Feature", "geometry": {"type": "Point", "coordinates": [123.8988465, 10.332392]}, "properties": {"kind": "school"}}, {"type": "Feature", "geometry": {"type": "Point", "coordinates": [123.9005642, 10.331069]}, "properties": {"kind": "place_of_worship"}}, {"type": "Feature", "geometry": {"type": "Point", "coordinates": [123.9158652, 10.360436]}, "properties": {"kind": "marketplace"}}, {"type": "Feature", "geometry": {"type": "Point", "coordinates": [123.9159366, 10.3600389]}, "properties": {"kind": "marketplace"}}, {"type": "Feature", "geometry": {"type": "Point", "coordinates": [123.9143592, 10.3809924]}, "properties": {"kind": "place_of_worship"}}, {"type": "Feature", "geometry": {"type": "Point", "coordinates": [123.9102799, 10.3380538]}, "properties": {"kind": "place_of_worship"}}, {"type": "Feature", "geometry": {"type": "Point", "coordinates": [123.9101099, 10.337997]}, "properties": {"kind": "place_of_worship"}}, {"type": "Feature", "geometry": {"type": "Point", "coordinates": [123.9184996, 10.3700596]}, "properties": {"kind": "place_of_worship"}}, {"type": "Feature", "geometry": {"type": "Point", "coordinates": [123.9170541, 10.3684703]}, "properties": {"kind": "place_of_worship"}}, {"type": "Feature", "geometry": {"type": "Point", "coordinates": [123.9105583, 10.3323247]}, "properties": {"kind": "place_of_worship"}}, {"type": "Feature", "geometry": {"type": "Point", "coordinates": [123.9060868, 10.3365433]}, "properties": {"kind": "school"}}, {"type": "Feature", "geometry": {"type": "Point", "coordinates": [123.9209953, 10.3930698]}, "properties": {"kind": "school"}}, {"type": "Feature", "geometry": {"type": "Point", "coordinates": [123.9275478, 10.3470907]}, "properties": {"kind": "school"}}, {"type": "Feature", "geometry": {"type": "Point", "coordinates": [123.9290729, 10.3440244]}, "properties": {"kind": "place_of_worship"}}, {"type": "Feature", "geometry": {"type": "Point", "coordinates": [123.9338504, 10.3520003]}, "properties": {"kind": "school"}}, {"type": "Feature", "geometry": {"type": "Point", "coordinates": [123.9254319, 10.3445244]}, "properties": {"kind": "school"}}, {"type": "Feature", "geometry": {"type": "Point", "coordinates": [123.9237907, 10.3420106]}, "properties": {"kind": "school"}}, {"type": "Feature", "geometry": {"type": "Point", "coordinates": [123.9149028, 10.3428517]}, "properties": {"kind": "place_of_worship"}}, {"type": "Feature", "geometry": {"type": "Point", "coordinates": [123.9369844, 10.3360079]}, "properties": {"kind": "place_of_worship"}}, {"type": "Feature", "geometry": {"type": "Point", "coordinates": [123.931674, 10.3670871]}, "properties": {"kind": "place_of_worship"}}, {"type": "Feature", "geometry": {"type": "Point", "coordinates": [123.9261423, 10.3669702]}, "properties": {"kind": "school"}}, {"type": "Feature", "geometry": {"type": "Point", "coordinates": [123.9147172, 10.3818363]}, "properties": {"kind": "school"}}, {"type": "Feature", "geometry": {"type": "Point", "coordinates": [123.9111867, 10.3763789]}, "properties": {"kind": "school"}}, {"type": "Feature", "geometry": {"type": "Point", "coordinates": [123.9179865, 10.370066]}, "properties": {"kind": "school"}}, {"type": "Feature", "geometry": {"type": "Point", "coordinates": [123.9175593, 10.3701277]}, "properties": {"kind": "school"}}, {"type": "Feature", "geometry": {"type": "Point", "coordinates": [123.9182361, 10.3687961]}, "properties": {"kind": "school"}}, {"type": "Feature", "geometry": {"type": "Point", "coordinates": [123.9504095, 10.354036]}, "properties": {"kind": "school"}}, {"type": "Feature", "geometry": {"type": "Point", "coordinates": [123.9142393, 10.371474]}, "properties": {"kind": "place_of_worship"}}, {"type": "Feature", "geometry": {"type": "Point", "coordinates": [123.9269724, 10.3783392]}, "properties": {"kind": "school"}}, {"type": "Feature", "geometry": {"type": "Point", "coordinates": [123.9216165, 10.394122]}, "properties": {"kind": "school"}}, {"type": "Feature", "geometry": {"type": "Point", "coordinates": [123.9385587, 10.3696215]}, "properties": {"kind": "school"}}, {"type": "Feature", "geometry": {"type": "Point", "coordinates": [123.9339935, 10.3387848]}, "properties": {"kind": "school"}}, {"type": "Feature", "geometry": {"type": "Point", "coordinates": [123.9220615, 10.3875459]}, "properties": {"kind": "school"}}, {"type": "Feature", "geometry": {"type": "Point", "coordinates": [123.9064474, 10.337017]}, "properties": {"kind": "school"}}, {"type": "Feature", "geometry": {"type": "Point", "coordinates": [123.9275358, 10.3323493]}, "properties": {"kind": "school"}}, {"type": "Feature", "geometry": {"type": "Point", "coordinates": [123.9407394, 10.346707]}, "properties": {"kind": "school"}}, {"type": "Feature", "geometry": {"type": "Point", "coordinates": [123.9413694, 10.3469454]}, "properties": {"kind": "school"}}, {"type": "Feature", "geometry": {"type": "Point", "coordinates": [123.934872, 10.3686713]}, "properties": {"kind": "school"}}, {"type": "Feature", "geometry": {"type": "Point", "coordinates": [123.9342711, 10.3693154]}, "properties": {"kind": "school"}}, {"type": "Feature", "geometry": {"type": "Point", "coordinates": [123.9466585, 10.3685204]}, "properties": {"kind": "school"}}, {"type": "Feature", "geometry": {"type": "Point", "coordinates": [123.9417015, 10.3892868]}, "properties": {"kind": "school"}}, {"type": "Feature", "geometry": {"type": "Point", "coordinates": [123.9422115, 10.3893712]}, "properties": {"kind": "school"}}, {"type": "Feature", "geometry": {"type": "Point", "coordinates": [123.915159, 10.3975931]}, "properties": {"kind": "school"}}, {"type": "Feature", "geometry": {"type": "Point", "coordinates": [123.9405225, 10.3564721]}, "properties": {"kind": "school"}}, {"type": "Feature", "geometry": {"type": "Point", "coordinates": [123.9400809, 10.3568938]}, "properties": {"kind": "school"}}, {"type": "Feature", "geometry": {"type": "Point", "coordinates": [123.9278302, 10.3848004]}, "properties": {"kind": "school"}}, {"type": "Feature", "geometry": {"type": "Point", "coordinates": [123.922678, 10.3392374]}, "properties": {"kind": "school"}}, {"type": "Feature", "geometry": {"type": "Point", "coordinates": [123.9365021, 10.3556719]}, "properties": {"kind": "school"}}, {"type": "Feature", "geometry": {"type": "Point", "coordinates": [123.9426977, 10.3508361]}, "properties": {"kind": "school"}}, {"type": "Feature", "geometry": {"type": "Point", "coordinates": [123.9297335, 10.399023]}, "properties": {"kind": "school"}}, {"type": "Feature", "geometry": {"type": "Point", "coordinates": [123.9329032, 10.368259]}, "properties": {"kind": "marketplace"}}, {"type": "Feature", "geometry": {"type": "Point", "coordinates": [123.9480866, 10.3521208]}, "properties": {"kind": "place_of_worship"}}, {"type": "Feature", "geometry": {"type": "Point", "coordinates": [123.9465561, 10.3534563]}, "properties": {"kind": "place_of_worship"}}, {"type": "Feature", "geometry": {"type": "Point", "coordinates": [123.9145839, 10.3986574]}, "properties": {"kind": "place_of_worship"}}, {"type": "Feature", "geometry": {"type": "Point", "coordinates": [123.9414978, 10.3854938]}, "properties": {"kind": "place_of_worship"}}, {"type": "Feature", "geometry": {"type": "Point", "coordinates": [123.9038667, 10.3692952]}, "properties": {"kind": "school"}}, {"type": "Feature", "geometry": {"type": "Point", "coordinates": [123.9351264, 10.3409933]}, "properties": {"kind": "marketplace"}}, {"type": "Feature", "geometry": {"type": "Point", "coordinates": [123.9496264, 10.3446622]}, "properties": {"kind": "place_of_worship"}}, {"type": "Feature", "geometry": {"type": "Point", "coordinates": [123.9398286, 10.3450718]}, "properties": {"kind": "school"}}, {"type": "Feature", "geometry": {"type": "Point", "coordinates": [123.9489691, 10.3334456]}, "properties": {"kind": "place_of_worship"}}, {"type": "Feature", "geometry": {"type": "Point", "coordinates": [123.917451, 10.3880923]}, "properties": {"kind": "school"}}, {"type": "Feature", "geometry": {"type": "Point", "coordinates": [123.9361383, 10.3411683]}, "properties": {"kind": "school"}}, {"type": "Feature", "geometry": {"type": "Point", "coordinates": [123.9362898, 10.3409116]}, "properties": {"kind": "school"}}, {"type": "Feature", "geometry": {"type": "Point", "coordinates": [123.935704, 10.3786313]}, "properties": {"kind": "school"}}, {"type": "Feature", "geometry": {"type": "Point", "coordinates": [123.9353768, 10.3788152]}, "properties": {"kind": "school"}}, {"type": "Feature", "geometry": {"type": "Point", "coordinates": [123.9145561, 10.3732027]}, "properties": {"kind": "hospital"}}, {"type": "Feature", "geometry": {"type": "Point", "coordinates": [123.9256421, 10.3478692]}, "properties": {"kind": "school"}}, {"type": "Feature", "geometry": {"type": "Point", "coordinates": [123.9253922, 10.3476457]}, "properties": {"kind": "school"}}, {"type": "Feature", "geometry": {"type": "Point", "coordinates": [123.9435522, 10.3351412]}, "properties": {"kind": "school"}}, {"type": "Feature", "geometry": {"type": "Point", "coordinates": [123.9440311, 10.3351029]}, "properties": {"kind": "school"}}]}