{"type": "FeatureCollection", "features": [{"type": "Feature", "geometry": {"type": "Point", "coordinates": [120.994976, 14.5406976]}, "properties": {"kind": "school"}}, {"type": "Feature", "geometry": {"type": "Point", "coordinates": [120.9961085, 14.5501004]}, "properties": {"kind": "marketplace"}}, {"type": "Feature", "geometry": {"type": "Point", "coordinates": [120.9965839, 14.5241939]}, "properties": {"kind": "hospital"}}, {"type": "Feature", "geometry": {"type": "Point", "coordinates": [120.9822036, 14.5463104]}, "properties": {"kind": "bus_stop"}}, {"type": "Feature", "geometry": {"type": "Point", "coordinates": [120.99678, 14.525341]}, "properties": {"kind": "school"}}, {"type": "Feature", "geometry": {"type": "Point", "coordinates": [121.0019043, 14.5727461]}, "properties": {"kind": "place_of_worship"}}, {"type": "Feature", "geometry": {"type": "Point", "coordinates": [120.993044, 14.5484873]}, "properties": {"kind": "school"}}, {"type": "Feature", "geometry": {"type": "Point", "coordinates": [120.9988651, 14.5486321]}, "properties": {"kind": "place_of_worship"}}, {"type": "Feature", "geometry": {"type": "Point", "coordinates": [120.9934468, 14.5481177]}, "properties": {"kind": "place_of_worship"}}, {"type": "Feature", "geometry": {"type": "Point", "coordinates": [120.9984917, 14.5078215]}, "properties": {"kind": "place_of_worship"}}, {"type": "Feature", "geometry": {"type": "Point", "coordinates": [121.003208, 14.5120125]}, "properties": {"kind": "bus_stop"}}, {"type": "Feature", "geometry": {"type": "Point", "coordinates": [121.012481, 14.58052]}, "properties": {"kind": "school"}}, {"type": "Feature", "geometry": {"type": "Point", "coordinates": [121.0083478, 14.5339907]}, "properties": {"kind": "place_of_worship"}}, {"type": "Feature", "geometry": {"type": "Point", "coordinates": [120.9945833, 14.5334893]}, "properties": {"kind": "place_of_worship"}}, {"type": "Feature", "geometry": {"type": "Point", "coordinates": [121.0233555, 14.5523772]}, "properties": {"kind": "bus_stop"}}, {"type": "Feature", "geometry": {"type": "Point", "coordinates": [120.9833606, 14.55524]}, "properties": {"kind": "place_of_worship"}}, {"type": "Feature", "geometry": {"type": "Point", "coordinates": [121.0251104, 14.5522933]}, "properties": {"kind": "bus_stop"}}, {"type": "Feature", "geometry": {"type": "Point", "coordinates": [120.9599996, 14.589473]}, "properties": {"kind": "place_of_worship"}}, {"type": "Feature", "geometry": {"type": "Point", "coordinates": [121.023788, 14.501349]}, "properties": {"kind": "hospital"}}, {"type": "Feature", "geometry": {"type": "Point", "coordinates": [121.0239136, 14.5029886]}, "properties": {"kind": "school"}}, {"type": "Feature", "geometry": {"type": "Point", "coordinates": [120.9930494, 14.5602815]}, "properties": {"kind": "place_of_worship"}}, {"type": "Feature", "geometry": {"type": "Point", "coordinates": [121.0028707, 14.5722342]}, "properties": {"kind": "place_of_worship"}}, {"type": "Feature", "geometry": {"type": "Point", "coordinates": [120.9950843, 14.5538116]}, "properties": {"kind": "bus_stop"}}, {"type": "Feature", "geometry": {"type": "Point", "coordinates": [120.9958449, 14.5169466]}, "properties": {"kind": "place_of_worship"}}, {"type": "Feature", "geometry": {"type": "Point", "coordinates": [121.0081543, 14.5374363]}, "properties": {"kind": "place_of_worship"}}, {"type": "Feature", "geometry": {"type": "Point", "coordinates": [121.0081011, 14.5374622]}, "properties": {"kind": "school"}}, {"type": "Feature", "geometry": {"type": "Point", "coordinates": [121.018552, 14.558679]}, "properties": {"kind": "school"}}, {"type": "Feature", "geometry": {"type": "Point", "coordinates": [121.0028421, 14.555602]}, "properties": {"kind": "bus_stop"}}, {"type": "Feature", "geometry": {"type": "Point", "coordinates": [120.9805543, 14.5813306]}, "properties": {"kind": "school"}}, {"type": "Feature", "geometry": {"type": "Point", "coordinates": [120.9875498, 14.5815647]}, "properties": {"kind": "school"}}, {"type": "Feature", "geometry": {"type": "Point", "coordinates": [120.9873997, 14.5818034]}, "properties": {"kind": "place_of_worship"}}, {"type": "Feature", "geometry": {"type": "Point", "coordinates": [120.9793681, 14.5758293]}, "properties": {"kind": "bus_stop"}}, {"type": "Feature", "geometry": {"type": "Point", "coordinates": [121.0117405, 14.4975871]}, "properties": {"kind": "place_of_worship"}}, {"type": "Feature", "geometry": {"type": "Point", "coordinates": [120.9861917, 14.5827732]}, "properties": {"kind": "place_of_worship"}}, {"type": "Feature", "geometry": {"type": "Point", "coordinates": [120.9834959, 14.5356015]}, "properties": {"kind": "bus_stop"}}, {"type": "Feature", "geometry": {"type": "Point", "coordinates": [120.995256, 14.5534014]}, "properties": {"kind": "bus_stop"}}, {"type": "Feature", "geometry": {"type": "Point", "coordinates": [120.9839267, 14.5333158]}, "properties": {"kind": "bus_stop"}}, {"type": "Feature", "geometry": {"type": "Point", "coordinates": [121.0146243, 14.4913358]}, "properties": {"kind": "marketplace"}}, {"type": "Feature", "geometry": {"type": "Point", "coordinates": [121.0150295, 14.4999841]}, "properties": {"kind": "marketplace"}}, {"type": "Feature", "geometry": {"type": "Point", "coordinates": [121.0267512, 14.5061205]}, "properties": {"kind": "school"}}, {"type": "Feature", "geometry": {"type": "Point", "coordinates": [120.9909445, 14.5088102]}, "properties": {"kind": "place_of_worship"}}, {"type": "Feature", "geometry": {"type": "Point", "coordinates": [121.0196285, 14.5531856]}, "properties": {"kind": "bus_stop"}}, {"type": "Feature", "geometry": {"type": "Point", "coordinates": [120.9859639, 14.5784975]}, "properties": {"kind": "place_of_worship"}}, {"type": "Feature", "geometry": {"type": "Point", "coordinates": [121.0161815, 14.5446888]}, "properties": {"kind": "school"}}, {"type": "Feature", "geometry": {"type": "Point", "coordinates": [121.0017224, 14.5744022]}, "properties": {"kind": "school"}}, {"type": "Feature", "geometry": {"type": "Point", "coordinates": [121.0040214, 14.5738243]}, "properties": {"kind": "school"}}, {"type": "Feature", "geometry": {"type": "Point", "coordinates": [121.0094348, 14.5100048]}, "properties": {"kind": "bus_stop"}}, {"type": "Feature", "geometry": {"type": "Point", "coordinates": [121.011671, 14.5802939]}, "properties": {"kind": "school"}}, {"type": "Feature", "geometry": {"type": "Point", "coordinates": [121.0137628, 14.5817725]}, "properties": {"kind": "place_of_worship"}}, {"type": "Feature", "geometry": {"type": "Point", "coordinates": [121.0262811, 14.5618303]}, "properties": {"kind": "bus_stop"}}, {"type": "Feature", "geometry": {"type": "Point", "coordinates": [121.025856, 14.5492618]}, "properties": {"kind": "bus_stop"}}, {"type": "Feature", "geometry": {"type": "Point", "coordinates": [121.0233385, 14.5525292]}, "properties": {"kind": "bus_stop"}}, {"type": "Feature", "geometry": {"type": "Point", "coordinates": [121.0120941, 14.5787168]}, "properties": {"kind": "place_of_worship"}}, {"type": "Feature", "geometry": {"type": "Point", "coordinates": [121.0192651, 14.5752264]}, "properties": {"kind": "bus_stop"}}, {"type": "Feature", "geometry": {"type": "Point", "coordinates": [120.9964826, 14.5279033]}, "properties": {"kind": "school"}}, {"type": "Feature", "geometry": {"type": "Point", "coordinates": [121.0203391, 14.5571267]}, "properties": {"kind": "bus_stop"}}, {"type": "Feature", "geometry": {"type": "Point", "coordinates": [121.0230533, 14.5557166]}, "properties": {"kind": "bus_stop"}}, {"type": "Feature", "geometry": {"type": "Point", "coordinates": [121.017468, 14.559012]}, "properties": {"kind": "bus_stop"}}, {"type": "Feature", "geometry": {"type": "Point", "coordinates": [121.0145418, 14.5612351]}, "properties": {"kind": "bus_stop"}}, {"type": "Feature", "geometry": {"type": "Point", "coordinates": [120.999178, 14.5790347]}, "properties": {"kind": "station"}}, {"type": "Feature", "geometry": {"type": "Point", "coordinates": [121.0270435, 14.5528647]}, "properties": {"kind": "bus_stop"}}, {"type": "Feature", "geometry": {"type": "Point", "coordinates": [121.0266875, 14.5527959]}, "properties": {"kind": "bus_stop"}}, {"type": "Feature", "geometry": {"type": "Point", "coordinates": [121.0227379, 14.5622904]}, "properties": {"kind": "bus_stop"}}, {"type": "Feature", "geometry": {"type": "Point", "coordinates": [120.9987634, 14.5479136]}, "properties": {"kind": "place_of_worship"}}, {"type": "Feature", "geometry": {"type": "Point", "coordinates": [121.008647, 14.5581618]}, "properties": {"kind": "bus_stop"}}, {"type": "Feature", "geometry": {"type": "Point", "coordinates": [120.9866844, 14.5477088]}, "properties": {"kind": "bus_stop"}}, {"type": "Feature", "geometry": {"type": "Point", "coordinates": [121.013868, 14.56076]}, "properties": {"kind": "bus_stop"}}, {"type": "Feature", "geometry": {"type": "Point", "coordinates": [121.0115112, 14.5596342]}, "properties": {"kind": "bus_stop"}}, {"type": "Feature", "geometry": {"type": "Point", "coordinates": [121.0175941, 14.5615084]}, "properties": {"kind": "bus_stop"}}, {"type": "Feature", "geometry": {"type": "Point", "coordinates": [120.9889671, 14.5736492]}, "properties": {"kind": "place_of_worship"}}, {"type": "Feature", "geometry": {"type": "Point", "coordinates": [121.0090585, 14.5343375]}, "properties": {"kind": "place_of_worship"}}, {"type": "Feature", "geometry": {"type": "Point", "coordinates": [121.0128505, 14.5269768]}, "properties": {"kind": "place_of_worship"}}, {"type": "Feature", "geometry": {"type": "Point", "coordinates": [120.9935312, 14.5330423]}, "properties": {"kind": "place_of_worship"}}, {"type": "Feature", "geometry": {"type": "Point", "coordinates": [120.9966005, 14.5558186]}, "properties": {"kind": "place_of_worship"}}, {"type": "Feature", "geometry": {"type": "Point", "coordinates": [120.9978604, 14.5307398]}, "properties": {"kind": "place_of_worship"}}, {"type": "Feature", "geometry": {"type": "Point", "coordinates": [121.00024, 14.5514025]}, "properties": {"kind": "school"}}, {"type": "Feature", "geometry": {"type": "Point", "coordinates": [121.0237278, 14.5516384]}, "properties": {"kind": "place_of_worship"}}, {"type": "Feature", "geometry": {"type": "Point", "coordinates": [121.0234167, 14.5607184]}, "properties": {"kind": "school"}}, {"type": "Feature", "geometry": {"type": "Point", "coordinates": [121.0034031, 14.5559542]}, "properties": {"kind": "bus_stop"}}, {"type": "Feature", "geometry": {"type": "Point", "coordinates": [121.0283498, 14.5491542]}, "properties": {"kind": "bus_stop"}}, {"type": "Feature", "geometry": {"type": "Point", "coordinates": [121.0017453, 14.5554517]}, "properties": {"kind": "bus_stop"}}, {"type": "Feature", "geometry": {"type": "Point", "coordinates": [121.0079146, 14.5573703]}, "properties": {"kind": "bus_stop"}}, {"type": "Feature", "geometry": {"type": "Point", "coordinates": [121.0147478, 14.5538335]}, "properties": {"kind": "school"}}, {"type": "Feature", "geometry": {"type": "Point", "coordinates": [120.9835441, 14.5348194]}, "properties": {"kind": "bus_stop"}}, {"type": "Feature", "geometry": {"type": "Point", "coordinates": [121.0129207, 14.5547787]}, "properties": {"kind": "place_of_worship"}}, {"type": "Feature", "geometry": {"type": "Point", "coordinates": [121.0037452, 14.514583]}, "properties": {"kind": "place_of_worship"}}, {"type": "Feature", "geometry": {"type": "Point", "coordinates": [120.9995479, 14.5731456]}, "properties": {"kind": "station"}}, {"type": "Feature", "geometry": {"type": "Point", "coordinates": [121.0028448, 14.5669239]}, "properties": {"kind": "station"}}, {"type": "Feature", "geometry": {"type": "Point", "coordinates": [120.9991665, 14.5790423]}, "properties": {"kind": "station"}}, {"type": "Feature", "geometry": {"type": "Point", "coordinates": [121.0167453, 14.5412485]}, "properties": {"kind": "station"}}, {"type": "Feature", "geometry": {"type": "Point", "coordinates": [121.0263007, 14.5235112]}, "properties": {"kind": "station"}}, {"type": "Feature", "geometry": {"type": "Point", "coordinates": [121.0230664, 14.5599606]}, "properties": {"kind": "marketplace"}}, {"type": "Feature", "geometry": {"type": "Point", "coordinates": [121.0188612, 14.5206135]}, "properties": {"kind": "place_of_worship"}}, {"type": "Feature", "geometry": {"type": "Point", "coordinates": [120.9849711, 14.5821636]}, "properties": {"kind": "bus_stop"}}, {"type": "Feature", "geometry": {"type": "Point", "coordinates": [121.0195471, 14.5613243]}, "properties": {"kind": "school"}}, {"type": "Feature", "geometry": {"type": "Point", "coordinates": [121.0247557, 14.561329]}, "properties": {"kind": "bus_stop"}}, {"type": "Feature", "geometry": {"type": "Point", "coordinates": [120.9845916, 14.5328683]}, "properties": {"kind": "bus_stop"}}, {"type": "Feature", "geometry": {"type": "Point", "coordinates": [120.9836706, 14.5845868]}, "properties": {"kind": "bus_stop"}}, {"type": "Feature", "geometry": {"type": "Point", "coordinates": [120.984842, 14.5817635]}, "properties": {"kind": "bus_stop"}}, {"type": "Feature", "geometry": {"type": "Point", "coordinates": [120.9885252, 14.572737]}, "properties": {"kind": "place_of_worship"}}, {"type": "Feature", "geometry": {"type": "Point", "coordinates": [120.9902662, 14.5810361]}, "properties": {"kind": "place_of_worship"}}, {"type": "Feature", "geometry": {"type": "Point", "coordinates": [120.9986496, 14.5661214]}, "properties": {"kind": "place_of_worship"}}, {"type": "Feature", "geometry": {"type": "Point", "coordinates": [120.9815306, 14.5758054]}, "properties": {"kind": "school"}}, {"type": "Feature", "geometry": {"type": "Point", "coordinates": [120.9971696, 14.5275751]}, "properties": {"kind": "marketplace"}}, {"type": "Feature", "geometry": {"type": "Point", "coordinates": [121.0203151, 14.5574936]}, "properties": {"kind": "bus_stop"}}, {"type": "Feature", "geometry": {"type": "Point", "coordinates": [121.0264914, 14.5880294]}, "properties": {"kind": "school"}}, {"type": "Feature", "geometry": {"type": "Point", "coordinates": [120.9856255, 14.547807]}, "properties": {"kind": "place_of_worship"}}, {"type": "Feature", "geometry": {"type": "Point", "coordinates": [120.9965217, 14.555796]}, "properties": {"kind": "school"}}, {"type": "Feature", "geometry": {"type": "Point", "coordinates": [120.9889553, 14.5752139]}, "properties": {"kind": "bus_stop"}}, {"type": "Feature", "geometry": {"type": "Point", "coordinates": [120.9857905, 14.5807381]}, "properties": {"kind": "bus_stop"}}, {"type": "Feature", "geometry": {"type": "Point", "coordinates": [120.973717, 14.5847064]}, "properties": {"kind": "bus_stop"}}, {"type": "Feature", "geometry": {"type": "Point", "coordinates": [121.0110289, 14.5457281]}, "properties": {"kind": "place_of_worship"}}, {"type": "Feature", "geometry": {"type": "Point", "coordinates": [121.0068135, 14.5799464]}, "properties": {"kind": "school"}}, {"type": "Feature", "geometry": {"type": "Point", "coordinates": [121.0101617, 14.5807903]}, "properties": {"kind": "place_of_worship"}}, {"type": "Feature", "geometry": {"type": "Point", "coordinates": [121.0033507, 14.5725408]}, "properties": {"kind": "place_of_worship"}}, {"type": "Feature", "geometry": {"type": "Point", "coordinates": [121.024743, 14.5761028]}, "properties": {"kind": "place_of_worship"}}, {"type": "Feature", "geometry": {"type": "Point", "coordinates": [121.0041875, 14.5468478]}, "properties": {"kind": "school"}}, {"type": "Feature", "geometry": {"type": "Point", "coordinates": [120.989056, 14.4948185]}, "properties": {"kind": "place_of_worship"}}, {"type": "Feature", "geometry": {"type": "Point", "coordinates": [120.9858795, 14.5826482]}, "properties": {"kind": "place_of_worship"}}, {"type": "Feature", "geometry": {"type": "Point", "coordinates": [120.9796472, 14.5808505]}, "properties": {"kind": "school"}}, {"type": "Feature", "geometry": {"type": "Point", "coordinates": [121.0244885, 14.5602349]}, "properties": {"kind": "school"}}, {"type": "Feature", "geometry": {"type": "Point", "coordinates": [120.9930043, 14.5310617]}, "properties": {"kind": "bus_stop"}}, {"type": "Feature", "geometry": {"type": "Point", "coordinates": [121.0141231, 14.5482071]}, "properties": {"kind": "place_of_worship"}}, {"type": "Feature", "geometry": {"type": "Point", "coordinates": [120.9831579, 14.588917]}, "properties": {"kind": "school"}}, {"type": "Feature", "geometry": {"type": "Point", "coordinates": [120.992672, 14.5728051]}, "properties": {"kind": "hospital"}}, {"type": "Feature", "geometry": {"type": "Point", "coordinates": [121.006248, 14.5763646]}, "properties": {"kind": "place_of_worship"}}, {"type": "Feature", "geometry": {"type": "Point", "coordinates": [120.9995117, 14.5785923]}, "properties": {"kind": "place_of_worship"}}, {"type": "Feature", "geometry": {"type": "Point", "coordinates": [120.9981988, 14.5723427]}, "properties": {"kind": "place_of_worship"}}, {"type": "Feature", "geometry": {"type": "Point", "coordinates": [120.9923033, 14.5738898]}, "properties": {"kind": "place_of_worship"}}, {"type": "Feature", "geometry": {"type": "Point", "coordinates": [120.9894414, 14.5673805]}, "properties": {"kind": "place_of_worship"}}, {"type": "Feature", "geometry": {"type": "Point", "coordinates": [121.012884, 14.579412]}, "properties": {"kind": "place_of_worship"}}, {"type": "Feature", "geometry": {"type": "Point", "coordinates": [120.9806748, 14.589096]}, "properties": {"kind": "bus_stop"}}, {"type": "Feature", "geometry": {"type": "Point", "coordinates": [120.9938139, 14.5201421]}, "properties": {"kind": "bus_stop"}}, {"type": "Feature", "geometry": {"type": "Point", "coordinates": [120.9935122, 14.5317952]}, "properties": {"kind": "bus_stop"}}, {"type": "Feature", "geometry": {"type": "Point", "coordinates": [121.0134828, 14.5873971]}, "properties": {"kind": "place_of_worship"}}, {"type": "Feature", "geometry": {"type": "Point", "coordinates": [121.0291028, 14.5492722]}, "properties": {"kind": "bus_stop"}}, {"type": "Feature", "geometry": {"type": "Point", "coordinates": [120.9831645, 14.541277]}, "properties": {"kind": "bus_stop"}}, {"type": "Feature", "geometry": {"type": "Point", "coordinates": [120.9836864, 14.5390384]}, "properties": {"kind": "bus_stop"}}, {"type": "Feature", "geometry": {"type": "Point", "coordinates": [120.9838772, 14.5376496]}, "properties": {"kind": "bus_stop"}}, {"type": "Feature", "geometry": {"type": "Point", "coordinates": [120.9842236, 14.5377737]}, "properties": {"kind": "bus_stop"}}, {"type": "Feature", "geometry": {"type": "Point", "coordinates": [120.982074, 14.5556321]}, "properties": {"kind": "bus_stop"}}, {"type": "Feature", "geometry": {"type": "Point", "coordinates": [120.9810817, 14.5547235]}, "properties": {"kind": "bus_stop"}}, {"type": "Feature", "geometry": {"type": "Point", "coordinates": [121.0124128, 14.5097288]}, "properties": {"kind": "bus_stop"}}, {"type": "Feature", "geometry": {"type": "Point", "coordinates": [120.9832057, 14.5349246]}, "properties": {"kind": "bus_stop"}}, {"type": "Feature", "geometry": {"type": "Point", "coordinates": [121.0223463, 14.5558301]}, "properties": {"kind": "bus_stop"}}, {"type": "Feature", "geometry": {"type": "Point", "coordinates": [121.018379, 14.5520724]}, "properties": {"kind": "bus_stop"}}, {"type": "Feature", "geometry": {"type": "Point", "coordinates": [121.0142987, 14.5560608]}, "properties": {"kind": "place_of_worship"}}, {"type": "Feature", "geometry": {"type": "Point", "coordinates": [120.9911919, 14.5461107]}, "properties": {"kind": "bus_stop"}}, {"type": "Feature", "geometry": {"type": "Point", "coordinates": [121.0061098, 14.5570375]}, "properties": {"kind": "bus_stop"}}, {"type": "Feature", "geometry": {"type": "Point", "coordinates": [120.9917209, 14.5111647]}, "properties": {"kind": "bus_stop"}}, {"type": "Feature", "geometry": {"type": "Point", "coordinates": [120.9875594, 14.49172]}, "properties": {"kind": "bus_stop"}}, {"type": "Feature", "geometry": {"type": "Point", "coordinates": [120.9960392, 14.5160702]}, "properties": {"kind": "bus_stop"}}, {"type": "Feature", "geometry": {"type": "Point", "coordinates": [120.9970387, 14.5267153]}, "properties": {"kind": "bus_stop"}}, {"type": "Feature", "geometry": {"type": "Point", "coordinates": [120.986872, 14.5483502]}, "properties": {"kind": "bus_stop"}}, {"type": "Feature", "geometry": {"type": "Point", "coordinates": [121.0230088, 14.5856705]}, "properties": {"kind": "place_of_worship"}}, {"type": "Feature", "geometry": {"type": "Point", "coordinates": [121.0206652, 14.5796871]}, "properties": {"kind": "place_of_worship"}}, {"type": "Feature", "geometry": {"type": "Point", "coordinates": [121.0132476, 14.5681075]}, "properties": {"kind": "school"}}, {"type": "Feature", "geometry": {"type": "Point", "coordinates": [120.9846249, 14.5324681]}, "properties": {"kind": "bus_stop"}}, {"type": "Feature", "geometry": {"type": "Point", "coordinates": [121.0175678, 14.5674195]}, "properties": {"kind": "bus_stop"}}, {"type": "Feature", "geometry": {"type": "Point", "coordinates": [120.9895031, 14.5782275]}, "properties": {"kind": "place_of_worship"}}, {"type": "Feature", "geometry": {"type": "Point", "coordinates": [120.9831484, 14.5366102]}, "properties": {"kind": "bus_stop"}}, {"type": "Feature", "geometry": {"type": "Point", "coordinates": [120.9832649, 14.5334527]}, "properties": {"kind": "bus_stop"}}, {"type": "Feature", "geometry": {"type": "Point", "coordinates": [121.0106472, 14.5663688]}, "properties": {"kind": "school"}}, {"type": "Feature", "geometry": {"type": "Point", "coordinates": [120.9998486, 14.5626033]}, "properties": {"kind": "school"}}, {"type": "Feature", "geometry": {"type": "Point", "coordinates": [121.0026885, 14.5705879]}, "properties": {"kind": "place_of_worship"}}, {"type": "Feature", "geometry": {"type": "Point", "coordinates": [121.0183538, 14.5518762]}, "properties": {"kind": "bus_stop"}}, {"type": "Feature", "geometry": {"type": "Point", "coordinates": [121.0184293, 14.5524649]}, "properties": {"kind": "bus_stop"}}, {"type": "Feature", "geometry": {"type": "Point", "coordinates": [121.0184544, 14.5526611]}, "properties": {"kind": "bus_stop"}}, {"type": "Feature", "geometry": {"type": "Point", "coordinates": [121.0184796, 14.5528573]}, "properties": {"kind": "bus_stop"}}, {"type": "Feature", "geometry": {"type": "Point", "coordinates": [121.0284544, 14.550546]}, "properties": {"kind": "bus_stop"}}, {"type": "Feature", "geometry": {"type": "Point", "coordinates": [120.9848983, 14.55679]}, "properties": {"kind": "bus_stop"}}, {"type": "Feature", "geometry": {"type": "Point", "coordinates": [120.9858421, 14.5592654]}, "properties": {"kind": "bus_stop"}}, {"type": "Feature", "geometry": {"type": "Point", "coordinates": [120.9929413, 14.5316154]}, "properties": {"kind": "bus_stop"}}, {"type": "Feature", "geometry": {"type": "Point", "coordinates": [120.9797187, 14.580882]}, "properties": {"kind": "school"}}, {"type": "Feature", "geometry": {"type": "Point", "coordinates": [120.9827925, 14.5762243]}, "properties": {"kind": "bus_stop"}}, {"type": "Feature", "geometry": {"type": "Point", "coordinates": [120.9981229, 14.5505092]}, "properties": {"kind": "school"}}, {"type": "Feature", "geometry": {"type": "Point", "coordinates": [121.0083938, 14.5506598]}, "properties": {"kind": "bus_stop"}}, {"type": "Feature", "geometry": {"type": "Point", "coordinates": [121.0249078, 14.5285744]}, "properties": {"kind": "school"}}, {"type": "Feature", "geometry": {"type": "Point", "coordinates": [120.9819998, 14.5456467]}, "properties": {"kind": "bus_stop"}}, {"type": "Feature", "geometry": {"type": "Point", "coordinates": [120.9892841, 14.5324703]}, "properties": {"kind": "bus_stop"}}, {"type": "Feature", "geometry": {"type": "Point", "coordinates": [120.983615, 14.537126]}, "properties": {"kind": "bus_stop"}}, {"type": "Feature", "geometry": {"type": "Point", "coordinates": [120.9904381, 14.5523558]}, "properties": {"kind": "bus_stop"}}, {"type": "Feature", "geometry": {"type": "Point", "coordinates": [120.998272, 14.5477746]}, "properties": {"kind": "marketplace"}}, {"type": "Feature", "geometry": {"type": "Point", "coordinates": [121.0142129, 14.5206984]}, "properties": {"kind": "bus_stop"}}, {"type": "Feature", "geometry": {"type": "Point", "coordinates": [121.0112574, 14.5399306]}, "properties": {"kind": "place_of_worship"}}, {"type": "Feature", "geometry": {"type": "Point", "coordinates": [120.9913583, 14.5709724]}, "properties": {"kind": "bus_stop"}}, {"type": "Feature", "geometry": {"type": "Point", "coordinates": [120.995032, 14.5632395]}, "properties": {"kind": "bus_stop"}}, {"type": "Feature", "geometry": {"type": "Point", "coordinates": [120.9971121, 14.5547229]}, "properties": {"kind": "bus_stop"}}, {"type": "Feature", "geometry": {"type": "Point", "coordinates": [121.0054779, 14.5568913]}, "properties": {"kind": "bus_stop"}}, {"type": "Feature", "geometry": {"type": "Point", "coordinates": [120.9881937, 14.4921368]}, "properties": {"kind": "place_of_worship"}}, {"type": "Feature", "geometry": {"type": "Point", "coordinates": [121.0164416, 14.5698861]}, "properties": {"kind": "bus_stop"}}, {"type": "Feature", "geometry": {"type": "Point", "coordinates": [121.0017899, 14.5871929]}, "properties": {"kind": "bus_stop"}}, {"type": "Feature", "geometry": {"type": "Point", "coordinates": [120.9906205, 14.5096097]}, "properties": {"kind": "bus_stop"}}, {"type": "Feature", "geometry": {"type": "Point", "coordinates": [120.9878612, 14.5585404]}, "properties": {"kind": "bus_stop"}}, {"type": "Feature", "geometry": {"type": "Point", "coordinates": [120.9783842, 14.578667]}, "properties": {"kind": "bus_stop"}}, {"type": "Feature", "geometry": {"type": "Point", "coordinates": [120.9739841, 14.5828696]}, "properties": {"kind": "bus_stop"}}, {"type": "Feature", "geometry": {"type": "Point", "coordinates": [121.0137518, 14.5211517]}, "properties": {"kind": "bus_stop"}}, {"type": "Feature", "geometry": {"type": "Point", "coordinates": [121.0124865, 14.5100402]}, "properties": {"kind": "bus_stop"}}, {"type": "Feature", "geometry": {"type": "Point", "coordinates": [121.0046786, 14.5071917]}, "properties": {"kind": "bus_stop"}}, {"type": "Feature", "geometry": {"type": "Point", "coordinates": [121.0142722, 14.5203526]}, "properties": {"kind": "bus_stop"}}, {"type": "Feature", "geometry": {"type": "Point", "coordinates": [121.0124471, 14.5100173]}, "properties": {"kind": "bus_stop"}}, {"type": "Feature", "geometry": {"type": "Point", "coordinates": [121.0047409, 14.5068818]}, "properties": {"kind": "bus_stop"}}, {"type": "Feature", "geometry": {"type": "Point", "coordinates": [121.0149173, 14.5200481]}, "properties": {"kind": "bus_stop"}}, {"type": "Feature", "geometry": {"type": "Point", "coordinates": [121.0146775, 14.5202705]}, "properties": {"kind": "bus_stop"}}, {"type": "Feature", "geometry": {"type": "Point", "coordinates": [121.0139912, 14.5209212]}, "properties": {"kind": "bus_stop"}}, {"type": "Feature", "geometry": {"type": "Point", "coordinates": [121.0135161, 14.5214006]}, "properties": {"kind": "bus_stop"}}, {"type": "Feature", "geometry": {"type": "Point", "coordinates": [121.0144472, 14.5204779]}, "properties": {"kind": "bus_stop"}}, {"type": "Feature", "geometry": {"type": "Point", "coordinates": [121.0256052, 14.5490476]}, "properties": {"kind": "bus_stop"}}, {"type": "Feature", "geometry": {"type": "Point", "coordinates": [121.025742, 14.548984]}, "properties": {"kind": "bus_stop"}}, {"type": "Feature", "geometry": {"type": "Point", "coordinates": [121.0018884, 14.5553255]}, "properties": {"kind": "bus_stop"}}, {"type": "Feature", "geometry": {"type": "Point", "coordinates": [121.0154336, 14.5715335]}, "properties": {"kind": "bus_stop"}}, {"type": "Feature", "geometry": {"type": "Point", "coordinates": [120.9892908, 14.5761892]}, "properties": {"kind": "bus_stop"}}, {"type": "Feature", "geometry": {"type": "Point", "coordinates": [121.0124536, 14.5495775]}, "properties": {"kind": "bus_stop"}}, {"type": "Feature", "geometry": {"type": "Point", "coordinates": [121.0136474, 14.5510506]}, "properties": {"kind": "bus_stop"}}, {"type": "Feature", "geometry": {"type": "Point", "coordinates": [121.0126773, 14.5515984]}, "properties": {"kind": "bus_stop"}}, {"type": "Feature", "geometry": {"type": "Point", "coordinates": [121.008999, 14.5571392]}, "properties": {"kind": "bus_stop"}}, {"type": "Feature", "geometry": {"type": "Point", "coordinates": [121.0186646, 14.5404099]}, "properties": {"kind": "bus_stop"}}, {"type": "Feature", "geometry": {"type": "Point", "coordinates": [121.018805, 14.5407143]}, "properties": {"kind": "bus_stop"}}, {"type": "Feature", "geometry": {"type": "Point", "coordinates": [121.0264111, 14.5277233]}, "properties": {"kind": "bus_stop"}}, {"type": "Feature", "geometry": {"type": "Point", "coordinates": [121.0109994, 14.5622196]}, "properties": {"kind": "bus_stop"}}, {"type": "Feature", "geometry": {"type": "Point", "coordinates": [121.0126382, 14.5585504]}, "properties": {"kind": "bus_stop"}}, {"type": "Feature", "geometry": {"type": "Point", "coordinates": [121.0129746, 14.5579258]}, "properties": {"kind": "bus_stop"}}, {"type": "Feature", "geometry": {"type": "Point", "coordinates": [120.9897959, 14.550328]}, "properties": {"kind": "bus_stop"}}, {"type": "Feature", "geometry": {"type": "Point", "coordinates": [120.9910887, 14.545285]}, "properties": {"kind": "bus_stop"}}, {"type": "Feature", "geometry": {"type": "Point", "coordinates": [120.9714023, 14.5896965]}, "properties": {"kind": "bus_stop"}}, {"type": "Feature", "geometry": {"type": "Point", "coordinates": [120.9791538, 14.5768187]}, "properties": {"kind": "bus_stop"}}, {"type": "Feature", "geometry": {"type": "Point", "coordinates": [120.9810692, 14.5726293]}, "properties": {"kind": "bus_stop"}}, {"type": "Feature", "geometry": {"type": "Point", "coordinates": [120.980973, 14.57338]}, "properties": {"kind": "bus_stop"}}, {"type": "Feature", "geometry": {"type": "Point", "coordinates": [120.9850788, 14.5638014]}, "properties": {"kind": "bus_stop"}}, {"type": "Feature", "geometry": {"type": "Point", "coordinates": [120.9849315, 14.5647977]}, "properties": {"kind": "bus_stop"}}, {"type": "Feature", "geometry": {"type": "Point", "coordinates": [120.9893665, 14.5531262]}, "properties": {"kind": "bus_stop"}}, {"type": "Feature", "geometry": {"type": "Point", "coordinates": [121.0265161, 14.5235914]}, "properties": {"kind": "bus_stop"}}, {"type": "Feature", "geometry": {"type": "Point", "coordinates": [121.017065, 14.5403515]}, "properties": {"kind": "bus_stop"}}, {"type": "Feature", "geometry": {"type": "Point", "coordinates": [121.0162222, 14.5512167]}, "properties": {"kind": "bus_stop"}}, {"type": "Feature", "geometry": {"type": "Point", "coordinates": [121.0234876, 14.5898469]}, "properties": {"kind": "bus_stop"}}, {"type": "Feature", "geometry": {"type": "Point", "coordinates": [121.0215833, 14.5883007]}, "properties": {"kind": "bus_stop"}}, {"type": "Feature", "geometry": {"type": "Point", "coordinates": [121.002166, 14.5869528]}, "properties": {"kind": "bus_stop"}}, {"type": "Feature", "geometry": {"type": "Point", "coordinates": [120.997617, 14.5829071]}, "properties": {"kind": "bus_stop"}}, {"type": "Feature", "geometry": {"type": "Point", "coordinates": [120.9923351, 14.5809007]}, "properties": {"kind": "bus_stop"}}, {"type": "Feature", "geometry": {"type": "Point", "coordinates": [120.9916661, 14.5808357]}, "properties": {"kind": "bus_stop"}}, {"type": "Feature", "geometry": {"type": "Point", "coordinates": [120.9801875, 14.5777272]}, "properties": {"kind": "place_of_worship"}}, {"type": "Feature", "geometry": {"type": "Point", "coordinates": [120.9923859, 14.4937087]}, "properties": {"kind": "bus_stop"}}, {"type": "Feature", "geometry": {"type": "Point", "coordinates": [120.992261, 14.4947139]}, "properties": {"kind": "bus_stop"}}, {"type": "Feature", "geometry": {"type": "Point", "coordinates": [120.998568, 14.5020422]}, "properties": {"kind": "bus_stop"}}, {"type": "Feature", "geometry": {"type": "Point", "coordinates": [120.998272, 14.5020503]}, "properties": {"kind": "bus_stop"}}, {"type": "Feature", "geometry": {"type": "Point", "coordinates": [120.988294, 14.493202]}, "properties": {"kind": "bus_stop"}}, {"type": "Feature", "geometry": {"type": "Point", "coordinates": [121.0207779, 14.5364564]}, "properties": {"kind": "bus_stop"}}, {"type": "Feature", "geometry": {"type": "Point", "coordinates": [121.0209224, 14.5364534]}, "properties": {"kind": "bus_stop"}}, {"type": "Feature", "geometry": {"type": "Point", "coordinates": [121.0265889, 14.5278513]}, "properties": {"kind": "bus_stop"}}, {"type": "Feature", "geometry": {"type": "Point", "coordinates": [121.0009077, 14.5854281]}, "properties": {"kind": "bus_stop"}}, {"type": "Feature", "geometry": {"type": "Point", "coordinates": [120.9962484, 14.5814964]}, "properties": {"kind": "bus_stop"}}, {"type": "Feature", "geometry": {"type": "Point", "coordinates": [120.9953472, 14.5814679]}, "properties": {"kind": "bus_stop"}}, {"type": "Feature", "geometry": {"type": "Point", "coordinates": [120.989958, 14.5802376]}, "properties": {"kind": "bus_stop"}}, {"type": "Feature", "geometry": {"type": "Point", "coordinates": [120.9971537, 14.5819312]}, "properties": {"kind": "bus_stop"}}, {"type": "Feature", "geometry": {"type": "Point", "coordinates": [120.9903288, 14.5802349]}, "properties": {"kind": "bus_stop"}}, {"type": "Feature", "geometry": {"type": "Point", "coordinates": [120.9885307, 14.5778035]}, "properties": {"kind": "bus_station"}}, {"type": "Feature", "geometry": {"type": "Point", "coordinates": [121.0010737, 14.5856873]}, "properties": {"kind": "bus_stop"}}, {"type": "Feature", "geometry": {"type": "Point", "coordinates": [121.0023203, 14.5886751]}, "properties": {"kind": "bus_stop"}}, {"type": "Feature", "geometry": {"type": "Point", "coordinates": [120.991596, 14.5531639]}, "properties": {"kind": "bus_stop"}}, {"type": "Feature", "geometry": {"type": "Point", "coordinates": [120.996931, 14.5319432]}, "properties": {"kind": "bus_stop"}}, {"type": "Feature", "geometry": {"type": "Point", "coordinates": [120.9968226, 14.5311424]}, "properties": {"kind": "bus_stop"}}, {"type": "Feature", "geometry": {"type": "Point", "coordinates": [120.9803164, 14.5865452]}, "properties": {"kind": "bus_stop"}}, {"type": "Feature", "geometry": {"type": "Point", "coordinates": [120.9792741, 14.5846607]}, "properties": {"kind": "bus_stop"}}, {"type": "Feature", "geometry": {"type": "Point", "coordinates": [120.9807278, 14.581865]}, "properties": {"kind": "bus_stop"}}, {"type": "Feature", "geometry": {"type": "Point", "coordinates": [120.978912, 14.5800337]}, "properties": {"kind": "bus_stop"}}, {"type": "Feature", "geometry": {"type": "Point", "coordinates": [120.9806618, 14.5764534]}, "properties": {"kind": "bus_stop"}}, {"type": "Feature", "geometry": {"type": "Point", "coordinates": [120.9836635, 14.5702615]}, "properties": {"kind": "bus_stop"}}, {"type": "Feature", "geometry": {"type": "Point", "coordinates": [120.9846345, 14.5682859]}, "properties": {"kind": "bus_stop"}}, {"type": "Feature", "geometry": {"type": "Point", "coordinates": [120.9937857, 14.5048745]}, "properties": {"kind": "bus_stop"}}, {"type": "Feature", "geometry": {"type": "Point", "coordinates": [120.9972328, 14.5292261]}, "properties": {"kind": "bus_stop"}}, {"type": "Feature", "geometry": {"type": "Point", "coordinates": [120.9970863, 14.5290846]}, "properties": {"kind": "bus_stop"}}, {"type": "Feature", "geometry": {"type": "Point", "coordinates": [120.997188, 14.5266957]}, "properties": {"kind": "bus_stop"}}, {"type": "Feature", "geometry": {"type": "Point", "coordinates": [120.9966, 14.5210775]}, "properties": {"kind": "bus_stop"}}, {"type": "Feature", "geometry": {"type": "Point", "coordinates": [120.9967634, 14.5210991]}, "properties": {"kind": "bus_stop"}}, {"type": "Feature", "geometry": {"type": "Point", "coordinates": [120.9963946, 14.5177236]}, "properties": {"kind": "bus_stop"}}, {"type": "Feature", "geometry": {"type": "Point", "coordinates": [120.9969492, 14.5251846]}, "properties": {"kind": "bus_stop"}}, {"type": "Feature", "geometry": {"type": "Point", "coordinates": [120.9944808, 14.5438811]}, "properties": {"kind": "bus_stop"}}, {"type": "Feature", "geometry": {"type": "Point", "coordinates": [120.9940557, 14.5452455]}, "properties": {"kind": "bus_stop"}}, {"type": "Feature", "geometry": {"type": "Point", "coordinates": [120.9937858, 14.546658]}, "properties": {"kind": "bus_stop"}}, {"type": "Feature", "geometry": {"type": "Point", "coordinates": [120.992816, 14.5503297]}, "properties": {"kind": "bus_stop"}}, {"type": "Feature", "geometry": {"type": "Point", "coordinates": [120.992784, 14.5501358]}, "properties": {"kind": "bus_stop"}}, {"type": "Feature", "geometry": {"type": "Point", "coordinates": [120.9944567, 14.5436384]}, "properties": {"kind": "bus_stop"}}, {"type": "Feature", "geometry": {"type": "Point", "coordinates": [120.9950522, 14.5374449]}, "properties": {"kind": "bus_stop"}}, {"type": "Feature", "geometry": {"type": "Point", "coordinates": [120.9882809, 14.5622398]}, "properties": {"kind": "bus_stop"}}, {"type": "Feature", "geometry": {"type": "Point", "coordinates": [120.9882803, 14.5624994]}, "properties": {"kind": "bus_stop"}}, {"type": "Feature", "geometry": {"type": "Point", "coordinates": [120.9909638, 14.5565908]}, "properties": {"kind": "bus_stop"}}, {"type": "Feature", "geometry": {"type": "Point", "coordinates": [120.9908746, 14.5565168]}, "properties": {"kind": "bus_stop"}}, {"type": "Feature", "geometry": {"type": "Point", "coordinates": [120.9806205, 14.5866036]}, "properties": {"kind": "bus_stop"}}, {"type": "Feature", "geometry": {"type": "Point", "coordinates": [120.9800211, 14.5844751]}, "properties": {"kind": "bus_stop"}}, {"type": "Feature", "geometry": {"type": "Point", "coordinates": [120.9809935, 14.5825526]}, "properties": {"kind": "bus_stop"}}, {"type": "Feature", "geometry": {"type": "Point", "coordinates": [120.9800519, 14.580536]}, "properties": {"kind": "bus_stop"}}, {"type": "Feature", "geometry": {"type": "Point", "coordinates": [120.9840772, 14.5718041]}, "properties": {"kind": "bus_stop"}}, {"type": "Feature", "geometry": {"type": "Point", "coordinates": [120.9820196, 14.5760001]}, "properties": {"kind": "bus_stop"}}, {"type": "Feature", "geometry": {"type": "Point", "coordinates": [120.9812261, 14.577796]}, "properties": {"kind": "bus_stop"}}, {"type": "Feature", "geometry": {"type": "Point", "coordinates": [120.9829059, 14.5743178]}, "properties": {"kind": "bus_stop"}}, {"type": "Feature", "geometry": {"type": "Point", "coordinates": [120.9869653, 14.564719]}, "properties": {"kind": "bus_stop"}}, {"type": "Feature", "geometry": {"type": "Point", "coordinates": [120.9893028, 14.5605648]}, "properties": {"kind": "bus_stop"}}, {"type": "Feature", "geometry": {"type": "Point", "coordinates": [120.9850958, 14.569316]}, "properties": {"kind": "bus_stop"}}, {"type": "Feature", "geometry": {"type": "Point", "coordinates": [120.9866488, 14.5656069]}, "properties": {"kind": "bus_stop"}}, {"type": "Feature", "geometry": {"type": "Point", "coordinates": [120.9921818, 14.552275]}, "properties": {"kind": "bus_stop"}}, {"type": "Feature", "geometry": {"type": "Point", "coordinates": [120.9895697, 14.5597554]}, "properties": {"kind": "bus_stop"}}, {"type": "Feature", "geometry": {"type": "Point", "coordinates": [120.9917551, 14.5539369]}, "properties": {"kind": "bus_stop"}}, {"type": "Feature", "geometry": {"type": "Point", "coordinates": [120.9957175, 14.5382235]}, "properties": {"kind": "bus_stop"}}, {"type": "Feature", "geometry": {"type": "Point", "coordinates": [121.0121394, 14.5462872]}, "properties": {"kind": "place_of_worship"}}, {"type": "Feature", "geometry": {"type": "Point", "coordinates": [120.998252, 14.5643764]}, "properties": {"kind": "bus_stop"}}, {"type": "Feature", "geometry": {"type": "Point", "coordinates": [120.9961002, 14.5630121]}, "properties": {"kind": "bus_stop"}}, {"type": "Feature", "geometry": {"type": "Point", "coordinates": [120.9803341, 14.5414109]}, "properties": {"kind": "bus_stop"}}, {"type": "Feature", "geometry": {"type": "Point", "coordinates": [121.0225984, 14.5324319]}, "properties": {"kind": "place_of_worship"}}, {"type": "Feature", "geometry": {"type": "Point", "coordinates": [121.0245192, 14.5527194]}, "properties": {"kind": "bus_stop"}}, {"type": "Feature", "geometry": {"type": "Point", "coordinates": [120.9911375, 14.5561774]}, "properties": {"kind": "place_of_worship"}}, {"type": "Feature", "geometry": {"type": "Point", "coordinates": [121.0130042, 14.5241162]}, "properties": {"kind": "bus_stop"}}, {"type": "Feature", "geometry": {"type": "Point", "coordinates": [121.0049618, 14.5796843]}, "properties": {"kind": "marketplace"}}, {"type": "Feature", "geometry": {"type": "Point", "coordinates": [120.9952797, 14.5798451]}, "properties": {"kind": "school"}}, {"type": "Feature", "geometry": {"type": "Point", "coordinates": [121.0063786, 14.5350419]}, "properties": {"kind": "school"}}, {"type": "Feature", "geometry": {"type": "Point", "coordinates": [120.9904142, 14.4909168]}, "properties": {"kind": "school"}}, {"type": "Feature", "geometry": {"type": "Point", "coordinates": [121.0289399, 14.579839]}, "properties": {"kind": "school"}}, {"type": "Feature", "geometry": {"type": "Point", "coordinates": [120.9849146, 14.5171665]}, "properties": {"kind": "bus_stop"}}, {"type": "Feature", "geometry": {"type": "Point", "coordinates": [120.9893557, 14.4958263]}, "properties": {"kind": "bus_stop"}}, {"type": "Feature", "geometry": {"type": "Point", "coordinates": [120.9960996, 14.5838106]}, "properties": {"kind": "place_of_worship"}}, {"type": "Feature", "geometry": {"type": "Point", "coordinates": [120.9879409, 14.5358316]}, "properties": {"kind": "bus_stop"}}, {"type": "Feature", "geometry": {"type": "Point", "coordinates": [120.9903597, 14.5363858]}, "properties": {"kind": "bus_stop"}}, {"type": "Feature", "geometry": {"type": "Point", "coordinates": [120.9906338, 14.536906]}, "properties": {"kind": "bus_stop"}}, {"type": "Feature", "geometry": {"type": "Point", "coordinates": [120.9865615, 14.5359728]}, "properties": {"kind": "bus_stop"}}, {"type": "Feature", "geometry": {"type": "Point", "coordinates": [120.9877191, 14.5654329]}, "properties": {"kind": "bus_stop"}}, {"type": "Feature", "geometry": {"type": "Point", "coordinates": [120.9954116, 14.5498992]}, "properties": {"kind": "marketplace"}}, {"type": "Feature", "geometry": {"type": "Point", "coordinates": [121.0128643, 14.5577783]}, "properties": {"kind": "bus_stop"}}, {"type": "Feature", "geometry": {"type": "Point", "coordinates": [120.9974923, 14.5699142]}, "properties": {"kind": "school"}}, {"type": "Feature", "geometry": {"type": "Point", "coordinates": [120.9919321, 14.536973]}, "properties": {"kind": "bus_stop"}}, {"type": "Feature", "geometry": {"type": "Point", "coordinates": [120.9806708, 14.5530957]}, "properties": {"kind": "bus_stop"}}, {"type": "Feature", "geometry": {"type": "Point", "coordinates": [120.9880569, 14.5412062]}, "properties": {"kind": "bus_stop"}}, {"type": "Feature", "geometry": {"type": "Point", "coordinates": [121.01865, 14.5536324]}, "properties": {"kind": "marketplace"}}, {"type": "Feature", "geometry": {"type": "Point", "coordinates": [120.996868, 14.5244849]}, "properties": {"kind": "place_of_worship"}}, {"type": "Feature", "geometry": {"type": "Point", "coordinates": [120.9967637, 14.5169367]}, "properties": {"kind": "bus_stop"}}, {"type": "Feature", "geometry": {"type": "Point", "coordinates": [121.0251393, 14.5603235]}, "properties": {"kind": "marketplace"}}, {"type": "Feature", "geometry": {"type": "Point", "coordinates": [120.9833746, 14.5844542]}, "properties": {"kind": "bus_stop"}}, {"type": "Feature", "geometry": {"type": "Point", "coordinates": [120.9918511, 14.5694388]}, "properties": {"kind": "bus_stop"}}, {"type": "Feature", "geometry": {"type": "Point", "coordinates": [120.9945668, 14.5636523]}, "properties": {"kind": "bus_stop"}}, {"type": "Feature", "geometry": {"type": "Point", "coordinates": [120.9878692, 14.5765526]}, "properties": {"kind": "bus_stop"}}, {"type": "Feature", "geometry": {"type": "Point", "coordinates": [121.0037874, 14.5136471]}, "properties": {"kind": "bus_stop"}}, {"type": "Feature", "geometry": {"type": "Point", "coordinates": [120.9906965, 14.5210508]}, "properties": {"kind": "bus_stop"}}, {"type": "Feature", "geometry": {"type": "Point", "coordinates": [120.9899186, 14.5300861]}, "properties": {"kind": "bus_stop"}}, {"type": "Feature", "geometry": {"type": "Point", "coordinates": [120.9906633, 14.5238415]}, "properties": {"kind": "bus_stop"}}, {"type": "Feature", "geometry": {"type": "Point", "coordinates": [120.9898271, 14.5282496]}, "properties": {"kind": "bus_stop"}}, {"type": "Feature", "geometry": {"type": "Point", "coordinates": [120.9923557, 14.5529667]}, "properties": {"kind": "bus_stop"}}, {"type": "Feature", "geometry": {"type": "Point", "coordinates": [120.993825, 14.5278474]}, "properties": {"kind": "bus_stop"}}, {"type": "Feature", "geometry": {"type": "Point", "coordinates": [121.021429, 14.5878587]}, "properties": {"kind": "bus_stop"}}, {"type": "Feature", "geometry": {"type": "Point", "coordinates": [120.9989896, 14.5792173]}, "properties": {"kind": "bus_stop"}}, {"type": "Feature", "geometry": {"type": "Point", "coordinates": [120.9992412, 14.5786297]}, "properties": {"kind": "bus_stop"}}, {"type": "Feature", "geometry": {"type": "Point", "coordinates": [120.9962371, 14.5176259]}, "properties": {"kind": "bus_stop"}}, {"type": "Feature", "geometry": {"type": "Point", "coordinates": [121.0016547, 14.5164153]}, "properties": {"kind": "bus_stop"}}, {"type": "Feature", "geometry": {"type": "Point", "coordinates": [120.9971715, 14.5171686]}, "properties": {"kind": "bus_stop"}}, {"type": "Feature", "geometry": {"type": "Point", "coordinates": [121.0011569, 14.5175782]}, "properties": {"kind": "bus_stop"}}, {"type": "Feature", "geometry": {"type": "Point", "coordinates": [120.9998115, 14.5170841]}, "properties": {"kind": "bus_stop"}}, {"type": "Feature", "geometry": {"type": "Point", "coordinates": [120.996761, 14.5272615]}, "properties": {"kind": "bus_stop"}}, {"type": "Feature", "geometry": {"type": "Point", "coordinates": [120.9888878, 14.5600995]}, "properties": {"kind": "bus_stop"}}, {"type": "Feature", "geometry": {"type": "Point", "coordinates": [120.9857701, 14.5798335]}, "properties": {"kind": "bus_stop"}}, {"type": "Feature", "geometry": {"type": "Point", "coordinates": [120.9832364, 14.5869048]}, "properties": {"kind": "bus_stop"}}, {"type": "Feature", "geometry": {"type": "Point", "coordinates": [120.9820098, 14.5860547]}, "properties": {"kind": "bus_stop"}}, {"type": "Feature", "geometry": {"type": "Point", "coordinates": [120.9871546, 14.5590381]}, "properties": {"kind": "bus_stop"}}, {"type": "Feature", "geometry": {"type": "Point", "coordinates": [120.984291, 14.5881821]}, "properties": {"kind": "bus_stop"}}, {"type": "Feature", "geometry": {"type": "Point", "coordinates": [120.9869949, 14.560113]}, "properties": {"kind": "bus_stop"}}, {"type": "Feature", "geometry": {"type": "Point", "coordinates": [120.9899995, 14.560257]}, "properties": {"kind": "bus_stop"}}, {"type": "Feature", "geometry": {"type": "Point", "coordinates": [120.989909, 14.573496]}, "properties": {"kind": "bus_stop"}}, {"type": "Feature", "geometry": {"type": "Point", "coordinates": [120.9879497, 14.5597322]}, "properties": {"kind": "bus_stop"}}, {"type": "Feature", "geometry": {"type": "Point", "coordinates": [120.9862867, 14.5793743]}, "properties": {"kind": "bus_stop"}}, {"type": "Feature", "geometry": {"type": "Point", "coordinates": [121.0284661, 14.550114]}, "properties": {"kind": "bus_stop"}}, {"type": "Feature", "geometry": {"type": "Point", "coordinates": [120.991182, 14.5092172]}, "properties": {"kind": "bus_stop"}}, {"type": "Feature", "geometry": {"type": "Point", "coordinates": [120.9901772, 14.5233803]}, "properties": {"kind": "bus_stop"}}, {"type": "Feature", "geometry": {"type": "Point", "coordinates": [121.0209341, 14.5600189]}, "properties": {"kind": "place_of_worship"}}, {"type": "Feature", "geometry": {"type": "Point", "coordinates": [121.012695, 14.5602158]}, "properties": {"kind": "bus_stop"}}, {"type": "Feature", "geometry": {"type": "Point", "coordinates": [121.0170551, 14.559609]}, "properties": {"kind": "bus_stop"}}, {"type": "Feature", "geometry": {"type": "Point", "coordinates": [121.0112471, 14.5598165]}, "properties": {"kind": "bus_stop"}}, {"type": "Feature", "geometry": {"type": "Point", "coordinates": [121.0064828, 14.5574122]}, "properties": {"kind": "bus_stop"}}, {"type": "Feature", "geometry": {"type": "Point", "coordinates": [120.9988442, 14.5547428]}, "properties": {"kind": "bus_stop"}}, {"type": "Feature", "geometry": {"type": "Point", "coordinates": [121.0271087, 14.5615901]}, "properties": {"kind": "bus_stop"}}, {"type": "Feature", "geometry": {"type": "Point", "coordinates": [121.0227492, 14.562058]}, "properties": {"kind": "bus_stop"}}, {"type": "Feature", "geometry": {"type": "Point", "coordinates": [121.0272599, 14.5617881]}, "properties": {"kind": "bus_stop"}}, {"type": "Feature", "geometry": {"type": "Point", "coordinates": [120.9901029, 14.5526883]}, "properties": {"kind": "bus_stop"}}, {"type": "Feature", "geometry": {"type": "Point", "coordinates": [120.9835173, 14.5680304]}, "properties": {"kind": "bus_stop"}}, {"type": "Feature", "geometry": {"type": "Point", "coordinates": [120.9750383, 14.5833217]}, "properties": {"kind": "bus_stop"}}, {"type": "Feature", "geometry": {"type": "Point", "coordinates": [120.9753317, 14.5836201]}, "properties": {"kind": "bus_stop"}}, {"type": "Feature", "geometry": {"type": "Point", "coordinates": [120.9832747, 14.5679325]}, "properties": {"kind": "bus_stop"}}, {"type": "Feature", "geometry": {"type": "Point", "coordinates": [120.9775248, 14.5790263]}, "properties": {"kind": "bus_stop"}}, {"type": "Feature", "geometry": {"type": "Point", "coordinates": [120.9770198, 14.5806148]}, "properties": {"kind": "bus_stop"}}, {"type": "Feature", "geometry": {"type": "Point", "coordinates": [121.000208, 14.5505969]}, "properties": {"kind": "bus_stop"}}, {"type": "Feature", "geometry": {"type": "Point", "coordinates": [121.011714, 14.5431642]}, "properties": {"kind": "bus_stop"}}, {"type": "Feature", "geometry": {"type": "Point", "coordinates": [120.9970111, 14.5472335]}, "properties": {"kind": "bus_stop"}}, {"type": "Feature", "geometry": {"type": "Point", "coordinates": [121.0078147, 14.5504]}, "properties": {"kind": "bus_stop"}}, {"type": "Feature", "geometry": {"type": "Point", "coordinates": [121.0109173, 14.5470201]}, "properties": {"kind": "bus_stop"}}, {"type": "Feature", "geometry": {"type": "Point", "coordinates": [120.9972925, 14.5472167]}, "properties": {"kind": "bus_stop"}}, {"type": "Feature", "geometry": {"type": "Point", "coordinates": [121.0115812, 14.5430089]}, "properties": {"kind": "bus_stop"}}, {"type": "Feature", "geometry": {"type": "Point", "coordinates": [120.9999982, 14.5479676]}, "properties": {"kind": "bus_stop"}}, {"type": "Feature", "geometry": {"type": "Point", "coordinates": [120.9947942, 14.553011]}, "properties": {"kind": "bus_stop"}}, {"type": "Feature", "geometry": {"type": "Point", "coordinates": [121.000882, 14.5477929]}, "properties": {"kind": "bus_stop"}}, {"type": "Feature", "geometry": {"type": "Point", "coordinates": [121.0097002, 14.5503878]}, "properties": {"kind": "bus_stop"}}, {"type": "Feature", "geometry": {"type": "Point", "coordinates": [121.0012789, 14.5479871]}, "properties": {"kind": "bus_stop"}}, {"type": "Feature", "geometry": {"type": "Point", "coordinates": [121.011998, 14.5400956]}, "properties": {"kind": "bus_stop"}}, {"type": "Feature", "geometry": {"type": "Point", "coordinates": [120.9992651, 14.5542528]}, "properties": {"kind": "bus_stop"}}, {"type": "Feature", "geometry": {"type": "Point", "coordinates": [121.0100927, 14.5509637]}, "properties": {"kind": "bus_stop"}}, {"type": "Feature", "geometry": {"type": "Point", "coordinates": [121.0045075, 14.5494683]}, "properties": {"kind": "bus_stop"}}, {"type": "Feature", "geometry": {"type": "Point", "coordinates": [121.0110344, 14.5471707]}, "properties": {"kind": "bus_stop"}}, {"type": "Feature", "geometry": {"type": "Point", "coordinates": [121.0119715, 14.5415536]}, "properties": {"kind": "bus_stop"}}, {"type": "Feature", "geometry": {"type": "Point", "coordinates": [121.0105839, 14.5490992]}, "properties": {"kind": "bus_stop"}}, {"type": "Feature", "geometry": {"type": "Point", "coordinates": [120.9952666, 14.5509205]}, "properties": {"kind": "bus_stop"}}, {"type": "Feature", "geometry": {"type": "Point", "coordinates": [120.9998754, 14.5523409]}, "properties": {"kind": "bus_stop"}}, {"type": "Feature", "geometry": {"type": "Point", "coordinates": [121.0118878, 14.5411414]}, "properties": {"kind": "bus_stop"}}, {"type": "Feature", "geometry": {"type": "Point", "coordinates": [121.0113586, 14.545213]}, "properties": {"kind": "bus_stop"}}, {"type": "Feature", "geometry": {"type": "Point", "coordinates": [120.9984577, 14.5542037]}, "properties": {"kind": "bus_stop"}}, {"type": "Feature", "geometry": {"type": "Point", "coordinates": [121.0047437, 14.5494985]}, "properties": {"kind": "bus_stop"}}, {"type": "Feature", "geometry": {"type": "Point", "coordinates": [121.0106763, 14.5492907]}, "properties": {"kind": "bus_stop"}}, {"type": "Feature", "geometry": {"type": "Point", "coordinates": [121.0112364, 14.5450331]}, "properties": {"kind": "bus_stop"}}, {"type": "Feature", "geometry": {"type": "Point", "coordinates": [120.9997007, 14.548056]}, "properties": {"kind": "bus_stop"}}, {"type": "Feature", "geometry": {"type": "Point", "coordinates": [121.0086308, 14.5298946]}, "properties": {"kind": "bus_stop"}}, {"type": "Feature", "geometry": {"type": "Point", "coordinates": [121.008596, 14.5273871]}, "properties": {"kind": "bus_stop"}}, {"type": "Feature", "geometry": {"type": "Point", "coordinates": [121.0082754, 14.527711]}, "properties": {"kind": "bus_stop"}}, {"type": "Feature", "geometry": {"type": "Point", "coordinates": [121.0068659, 14.5274449]}, "properties": {"kind": "bus_stop"}}, {"type": "Feature", "geometry": {"type": "Point", "coordinates": [121.0062866, 14.5277565]}, "properties": {"kind": "bus_stop"}}, {"type": "Feature", "geometry": {"type": "Point", "coordinates": [121.0040469, 14.528107]}, "properties": {"kind": "bus_stop"}}, {"type": "Feature", "geometry": {"type": "Point", "coordinates": [120.9991113, 14.5274137]}, "properties": {"kind": "bus_stop"}}, {"type": "Feature", "geometry": {"type": "Point", "coordinates": [121.009001, 14.527123]}, "properties": {"kind": "bus_stop"}}, {"type": "Feature", "geometry": {"type": "Point", "coordinates": [121.0053438, 14.5276955]}, "properties": {"kind": "bus_stop"}}, {"type": "Feature", "geometry": {"type": "Point", "coordinates": [121.0002452, 14.5272709]}, "properties": {"kind": "bus_stop"}}, {"type": "Feature", "geometry": {"type": "Point", "coordinates": [121.0008685, 14.5198463]}, "properties": {"kind": "bus_stop"}}, {"type": "Feature", "geometry": {"type": "Point", "coordinates": [121.0010281, 14.5207901]}, "properties": {"kind": "bus_stop"}}, {"type": "Feature", "geometry": {"type": "Point", "coordinates": [121.0009249, 14.5231947]}, "properties": {"kind": "bus_stop"}}, {"type": "Feature", "geometry": {"type": "Point", "coordinates": [121.0007237, 14.5229621]}, "properties": {"kind": "bus_stop"}}, {"type": "Feature", "geometry": {"type": "Point", "coordinates": [120.9970853, 14.5250198]}, "properties": {"kind": "bus_stop"}}, {"type": "Feature", "geometry": {"type": "Point", "coordinates": [120.997277, 14.5281719]}, "properties": {"kind": "bus_stop"}}, {"type": "Feature", "geometry": {"type": "Point", "coordinates": [120.9971134, 14.527724]}, "properties": {"kind": "bus_stop"}}, {"type": "Feature", "geometry": {"type": "Point", "coordinates": [120.9967554, 14.5317926]}, "properties": {"kind": "bus_stop"}}, {"type": "Feature", "geometry": {"type": "Point", "coordinates": [120.9972784, 14.5329999]}, "properties": {"kind": "bus_stop"}}, {"type": "Feature", "geometry": {"type": "Point", "coordinates": [120.9983915, 14.5344435]}, "properties": {"kind": "bus_stop"}}, {"type": "Feature", "geometry": {"type": "Point", "coordinates": [120.9994617, 14.5358508]}, "properties": {"kind": "bus_stop"}}, {"type": "Feature", "geometry": {"type": "Point", "coordinates": [120.9997742, 14.5423416]}, "properties": {"kind": "bus_stop"}}, {"type": "Feature", "geometry": {"type": "Point", "coordinates": [121.0004119, 14.5402347]}, "properties": {"kind": "bus_stop"}}, {"type": "Feature", "geometry": {"type": "Point", "coordinates": [121.0002919, 14.5400717]}, "properties": {"kind": "bus_stop"}}, {"type": "Feature", "geometry": {"type": "Point", "coordinates": [121.0006244, 14.5380434]}, "properties": {"kind": "bus_stop"}}, {"type": "Feature", "geometry": {"type": "Point", "coordinates": [120.9981622, 14.5464319]}, "properties": {"kind": "bus_stop"}}, {"type": "Feature", "geometry": {"type": "Point", "coordinates": [120.9985645, 14.534376]}, "properties": {"kind": "bus_stop"}}, {"type": "Feature", "geometry": {"type": "Point", "coordinates": [120.999451, 14.5355652]}, "properties": {"kind": "bus_stop"}}, {"type": "Feature", "geometry": {"type": "Point", "coordinates": [120.9997314, 14.5432313]}, "properties": {"kind": "bus_stop"}}, {"type": "Feature", "geometry": {"type": "Point", "coordinates": [121.0007981, 14.5382349]}, "properties": {"kind": "bus_stop"}}, {"type": "Feature", "geometry": {"type": "Point", "coordinates": [120.9985377, 14.5484232]}, "properties": {"kind": "bus_stop"}}, {"type": "Feature", "geometry": {"type": "Point", "coordinates": [120.9944876, 14.546258]}, "properties": {"kind": "bus_stop"}}, {"type": "Feature", "geometry": {"type": "Point", "coordinates": [120.9984358, 14.5423909]}, "properties": {"kind": "bus_stop"}}, {"type": "Feature", "geometry": {"type": "Point", "coordinates": [120.9958555, 14.5468201]}, "properties": {"kind": "bus_stop"}}, {"type": "Feature", "geometry": {"type": "Point", "coordinates": [121.0243935, 14.5227248]}, "properties": {"kind": "bus_stop"}}, {"type": "Feature", "geometry": {"type": "Point", "coordinates": [121.0247182, 14.522752]}, "properties": {"kind": "bus_stop"}}, {"type": "Feature", "geometry": {"type": "Point", "coordinates": [121.0278045, 14.5260916]}, "properties": {"kind": "bus_stop"}}, {"type": "Feature", "geometry": {"type": "Point", "coordinates": [121.029761, 14.5274971]}, "properties": {"kind": "bus_stop"}}, {"type": "Feature", "geometry": {"type": "Point", "coordinates": [120.9980622, 14.5486921]}, "properties": {"kind": "place_of_worship"}}, {"type": "Feature", "geometry": {"type": "Point", "coordinates": [121.0139167, 14.5661677]}, "properties": {"kind": "place_of_worship"}}, {"type": "Feature", "geometry": {"type": "Point", "coordinates": [120.9939029, 14.5727021]}, "properties": {"kind": "place_of_worship"}}, {"type": "Feature", "geometry": {"type": "Point", "coordinates": [120.9864503, 14.5831263]}, "properties": {"kind": "bus_stop"}}, {"type": "Feature", "geometry": {"type": "Point", "coordinates": [120.9874084, 14.5832894]}, "properties": {"kind": "bus_stop"}}, {"type": "Feature", "geometry": {"type": "Point", "coordinates": [120.9932808, 14.5854132]}, "properties": {"kind": "bus_stop"}}, {"type": "Feature", "geometry": {"type": "Point", "coordinates": [121.0132617, 14.5229036]}, "properties": {"kind": "bus_stop"}}, {"type": "Feature", "geometry": {"type": "Point", "coordinates": [120.9915307, 14.510482]}, "properties": {"kind": "bus_stop"}}, {"type": "Feature", "geometry": {"type": "Point", "coordinates": [120.9916544, 14.5109706]}, "properties": {"kind": "bus_stop"}}, {"type": "Feature", "geometry": {"type": "Point", "coordinates": [120.9866435, 14.5271809]}, "properties": {"kind": "bus_stop"}}, {"type": "Feature", "geometry": {"type": "Point", "coordinates": [120.9912163, 14.5108873]}, "properties": {"kind": "bus_stop"}}, {"type": "Feature", "geometry": {"type": "Point", "coordinates": [120.9909154, 14.5291957]}, "properties": {"kind": "bus_stop"}}, {"type": "Feature", "geometry": {"type": "Point", "coordinates": [120.9907422, 14.5093063]}, "properties": {"kind": "bus_stop"}}, {"type": "Feature", "geometry": {"type": "Point", "coordinates": [120.992407, 14.5756033]}, "properties": {"kind": "hospital"}}, {"type": "Feature", "geometry": {"type": "Point", "coordinates": [120.9893578, 14.5739957]}, "properties": {"kind": "bus_stop"}}, {"type": "Feature", "geometry": {"type": "Point", "coordinates": [120.980725, 14.5892948]}, "properties": {"kind": "bus_stop"}}, {"type": "Feature", "geometry": {"type": "Point", "coordinates": [121.004532, 14.5080841]}, "properties": {"kind": "bus_stop"}}, {"type": "Feature", "geometry": {"type": "Point", "coordinates": [121.0101085, 14.5751879]}, "properties": {"kind": "marketplace"}}, {"type": "Feature", "geometry": {"type": "Point", "coordinates": [121.0002952, 14.5730138]}, "properties": {"kind": "place_of_worship"}}, {"type": "Feature", "geometry": {"type": "Point", "coordinates": [121.0137525, 14.5816116]}, "properties": {"kind": "place_of_worship"}}, {"type": "Feature", "geometry": {"type": "Point", "coordinates": [121.0259935, 14.5893772]}, "properties": {"kind": "place_of_worship"}}, {"type": "Feature", "geometry": {"type": "Point", "coordinates": [121.0196133, 14.5734638]}, "properties": {"kind": "place_of_worship"}}, {"type": "Feature", "geometry": {"type": "Point", "coordinates": [121.0135674, 14.5644172]}, "properties": {"kind": "school"}}, {"type": "Feature", "geometry": {"type": "Point", "coordinates": [121.0243669, 14.52434]}, "properties": {"kind": "bus_stop"}}, {"type": "Feature", "geometry": {"type": "Point", "coordinates": [120.983469, 14.5560013]}, "properties": {"kind": "bus_stop"}}, {"type": "Feature", "geometry": {"type": "Point", "coordinates": [121.0123665, 14.5483882]}, "properties": {"kind": "bus_stop"}}, {"type": "Feature", "geometry": {"type": "Point", "coordinates": [120.9870726, 14.5784671]}, "properties": {"kind": "bus_stop"}}, {"type": "Feature", "geometry": {"type": "Point", "coordinates": [120.988421, 14.5410171]}, "properties": {"kind": "bus_stop"}}, {"type": "Feature", "geometry": {"type": "Point", "coordinates": [121.0056234, 14.5144647]}, "properties": {"kind": "bus_stop"}}, {"type": "Feature", "geometry": {"type": "Point", "coordinates": [120.9860775, 14.5614883]}, "properties": {"kind": "bus_stop"}}, {"type": "Feature", "geometry": {"type": "Point", "coordinates": [121.0266303, 14.5859216]}, "properties": {"kind": "place_of_worship"}}, {"type": "Feature", "geometry": {"type": "Point", "coordinates": [121.0266073, 14.5865296]}, "properties": {"kind": "school"}}, {"type": "Feature", "geometry": {"type": "Point", "coordinates": [121.0118255, 14.5089222]}, "properties": {"kind": "place_of_worship"}}, {"type": "Feature", "geometry": {"type": "Point", "coordinates": [120.9913145, 14.5092944]}, "properties": {"kind": "bus_stop"}}, {"type": "Feature", "geometry": {"type": "Point", "coordinates": [120.994524, 14.4991174]}, "properties": {"kind": "bus_stop"}}, {"type": "Feature", "geometry": {"type": "Point", "coordinates": [120.9946914, 14.49892]}, "properties": {"kind": "bus_stop"}}, {"type": "Feature", "geometry": {"type": "Point", "coordinates": [120.9801994, 14.5312296]}, "properties": {"kind": "school"}}, {"type": "Feature", "geometry": {"type": "Point", "coordinates": [121.015031, 14.520373]}, "properties": {"kind": "station"}}, {"type": "Feature", "geometry": {"type": "Point", "coordinates": [121.0294557, 14.5681669]}, "properties": {"kind": "bus_stop"}}, {"type": "Feature", "geometry": {"type": "Point", "coordinates": [121.0264145, 14.5691095]}, "properties": {"kind": "bus_stop"}}, {"type": "Feature", "geometry": {"type": "Point", "coordinates": [121.022948, 14.5701805]}, "properties": {"kind": "bus_stop"}}, {"type": "Feature", "geometry": {"type": "Point", "coordinates": [121.0212676, 14.5707113]}, "properties": {"kind": "bus_stop"}}, {"type": "Feature", "geometry": {"type": "Point", "coordinates": [121.0183834, 14.5713323]}, "properties": {"kind": "bus_stop"}}, {"type": "Feature", "geometry": {"type": "Point", "coordinates": [121.0158285, 14.5727456]}, "properties": {"kind": "bus_stop"}}, {"type": "Feature", "geometry": {"type": "Point", "coordinates": [121.0136699, 14.5727603]}, "properties": {"kind": "bus_stop"}}, {"type": "Feature", "geometry": {"type": "Point", "coordinates": [121.0120321, 14.5752799]}, "properties": {"kind": "bus_stop"}}, {"type": "Feature", "geometry": {"type": "Point", "coordinates": [121.0123508, 14.5746993]}, "properties": {"kind": "bus_stop"}}, {"type": "Feature", "geometry": {"type": "Point", "coordinates": [121.0107592, 14.5773846]}, "properties": {"kind": "bus_stop"}}, {"type": "Feature", "geometry": {"type": "Point", "coordinates": [121.0111954, 14.576805]}, "properties": {"kind": "bus_stop"}}, {"type": "Feature", "geometry": {"type": "Point", "coordinates": [121.0092872, 14.5785777]}, "properties": {"kind": "bus_stop"}}, {"type": "Feature", "geometry": {"type": "Point", "coordinates": [121.0096725, 14.5781515]}, "properties": {"kind": "bus_stop"}}, {"type": "Feature", "geometry": {"type": "Point", "coordinates": [121.0076652, 14.5797832]}, "properties": {"kind": "bus_stop"}}, {"type": "Feature", "geometry": {"type": "Point", "coordinates": [121.0138088, 14.5716542]}, "properties": {"kind": "bus_stop"}}, {"type": "Feature", "geometry": {"type": "Point", "coordinates": [121.0148267, 14.5707158]}, "properties": {"kind": "bus_stop"}}, {"type": "Feature", "geometry": {"type": "Point", "coordinates": [121.0165628, 14.5693498]}, "properties": {"kind": "bus_stop"}}, {"type": "Feature", "geometry": {"type": "Point", "coordinates": [121.0184471, 14.5684944]}, "properties": {"kind": "bus_stop"}}, {"type": "Feature", "geometry": {"type": "Point", "coordinates": [121.018215, 14.5691307]}, "properties": {"kind": "bus_stop"}}, {"type": "Feature", "geometry": {"type": "Point", "coordinates": [121.0203087, 14.5678034]}, "properties": {"kind": "bus_stop"}}, {"type": "Feature", "geometry": {"type": "Point", "coordinates": [121.0220777, 14.5671527]}, "properties": {"kind": "bus_stop"}}, {"type": "Feature", "geometry": {"type": "Point", "coordinates": [121.0237691, 14.5670116]}, "properties": {"kind": "bus_stop"}}, {"type": "Feature", "geometry": {"type": "Point", "coordinates": [121.0242816, 14.5684778]}, "properties": {"kind": "bus_stop"}}, {"type": "Feature", "geometry": {"type": "Point", "coordinates": [121.025751, 14.5712214]}, "properties": {"kind": "bus_stop"}}, {"type": "Feature", "geometry": {"type": "Point", "coordinates": [121.0276376, 14.5712413]}, "properties": {"kind": "bus_stop"}}, {"type": "Feature", "geometry": {"type": "Point", "coordinates": [121.029442, 14.5698039]}, "properties": {"kind": "bus_stop"}}, {"type": "Feature", "geometry": {"type": "Point", "coordinates": [121.0159482, 14.5204167]}, "properties": {"kind": "bus_stop"}}, {"type": "Feature", "geometry": {"type": "Point", "coordinates": [121.0179611, 14.5204869]}, "properties": {"kind": "bus_stop"}}, {"type": "Feature", "geometry": {"type": "Point", "coordinates": [121.0296111, 14.564867]}, "properties": {"kind": "bus_stop"}}, {"type": "Feature", "geometry": {"type": "Point", "coordinates": [121.028038, 14.5649682]}, "properties": {"kind": "bus_stop"}}, {"type": "Feature", "geometry": {"type": "Point", "coordinates": [121.0257715, 14.5657925]}, "properties": {"kind": "bus_stop"}}, {"type": "Feature", "geometry": {"type": "Point", "coordinates": [121.0240133, 14.5664194]}, "properties": {"kind": "bus_stop"}}, {"type": "Feature", "geometry": {"type": "Point", "coordinates": [121.0268337, 14.5624709]}, "properties": {"kind": "bus_stop"}}, {"type": "Feature", "geometry": {"type": "Point", "coordinates": [121.0248783, 14.5628006]}, "properties": {"kind": "bus_stop"}}, {"type": "Feature", "geometry": {"type": "Point", "coordinates": [121.0226105, 14.564401]}, "properties": {"kind": "bus_stop"}}, {"type": "Feature", "geometry": {"type": "Point", "coordinates": [121.0230518, 14.5651655]}, "properties": {"kind": "bus_stop"}}, {"type": "Feature", "geometry": {"type": "Point", "coordinates": [121.0223624, 14.5633431]}, "properties": {"kind": "bus_stop"}}, {"type": "Feature", "geometry": {"type": "Point", "coordinates": [121.0228922, 14.5628551]}, "properties": {"kind": "bus_stop"}}, {"type": "Feature", "geometry": {"type": "Point", "coordinates": [121.0233656, 14.5662169]}, "properties": {"kind": "bus_stop"}}, {"type": "Feature", "geometry": {"type": "Point", "coordinates": [121.029143, 14.5723343]}, "properties": {"kind": "bus_stop"}}, {"type": "Feature", "geometry": {"type": "Point", "coordinates": [121.0292114, 14.5727133]}, "properties": {"kind": "bus_stop"}}, {"type": "Feature", "geometry": {"type": "Point", "coordinates": [120.9828293, 14.5719125]}, "properties": {"kind": "bus_stop"}}, {"type": "Feature", "geometry": {"type": "Point", "coordinates": [120.981625, 14.5744279]}, "properties": {"kind": "bus_stop"}}, {"type": "Feature", "geometry": {"type": "Point", "coordinates": [120.9798192, 14.5781699]}, "properties": {"kind": "bus_stop"}}, {"type": "Feature", "geometry": {"type": "Point", "coordinates": [120.9956624, 14.560348]}, "properties": {"kind": "bus_stop"}}, {"type": "Feature", "geometry": {"type": "Point", "coordinates": [120.9950374, 14.5649124]}, "properties": {"kind": "bus_stop"}}, {"type": "Feature", "geometry": {"type": "Point", "coordinates": [120.9939189, 14.5672956]}, "properties": {"kind": "bus_stop"}}, {"type": "Feature", "geometry": {"type": "Point", "coordinates": [120.9930697, 14.5690556]}, "properties": {"kind": "bus_stop"}}, {"type": "Feature", "geometry": {"type": "Point", "coordinates": [120.9920005, 14.5712557]}, "properties": {"kind": "bus_stop"}}, {"type": "Feature", "geometry": {"type": "Point", "coordinates": [120.9870176, 14.5780868]}, "properties": {"kind": "bus_stop"}}, {"type": "Feature", "geometry": {"type": "Point", "coordinates": [120.980823, 14.5898107]}, "properties": {"kind": "bus_stop"}}, {"type": "Feature", "geometry": {"type": "Point", "coordinates": [120.98928, 14.579007]}, "properties": {"kind": "bus_stop"}}, {"type": "Feature", "geometry": {"type": "Point", "coordinates": [120.9993491, 14.5845621]}, "properties": {"kind": "bus_stop"}}, {"type": "Feature", "geometry": {"type": "Point", "coordinates": [120.998024, 14.5832966]}, "properties": {"kind": "bus_stop"}}, {"type": "Feature", "geometry": {"type": "Point", "coordinates": [121.0022834, 14.5884583]}, "properties": {"kind": "bus_stop"}}, {"type": "Feature", "geometry": {"type": "Point", "coordinates": [120.9991331, 14.5842804]}, "properties": {"kind": "bus_stop"}}, {"type": "Feature", "geometry": {"type": "Point", "coordinates": [120.9934737, 14.5811733]}, "properties": {"kind": "bus_stop"}}, {"type": "Feature", "geometry": {"type": "Point", "coordinates": [120.9944379, 14.5812252]}, "properties": {"kind": "bus_stop"}}, {"type": "Feature", "geometry": {"type": "Point", "coordinates": [120.9886014, 14.579547]}, "properties": {"kind": "bus_stop"}}, {"type": "Feature", "geometry": {"type": "Point", "coordinates": [120.9976378, 14.5658859]}, "properties": {"kind": "bus_stop"}}, {"type": "Feature", "geometry": {"type": "Point", "coordinates": [120.9951004, 14.5650163]}, "properties": {"kind": "bus_stop"}}, {"type": "Feature", "geometry": {"type": "Point", "coordinates": [120.9939833, 14.5674195]}, "properties": {"kind": "bus_stop"}}, {"type": "Feature", "geometry": {"type": "Point", "coordinates": [120.9931528, 14.5692218]}, "properties": {"kind": "bus_stop"}}, {"type": "Feature", "geometry": {"type": "Point", "coordinates": [120.9919824, 14.5714686]}, "properties": {"kind": "bus_stop"}}, {"type": "Feature", "geometry": {"type": "Point", "coordinates": [120.9905326, 14.5740216]}, "properties": {"kind": "bus_stop"}}, {"type": "Feature", "geometry": {"type": "Point", "coordinates": [120.9875152, 14.5794172]}, "properties": {"kind": "bus_station"}}, {"type": "Feature", "geometry": {"type": "Point", "coordinates": [120.9963677, 14.5788832]}, "properties": {"kind": "bus_stop"}}, {"type": "Feature", "geometry": {"type": "Point", "coordinates": [120.9905326, 14.5743007]}, "properties": {"kind": "bus_stop"}}, {"type": "Feature", "geometry": {"type": "Point", "coordinates": [120.991226, 14.5755454]}, "properties": {"kind": "bus_stop"}}, {"type": "Feature", "geometry": {"type": "Point", "coordinates": [120.990825, 14.5772393]}, "properties": {"kind": "bus_stop"}}, {"type": "Feature", "geometry": {"type": "Point", "coordinates": [120.9927153, 14.5780391]}, "properties": {"kind": "bus_stop"}}, {"type": "Feature", "geometry": {"type": "Point", "coordinates": [120.9972615, 14.580322]}, "properties": {"kind": "bus_stop"}}, {"type": "Feature", "geometry": {"type": "Point", "coordinates": [120.9988093, 14.5810058]}, "properties": {"kind": "bus_stop"}}, {"type": "Feature", "geometry": {"type": "Point", "coordinates": [121.0033201, 14.5735505]}, "properties": {"kind": "bus_stop"}}, {"type": "Feature", "geometry": {"type": "Point", "coordinates": [121.0175567, 14.5846163]}, "properties": {"kind": "bus_stop"}}, {"type": "Feature", "geometry": {"type": "Point", "coordinates": [121.012622, 14.5817781]}, "properties": {"kind": "bus_stop"}}, {"type": "Feature", "geometry": {"type": "Point", "coordinates": [121.0181188, 14.5849053]}, "properties": {"kind": "bus_stop"}}, {"type": "Feature", "geometry": {"type": "Point", "coordinates": [121.0135594, 14.5822077]}, "properties": {"kind": "bus_stop"}}, {"type": "Feature", "geometry": {"type": "Point", "coordinates": [121.0099371, 14.5808773]}, "properties": {"kind": "bus_stop"}}, {"type": "Feature", "geometry": {"type": "Point", "coordinates": [121.0100511, 14.5808033]}, "properties": {"kind": "bus_stop"}}, {"type": "Feature", "geometry": {"type": "Point", "coordinates": [121.0062533, 14.5799239]}, "properties": {"kind": "bus_stop"}}, {"type": "Feature", "geometry": {"type": "Point", "coordinates": [121.0064422, 14.5798646]}, "properties": {"kind": "bus_stop"}}, {"type": "Feature", "geometry": {"type": "Point", "coordinates": [121.0029325, 14.579131]}, "properties": {"kind": "bus_stop"}}, {"type": "Feature", "geometry": {"type": "Point", "coordinates": [121.0033911, 14.579142]}, "properties": {"kind": "bus_stop"}}, {"type": "Feature", "geometry": {"type": "Point", "coordinates": [120.9968455, 14.5787837]}, "properties": {"kind": "bus_stop"}}, {"type": "Feature", "geometry": {"type": "Point", "coordinates": [120.9935438, 14.5782576]}, "properties": {"kind": "bus_stop"}}, {"type": "Feature", "geometry": {"type": "Point", "coordinates": [120.9908558, 14.5771445]}, "properties": {"kind": "bus_stop"}}, {"type": "Feature", "geometry": {"type": "Point", "coordinates": [121.0212522, 14.5618896]}, "properties": {"kind": "bus_stop"}}, {"type": "Feature", "geometry": {"type": "Point", "coordinates": [120.9931156, 14.5673183]}, "properties": {"kind": "bus_stop"}}, {"type": "Feature", "geometry": {"type": "Point", "coordinates": [120.9933409, 14.5662377]}, "properties": {"kind": "bus_stop"}}, {"type": "Feature", "geometry": {"type": "Point", "coordinates": [121.022917, 14.5895567]}, "properties": {"kind": "bus_stop"}}, {"type": "Feature", "geometry": {"type": "Point", "coordinates": [121.0279851, 14.583503]}, "properties": {"kind": "bus_stop"}}, {"type": "Feature", "geometry": {"type": "Point", "coordinates": [121.0254092, 14.5868902]}, "properties": {"kind": "bus_stop"}}, {"type": "Feature", "geometry": {"type": "Point", "coordinates": [121.0236374, 14.5892424]}, "properties": {"kind": "bus_stop"}}, {"type": "Feature", "geometry": {"type": "Point", "coordinates": [121.0268355, 14.5853325]}, "properties": {"kind": "bus_stop"}}, {"type": "Feature", "geometry": {"type": "Point", "coordinates": [121.0290631, 14.581682]}, "properties": {"kind": "bus_stop"}}, {"type": "Feature", "geometry": {"type": "Point", "coordinates": [121.0268621, 14.585122]}, "properties": {"kind": "bus_stop"}}, {"type": "Feature", "geometry": {"type": "Point", "coordinates": [121.0235889, 14.5890969]}, "properties": {"kind": "bus_stop"}}, {"type": "Feature", "geometry": {"type": "Point", "coordinates": [121.0291158, 14.5818639]}, "properties": {"kind": "bus_stop"}}, {"type": "Feature", "geometry": {"type": "Point", "coordinates": [121.0253681, 14.5867579]}, "properties": {"kind": "bus_stop"}}, {"type": "Feature", "geometry": {"type": "Point", "coordinates": [121.0280002, 14.5837971]}, "properties": {"kind": "bus_stop"}}, {"type": "Feature", "geometry": {"type": "Point", "coordinates": [121.0295333, 14.5818508]}, "properties": {"kind": "bus_stop"}}, {"type": "Feature", "geometry": {"type": "Point", "coordinates": [121.0295454, 14.5817275]}, "properties": {"kind": "bus_stop"}}, {"type": "Feature", "geometry": {"type": "Point", "coordinates": [121.0197793, 14.5537792]}, "properties": {"kind": "bus_stop"}}, {"type": "Feature", "geometry": {"type": "Point", "coordinates": [121.0231655, 14.5527485]}, "properties": {"kind": "bus_stop"}}, {"type": "Feature", "geometry": {"type": "Point", "coordinates": [121.0219207, 14.5515267]}, "properties": {"kind": "bus_stop"}}, {"type": "Feature", "geometry": {"type": "Point", "coordinates": [121.0193407, 14.5520796]}, "properties": {"kind": "bus_stop"}}, {"type": "Feature", "geometry": {"type": "Point", "coordinates": [121.0166124, 14.551712]}, "properties": {"kind": "bus_stop"}}, {"type": "Feature", "geometry": {"type": "Point", "coordinates": [121.0196552, 14.5516023]}, "properties": {"kind": "bus_stop"}}, {"type": "Feature", "geometry": {"type": "Point", "coordinates": [121.0154006, 14.5584994]}, "properties": {"kind": "bus_stop"}}, {"type": "Feature", "geometry": {"type": "Point", "coordinates": [121.0155405, 14.5555839]}, "properties": {"kind": "bus_stop"}}, {"type": "Feature", "geometry": {"type": "Point", "coordinates": [121.0159083, 14.5535367]}, "properties": {"kind": "bus_stop"}}, {"type": "Feature", "geometry": {"type": "Point", "coordinates": [121.022755, 14.5543031]}, "properties": {"kind": "bus_stop"}}, {"type": "Feature", "geometry": {"type": "Point", "coordinates": [121.0200499, 14.5561077]}, "properties": {"kind": "bus_stop"}}, {"type": "Feature", "geometry": {"type": "Point", "coordinates": [120.9843595, 14.5832759]}, "properties": {"kind": "bus_stop"}}, {"type": "Feature", "geometry": {"type": "Point", "coordinates": [120.982595, 14.5864979]}, "properties": {"kind": "bus_stop"}}, {"type": "Feature", "geometry": {"type": "Point", "coordinates": [120.9841112, 14.5831036]}, "properties": {"kind": "bus_stop"}}, {"type": "Feature", "geometry": {"type": "Point", "coordinates": [121.0012313, 14.544157]}, "properties": {"kind": "bus_stop"}}, {"type": "Feature", "geometry": {"type": "Point", "coordinates": [121.00113, 14.5444536]}, "properties": {"kind": "bus_stop"}}, {"type": "Feature", "geometry": {"type": "Point", "coordinates": [121.000613, 14.5484739]}, "properties": {"kind": "bus_stop"}}, {"type": "Feature", "geometry": {"type": "Point", "coordinates": [121.0008626, 14.5464418]}, "properties": {"kind": "bus_stop"}}, {"type": "Feature", "geometry": {"type": "Point", "coordinates": [121.0006781, 14.5476379]}, "properties": {"kind": "bus_stop"}}, {"type": "Feature", "geometry": {"type": "Point", "coordinates": [121.000942, 14.5463356]}, "properties": {"kind": "bus_stop"}}, {"type": "Feature", "geometry": {"type": "Point", "coordinates": [120.9945704, 14.5088284]}, "properties": {"kind": "bus_stop"}}, {"type": "Feature", "geometry": {"type": "Point", "coordinates": [120.9943573, 14.5078919]}, "properties": {"kind": "bus_stop"}}, {"type": "Feature", "geometry": {"type": "Point", "coordinates": [120.9939366, 14.5060431]}, "properties": {"kind": "bus_stop"}}, {"type": "Feature", "geometry": {"type": "Point", "coordinates": [120.9936118, 14.5046157]}, "properties": {"kind": "bus_stop"}}, {"type": "Feature", "geometry": {"type": "Point", "coordinates": [120.9952158, 14.5116644]}, "properties": {"kind": "bus_stop"}}, {"type": "Feature", "geometry": {"type": "Point", "coordinates": [120.9955014, 14.5129316]}, "properties": {"kind": "bus_stop"}}, {"type": "Feature", "geometry": {"type": "Point", "coordinates": [120.9957911, 14.5144752]}, "properties": {"kind": "bus_stop"}}, {"type": "Feature", "geometry": {"type": "Point", "coordinates": [120.998657, 14.5472225]}, "properties": {"kind": "bus_stop"}}, {"type": "Feature", "geometry": {"type": "Point", "coordinates": [120.9969069, 14.5548215]}, "properties": {"kind": "bus_stop"}}, {"type": "Feature", "geometry": {"type": "Point", "coordinates": [120.996401, 14.5577441]}, "properties": {"kind": "bus_stop"}}, {"type": "Feature", "geometry": {"type": "Point", "coordinates": [120.9957522, 14.5605005]}, "properties": {"kind": "bus_stop"}}, {"type": "Feature", "geometry": {"type": "Point", "coordinates": [120.9963866, 14.5571233]}, "properties": {"kind": "bus_stop"}}, {"type": "Feature", "geometry": {"type": "Point", "coordinates": [120.9979013, 14.5504937]}, "properties": {"kind": "bus_stop"}}, {"type": "Feature", "geometry": {"type": "Point", "coordinates": [120.9980294, 14.5505859]}, "properties": {"kind": "bus_stop"}}, {"type": "Feature", "geometry": {"type": "Point", "coordinates": [120.9969324, 14.5231568]}, "properties": {"kind": "bus_stop"}}, {"type": "Feature", "geometry": {"type": "Point", "coordinates": [120.9968345, 14.5233996]}, "properties": {"kind": "bus_stop"}}, {"type": "Feature", "geometry": {"type": "Point", "coordinates": [121.0281604, 14.5509555]}, "properties": {"kind": "bus_stop"}}, {"type": "Feature", "geometry": {"type": "Point", "coordinates": [121.0109295, 14.5517295]}, "properties": {"kind": "bus_stop"}}, {"type": "Feature", "geometry": {"type": "Point", "coordinates": [121.0079764, 14.5564765]}, "properties": {"kind": "bus_stop"}}, {"type": "Feature", "geometry": {"type": "Point", "coordinates": [121.0027528, 14.5669217]}, "properties": {"kind": "bus_stop"}}, {"type": "Feature", "geometry": {"type": "Point", "coordinates": [121.0031605, 14.5653992]}, "properties": {"kind": "bus_stop"}}, {"type": "Feature", "geometry": {"type": "Point", "coordinates": [120.9996414, 14.5719138]}, "properties": {"kind": "bus_stop"}}, {"type": "Feature", "geometry": {"type": "Point", "coordinates": [120.9993048, 14.5732221]}, "properties": {"kind": "bus_stop"}}, {"type": "Feature", "geometry": {"type": "Point", "coordinates": [120.9977813, 14.5782672]}, "properties": {"kind": "bus_stop"}}, {"type": "Feature", "geometry": {"type": "Point", "coordinates": [120.9992611, 14.5787617]}, "properties": {"kind": "bus_stop"}}, {"type": "Feature", "geometry": {"type": "Point", "coordinates": [121.0170516, 14.5894862]}, "properties": {"kind": "bus_stop"}}, {"type": "Feature", "geometry": {"type": "Point", "coordinates": [120.9964254, 14.5765877]}, "properties": {"kind": "bus_stop"}}, {"type": "Feature", "geometry": {"type": "Point", "coordinates": [121.0281285, 14.5506287]}, "properties": {"kind": "bus_stop"}}, {"type": "Feature", "geometry": {"type": "Point", "coordinates": [121.0280259, 14.5505469]}, "properties": {"kind": "bus_stop"}}, {"type": "Feature", "geometry": {"type": "Point", "coordinates": [121.0281623, 14.5503969]}, "properties": {"kind": "bus_stop"}}, {"type": "Feature", "geometry": {"type": "Point", "coordinates": [121.0283008, 14.5502445]}, "properties": {"kind": "bus_stop"}}, {"type": "Feature", "geometry": {"type": "Point", "coordinates": [121.028439, 14.5500926]}, "properties": {"kind": "bus_stop"}}, {"type": "Feature", "geometry": {"type": "Point", "coordinates": [120.9991124, 14.5479163]}, "properties": {"kind": "place_of_worship"}}, {"type": "Feature", "geometry": {"type": "Point", "coordinates": [120.9959351, 14.576115]}, "properties": {"kind": "place_of_worship"}}, {"type": "Feature", "geometry": {"type": "Point", "coordinates": [121.0234944, 14.5287886]}, "properties": {"kind": "station"}}, {"type": "Feature", "geometry": {"type": "Point", "coordinates": [120.9941684, 14.5850864]}, "properties": {"kind": "bus_stop"}}, {"type": "Feature", "geometry": {"type": "Point", "coordinates": [121.0124404, 14.5656653]}, "properties": {"kind": "bus_stop"}}, {"type": "Feature", "geometry": {"type": "Point", "coordinates": [121.0146892, 14.5699522]}, "properties": {"kind": "bus_stop"}}, {"type": "Feature", "geometry": {"type": "Point", "coordinates": [121.0143499, 14.5486302]}, "properties": {"kind": "bus_stop"}}, {"type": "Feature", "geometry": {"type": "Point", "coordinates": [121.0108757, 14.5621261]}, "properties": {"kind": "bus_stop"}}, {"type": "Feature", "geometry": {"type": "Point", "coordinates": [121.0122652, 14.5655807]}, "properties": {"kind": "bus_stop"}}, {"type": "Feature", "geometry": {"type": "Point", "coordinates": [121.0164955, 14.544667]}, "properties": {"kind": "bus_stop"}}, {"type": "Feature", "geometry": {"type": "Point", "coordinates": [121.0147164, 14.5477128]}, "properties": {"kind": "bus_stop"}}, {"type": "Feature", "geometry": {"type": "Point", "coordinates": [121.0145415, 14.5698807]}, "properties": {"kind": "bus_stop"}}, {"type": "Feature", "geometry": {"type": "Point", "coordinates": [121.0168271, 14.5438002]}, "properties": {"kind": "bus_stop"}}, {"type": "Feature", "geometry": {"type": "Point", "coordinates": [121.0134139, 14.5677584]}, "properties": {"kind": "bus_stop"}}, {"type": "Feature", "geometry": {"type": "Point", "coordinates": [121.0134829, 14.5676842]}, "properties": {"kind": "bus_stop"}}, {"type": "Feature", "geometry": {"type": "Point", "coordinates": [121.004228, 14.5743383]}, "properties": {"kind": "bus_stop"}}, {"type": "Feature", "geometry": {"type": "Point", "coordinates": [120.9934388, 14.5716503]}, "properties": {"kind": "bus_stop"}}, {"type": "Feature", "geometry": {"type": "Point", "coordinates": [120.9946136, 14.574938]}, "properties": {"kind": "bus_stop"}}, {"type": "Feature", "geometry": {"type": "Point", "coordinates": [120.9989273, 14.5724459]}, "properties": {"kind": "bus_stop"}}, {"type": "Feature", "geometry": {"type": "Point", "coordinates": [121.0117865, 14.5747472]}, "properties": {"kind": "bus_stop"}}, {"type": "Feature", "geometry": {"type": "Point", "coordinates": [121.0071409, 14.5773969]}, "properties": {"kind": "bus_stop"}}, {"type": "Feature", "geometry": {"type": "Point", "coordinates": [121.0092793, 14.575916]}, "properties": {"kind": "bus_stop"}}, {"type": "Feature", "geometry": {"type": "Point", "coordinates": [121.0096729, 14.5754754]}, "properties": {"kind": "bus_stop"}}, {"type": "Feature", "geometry": {"type": "Point", "coordinates": [121.0076217, 14.5773671]}, "properties": {"kind": "bus_stop"}}, {"type": "Feature", "geometry": {"type": "Point", "coordinates": [120.9987804, 14.5725329]}, "properties": {"kind": "bus_stop"}}, {"type": "Feature", "geometry": {"type": "Point", "coordinates": [121.0108113, 14.5562951]}, "properties": {"kind": "bus_stop"}}, {"type": "Feature", "geometry": {"type": "Point", "coordinates": [121.0096249, 14.5509673]}, "properties": {"kind": "bus_stop"}}, {"type": "Feature", "geometry": {"type": "Point", "coordinates": [121.0126923, 14.5534259]}, "properties": {"kind": "bus_stop"}}, {"type": "Feature", "geometry": {"type": "Point", "coordinates": [121.0095032, 14.5607607]}, "properties": {"kind": "bus_stop"}}, {"type": "Feature", "geometry": {"type": "Point", "coordinates": [121.0062893, 14.5563831]}, "properties": {"kind": "bus_stop"}}, {"type": "Feature", "geometry": {"type": "Point", "coordinates": [121.0027199, 14.5548799]}, "properties": {"kind": "bus_stop"}}, {"type": "Feature", "geometry": {"type": "Point", "coordinates": [121.0109788, 14.5743617]}, "properties": {"kind": "bus_stop"}}, {"type": "Feature", "geometry": {"type": "Point", "coordinates": [121.0133931, 14.5721669]}, "properties": {"kind": "bus_stop"}}, {"type": "Feature", "geometry": {"type": "Point", "coordinates": [121.0114465, 14.5738231]}, "properties": {"kind": "bus_stop"}}, {"type": "Feature", "geometry": {"type": "Point", "coordinates": [121.0117036, 14.5619004]}, "properties": {"kind": "bus_stop"}}, {"type": "Feature", "geometry": {"type": "Point", "coordinates": [121.0103794, 14.558506]}, "properties": {"kind": "bus_stop"}}, {"type": "Feature", "geometry": {"type": "Point", "coordinates": [121.0151714, 14.563042]}, "properties": {"kind": "bus_stop"}}, {"type": "Feature", "geometry": {"type": "Point", "coordinates": [121.0287836, 14.5632627]}, "properties": {"kind": "bus_stop"}}, {"type": "Feature", "geometry": {"type": "Point", "coordinates": [121.028785, 14.5635768]}, "properties": {"kind": "bus_stop"}}, {"type": "Feature", "geometry": {"type": "Point", "coordinates": [121.0271957, 14.560468]}, "properties": {"kind": "bus_stop"}}, {"type": "Feature", "geometry": {"type": "Point", "coordinates": [121.0241353, 14.5683807]}, "properties": {"kind": "bus_stop"}}, {"type": "Feature", "geometry": {"type": "Point", "coordinates": [121.02494, 14.5560352]}, "properties": {"kind": "bus_stop"}}, {"type": "Feature", "geometry": {"type": "Point", "coordinates": [121.0251588, 14.5559281]}, "properties": {"kind": "bus_stop"}}, {"type": "Feature", "geometry": {"type": "Point", "coordinates": [121.0229592, 14.5504028]}, "properties": {"kind": "bus_stop"}}, {"type": "Feature", "geometry": {"type": "Point", "coordinates": [121.0203454, 14.5509201]}, "properties": {"kind": "bus_stop"}}, {"type": "Feature", "geometry": {"type": "Point", "coordinates": [121.0183257, 14.5511194]}, "properties": {"kind": "bus_stop"}}, {"type": "Feature", "geometry": {"type": "Point", "coordinates": [121.0154919, 14.5518729]}, "properties": {"kind": "bus_stop"}}, {"type": "Feature", "geometry": {"type": "Point", "coordinates": [121.0151446, 14.5536273]}, "properties": {"kind": "bus_stop"}}, {"type": "Feature", "geometry": {"type": "Point", "coordinates": [121.0142769, 14.5552057]}, "properties": {"kind": "bus_stop"}}, {"type": "Feature", "geometry": {"type": "Point", "coordinates": [121.013656, 14.55289]}, "properties": {"kind": "bus_stop"}}, {"type": "Feature", "geometry": {"type": "Point", "coordinates": [121.0134695, 14.5553226]}, "properties": {"kind": "bus_stop"}}, {"type": "Feature", "geometry": {"type": "Point", "coordinates": [121.0135678, 14.5554689]}, "properties": {"kind": "bus_stop"}}, {"type": "Feature", "geometry": {"type": "Point", "coordinates": [121.0138048, 14.5530782]}, "properties": {"kind": "bus_stop"}}, {"type": "Feature", "geometry": {"type": "Point", "coordinates": [121.0252511, 14.5492216]}, "properties": {"kind": "bus_stop"}}, {"type": "Feature", "geometry": {"type": "Point", "coordinates": [121.0228492, 14.5502808]}, "properties": {"kind": "bus_stop"}}, {"type": "Feature", "geometry": {"type": "Point", "coordinates": [121.0204943, 14.5507897]}, "properties": {"kind": "bus_stop"}}, {"type": "Feature", "geometry": {"type": "Point", "coordinates": [121.0186355, 14.5509727]}, "properties": {"kind": "bus_stop"}}, {"type": "Feature", "geometry": {"type": "Point", "coordinates": [121.0165349, 14.5647537]}, "properties": {"kind": "bus_stop"}}, {"type": "Feature", "geometry": {"type": "Point", "coordinates": [121.0181151, 14.5368518]}, "properties": {"kind": "school"}}, {"type": "Feature", "geometry": {"type": "Point", "coordinates": [120.995245, 14.5314128]}, "properties": {"kind": "place_of_worship"}}, {"type": "Feature", "geometry": {"type": "Point", "coordinates": [120.982131, 14.5306942]}, "properties": {"kind": "place_of_worship"}}, {"type": "Feature", "geometry": {"type": "Point", "coordinates": [120.9979929, 14.5398421]}, "properties": {"kind": "place_of_worship"}}, {"type": "Feature", "geometry": {"type": "Point", "coordinates": [121.0263963, 14.5419577]}, "properties": {"kind": "school"}}, {"type": "Feature", "geometry": {"type": "Point", "coordinates": [121.0223323, 14.5528003]}, "properties": {"kind": "place_of_worship"}}, {"type": "Feature", "geometry": {"type": "Point", "coordinates": [121.027919, 14.549194]}, "properties": {"kind": "station"}}, {"type": "Feature", "geometry": {"type": "Point", "coordinates": [120.9851995, 14.5834083]}, "properties": {"kind": "school"}}, {"type": "Feature", "geometry": {"type": "Point", "coordinates": [121.0148956, 14.5504207]}, "properties": {"kind": "place_of_worship"}}, {"type": "Feature", "geometry": {"type": "Point", "coordinates": [120.989059, 14.5695287]}, "properties": {"kind": "marketplace"}}, {"type": "Feature", "geometry": {"type": "Point", "coordinates": [120.994356, 14.5791634]}, "properties": {"kind": "school"}}, {"type": "Feature", "geometry": {"type": "Point", "coordinates": [120.9930251, 14.5814068]}, "properties": {"kind": "school"}}, {"type": "Feature", "geometry": {"type": "Point", "coordinates": [120.9863248, 14.5806441]}, "properties": {"kind": "school"}}, {"type": "Feature", "geometry": {"type": "Point", "coordinates": [121.0069242, 14.5695023]}, "properties": {"kind": "school"}}, {"type": "Feature", "geometry": {"type": "Point", "coordinates": [121.0304982, 14.5878938]}, "properties": {"kind": "school"}}, {"type": "Feature", "geometry": {"type": "Point", "coordinates": [120.9969186, 14.5167331]}, "properties": {"kind": "school"}}, {"type": "Feature", "geometry": {"type": "Point", "coordinates": [121.0120202, 14.5819414]}, "properties": {"kind": "marketplace"}}, {"type": "Feature", "geometry": {"type": "Point", "coordinates": [121.0053607, 14.5882712]}, "properties": {"kind": "school"}}, {"type": "Feature", "geometry": {"type": "Point", "coordinates": [121.0026374, 14.5884428]}, "properties": {"kind": "school"}}, {"type": "Feature", "geometry": {"type": "Point", "coordinates": [121.0186778, 14.5879449]}, "properties": {"kind": "school"}}, {"type": "Feature", "geometry": {"type": "Point", "coordinates": [121.02149, 14.5298598]}, "properties": {"kind": "school"}}, {"type": "Feature", "geometry": {"type": "Point", "coordinates": [121.0008314, 14.5497266]}, "properties": {"kind": "school"}}, {"type": "Feature", "geometry": {"type": "Point", "coordinates": [121.0079263, 14.5464667]}, "properties": {"kind": "school"}}, {"type": "Feature", "geometry": {"type": "Point", "coordinates": [120.996285, 14.582417]}, "properties": {"kind": "school"}}, {"type": "Feature", "geometry": {"type": "Point", "coordinates": [120.9986249, 14.5823023]}, "properties": {"kind": "school"}}, {"type": "Feature", "geometry": {"type": "Point", "coordinates": [121.0249984, 14.5616119]}, "properties": {"kind": "place_of_worship"}}, {"type": "Feature", "geometry": {"type": "Point", "coordinates": [120.9869663, 14.5296872]}, "properties": {"kind": "school"}}, {"type": "Feature", "geometry": {"type": "Point", "coordinates": [121.0089731, 14.5504534]}, "properties": {"kind": "school"}}, {"type": "Feature", "geometry": {"type": "Point", "coordinates": [120.9846165, 14.5693072]}, "properties": {"kind": "place_of_worship"}}, {"type": "Feature", "geometry": {"type": "Point", "coordinates": [121.0015908, 14.5607255]}, "properties": {"kind": "school"}}, {"type": "Feature", "geometry": {"type": "Point", "coordinates": [121.0243855, 14.5612139]}, "properties": {"kind": "place_of_worship"}}, {"type": "Feature", "geometry": {"type": "Point", "coordinates": [121.0171801, 14.5546776]}, "properties": {"kind": "place_of_worship"}}, {"type": "Feature", "geometry": {"type": "Point", "coordinates": [121.0092624, 14.5576352]}, "properties": {"kind": "place_of_worship"}}, {"type": "Feature", "geometry": {"type": "Point", "coordinates": [120.9847582, 14.5731534]}, "properties": {"kind": "place_of_worship"}}, {"type": "Feature", "geometry": {"type": "Point", "coordinates": [120.9854433, 14.5693611]}, "properties": {"kind": "school"}}, {"type": "Feature", "geometry": {"type": "Point", "coordinates": [121.0159146, 14.5212424]}, "properties": {"kind": "place_of_worship"}}, {"type": "Feature", "geometry": {"type": "Point", "coordinates": [121.0148788, 14.5592839]}, "properties": {"kind": "hospital"}}, {"type": "Feature", "geometry": {"type": "Point", "coordinates": [121.0207551, 14.4988074]}, "properties": {"kind": "school"}}, {"type": "Feature", "geometry": {"type": "Point", "coordinates": [120.9876233, 14.5747906]}, "properties": {"kind": "place_of_worship"}}, {"type": "Feature", "geometry": {"type": "Point", "coordinates": [121.0052739, 14.5676394]}, "properties": {"kind": "school"}}, {"type": "Feature", "geometry": {"type": "Point", "coordinates": [120.9881975, 14.5740189]}, "properties": {"kind": "place_of_worship"}}, {"type": "Feature", "geometry": {"type": "Point", "coordinates": [121.004932, 14.5720963]}, "properties": {"kind": "marketplace"}}, {"type": "Feature", "geometry": {"type": "Point", "coordinates": [120.9933493, 14.5386217]}, "properties": {"kind": "hospital"}}, {"type": "Feature", "geometry": {"type": "Point", "coordinates": [120.9861656, 14.545139]}, "properties": {"kind": "marketplace"}}, {"type": "Feature", "geometry": {"type": "Point", "coordinates": [121.0225345, 14.5286706]}, "properties": {"kind": "school"}}, {"type": "Feature", "geometry": {"type": "Point", "coordinates": [121.0011015, 14.5490353]}, "properties": {"kind": "place_of_worship"}}, {"type": "Feature", "geometry": {"type": "Point", "coordinates": [121.0010018, 14.5493216]}, "properties": {"kind": "hospital"}}, {"type": "Feature", "geometry": {"type": "Point", "coordinates": [121.0017964, 14.5449484]}, "properties": {"kind": "school"}}, {"type": "Feature", "geometry": {"type": "Point", "coordinates": [120.9977105, 14.5436957]}, "properties": {"kind": "school"}}, {"type": "Feature", "geometry": {"type": "Point", "coordinates": [120.9981299, 14.5532785]}, "properties": {"kind": "school"}}, {"type": "Feature", "geometry": {"type": "Point", "coordinates": [120.978421, 14.5890231]}, "properties": {"kind": "school"}}, {"type": "Feature", "geometry": {"type": "Point", "coordinates": [121.0217038, 14.5305634]}, "properties": {"kind": "place_of_worship"}}, {"type": "Feature", "geometry": {"type": "Point", "coordinates": [121.0216948, 14.5305858]}, "properties": {"kind": "place_of_worship"}}, {"type": "Feature", "geometry": {"type": "Point", "coordinates": [120.995281, 14.5559964]}, "properties": {"kind": "hospital"}}, {"type": "Feature", "geometry": {"type": "Point", "coordinates": [120.9835763, 14.5827099]}, "properties": {"kind": "place_of_worship"}}, {"type": "Feature", "geometry": {"type": "Point", "coordinates": [120.9860741, 14.5813317]}, "properties": {"kind": "place_of_worship"}}, {"type": "Feature", "geometry": {"type": "Point", "coordinates": [120.9854605, 14.5824342]}, "properties": {"kind": "hospital"}}, {"type": "Feature", "geometry": {"type": "Point", "coordinates": [120.9799922, 14.5788412]}, "properties": {"kind": "place_of_worship"}}, {"type": "Feature", "geometry": {"type": "Point", "coordinates": [120.9776399, 14.5874799]}, "properties": {"kind": "hospital"}}, {"type": "Feature", "geometry": {"type": "Point", "coordinates": [120.9785149, 14.5897362]}, "properties": {"kind": "school"}}, {"type": "Feature", "geometry": {"type": "Point", "coordinates": [120.975345, 14.5889152]}, "properties": {"kind": "place_of_worship"}}, {"type": "Feature", "geometry": {"type": "Point", "coordinates": [120.9827958, 14.5820028]}, "properties": {"kind": "hospital"}}, {"type": "Feature", "geometry": {"type": "Point", "coordinates": [120.9800493, 14.5784283]}, "properties": {"kind": "school"}}, {"type": "Feature", "geometry": {"type": "Point", "coordinates": [120.9856636, 14.5777703]}, "properties": {"kind": "hospital"}}, {"type": "Feature", "geometry": {"type": "Point", "coordinates": [120.9868774, 14.5790759]}, "properties": {"kind": "place_of_worship"}}, {"type": "Feature", "geometry": {"type": "Point", "coordinates": [120.9979131, 14.585038]}, "properties": {"kind": "place_of_worship"}}, {"type": "Feature", "geometry": {"type": "Point", "coordinates": [121.0012282, 14.5082825]}, "properties": {"kind": "school"}}, {"type": "Feature", "geometry": {"type": "Point", "coordinates": [121.0172166, 14.5680336]}, "properties": {"kind": "school"}}, {"type": "Feature", "geometry": {"type": "Point", "coordinates": [121.0295277, 14.5307778]}, "properties": {"kind": "place_of_worship"}}, {"type": "Feature", "geometry": {"type": "Point", "coordinates": [120.9864434, 14.5639015]}, "properties": {"kind": "hospital"}}, {"type": "Feature", "geometry": {"type": "Point", "coordinates": [121.0117379, 14.5467492]}, "properties": {"kind": "school"}}, {"type": "Feature", "geometry": {"type": "Point", "coordinates": [121.010964, 14.5432318]}, "properties": {"kind": "marketplace"}}, {"type": "Feature", "geometry": {"type": "Point", "coordinates": [121.0107189, 14.5470695]}, "properties": {"kind": "place_of_worship"}}, {"type": "Feature", "geometry": {"type": "Point", "coordinates": [121.0247849, 14.5304546]}, "properties": {"kind": "school"}}, {"type": "Feature", "geometry": {"type": "Point", "coordinates": [121.01997, 14.5703558]}, "properties": {"kind": "marketplace"}}, {"type": "Feature", "geometry": {"type": "Point", "coordinates": [120.9972251, 14.5583837]}, "properties": {"kind": "school"}}, {"type": "Feature", "geometry": {"type": "Point", "coordinates": [120.9971608, 14.5601568]}, "properties": {"kind": "school"}}, {"type": "Feature", "geometry": {"type": "Point", "coordinates": [120.9966965, 14.5582386]}, "properties": {"kind": "place_of_worship"}}, {"type": "Feature", "geometry": {"type": "Point", "coordinates": [121.0030311, 14.561774]}, "properties": {"kind": "place_of_worship"}}, {"type": "Feature", "geometry": {"type": "Point", "coordinates": [121.0103232, 14.5730346]}, "properties": {"kind": "school"}}, {"type": "Feature", "geometry": {"type": "Point", "coordinates": [121.0025655, 14.5783997]}, "properties": {"kind": "school"}}, {"type": "Feature", "geometry": {"type": "Point", "coordinates": [121.007496, 14.5823414]}, "properties": {"kind": "school"}}, {"type": "Feature", "geometry": {"type": "Point", "coordinates": [121.0104486, 14.5813196]}, "properties": {"kind": "school"}}, {"type": "Feature", "geometry": {"type": "Point", "coordinates": [121.011298, 14.5808776]}, "properties": {"kind": "school"}}, {"type": "Feature", "geometry": {"type": "Point", "coordinates": [121.0117104, 14.5797316]}, "properties": {"kind": "school"}}, {"type": "Feature", "geometry": {"type": "Point", "coordinates": [120.9887495, 14.5774782]}, "properties": {"kind": "school"}}, {"type": "Feature", "geometry": {"type": "Point", "coordinates": [120.9928753, 14.5849402]}, "properties": {"kind": "place_of_worship"}}, {"type": "Feature", "geometry": {"type": "Point", "coordinates": [121.0010807, 14.5487595]}, "properties": {"kind": "school"}}, {"type": "Feature", "geometry": {"type": "Point", "coordinates": [120.9943289, 14.4897103]}, "properties": {"kind": "place_of_worship"}}, {"type": "Feature", "geometry": {"type": "Point", "coordinates": [120.9887122, 14.4921744]}, "properties": {"kind": "place_of_worship"}}, {"type": "Feature", "geometry": {"type": "Point", "coordinates": [121.0030912, 14.5145462]}, "properties": {"kind": "place_of_worship"}}, {"type": "Feature", "geometry": {"type": "Point", "coordinates": [121.0097399, 14.5507257]}, "properties": {"kind": "place_of_worship"}}, {"type": "Feature", "geometry": {"type": "Point", "coordinates": [121.0150038, 14.4995177]}, "properties": {"kind": "place_of_worship"}}, {"type": "Feature", "geometry": {"type": "Point", "coordinates": [121.019536, 14.4998633]}, "properties": {"kind": "school"}}, {"type": "Feature", "geometry": {"type": "Point", "coordinates": [121.0142682, 14.4898557]}, "properties": {"kind": "school"}}, {"type": "Feature", "geometry": {"type": "Point", "coordinates": [121.0237195, 14.5660571]}, "properties": {"kind": "place_of_worship"}}, {"type": "Feature", "geometry": {"type": "Point", "coordinates": [120.9918174, 14.5002519]}, "properties": {"kind": "place_of_worship"}}, {"type": "Feature", "geometry": {"type": "Point", "coordinates": [121.0077937, 14.5544218]}, "properties": {"kind": "place_of_worship"}}, {"type": "Feature", "geometry": {"type": "Point", "coordinates": [121.0066441, 14.5544383]}, "properties": {"kind": "school"}}, {"type": "Feature", "geometry": {"type": "Point", "coordinates": [121.0036199, 14.5564818]}, "properties": {"kind": "place_of_worship"}}, {"type": "Feature", "geometry": {"type": "Point", "coordinates": [120.9898594, 14.5664654]}, "properties": {"kind": "place_of_worship"}}, {"type": "Feature", "geometry": {"type": "Point", "coordinates": [121.0018185, 14.5375644]}, "properties": {"kind": "station"}}, {"type": "Feature", "geometry": {"type": "Point", "coordinates": [121.0193919, 14.5419448]}, "properties": {"kind": "station"}}, {"type": "Feature", "geometry": {"type": "Point", "coordinates": [121.0006192, 14.5388434]}, "properties": {"kind": "station"}}, {"type": "Feature", "geometry": {"type": "Point", "coordinates": [120.9955681, 14.5541416]}, "properties": {"kind": "school"}}, {"type": "Feature", "geometry": {"type": "Point", "coordinates": [120.9960472, 14.5543585]}, "properties": {"kind": "place_of_worship"}}, {"type": "Feature", "geometry": {"type": "Point", "coordinates": [120.9923177, 14.5011428]}, "properties": {"kind": "school"}}, {"type": "Feature", "geometry": {"type": "Point", "coordinates": [121.0020563, 14.561806]}, "properties": {"kind": "marketplace"}}, {"type": "Feature", "geometry": {"type": "Point", "coordinates": [120.9890658, 14.570727]}, "properties": {"kind": "school"}}, {"type": "Feature", "geometry": {"type": "Point", "coordinates": [120.9899183, 14.4978902]}, "properties": {"kind": "school"}}, {"type": "Feature", "geometry": {"type": "Point", "coordinates": [120.9917045, 14.4997247]}, "properties": {"kind": "marketplace"}}, {"type": "Feature", "geometry": {"type": "Point", "coordinates": [120.9963079, 14.5147598]}, "properties": {"kind": "place_of_worship"}}, {"type": "Feature", "geometry": {"type": "Point", "coordinates": [120.9894649, 14.4956598]}, "properties": {"kind": "place_of_worship"}}, {"type": "Feature", "geometry": {"type": "Point", "coordinates": [120.9924427, 14.5759137]}, "properties": {"kind": "school"}}, {"type": "Feature", "geometry": {"type": "Point", "coordinates": [120.9911333, 14.5767035]}, "properties": {"kind": "place_of_worship"}}, {"type": "Feature", "geometry": {"type": "Point", "coordinates": [121.0252782, 14.5428052]}, "properties": {"kind": "place_of_worship"}}, {"type": "Feature", "geometry": {"type": "Point", "coordinates": [121.0107396, 14.5551771]}, "properties": {"kind": "school"}}, {"type": "Feature", "geometry": {"type": "Point", "coordinates": [121.0062933, 14.5611289]}, "properties": {"kind": "school"}}, {"type": "Feature", "geometry": {"type": "Point", "coordinates": [121.0081005, 14.5596702]}, "properties": {"kind": "school"}}, {"type": "Feature", "geometry": {"type": "Point", "coordinates": [121.0089033, 14.5631181]}, "properties": {"kind": "place_of_worship"}}, {"type": "Feature", "geometry": {"type": "Point", "coordinates": [120.9956243, 14.5714274]}, "properties": {"kind": "place_of_worship"}}, {"type": "Feature", "geometry": {"type": "Point", "coordinates": [121.0011008, 14.5607473]}, "properties": {"kind": "place_of_worship"}}, {"type": "Feature", "geometry": {"type": "Point", "coordinates": [121.0209687, 14.568358]}, "properties": {"kind": "place_of_worship"}}, {"type": "Feature", "geometry": {"type": "Point", "coordinates": [121.0293244, 14.580132]}, "properties": {"kind": "school"}}, {"type": "Feature", "geometry": {"type": "Point", "coordinates": [121.0120522, 14.5528026]}, "properties": {"kind": "place_of_worship"}}, {"type": "Feature", "geometry": {"type": "Point", "coordinates": [121.0218538, 14.5173262]}, "properties": {"kind": "place_of_worship"}}, {"type": "Feature", "geometry": {"type": "Point", "coordinates": [120.9963503, 14.5837193]}, "properties": {"kind": "place_of_worship"}}, {"type": "Feature", "geometry": {"type": "Point", "coordinates": [121.0142916, 14.5418402]}, "properties": {"kind": "place_of_worship"}}, {"type": "Feature", "geometry": {"type": "Point", "coordinates": [120.9930901, 14.4979746]}, "properties": {"kind": "school"}}, {"type": "Feature", "geometry": {"type": "Point", "coordinates": [121.0144929, 14.4902399]}, "properties": {"kind": "place_of_worship"}}, {"type": "Feature", "geometry": {"type": "Point", "coordinates": [120.9928271, 14.5515919]}, "properties": {"kind": "place_of_worship"}}, {"type": "Feature", "geometry": {"type": "Point", "coordinates": [120.9958679, 14.5299069]}, "properties": {"kind": "hospital"}}, {"type": "Feature", "geometry": {"type": "Point", "coordinates": [121.0271688, 14.4978892]}, "properties": {"kind": "place_of_worship"}}, {"type": "Feature", "geometry": {"type": "Point", "coordinates": [121.0218344, 14.4988824]}, "properties": {"kind": "place_of_worship"}}, {"type": "Feature", "geometry": {"type": "Point", "coordinates": [121.0191394, 14.5003221]}, "properties": {"kind": "place_of_worship"}}, {"type": "Feature", "geometry": {"type": "Point", "coordinates": [121.0022703, 14.5803091]}, "properties": {"kind": "place_of_worship"}}, {"type": "Feature", "geometry": {"type": "Point", "coordinates": [120.986875, 14.5800891]}, "properties": {"kind": "place_of_worship"}}, {"type": "Feature", "geometry": {"type": "Point", "coordinates": [121.0054208, 14.5387258]}, "properties": {"kind": "place_of_worship"}}, {"type": "Feature", "geometry": {"type": "Point", "coordinates": [121.0157753, 14.5880352]}, "properties": {"kind": "place_of_worship"}}, {"type": "Feature", "geometry": {"type": "Point", "coordinates": [121.0270819, 14.5885587]}, "properties": {"kind": "place_of_worship"}}, {"type": "Feature", "geometry": {"type": "Point", "coordinates": [121.0005924, 14.5769528]}, "properties": {"kind": "place_of_worship"}}, {"type": "Feature", "geometry": {"type": "Point", "coordinates": [120.9915257, 14.5702879]}, "properties": {"kind": "station"}}, {"type": "Feature", "geometry": {"type": "Point", "coordinates": [120.9947509, 14.5634699]}, "properties": {"kind": "station"}}, {"type": "Feature", "geometry": {"type": "Point", "coordinates": [120.9880197, 14.5765754]}, "properties": {"kind": "station"}}, {"type": "Feature", "geometry": {"type": "Point", "coordinates": [120.9971661, 14.5541814]}, "properties": {"kind": "station"}}, {"type": "Feature", "geometry": {"type": "Point", "coordinates": [121.0129027, 14.5415295]}, "properties": {"kind": "place_of_worship"}}, {"type": "Feature", "geometry": {"type": "Point", "coordinates": [121.0072933, 14.5364697]}, "properties": {"kind": "place_of_worship"}}, {"type": "Feature", "geometry": {"type": "Point", "coordinates": [121.0104571, 14.5365071]}, "properties": {"kind": "place_of_worship"}}, {"type": "Feature", "geometry": {"type": "Point", "coordinates": [120.9986373, 14.5477514]}, "properties": {"kind": "station"}}, {"type": "Feature", "geometry": {"type": "Point", "coordinates": [120.9949147, 14.5553124]}, "properties": {"kind": "place_of_worship"}}, {"type": "Feature", "geometry": {"type": "Point", "coordinates": [120.997967, 14.5317607]}, "properties": {"kind": "school"}}, {"type": "Feature", "geometry": {"type": "Point", "coordinates": [120.9971077, 14.5313739]}, "properties": {"kind": "marketplace"}}, {"type": "Feature", "geometry": {"type": "Point", "coordinates": [120.9972776, 14.5421098]}, "properties": {"kind": "place_of_worship"}}, {"type": "Feature", "geometry": {"type": "Point", "coordinates": [121.0074453, 14.5310767]}, "properties": {"kind": "place_of_worship"}}, {"type": "Feature", "geometry": {"type": "Point", "coordinates": [120.9977419, 14.5287846]}, "properties": {"kind": "place_of_worship"}}, {"type": "Feature", "geometry": {"type": "Point", "coordinates": [120.998398, 14.5342877]}, "properties": {"kind": "station"}}, {"type": "Feature", "geometry": {"type": "Point", "coordinates": [120.9971181, 14.533737]}, "properties": {"kind": "place_of_worship"}}, {"type": "Feature", "geometry": {"type": "Point", "coordinates": [121.0005724, 14.5331785]}, "properties": {"kind": "place_of_worship"}}, {"type": "Feature", "geometry": {"type": "Point", "coordinates": [120.9975595, 14.5324168]}, "properties": {"kind": "place_of_worship"}}, {"type": "Feature", "geometry": {"type": "Point", "coordinates": [120.9946786, 14.5500326]}, "properties": {"kind": "place_of_worship"}}, {"type": "Feature", "geometry": {"type": "Point", "coordinates": [121.0120646, 14.5463941]}, "properties": {"kind": "place_of_worship"}}, {"type": "Feature", "geometry": {"type": "Point", "coordinates": [121.0123222, 14.5793384]}, "properties": {"kind": "school"}}, {"type": "Feature", "geometry": {"type": "Point", "coordinates": [121.012671, 14.5788759]}, "properties": {"kind": "place_of_worship"}}, {"type": "Feature", "geometry": {"type": "Point", "coordinates": [121.0075217, 14.5723744]}, "properties": {"kind": "place_of_worship"}}, {"type": "Feature", "geometry": {"type": "Point", "coordinates": [121.0087573, 14.5688495]}, "properties": {"kind": "place_of_worship"}}, {"type": "Feature", "geometry": {"type": "Point", "coordinates": [121.0214567, 14.5715293]}, "properties": {"kind": "place_of_worship"}}, {"type": "Feature", "geometry": {"type": "Point", "coordinates": [121.0140664, 14.5640185]}, "properties": {"kind": "place_of_worship"}}, {"type": "Feature", "geometry": {"type": "Point", "coordinates": [121.0161984, 14.5682549]}, "properties": {"kind": "place_of_worship"}}, {"type": "Feature", "geometry": {"type": "Point", "coordinates": [120.9981289, 14.5434918]}, "properties": {"kind": "school"}}, {"type": "Feature", "geometry": {"type": "Point", "coordinates": [120.9959648, 14.5439803]}, "properties": {"kind": "school"}}, {"type": "Feature", "geometry": {"type": "Point", "coordinates": [120.9964542, 14.5421131]}, "properties": {"kind": "school"}}, {"type": "Feature", "geometry": {"type": "Point", "coordinates": [120.9955422, 14.5421204]}, "properties": {"kind": "school"}}, {"type": "Feature", "geometry": {"type": "Point", "coordinates": [120.992599, 14.5283961]}, "properties": {"kind": "school"}}, {"type": "Feature", "geometry": {"type": "Point", "coordinates": [121.0133855, 14.4917722]}, "properties": {"kind": "school"}}, {"type": "Feature", "geometry": {"type": "Point", "coordinates": [121.0121913, 14.5498679]}, "properties": {"kind": "station"}}, {"type": "Feature", "geometry": {"type": "Point", "coordinates": [120.9989552, 14.5772393]}, "properties": {"kind": "place_of_worship"}}, {"type": "Feature", "geometry": {"type": "Point", "coordinates": [121.0000895, 14.5779686]}, "properties": {"kind": "place_of_worship"}}, {"type": "Feature", "geometry": {"type": "Point", "coordinates": [121.0107465, 14.5808891]}, "properties": {"kind": "school"}}, {"type": "Feature", "geometry": {"type": "Point", "coordinates": [121.010545, 14.580202]}, "properties": {"kind": "school"}}, {"type": "Feature", "geometry": {"type": "Point", "coordinates": [121.0080328, 14.5793592]}, "properties": {"kind": "place_of_worship"}}, {"type": "Feature", "geometry": {"type": "Point", "coordinates": [121.0140744, 14.582146]}, "properties": {"kind": "school"}}, {"type": "Feature", "geometry": {"type": "Point", "coordinates": [121.0141091, 14.5831621]}, "properties": {"kind": "school"}}, {"type": "Feature", "geometry": {"type": "Point", "coordinates": [121.0177123, 14.5840942]}, "properties": {"kind": "hospital"}}, {"type": "Feature", "geometry": {"type": "Point", "coordinates": [121.0161561, 14.583431]}, "properties": {"kind": "hospital"}}, {"type": "Feature", "geometry": {"type": "Point", "coordinates": [121.0236759, 14.5203844]}, "properties": {"kind": "school"}}, {"type": "Feature", "geometry": {"type": "Point", "coordinates": [120.9919044, 14.5604492]}, "properties": {"kind": "place_of_worship"}}, {"type": "Feature", "geometry": {"type": "Point", "coordinates": [120.9948924, 14.5523985]}, "properties": {"kind": "place_of_worship"}}, {"type": "Feature", "geometry": {"type": "Point", "coordinates": [120.9963987, 14.5163427]}, "properties": {"kind": "place_of_worship"}}, {"type": "Feature", "geometry": {"type": "Point", "coordinates": [120.9944272, 14.5024279]}, "properties": {"kind": "place_of_worship"}}, {"type": "Feature", "geometry": {"type": "Point", "coordinates": [120.9905222, 14.4980325]}, "properties": {"kind": "hospital"}}, {"type": "Feature", "geometry": {"type": "Point", "coordinates": [120.9975546, 14.5826179]}, "properties": {"kind": "place_of_worship"}}, {"type": "Feature", "geometry": {"type": "Point", "coordinates": [121.0104429, 14.5470801]}, "properties": {"kind": "place_of_worship"}}, {"type": "Feature", "geometry": {"type": "Point", "coordinates": [120.9993925, 14.5667932]}, "properties": {"kind": "place_of_worship"}}, {"type": "Feature", "geometry": {"type": "Point", "coordinates": [121.0281008, 14.4915713]}, "properties": {"kind": "place_of_worship"}}, {"type": "Feature", "geometry": {"type": "Point", "coordinates": [121.0125577, 14.5336221]}, "properties": {"kind": "school"}}, {"type": "Feature", "geometry": {"type": "Point", "coordinates": [121.0188878, 14.5803897]}, "properties": {"kind": "place_of_worship"}}, {"type": "Feature", "geometry": {"type": "Point", "coordinates": [120.9946101, 14.5148181]}, "properties": {"kind": "school"}}, {"type": "Feature", "geometry": {"type": "Point", "coordinates": [120.9948569, 14.5105859]}, "properties": {"kind": "place_of_worship"}}, {"type": "Feature", "geometry": {"type": "Point", "coordinates": [120.9934354, 14.5068268]}, "properties": {"kind": "school"}}, {"type": "Feature", "geometry": {"type": "Point", "coordinates": [120.9937231, 14.5070214]}, "properties": {"kind": "school"}}, {"type": "Feature", "geometry": {"type": "Point", "coordinates": [120.9940946, 14.5152395]}, "properties": {"kind": "school"}}, {"type": "Feature", "geometry": {"type": "Point", "coordinates": [121.0287264, 14.5840745]}, "properties": {"kind": "place_of_worship"}}, {"type": "Feature", "geometry": {"type": "Point", "coordinates": [121.0238068, 14.5767749]}, "properties": {"kind": "place_of_worship"}}, {"type": "Feature", "geometry": {"type": "Point", "coordinates": [121.0275257, 14.5757004]}, "properties": {"kind": "place_of_worship"}}, {"type": "Feature", "geometry": {"type": "Point", "coordinates": [120.9934791, 14.504568]}, "properties": {"kind": "place_of_worship"}}, {"type": "Feature", "geometry": {"type": "Point", "coordinates": [121.0270924, 14.4936247]}, "properties": {"kind": "place_of_worship"}}, {"type": "Feature", "geometry": {"type": "Point", "coordinates": [121.0246197, 14.5601079]}, "properties": {"kind": "place_of_worship"}}, {"type": "Feature", "geometry": {"type": "Point", "coordinates": [121.0016392, 14.5849672]}, "properties": {"kind": "place_of_worship"}}, {"type": "Feature", "geometry": {"type": "Point", "coordinates": [121.0131954, 14.5728753]}, "properties": {"kind": "place_of_worship"}}, {"type": "Feature", "geometry": {"type": "Point", "coordinates": [121.0204624, 14.5705319]}, "properties": {"kind": "marketplace"}}, {"type": "Feature", "geometry": {"type": "Point", "coordinates": [121.0091273, 14.5694142]}, "properties": {"kind": "place_of_worship"}}, {"type": "Feature", "geometry": {"type": "Point", "coordinates": [120.9975613, 14.5496774]}, "properties": {"kind": "school"}}, {"type": "Feature", "geometry": {"type": "Point", "coordinates": [121.0000317, 14.5485009]}, "properties": {"kind": "school"}}, {"type": "Feature", "geometry": {"type": "Point", "coordinates": [120.9971655, 14.5567669]}, "properties": {"kind": "school"}}, {"type": "Feature", "geometry": {"type": "Point", "coordinates": [120.9956356, 14.5017408]}, "properties": {"kind": "place_of_worship"}}, {"type": "Feature", "geometry": {"type": "Point", "coordinates": [120.9965639, 14.5033646]}, "properties": {"kind": "place_of_worship"}}, {"type": "Feature", "geometry": {"type": "Point", "coordinates": [120.9936338, 14.5000475]}, "properties": {"kind": "place_of_worship"}}, {"type": "Feature", "geometry": {"type": "Point", "coordinates": [120.990191, 14.5850274]}, "properties": {"kind": "place_of_worship"}}, {"type": "Feature", "geometry": {"type": "Point", "coordinates": [120.9988776, 14.5296145]}, "properties": {"kind": "school"}}, {"type": "Feature", "geometry": {"type": "Point", "coordinates": [120.9988692, 14.5304478]}, "properties": {"kind": "school"}}, {"type": "Feature", "geometry": {"type": "Point", "coordinates": [121.0153355, 14.4916962]}, "properties": {"kind": "place_of_worship"}}, {"type": "Feature", "geometry": {"type": "Point", "coordinates": [121.0298901, 14.5075974]}, "properties": {"kind": "place_of_worship"}}, {"type": "Feature", "geometry": {"type": "Point", "coordinates": [121.0078171, 14.5724721]}, "properties": {"kind": "school"}}, {"type": "Feature", "geometry": {"type": "Point", "coordinates": [121.0293325, 14.5319155]}, "properties": {"kind": "place_of_worship"}}, {"type": "Feature", "geometry": {"type": "Point", "coordinates": [121.0131245, 14.5880631]}, "properties": {"kind": "place_of_worship"}}, {"type": "Feature", "geometry": {"type": "Point", "coordinates": [121.0144382, 14.5805715]}, "properties": {"kind": "place_of_worship"}}, {"type": "Feature", "geometry": {"type": "Point", "coordinates": [121.0082158, 14.5365781]}, "properties": {"kind": "school"}}, {"type": "Feature", "geometry": {"type": "Point", "coordinates": [121.0079294, 14.5358313]}, "properties": {"kind": "school"}}, {"type": "Feature", "geometry": {"type": "Point", "coordinates": [121.0156377, 14.5748206]}, "properties": {"kind": "place_of_worship"}}, {"type": "Feature", "geometry": {"type": "Point", "coordinates": [121.0183885, 14.5716143]}, "properties": {"kind": "place_of_worship"}}, {"type": "Feature", "geometry": {"type": "Point", "coordinates": [121.0209799, 14.5677993]}, "properties": {"kind": "place_of_worship"}}, {"type": "Feature", "geometry": {"type": "Point", "coordinates": [121.0029058, 14.5484885]}, "properties": {"kind": "place_of_worship"}}, {"type": "Feature", "geometry": {"type": "Point", "coordinates": [121.0015492, 14.5363836]}, "properties": {"kind": "place_of_worship"}}, {"type": "Feature", "geometry": {"type": "Point", "coordinates": [121.0020173, 14.5524871]}, "properties": {"kind": "place_of_worship"}}, {"type": "Feature", "geometry": {"type": "Point", "coordinates": [121.0244537, 14.5698498]}, "properties": {"kind": "place_of_worship"}}, {"type": "Feature", "geometry": {"type": "Point", "coordinates": [120.9954539, 14.5713339]}, "properties": {"kind": "school"}}, {"type": "Feature", "geometry": {"type": "Point", "coordinates": [121.0106961, 14.4898286]}, "properties": {"kind": "school"}}, {"type": "Feature", "geometry": {"type": "Point", "coordinates": [121.0284171, 14.583965]}, "properties": {"kind": "school"}}, {"type": "Feature", "geometry": {"type": "Point", "coordinates": [121.0130209, 14.5901197]}, "properties": {"kind": "school"}}, {"type": "Feature", "geometry": {"type": "Point", "coordinates": [121.0182875, 14.4905486]}, "properties": {"kind": "place_of_worship"}}, {"type": "Feature", "geometry": {"type": "Point", "coordinates": [121.0295514, 14.5656711]}, "properties": {"kind": "marketplace"}}, {"type": "Feature", "geometry": {"type": "Point", "coordinates": [120.9912791, 14.5083101]}, "properties": {"kind": "station"}}, {"type": "Feature", "geometry": {"type": "Point", "coordinates": [121.0257989, 14.5868262]}, "properties": {"kind": "place_of_worship"}}, {"type": "Feature", "geometry": {"type": "Point", "coordinates": [121.0120672, 14.5868078]}, "properties": {"kind": "place_of_worship"}}, {"type": "Feature", "geometry": {"type": "Point", "coordinates": [120.9854045, 14.5852016]}, "properties": {"kind": "place_of_worship"}}, {"type": "Feature", "geometry": {"type": "Point", "coordinates": [121.0130473, 14.5713832]}, "properties": {"kind": "marketplace"}}, {"type": "Feature", "geometry": {"type": "Point", "coordinates": [121.0128381, 14.5868963]}, "properties": {"kind": "place_of_worship"}}, {"type": "Feature", "geometry": {"type": "Point", "coordinates": [121.00041, 14.5768895]}, "properties": {"kind": "school"}}, {"type": "Feature", "geometry": {"type": "Point", "coordinates": [120.9957678, 14.5479064]}, "properties": {"kind": "place_of_worship"}}, {"type": "Feature", "geometry": {"type": "Point", "coordinates": [121.0086689, 14.5562269]}, "properties": {"kind": "station"}}, {"type": "Feature", "geometry": {"type": "Point", "coordinates": [121.0137405, 14.5819894]}, "properties": {"kind": "place_of_worship"}}, {"type": "Feature", "geometry": {"type": "Point", "coordinates": [121.0266338, 14.5859326]}, "properties": {"kind": "place_of_worship"}}, {"type": "Feature", "geometry": {"type": "Point", "coordinates": [121.0293535, 14.573721]}, "properties": {"kind": "place_of_worship"}}, {"type": "Feature", "geometry": {"type": "Point", "coordinates": [121.0099855, 14.4928166]}, "properties": {"kind": "school"}}, {"type": "Feature", "geometry": {"type": "Point", "coordinates": [121.0037372, 14.4928919]}, "properties": {"kind": "school"}}, {"type": "Feature", "geometry": {"type": "Point", "coordinates": [121.0000902, 14.5424694]}, "properties": {"kind": "marketplace"}}, {"type": "Feature", "geometry": {"type": "Point", "coordinates": [121.0298547, 14.5781228]}, "properties": {"kind": "school"}}, {"type": "Feature", "geometry": {"type": "Point", "coordinates": [120.9987404, 14.5847301]}, "properties": {"kind": "place_of_worship"}}, {"type": "Feature", "geometry": {"type": "Point", "coordinates": [121.0006177, 14.5863644]}, "properties": {"kind": "school"}}, {"type": "Feature", "geometry": {"type": "Point", "coordinates": [121.0186975, 14.5803325]}, "properties": {"kind": "school"}}, {"type": "Feature", "geometry": {"type": "Point", "coordinates": [121.0149436, 14.5797006]}, "properties": {"kind": "place_of_worship"}}, {"type": "Feature", "geometry": {"type": "Point", "coordinates": [120.9867411, 14.5283131]}, "properties": {"kind": "place_of_worship"}}, {"type": "Feature", "geometry": {"type": "Point", "coordinates": [121.0200566, 14.5686692]}, "properties": {"kind": "place_of_worship"}}, {"type": "Feature", "geometry": {"type": "Point", "coordinates": [121.0141872, 14.5665322]}, "properties": {"kind": "place_of_worship"}}, {"type": "Feature", "geometry": {"type": "Point", "coordinates": [120.9961679, 14.5634527]}, "properties": {"kind": "place_of_worship"}}, {"type": "Feature", "geometry": {"type": "Point", "coordinates": [121.0174499, 14.5899119]}, "properties": {"kind": "school"}}, {"type": "Feature", "geometry": {"type": "Point", "coordinates": [121.0096596, 14.5415232]}, "properties": {"kind": "school"}}, {"type": "Feature", "geometry": {"type": "Point", "coordinates": [121.0118797, 14.5440017]}, "properties": {"kind": "school"}}, {"type": "Feature", "geometry": {"type": "Point", "coordinates": [121.011081, 14.5438986]}, "properties": {"kind": "school"}}, {"type": "Feature", "geometry": {"type": "Point", "coordinates": [121.0124527, 14.5464615]}, "properties": {"kind": "school"}}, {"type": "Feature", "geometry": {"type": "Point", "coordinates": [121.0223599, 14.5323148]}, "properties": {"kind": "school"}}, {"type": "Feature", "geometry": {"type": "Point", "coordinates": [121.0067587, 14.5554481]}, "properties": {"kind": "school"}}, {"type": "Feature", "geometry": {"type": "Point", "coordinates": [121.0218958, 14.5882459]}, "properties": {"kind": "place_of_worship"}}, {"type": "Feature", "geometry": {"type": "Point", "coordinates": [121.0133528, 14.5459595]}, "properties": {"kind": "place_of_worship"}}, {"type": "Feature", "geometry": {"type": "Point", "coordinates": [121.0065, 14.5293325]}, "properties": {"kind": "school"}}, {"type": "Feature", "geometry": {"type": "Point", "coordinates": [121.0145739, 14.4920684]}, "properties": {"kind": "marketplace"}}, {"type": "Feature", "geometry": {"type": "Point", "coordinates": [120.9912197, 14.5044639]}, "properties": {"kind": "place_of_worship"}}, {"type": "Feature", "geometry": {"type": "Point", "coordinates": [120.991147, 14.5004367]}, "properties": {"kind": "hospital"}}, {"type": "Feature", "geometry": {"type": "Point", "coordinates": [121.0209524, 14.5696358]}, "properties": {"kind": "school"}}, {"type": "Feature", "geometry": {"type": "Point", "coordinates": [120.9935159, 14.5517955]}, "properties": {"kind": "school"}}, {"type": "Feature", "geometry": {"type": "Point", "coordinates": [121.0016634, 14.5880414]}, "properties": {"kind": "hospital"}}, {"type": "Feature", "geometry": {"type": "Point", "coordinates": [121.0005349, 14.5335135]}, "properties": {"kind": "school"}}, {"type": "Feature", "geometry": {"type": "Point", "coordinates": [120.9937958, 14.5648469]}, "properties": {"kind": "place_of_worship"}}, {"type": "Feature", "geometry": {"type": "Point", "coordinates": [120.9929872, 14.5184318]}, "properties": {"kind": "station"}}, {"type": "Feature", "geometry": {"type": "Point", "coordinates": [120.9943732, 14.4988903]}, "properties": {"kind": "station"}}, {"type": "Feature", "geometry": {"type": "Point", "coordinates": [120.9847263, 14.5730986]}, "properties": {"kind": "place_of_worship"}}, {"type": "Feature", "geometry": {"type": "Point", "coordinates": [120.9937538, 14.5637533]}, "properties": {"kind": "place_of_worship"}}, {"type": "Feature", "geometry": {"type": "Point", "coordinates": [120.9932783, 14.5790689]}, "properties": {"kind": "marketplace"}}, {"type": "Feature", "geometry": {"type": "Point", "coordinates": [120.9906686, 14.5706242]}, "properties": {"kind": "school"}}, {"type": "Feature", "geometry": {"type": "Point", "coordinates": [120.9878549, 14.574374]}, "properties": {"kind": "school"}}, {"type": "Feature", "geometry": {"type": "Point", "coordinates": [120.9872861, 14.5741408]}, "properties": {"kind": "school"}}, {"type": "Feature", "geometry": {"type": "Point", "coordinates": [120.9876993, 14.5748579]}, "properties": {"kind": "school"}}, {"type": "Feature", "geometry": {"type": "Point", "coordinates": [120.9881261, 14.5771675]}, "properties": {"kind": "place_of_worship"}}, {"type": "Feature", "geometry": {"type": "Point", "coordinates": [120.9889857, 14.5770927]}, "properties": {"kind": "place_of_worship"}}, {"type": "Feature", "geometry": {"type": "Point", "coordinates": [120.9929379, 14.5302786]}, "properties": {"kind": "station"}}, {"type": "Feature", "geometry": {"type": "Point", "coordinates": [121.0037571, 14.5880164]}, "properties": {"kind": "place_of_worship"}}, {"type": "Feature", "geometry": {"type": "Point", "coordinates": [121.0016274, 14.5863722]}, "properties": {"kind": "marketplace"}}, {"type": "Feature", "geometry": {"type": "Point", "coordinates": [120.9967022, 14.5834154]}, "properties": {"kind": "school"}}, {"type": "Feature", "geometry": {"type": "Point", "coordinates": [121.0080162, 14.5485569]}, "properties": {"kind": "school"}}, {"type": "Feature", "geometry": {"type": "Point", "coordinates": [121.017616, 14.5630505]}, "properties": {"kind": "hospital"}}, {"type": "Feature", "geometry": {"type": "Point", "coordinates": [121.020661, 14.5610207]}, "properties": {"kind": "school"}}, {"type": "Feature", "geometry": {"type": "Point", "coordinates": [121.0203786, 14.5610453]}, "properties": {"kind": "place_of_worship"}}, {"type": "Feature", "geometry": {"type": "Point", "coordinates": [120.9945546, 14.5793848]}, "properties": {"kind": "place_of_worship"}}, {"type": "Feature", "geometry": {"type": "Point", "coordinates": [121.008314, 14.562092]}, "properties": {"kind": "school"}}, {"type": "Feature", "geometry": {"type": "Point", "coordinates": [121.0084684, 14.5803459]}, "properties": {"kind": "school"}}, {"type": "Feature", "geometry": {"type": "Point", "coordinates": [121.0085838, 14.5803795]}, "properties": {"kind": "school"}}, {"type": "Feature", "geometry": {"type": "Point", "coordinates": [121.0059596, 14.5289706]}, "properties": {"kind": "school"}}, {"type": "Feature", "geometry": {"type": "Point", "coordinates": [121.0118157, 14.587271]}, "properties": {"kind": "school"}}, {"type": "Feature", "geometry": {"type": "Point", "coordinates": [121.0120425, 14.5563465]}, "properties": {"kind": "school"}}, {"type": "Feature", "geometry": {"type": "Point", "coordinates": [120.9949568, 14.5773886]}, "properties": {"kind": "place_of_worship"}}, {"type": "Feature", "geometry": {"type": "Point", "coordinates": [121.0086653, 14.572651]}, "properties": {"kind": "school"}}, {"type": "Feature", "geometry": {"type": "Point", "coordinates": [121.0023845, 14.5396214]}, "properties": {"kind": "school"}}, {"type": "Feature", "geometry": {"type": "Point", "coordinates": [121.0115103, 14.5695506]}, "properties": {"kind": "place_of_worship"}}, {"type": "Feature", "geometry": {"type": "Point", "coordinates": [121.0217371, 14.5728701]}, "properties": {"kind": "school"}}, {"type": "Feature", "geometry": {"type": "Point", "coordinates": [121.0067687, 14.576712]}, "properties": {"kind": "school"}}, {"type": "Feature", "geometry": {"type": "Point", "coordinates": [120.9894087, 14.501524]}, "properties": {"kind": "marketplace"}}, {"type": "Feature", "geometry": {"type": "Point", "coordinates": [121.0062488, 14.5391293]}, "properties": {"kind": "hospital"}}, {"type": "Feature", "geometry": {"type": "Point", "coordinates": [121.0116776, 14.5558462]}, "properties": {"kind": "school"}}, {"type": "Feature", "geometry": {"type": "Point", "coordinates": [121.0104247, 14.5281853]}, "properties": {"kind": "place_of_worship"}}, {"type": "Feature", "geometry": {"type": "Point", "coordinates": [121.0249632, 14.5899253]}, "properties": {"kind": "school"}}, {"type": "Feature", "geometry": {"type": "Point", "coordinates": [121.0199228, 14.5169119]}, "properties": {"kind": "hospital"}}, {"type": "Feature", "geometry": {"type": "Point", "coordinates": [121.0237805, 14.5299177]}, "properties": {"kind": "school"}}, {"type": "Feature", "geometry": {"type": "Point", "coordinates": [121.010396, 14.5730239]}, "properties": {"kind": "school"}}, {"type": "Feature", "geometry": {"type": "Point", "coordinates": [121.014634, 14.574535]}, "properties": {"kind": "hospital"}}, {"type": "Feature", "geometry": {"type": "Point", "coordinates": [120.9983081, 14.5355496]}, "properties": {"kind": "school"}}, {"type": "Feature", "geometry": {"type": "Point", "coordinates": [120.9923398, 14.5574167]}, "properties": {"kind": "school"}}, {"type": "Feature", "geometry": {"type": "Point", "coordinates": [121.0240994, 14.5297876]}, "properties": {"kind": "school"}}, {"type": "Feature", "geometry": {"type": "Point", "coordinates": [121.0235512, 14.5299378]}, "properties": {"kind": "school"}}, {"type": "Feature", "geometry": {"type": "Point", "coordinates": [120.9956004, 14.5574846]}, "properties": {"kind": "place_of_worship"}}, {"type": "Feature", "geometry": {"type": "Point", "coordinates": [121.0268935, 14.5862684]}, "properties": {"kind": "school"}}, {"type": "Feature", "geometry": {"type": "Point", "coordinates": [121.0210124, 14.5852471]}, "properties": {"kind": "school"}}, {"type": "Feature", "geometry": {"type": "Point", "coordinates": [121.0065623, 14.5507144]}, "properties": {"kind": "school"}}, {"type": "Feature", "geometry": {"type": "Point", "coordinates": [120.9941808, 14.5539887]}, "properties": {"kind": "school"}}, {"type": "Feature", "geometry": {"type": "Point", "coordinates": [120.9905438, 14.4905821]}, "properties": {"kind": "school"}}, {"type": "Feature", "geometry": {"type": "Point", "coordinates": [120.9899273, 14.4908546]}, "properties": {"kind": "school"}}, {"type": "Feature", "geometry": {"type": "Point", "coordinates": [120.9920733, 14.5004413]}, "properties": {"kind": "school"}}, {"type": "Feature", "geometry": {"type": "Point", "coordinates": [120.9946505, 14.4999854]}, "properties": {"kind": "school"}}, {"type": "Feature", "geometry": {"type": "Point", "coordinates": [120.9946039, 14.5006652]}, "properties": {"kind": "school"}}, {"type": "Feature", "geometry": {"type": "Point", "coordinates": [121.0009116, 14.5521247]}, "properties": {"kind": "school"}}, {"type": "Feature", "geometry": {"type": "Point", "coordinates": [121.0013445, 14.552093]}, "properties": {"kind": "school"}}, {"type": "Feature", "geometry": {"type": "Point", "coordinates": [121.0295148, 14.4901229]}, "properties": {"kind": "school"}}, {"type": "Feature", "geometry": {"type": "Point", "coordinates": [121.0299819, 14.5082368]}, "properties": {"kind": "school"}}, {"type": "Feature", "geometry": {"type": "Point", "coordinates": [121.0246518, 14.5868374]}, "properties": {"kind": "school"}}, {"type": "Feature", "geometry": {"type": "Point", "coordinates": [121.0251455, 14.5862841]}, "properties": {"kind": "school"}}, {"type": "Feature", "geometry": {"type": "Point", "coordinates": [121.0106071, 14.5866923]}, "properties": {"kind": "school"}}, {"type": "Feature", "geometry": {"type": "Point", "coordinates": [120.9846244, 14.5825264]}, "properties": {"kind": "station"}}, {"type": "Feature", "geometry": {"type": "Point", "coordinates": [120.9978383, 14.5287004]}, "properties": {"kind": "school"}}, {"type": "Feature", "geometry": {"type": "Point", "coordinates": [121.0073914, 14.5089743]}, "properties": {"kind": "school"}}, {"type": "Feature", "geometry": {"type": "Point", "coordinates": [121.0085567, 14.5762603]}, "properties": {"kind": "school"}}, {"type": "Feature", "geometry": {"type": "Point", "coordinates": [121.0250834, 14.57719]}, "properties": {"kind": "school"}}, {"type": "Feature", "geometry": {"type": "Point", "coordinates": [121.017543, 14.5775597]}, "properties": {"kind": "school"}}, {"type": "Feature", "geometry": {"type": "Point", "coordinates": [121.0177489, 14.5775399]}, "properties": {"kind": "school"}}, {"type": "Feature", "geometry": {"type": "Point", "coordinates": [120.9893663, 14.491226]}, "properties": {"kind": "school"}}, {"type": "Feature", "geometry": {"type": "Point", "coordinates": [120.9958826, 14.5033941]}, "properties": {"kind": "school"}}, {"type": "Feature", "geometry": {"type": "Point", "coordinates": [120.9959355, 14.503244]}, "properties": {"kind": "school"}}, {"type": "Feature", "geometry": {"type": "Point", "coordinates": [121.0725382, 14.5671723]}, "properties": {"kind": "place_of_worship"}}, {"type": "Feature", "geometry": {"type": "Point", "coordinates": [121.0487596, 14.5822281]}, "properties": {"kind": "school"}}, {"type": "Feature", "geometry": {"type": "Point", "coordinates": [121.0514002, 14.4989212]}, "properties": {"kind": "place_of_worship"}}, {"type": "Feature", "geometry": {"type": "Point", "coordinates": [121.068611, 14.53961]}, "properties": {"kind": "school"}}, {"type": "Feature", "geometry": {"type": "Point", "coordinates": [121.0499367, 14.5011359]}, "properties": {"kind": "marketplace"}}, {"type": "Feature", "geometry": {"type": "Point", "coordinates": [121.084968, 14.56325]}, "properties": {"kind": "place_of_worship"}}, {"type": "Feature", "geometry": {"type": "Point", "coordinates": [121.079422, 14.55991]}, "properties": {"kind": "school"}}, {"type": "Feature", "geometry": {"type": "Point", "coordinates": [121.06063, 14.4921]}, "properties": {"kind": "place_of_worship"}}, {"type": "Feature", "geometry": {"type": "Point", "coordinates": [121.056701, 14.49348]}, "properties": {"kind": "place_of_worship"}}, {"type": "Feature", "geometry": {"type": "Point", "coordinates": [121.0759127, 14.5625312]}, "properties": {"kind": "marketplace"}}, {"type": "Feature", "geometry": {"type": "Point", "coordinates": [121.0662455, 14.5806146]}, "properties": {"kind": "place_of_worship"}}, {"type": "Feature", "geometry": {"type": "Point", "coordinates": [121.0683316, 14.549512]}, "properties": {"kind": "place_of_worship"}}, {"type": "Feature", "geometry": {"type": "Point", "coordinates": [121.0672563, 14.545007]}, "properties": {"kind": "school"}}, {"type": "Feature", "geometry": {"type": "Point", "coordinates": [121.0493902, 14.5010373]}, "properties": {"kind": "place_of_worship"}}, {"type": "Feature", "geometry": {"type": "Point", "coordinates": [121.061691, 14.49937]}, "properties": {"kind": "place_of_worship"}}, {"type": "Feature", "geometry": {"type": "Point", "coordinates": [121.0465028, 14.5607827]}, "properties": {"kind": "school"}}, {"type": "Feature", "geometry": {"type": "Point", "coordinates": [121.044495, 14.5803017]}, "properties": {"kind": "place_of_worship"}}, {"type": "Feature", "geometry": {"type": "Point", "coordinates": [121.072517, 14.52436]}, "properties": {"kind": "place_of_worship"}}, {"type": "Feature", "geometry": {"type": "Point", "coordinates": [121.085128, 14.58352]}, "properties": {"kind": "hospital"}}, {"type": "Feature", "geometry": {"type": "Point", "coordinates": [121.0693176, 14.5299717]}, "properties": {"kind": "marketplace"}}, {"type": "Feature", "geometry": {"type": "Point", "coordinates": [121.0419186, 14.5594516]}, "properties": {"kind": "place_of_worship"}}, {"type": "Feature", "geometry": {"type": "Point", "coordinates": [121.0637386, 14.5454755]}, "properties": {"kind": "school"}}, {"type": "Feature", "geometry": {"type": "Point", "coordinates": [121.0672863, 14.5547887]}, "properties": {"kind": "place_of_worship"}}, {"type": "Feature", "geometry": {"type": "Point", "coordinates": [121.0611727, 14.5888641]}, "properties": {"kind": "school"}}, {"type": "Feature", "geometry": {"type": "Point", "coordinates": [121.0764026, 14.5670695]}, "properties": {"kind": "place_of_worship"}}, {"type": "Feature", "geometry": {"type": "Point", "coordinates": [121.0516079, 14.5190191]}, "properties": {"kind": "bus_stop"}}, {"type": "Feature", "geometry": {"type": "Point", "coordinates": [121.0545075, 14.5816207]}, "properties": {"kind": "place_of_worship"}}, {"type": "Feature", "geometry": {"type": "Point", "coordinates": [121.0646879, 14.5896512]}, "properties": {"kind": "place_of_worship"}}, {"type": "Feature", "geometry": {"type": "Point", "coordinates": [121.0592759, 14.5777445]}, "properties": {"kind": "school"}}, {"type": "Feature", "geometry": {"type": "Point", "coordinates": [121.0594261, 14.5782442]}, "properties": {"kind": "school"}}, {"type": "Feature", "geometry": {"type": "Point", "coordinates": [121.0641646, 14.5820137]}, "properties": {"kind": "school"}}, {"type": "Feature", "geometry": {"type": "Point", "coordinates": [121.0459785, 14.547574]}, "properties": {"kind": "bus_stop"}}, {"type": "Feature", "geometry": {"type": "Point", "coordinates": [121.0454236, 14.5502231]}, "properties": {"kind": "bus_stop"}}, {"type": "Feature", "geometry": {"type": "Point", "coordinates": [121.0466172, 14.5619604]}, "properties": {"kind": "school"}}, {"type": "Feature", "geometry": {"type": "Point", "coordinates": [121.0758776, 14.5667074]}, "properties": {"kind": "school"}}, {"type": "Feature", "geometry": {"type": "Point", "coordinates": [121.0383654, 14.4921589]}, "properties": {"kind": "marketplace"}}, {"type": "Feature", "geometry": {"type": "Point", "coordinates": [121.0762456, 14.5467385]}, "properties": {"kind": "place_of_worship"}}, {"type": "Feature", "geometry": {"type": "Point", "coordinates": [121.0768709, 14.5463885]}, "properties": {"kind": "place_of_worship"}}, {"type": "Feature", "geometry": {"type": "Point", "coordinates": [121.0790646, 14.5501941]}, "properties": {"kind": "school"}}, {"type": "Feature", "geometry": {"type": "Point", "coordinates": [121.0670897, 14.5433454]}, "properties": {"kind": "school"}}, {"type": "Feature", "geometry": {"type": "Point", "coordinates": [121.0622804, 14.5440335]}, "properties": {"kind": "place_of_worship"}}, {"type": "Feature", "geometry": {"type": "Point", "coordinates": [121.0664722, 14.5385933]}, "properties": {"kind": "place_of_worship"}}, {"type": "Feature", "geometry": {"type": "Point", "coordinates": [121.0650407, 14.5397932]}, "properties": {"kind": "place_of_worship"}}, {"type": "Feature", "geometry": {"type": "Point", "coordinates": [121.053418, 14.5629006]}, "properties": {"kind": "place_of_worship"}}, {"type": "Feature", "geometry": {"type": "Point", "coordinates": [121.0842799, 14.5776154]}, "properties": {"kind": "school"}}, {"type": "Feature", "geometry": {"type": "Point", "coordinates": [121.0461305, 14.4978772]}, "properties": {"kind": "school"}}, {"type": "Feature", "geometry": {"type": "Point", "coordinates": [121.067305, 14.543531]}, "properties": {"kind": "place_of_worship"}}, {"type": "Feature", "geometry": {"type": "Point", "coordinates": [121.0310341, 14.5641982]}, "properties": {"kind": "place_of_worship"}}, {"type": "Feature", "geometry": {"type": "Point", "coordinates": [121.0309216, 14.5639925]}, "properties": {"kind": "place_of_worship"}}, {"type": "Feature", "geometry": {"type": "Point", "coordinates": [121.0669185, 14.541149]}, "properties": {"kind": "school"}}, {"type": "Feature", "geometry": {"type": "Point", "coordinates": [121.0861052, 14.5681954]}, "properties": {"kind": "hospital"}}, {"type": "Feature", "geometry": {"type": "Point", "coordinates": [121.080494, 14.5639188]}, "properties": {"kind": "place_of_worship"}}, {"type": "Feature", "geometry": {"type": "Point", "coordinates": [121.0759396, 14.5533117]}, "properties": {"kind": "place_of_worship"}}, {"type": "Feature", "geometry": {"type": "Point", "coordinates": [121.052449, 14.5492306]}, "properties": {"kind": "marketplace"}}, {"type": "Feature", "geometry": {"type": "Point", "coordinates": [121.0504972, 14.5818038]}, "properties": {"kind": "bus_stop"}}, {"type": "Feature", "geometry": {"type": "Point", "coordinates": [121.1067127, 14.5434247]}, "properties": {"kind": "place_of_worship"}}, {"type": "Feature", "geometry": {"type": "Point", "coordinates": [121.048365, 14.5829668]}, "properties": {"kind": "place_of_worship"}}, {"type": "Feature", "geometry": {"type": "Point", "coordinates": [121.0438408, 14.5544405]}, "properties": {"kind": "bus_stop"}}, {"type": "Feature", "geometry": {"type": "Point", "coordinates": [121.0615027, 14.5747624]}, "properties": {"kind": "bus_stop"}}, {"type": "Feature", "geometry": {"type": "Point", "coordinates": [121.0721142, 14.5519232]}, "properties": {"kind": "place_of_worship"}}, {"type": "Feature", "geometry": {"type": "Point", "coordinates": [121.0443598, 14.5532249]}, "properties": {"kind": "school"}}, {"type": "Feature", "geometry": {"type": "Point", "coordinates": [121.0439753, 14.5548663]}, "properties": {"kind": "school"}}, {"type": "Feature", "geometry": {"type": "Point", "coordinates": [121.0538792, 14.545812]}, "properties": {"kind": "place_of_worship"}}, {"type": "Feature", "geometry": {"type": "Point", "coordinates": [121.0629018, 14.5555138]}, "properties": {"kind": "bus_stop"}}, {"type": "Feature", "geometry": {"type": "Point", "coordinates": [121.0352059, 14.5077644]}, "properties": {"kind": "bus_stop"}}, {"type": "Feature", "geometry": {"type": "Point", "coordinates": [121.0590118, 14.5615383]}, "properties": {"kind": "marketplace"}}, {"type": "Feature", "geometry": {"type": "Point", "coordinates": [121.0459215, 14.5660856]}, "properties": {"kind": "marketplace"}}, {"type": "Feature", "geometry": {"type": "Point", "coordinates": [121.0465462, 14.5534171]}, "properties": {"kind": "bus_stop"}}, {"type": "Feature", "geometry": {"type": "Point", "coordinates": [121.0465211, 14.5533431]}, "properties": {"kind": "bus_stop"}}, {"type": "Feature", "geometry": {"type": "Point", "coordinates": [121.0355638, 14.5064018]}, "properties": {"kind": "station"}}, {"type": "Feature", "geometry": {"type": "Point", "coordinates": [121.0610286, 14.5799407]}, "properties": {"kind": "place_of_worship"}}, {"type": "Feature", "geometry": {"type": "Point", "coordinates": [121.0435911, 14.5598152]}, "properties": {"kind": "school"}}, {"type": "Feature", "geometry": {"type": "Point", "coordinates": [121.0563608, 14.5488737]}, "properties": {"kind": "bus_stop"}}, {"type": "Feature", "geometry": {"type": "Point", "coordinates": [121.0473205, 14.5490168]}, "properties": {"kind": "bus_stop"}}, {"type": "Feature", "geometry": {"type": "Point", "coordinates": [121.0379637, 14.5004932]}, "properties": {"kind": "place_of_worship"}}, {"type": "Feature", "geometry": {"type": "Point", "coordinates": [121.0516105, 14.5069713]}, "properties": {"kind": "place_of_worship"}}, {"type": "Feature", "geometry": {"type": "Point", "coordinates": [121.1090012, 14.5698159]}, "properties": {"kind": "place_of_worship"}}, {"type": "Feature", "geometry": {"type": "Point", "coordinates": [121.0446702, 14.4950498]}, "properties": {"kind": "school"}}, {"type": "Feature", "geometry": {"type": "Point", "coordinates": [121.0638528, 14.5541191]}, "properties": {"kind": "school"}}, {"type": "Feature", "geometry": {"type": "Point", "coordinates": [121.0411786, 14.5763596]}, "properties": {"kind": "place_of_worship"}}, {"type": "Feature", "geometry": {"type": "Point", "coordinates": [121.060177, 14.5131019]}, "properties": {"kind": "school"}}, {"type": "Feature", "geometry": {"type": "Point", "coordinates": [121.0627995, 14.5475616]}, "properties": {"kind": "school"}}, {"type": "Feature", "geometry": {"type": "Point", "coordinates": [121.0766778, 14.5610576]}, "properties": {"kind": "school"}}, {"type": "Feature", "geometry": {"type": "Point", "coordinates": [121.0870133, 14.5610655]}, "properties": {"kind": "place_of_worship"}}, {"type": "Feature", "geometry": {"type": "Point", "coordinates": [121.0528939, 14.5145113]}, "properties": {"kind": "school"}}, {"type": "Feature", "geometry": {"type": "Point", "coordinates": [121.0475357, 14.5442798]}, "properties": {"kind": "school"}}, {"type": "Feature", "geometry": {"type": "Point", "coordinates": [121.1091754, 14.5610239]}, "properties": {"kind": "place_of_worship"}}, {"type": "Feature", "geometry": {"type": "Point", "coordinates": [121.0809728, 14.5897542]}, "properties": {"kind": "bus_stop"}}, {"type": "Feature", "geometry": {"type": "Point", "coordinates": [121.0501066, 14.5528868]}, "properties": {"kind": "bus_stop"}}, {"type": "Feature", "geometry": {"type": "Point", "coordinates": [121.0512573, 14.5517828]}, "properties": {"kind": "bus_stop"}}, {"type": "Feature", "geometry": {"type": "Point", "coordinates": [121.0554573, 14.5600573]}, "properties": {"kind": "bus_stop"}}, {"type": "Feature", "geometry": {"type": "Point", "coordinates": [121.0475292, 14.5444305]}, "properties": {"kind": "school"}}, {"type": "Feature", "geometry": {"type": "Point", "coordinates": [121.0534132, 14.5730997]}, "properties": {"kind": "marketplace"}}, {"type": "Feature", "geometry": {"type": "Point", "coordinates": [121.0707095, 14.5726315]}, "properties": {"kind": "school"}}, {"type": "Feature", "geometry": {"type": "Point", "coordinates": [121.0604977, 14.5114722]}, "properties": {"kind": "place_of_worship"}}, {"type": "Feature", "geometry": {"type": "Point", "coordinates": [121.1008184, 14.5721426]}, "properties": {"kind": "place_of_worship"}}, {"type": "Feature", "geometry": {"type": "Point", "coordinates": [121.0339698, 14.5195879]}, "properties": {"kind": "place_of_worship"}}, {"type": "Feature", "geometry": {"type": "Point", "coordinates": [121.0577568, 14.5775853]}, "properties": {"kind": "bus_stop"}}, {"type": "Feature", "geometry": {"type": "Point", "coordinates": [121.0780984, 14.5605777]}, "properties": {"kind": "bus_stop"}}, {"type": "Feature", "geometry": {"type": "Point", "coordinates": [121.0576957, 14.5779073]}, "properties": {"kind": "bus_stop"}}, {"type": "Feature", "geometry": {"type": "Point", "coordinates": [121.0458165, 14.5542379]}, "properties": {"kind": "bus_stop"}}, {"type": "Feature", "geometry": {"type": "Point", "coordinates": [121.1076744, 14.5780181]}, "properties": {"kind": "place_of_worship"}}, {"type": "Feature", "geometry": {"type": "Point", "coordinates": [121.0574826, 14.5260892]}, "properties": {"kind": "place_of_worship"}}, {"type": "Feature", "geometry": {"type": "Point", "coordinates": [121.0619264, 14.4936897]}, "properties": {"kind": "place_of_worship"}}, {"type": "Feature", "geometry": {"type": "Point", "coordinates": [121.0325924, 14.5575864]}, "properties": {"kind": "bus_stop"}}, {"type": "Feature", "geometry": {"type": "Point", "coordinates": [121.0593706, 14.5412851]}, "properties": {"kind": "marketplace"}}, {"type": "Feature", "geometry": {"type": "Point", "coordinates": [121.0561006, 14.5456149]}, "properties": {"kind": "marketplace"}}, {"type": "Feature", "geometry": {"type": "Point", "coordinates": [121.0646382, 14.5766336]}, "properties": {"kind": "place_of_worship"}}, {"type": "Feature", "geometry": {"type": "Point", "coordinates": [121.0338509, 14.51126]}, "properties": {"kind": "bus_stop"}}, {"type": "Feature", "geometry": {"type": "Point", "coordinates": [121.0503525, 14.4965412]}, "properties": {"kind": "school"}}, {"type": "Feature", "geometry": {"type": "Point", "coordinates": [121.0575516, 14.5845325]}, "properties": {"kind": "place_of_worship"}}, {"type": "Feature", "geometry": {"type": "Point", "coordinates": [121.0545952, 14.5494477]}, "properties": {"kind": "station"}}, {"type": "Feature", "geometry": {"type": "Point", "coordinates": [121.0526043, 14.5326663]}, "properties": {"kind": "bus_stop"}}, {"type": "Feature", "geometry": {"type": "Point", "coordinates": [121.0422861, 14.5284533]}, "properties": {"kind": "school"}}, {"type": "Feature", "geometry": {"type": "Point", "coordinates": [121.0460508, 14.565282]}, "properties": {"kind": "bus_stop"}}, {"type": "Feature", "geometry": {"type": "Point", "coordinates": [121.088942, 14.5560537]}, "properties": {"kind": "school"}}, {"type": "Feature", "geometry": {"type": "Point", "coordinates": [121.1016827, 14.588705]}, "properties": {"kind": "place_of_worship"}}, {"type": "Feature", "geometry": {"type": "Point", "coordinates": [121.0805913, 14.5412522]}, "properties": {"kind": "school"}}, {"type": "Feature", "geometry": {"type": "Point", "coordinates": [121.0807375, 14.5412087]}, "properties": {"kind": "place_of_worship"}}, {"type": "Feature", "geometry": {"type": "Point", "coordinates": [121.0810587, 14.5411983]}, "properties": {"kind": "school"}}, {"type": "Feature", "geometry": {"type": "Point", "coordinates": [121.0821544, 14.5421291]}, "properties": {"kind": "school"}}, {"type": "Feature", "geometry": {"type": "Point", "coordinates": [121.0800247, 14.5410016]}, "properties": {"kind": "school"}}, {"type": "Feature", "geometry": {"type": "Point", "coordinates": [121.1006455, 14.58753]}, "properties": {"kind": "school"}}, {"type": "Feature", "geometry": {"type": "Point", "coordinates": [121.0726853, 14.5267188]}, "properties": {"kind": "place_of_worship"}}, {"type": "Feature", "geometry": {"type": "Point", "coordinates": [121.0732411, 14.5257588]}, "properties": {"kind": "place_of_worship"}}, {"type": "Feature", "geometry": {"type": "Point", "coordinates": [121.069239, 14.525871]}, "properties": {"kind": "marketplace"}}, {"type": "Feature", "geometry": {"type": "Point", "coordinates": [121.0716256, 14.5274578]}, "properties": {"kind": "school"}}, {"type": "Feature", "geometry": {"type": "Point", "coordinates": [121.0850093, 14.5422622]}, "properties": {"kind": "place_of_worship"}}, {"type": "Feature", "geometry": {"type": "Point", "coordinates": [121.0783142, 14.5333569]}, "properties": {"kind": "school"}}, {"type": "Feature", "geometry": {"type": "Point", "coordinates": [121.076867, 14.53239]}, "properties": {"kind": "marketplace"}}, {"type": "Feature", "geometry": {"type": "Point", "coordinates": [121.082305, 14.531176]}, "properties": {"kind": "marketplace"}}, {"type": "Feature", "geometry": {"type": "Point", "coordinates": [121.107586, 14.5632523]}, "properties": {"kind": "place_of_worship"}}, {"type": "Feature", "geometry": {"type": "Point", "coordinates": [121.0754327, 14.5620963]}, "properties": {"kind": "place_of_worship"}}, {"type": "Feature", "geometry": {"type": "Point", "coordinates": [121.037597, 14.5028846]}, "properties": {"kind": "bus_stop"}}, {"type": "Feature", "geometry": {"type": "Point", "coordinates": [121.0721851, 14.531803]}, "properties": {"kind": "bus_stop"}}, {"type": "Feature", "geometry": {"type": "Point", "coordinates": [121.0681945, 14.5542889]}, "properties": {"kind": "school"}}, {"type": "Feature", "geometry": {"type": "Point", "coordinates": [121.0508716, 14.4940723]}, "properties": {"kind": "place_of_worship"}}, {"type": "Feature", "geometry": {"type": "Point", "coordinates": [121.0493292, 14.4945207]}, "properties": {"kind": "place_of_worship"}}, {"type": "Feature", "geometry": {"type": "Point", "coordinates": [121.0497835, 14.4947357]}, "properties": {"kind": "place_of_worship"}}, {"type": "Feature", "geometry": {"type": "Point", "coordinates": [121.0507244, 14.4976912]}, "properties": {"kind": "place_of_worship"}}, {"type": "Feature", "geometry": {"type": "Point", "coordinates": [121.0509142, 14.5000944]}, "properties": {"kind": "school"}}, {"type": "Feature", "geometry": {"type": "Point", "coordinates": [121.0503986, 14.5011474]}, "properties": {"kind": "marketplace"}}, {"type": "Feature", "geometry": {"type": "Point", "coordinates": [121.0477534, 14.4961544]}, "properties": {"kind": "place_of_worship"}}, {"type": "Feature", "geometry": {"type": "Point", "coordinates": [121.0478011, 14.4959762]}, "properties": {"kind": "school"}}, {"type": "Feature", "geometry": {"type": "Point", "coordinates": [121.0478749, 14.4953782]}, "properties": {"kind": "school"}}, {"type": "Feature", "geometry": {"type": "Point", "coordinates": [121.048707, 14.4978798]}, "properties": {"kind": "school"}}, {"type": "Feature", "geometry": {"type": "Point", "coordinates": [121.0489588, 14.4980511]}, "properties": {"kind": "school"}}, {"type": "Feature", "geometry": {"type": "Point", "coordinates": [121.0499644, 14.4982716]}, "properties": {"kind": "school"}}, {"type": "Feature", "geometry": {"type": "Point", "coordinates": [121.0497958, 14.4991582]}, "properties": {"kind": "marketplace"}}, {"type": "Feature", "geometry": {"type": "Point", "coordinates": [121.0513519, 14.5004933]}, "properties": {"kind": "school"}}, {"type": "Feature", "geometry": {"type": "Point", "coordinates": [121.0492501, 14.4935822]}, "properties": {"kind": "place_of_worship"}}, {"type": "Feature", "geometry": {"type": "Point", "coordinates": [121.05148, 14.4938568]}, "properties": {"kind": "marketplace"}}, {"type": "Feature", "geometry": {"type": "Point", "coordinates": [121.0493939, 14.4930038]}, "properties": {"kind": "place_of_worship"}}, {"type": "Feature", "geometry": {"type": "Point", "coordinates": [121.0622825, 14.4956703]}, "properties": {"kind": "school"}}, {"type": "Feature", "geometry": {"type": "Point", "coordinates": [121.0586377, 14.5051341]}, "properties": {"kind": "marketplace"}}, {"type": "Feature", "geometry": {"type": "Point", "coordinates": [121.0580118, 14.5051761]}, "properties": {"kind": "school"}}, {"type": "Feature", "geometry": {"type": "Point", "coordinates": [121.0578986, 14.5051174]}, "properties": {"kind": "marketplace"}}, {"type": "Feature", "geometry": {"type": "Point", "coordinates": [121.0588722, 14.5066875]}, "properties": {"kind": "school"}}, {"type": "Feature", "geometry": {"type": "Point", "coordinates": [121.0563337, 14.5068171]}, "properties": {"kind": "school"}}, {"type": "Feature", "geometry": {"type": "Point", "coordinates": [121.0517179, 14.5071087]}, "properties": {"kind": "marketplace"}}, {"type": "Feature", "geometry": {"type": "Point", "coordinates": [121.0629069, 14.4976821]}, "properties": {"kind": "place_of_worship"}}, {"type": "Feature", "geometry": {"type": "Point", "coordinates": [121.0606688, 14.5087298]}, "properties": {"kind": "place_of_worship"}}, {"type": "Feature", "geometry": {"type": "Point", "coordinates": [121.0637048, 14.5079475]}, "properties": {"kind": "school"}}, {"type": "Feature", "geometry": {"type": "Point", "coordinates": [121.0610365, 14.5113627]}, "properties": {"kind": "school"}}, {"type": "Feature", "geometry": {"type": "Point", "coordinates": [121.0653495, 14.5066337]}, "properties": {"kind": "school"}}, {"type": "Feature", "geometry": {"type": "Point", "coordinates": [121.0654911, 14.5087841]}, "properties": {"kind": "marketplace"}}, {"type": "Feature", "geometry": {"type": "Point", "coordinates": [121.0635632, 14.5124889]}, "properties": {"kind": "place_of_worship"}}, {"type": "Feature", "geometry": {"type": "Point", "coordinates": [121.0722999, 14.5306204]}, "properties": {"kind": "place_of_worship"}}, {"type": "Feature", "geometry": {"type": "Point", "coordinates": [121.0824456, 14.5379523]}, "properties": {"kind": "place_of_worship"}}, {"type": "Feature", "geometry": {"type": "Point", "coordinates": [121.0577397, 14.5154843]}, "properties": {"kind": "marketplace"}}, {"type": "Feature", "geometry": {"type": "Point", "coordinates": [121.0578009, 14.515599]}, "properties": {"kind": "marketplace"}}, {"type": "Feature", "geometry": {"type": "Point", "coordinates": [121.0577946, 14.5159546]}, "properties": {"kind": "marketplace"}}, {"type": "Feature", "geometry": {"type": "Point", "coordinates": [121.0611853, 14.5168834]}, "properties": {"kind": "marketplace"}}, {"type": "Feature", "geometry": {"type": "Point", "coordinates": [121.0609867, 14.5146841]}, "properties": {"kind": "marketplace"}}, {"type": "Feature", "geometry": {"type": "Point", "coordinates": [121.0601308, 14.5134699]}, "properties": {"kind": "place_of_worship"}}, {"type": "Feature", "geometry": {"type": "Point", "coordinates": [121.0592641, 14.5134263]}, "properties": {"kind": "school"}}, {"type": "Feature", "geometry": {"type": "Point", "coordinates": [121.0570977, 14.5161517]}, "properties": {"kind": "place_of_worship"}}, {"type": "Feature", "geometry": {"type": "Point", "coordinates": [121.0560327, 14.5174932]}, "properties": {"kind": "school"}}, {"type": "Feature", "geometry": {"type": "Point", "coordinates": [121.0411071, 14.527222]}, "properties": {"kind": "school"}}, {"type": "Feature", "geometry": {"type": "Point", "coordinates": [121.0410749, 14.5246855]}, "properties": {"kind": "marketplace"}}, {"type": "Feature", "geometry": {"type": "Point", "coordinates": [121.0365783, 14.5222498]}, "properties": {"kind": "school"}}, {"type": "Feature", "geometry": {"type": "Point", "coordinates": [121.0306046, 14.5194092]}, "properties": {"kind": "school"}}, {"type": "Feature", "geometry": {"type": "Point", "coordinates": [121.0457139, 14.5160962]}, "properties": {"kind": "place_of_worship"}}, {"type": "Feature", "geometry": {"type": "Point", "coordinates": [121.0432271, 14.5146739]}, "properties": {"kind": "school"}}, {"type": "Feature", "geometry": {"type": "Point", "coordinates": [121.0510904, 14.5174189]}, "properties": {"kind": "marketplace"}}, {"type": "Feature", "geometry": {"type": "Point", "coordinates": [121.0408967, 14.5121371]}, "properties": {"kind": "school"}}, {"type": "Feature", "geometry": {"type": "Point", "coordinates": [121.0901565, 14.5368226]}, "properties": {"kind": "school"}}, {"type": "Feature", "geometry": {"type": "Point", "coordinates": [121.1006673, 14.5341797]}, "properties": {"kind": "marketplace"}}, {"type": "Feature", "geometry": {"type": "Point", "coordinates": [121.0593935, 14.5211681]}, "properties": {"kind": "marketplace"}}, {"type": "Feature", "geometry": {"type": "Point", "coordinates": [121.0596846, 14.5211353]}, "properties": {"kind": "marketplace"}}, {"type": "Feature", "geometry": {"type": "Point", "coordinates": [121.0601118, 14.5210344]}, "properties": {"kind": "marketplace"}}, {"type": "Feature", "geometry": {"type": "Point", "coordinates": [121.0605794, 14.5201724]}, "properties": {"kind": "school"}}, {"type": "Feature", "geometry": {"type": "Point", "coordinates": [121.058339, 14.5201201]}, "properties": {"kind": "school"}}, {"type": "Feature", "geometry": {"type": "Point", "coordinates": [121.0605079, 14.5186969]}, "properties": {"kind": "school"}}, {"type": "Feature", "geometry": {"type": "Point", "coordinates": [121.0579871, 14.5155112]}, "properties": {"kind": "school"}}, {"type": "Feature", "geometry": {"type": "Point", "coordinates": [121.061074, 14.5158732]}, "properties": {"kind": "marketplace"}}, {"type": "Feature", "geometry": {"type": "Point", "coordinates": [121.0608655, 14.5142358]}, "properties": {"kind": "marketplace"}}, {"type": "Feature", "geometry": {"type": "Point", "coordinates": [121.0609388, 14.5148556]}, "properties": {"kind": "marketplace"}}, {"type": "Feature", "geometry": {"type": "Point", "coordinates": [121.0544499, 14.522136]}, "properties": {"kind": "school"}}, {"type": "Feature", "geometry": {"type": "Point", "coordinates": [121.0565251, 14.52636]}, "properties": {"kind": "school"}}, {"type": "Feature", "geometry": {"type": "Point", "coordinates": [121.0563826, 14.5248556]}, "properties": {"kind": "marketplace"}}, {"type": "Feature", "geometry": {"type": "Point", "coordinates": [121.0600089, 14.5249959]}, "properties": {"kind": "school"}}, {"type": "Feature", "geometry": {"type": "Point", "coordinates": [121.0591022, 14.5249141]}, "properties": {"kind": "school"}}, {"type": "Feature", "geometry": {"type": "Point", "coordinates": [121.0578786, 14.5248361]}, "properties": {"kind": "place_of_worship"}}, {"type": "Feature", "geometry": {"type": "Point", "coordinates": [121.055819, 14.5238777]}, "properties": {"kind": "school"}}, {"type": "Feature", "geometry": {"type": "Point", "coordinates": [121.055918, 14.5241886]}, "properties": {"kind": "school"}}, {"type": "Feature", "geometry": {"type": "Point", "coordinates": [121.0572657, 14.5327946]}, "properties": {"kind": "marketplace"}}, {"type": "Feature", "geometry": {"type": "Point", "coordinates": [121.0780964, 14.5247659]}, "properties": {"kind": "marketplace"}}, {"type": "Feature", "geometry": {"type": "Point", "coordinates": [121.0743957, 14.5256654]}, "properties": {"kind": "marketplace"}}, {"type": "Feature", "geometry": {"type": "Point", "coordinates": [121.0668246, 14.5550101]}, "properties": {"kind": "place_of_worship"}}, {"type": "Feature", "geometry": {"type": "Point", "coordinates": [121.0798892, 14.5485597]}, "properties": {"kind": "place_of_worship"}}, {"type": "Feature", "geometry": {"type": "Point", "coordinates": [121.0760052, 14.552616]}, "properties": {"kind": "place_of_worship"}}, {"type": "Feature", "geometry": {"type": "Point", "coordinates": [121.0694056, 14.5634963]}, "properties": {"kind": "marketplace"}}, {"type": "Feature", "geometry": {"type": "Point", "coordinates": [121.0779619, 14.5621656]}, "properties": {"kind": "place_of_worship"}}, {"type": "Feature", "geometry": {"type": "Point", "coordinates": [121.0827752, 14.5614879]}, "properties": {"kind": "place_of_worship"}}, {"type": "Feature", "geometry": {"type": "Point", "coordinates": [121.0753382, 14.5588307]}, "properties": {"kind": "place_of_worship"}}, {"type": "Feature", "geometry": {"type": "Point", "coordinates": [121.0798712, 14.5640373]}, "properties": {"kind": "place_of_worship"}}, {"type": "Feature", "geometry": {"type": "Point", "coordinates": [121.0766448, 14.5577464]}, "properties": {"kind": "school"}}, {"type": "Feature", "geometry": {"type": "Point", "coordinates": [121.0778732, 14.558112]}, "properties": {"kind": "school"}}, {"type": "Feature", "geometry": {"type": "Point", "coordinates": [121.0819139, 14.5577845]}, "properties": {"kind": "place_of_worship"}}, {"type": "Feature", "geometry": {"type": "Point", "coordinates": [121.0802083, 14.5593577]}, "properties": {"kind": "school"}}, {"type": "Feature", "geometry": {"type": "Point", "coordinates": [121.0824468, 14.5523129]}, "properties": {"kind": "place_of_worship"}}, {"type": "Feature", "geometry": {"type": "Point", "coordinates": [121.0885412, 14.5651496]}, "properties": {"kind": "place_of_worship"}}, {"type": "Feature", "geometry": {"type": "Point", "coordinates": [121.0925565, 14.564432]}, "properties": {"kind": "place_of_worship"}}, {"type": "Feature", "geometry": {"type": "Point", "coordinates": [121.0829806, 14.5697699]}, "properties": {"kind": "place_of_worship"}}, {"type": "Feature", "geometry": {"type": "Point", "coordinates": [121.0825977, 14.5699372]}, "properties": {"kind": "school"}}, {"type": "Feature", "geometry": {"type": "Point", "coordinates": [121.0831014, 14.5676985]}, "properties": {"kind": "place_of_worship"}}, {"type": "Feature", "geometry": {"type": "Point", "coordinates": [121.084589, 14.5655609]}, "properties": {"kind": "school"}}, {"type": "Feature", "geometry": {"type": "Point", "coordinates": [121.0845931, 14.5655432]}, "properties": {"kind": "place_of_worship"}}, {"type": "Feature", "geometry": {"type": "Point", "coordinates": [121.1018217, 14.5833981]}, "properties": {"kind": "place_of_worship"}}, {"type": "Feature", "geometry": {"type": "Point", "coordinates": [121.100635, 14.5785967]}, "properties": {"kind": "place_of_worship"}}, {"type": "Feature", "geometry": {"type": "Point", "coordinates": [121.0974324, 14.5878724]}, "properties": {"kind": "school"}}, {"type": "Feature", "geometry": {"type": "Point", "coordinates": [121.0348588, 14.5870047]}, "properties": {"kind": "bus_stop"}}, {"type": "Feature", "geometry": {"type": "Point", "coordinates": [121.0353611, 14.5872877]}, "properties": {"kind": "bus_stop"}}, {"type": "Feature", "geometry": {"type": "Point", "coordinates": [121.0329893, 14.5866724]}, "properties": {"kind": "bus_stop"}}, {"type": "Feature", "geometry": {"type": "Point", "coordinates": [121.0375628, 14.5861572]}, "properties": {"kind": "place_of_worship"}}, {"type": "Feature", "geometry": {"type": "Point", "coordinates": [121.0849881, 14.589226]}, "properties": {"kind": "marketplace"}}, {"type": "Feature", "geometry": {"type": "Point", "coordinates": [121.0461268, 14.5777169]}, "properties": {"kind": "school"}}, {"type": "Feature", "geometry": {"type": "Point", "coordinates": [121.045707, 14.5823037]}, "properties": {"kind": "place_of_worship"}}, {"type": "Feature", "geometry": {"type": "Point", "coordinates": [121.0790131, 14.5760576]}, "properties": {"kind": "place_of_worship"}}, {"type": "Feature", "geometry": {"type": "Point", "coordinates": [121.0417695, 14.529674]}, "properties": {"kind": "school"}}, {"type": "Feature", "geometry": {"type": "Point", "coordinates": [121.1098524, 14.5421798]}, "properties": {"kind": "place_of_worship"}}, {"type": "Feature", "geometry": {"type": "Point", "coordinates": [121.0762373, 14.5603849]}, "properties": {"kind": "bus_stop"}}, {"type": "Feature", "geometry": {"type": "Point", "coordinates": [121.0325166, 14.5593154]}, "properties": {"kind": "school"}}, {"type": "Feature", "geometry": {"type": "Point", "coordinates": [121.0530161, 14.5552193]}, "properties": {"kind": "bus_stop"}}, {"type": "Feature", "geometry": {"type": "Point", "coordinates": [121.0771464, 14.5581142]}, "properties": {"kind": "place_of_worship"}}, {"type": "Feature", "geometry": {"type": "Point", "coordinates": [121.0594751, 14.548397]}, "properties": {"kind": "school"}}, {"type": "Feature", "geometry": {"type": "Point", "coordinates": [121.0843598, 14.5593537]}, "properties": {"kind": "bus_station"}}, {"type": "Feature", "geometry": {"type": "Point", "coordinates": [121.08495, 14.5581364]}, "properties": {"kind": "bus_stop"}}, {"type": "Feature", "geometry": {"type": "Point", "coordinates": [121.1064711, 14.5694851]}, "properties": {"kind": "marketplace"}}, {"type": "Feature", "geometry": {"type": "Point", "coordinates": [121.0554984, 14.5848294]}, "properties": {"kind": "bus_stop"}}, {"type": "Feature", "geometry": {"type": "Point", "coordinates": [121.0415556, 14.5069726]}, "properties": {"kind": "bus_stop"}}, {"type": "Feature", "geometry": {"type": "Point", "coordinates": [121.0416959, 14.5070444]}, "properties": {"kind": "bus_stop"}}, {"type": "Feature", "geometry": {"type": "Point", "coordinates": [121.0417427, 14.5070684]}, "properties": {"kind": "bus_stop"}}, {"type": "Feature", "geometry": {"type": "Point", "coordinates": [121.0416024, 14.5069966]}, "properties": {"kind": "bus_stop"}}, {"type": "Feature", "geometry": {"type": "Point", "coordinates": [121.0416492, 14.5070205]}, "properties": {"kind": "bus_stop"}}, {"type": "Feature", "geometry": {"type": "Point", "coordinates": [121.0415088, 14.5069487]}, "properties": {"kind": "bus_stop"}}, {"type": "Feature", "geometry": {"type": "Point", "coordinates": [121.0414152, 14.5069008]}, "properties": {"kind": "bus_stop"}}, {"type": "Feature", "geometry": {"type": "Point", "coordinates": [121.041462, 14.5069247]}, "properties": {"kind": "bus_stop"}}, {"type": "Feature", "geometry": {"type": "Point", "coordinates": [121.0413216, 14.5068529]}, "properties": {"kind": "bus_stop"}}, {"type": "Feature", "geometry": {"type": "Point", "coordinates": [121.0413684, 14.5068768]}, "properties": {"kind": "bus_stop"}}, {"type": "Feature", "geometry": {"type": "Point", "coordinates": [121.0420324, 14.5068353]}, "properties": {"kind": "bus_stop"}}, {"type": "Feature", "geometry": {"type": "Point", "coordinates": [121.0419857, 14.5068114]}, "properties": {"kind": "bus_stop"}}, {"type": "Feature", "geometry": {"type": "Point", "coordinates": [121.0419389, 14.5067874]}, "properties": {"kind": "bus_stop"}}, {"type": "Feature", "geometry": {"type": "Point", "coordinates": [121.0418921, 14.5067635]}, "properties": {"kind": "bus_stop"}}, {"type": "Feature", "geometry": {"type": "Point", "coordinates": [121.0418453, 14.5067395]}, "properties": {"kind": "bus_stop"}}, {"type": "Feature", "geometry": {"type": "Point", "coordinates": [121.0417985, 14.5067156]}, "properties": {"kind": "bus_stop"}}, {"type": "Feature", "geometry": {"type": "Point", "coordinates": [121.0417517, 14.5066916]}, "properties": {"kind": "bus_stop"}}, {"type": "Feature", "geometry": {"type": "Point", "coordinates": [121.0417049, 14.5066677]}, "properties": {"kind": "bus_stop"}}, {"type": "Feature", "geometry": {"type": "Point", "coordinates": [121.0416581, 14.5066437]}, "properties": {"kind": "bus_stop"}}, {"type": "Feature", "geometry": {"type": "Point", "coordinates": [121.0415925, 14.5066068]}, "properties": {"kind": "bus_stop"}}, {"type": "Feature", "geometry": {"type": "Point", "coordinates": [121.0756902, 14.5812203]}, "properties": {"kind": "bus_stop"}}, {"type": "Feature", "geometry": {"type": "Point", "coordinates": [121.0789458, 14.5863087]}, "properties": {"kind": "bus_stop"}}, {"type": "Feature", "geometry": {"type": "Point", "coordinates": [121.0501317, 14.5479212]}, "properties": {"kind": "bus_stop"}}, {"type": "Feature", "geometry": {"type": "Point", "coordinates": [121.0478548, 14.5464157]}, "properties": {"kind": "bus_stop"}}, {"type": "Feature", "geometry": {"type": "Point", "coordinates": [121.0535909, 14.5569372]}, "properties": {"kind": "bus_stop"}}, {"type": "Feature", "geometry": {"type": "Point", "coordinates": [121.0558008, 14.5523496]}, "properties": {"kind": "bus_stop"}}, {"type": "Feature", "geometry": {"type": "Point", "coordinates": [121.0540427, 14.5588104]}, "properties": {"kind": "bus_stop"}}, {"type": "Feature", "geometry": {"type": "Point", "coordinates": [121.056858, 14.5600952]}, "properties": {"kind": "bus_stop"}}, {"type": "Feature", "geometry": {"type": "Point", "coordinates": [121.0568885, 14.5515043]}, "properties": {"kind": "bus_stop"}}, {"type": "Feature", "geometry": {"type": "Point", "coordinates": [121.0458317, 14.5454687]}, "properties": {"kind": "bus_stop"}}, {"type": "Feature", "geometry": {"type": "Point", "coordinates": [121.0485311, 14.5535091]}, "properties": {"kind": "bus_stop"}}, {"type": "Feature", "geometry": {"type": "Point", "coordinates": [121.0467715, 14.5591105]}, "properties": {"kind": "bus_stop"}}, {"type": "Feature", "geometry": {"type": "Point", "coordinates": [121.0465586, 14.5592362]}, "properties": {"kind": "bus_stop"}}, {"type": "Feature", "geometry": {"type": "Point", "coordinates": [121.0534674, 14.5624943]}, "properties": {"kind": "bus_stop"}}, {"type": "Feature", "geometry": {"type": "Point", "coordinates": [121.0547254, 14.5617438]}, "properties": {"kind": "bus_stop"}}, {"type": "Feature", "geometry": {"type": "Point", "coordinates": [121.0625339, 14.5565706]}, "properties": {"kind": "bus_stop"}}, {"type": "Feature", "geometry": {"type": "Point", "coordinates": [121.0500408, 14.5714906]}, "properties": {"kind": "bus_stop"}}, {"type": "Feature", "geometry": {"type": "Point", "coordinates": [121.0515609, 14.5736855]}, "properties": {"kind": "bus_stop"}}, {"type": "Feature", "geometry": {"type": "Point", "coordinates": [121.0544389, 14.5728288]}, "properties": {"kind": "bus_stop"}}, {"type": "Feature", "geometry": {"type": "Point", "coordinates": [121.0500951, 14.571087]}, "properties": {"kind": "bus_stop"}}, {"type": "Feature", "geometry": {"type": "Point", "coordinates": [121.0407929, 14.5760968]}, "properties": {"kind": "bus_stop"}}, {"type": "Feature", "geometry": {"type": "Point", "coordinates": [121.0414102, 14.5754627]}, "properties": {"kind": "bus_stop"}}, {"type": "Feature", "geometry": {"type": "Point", "coordinates": [121.0349128, 14.5763234]}, "properties": {"kind": "bus_stop"}}, {"type": "Feature", "geometry": {"type": "Point", "coordinates": [121.03762, 14.5895536]}, "properties": {"kind": "bus_stop"}}, {"type": "Feature", "geometry": {"type": "Point", "coordinates": [121.0765669, 14.5819564]}, "properties": {"kind": "bus_stop"}}, {"type": "Feature", "geometry": {"type": "Point", "coordinates": [121.0716344, 14.5437302]}, "properties": {"kind": "place_of_worship"}}, {"type": "Feature", "geometry": {"type": "Point", "coordinates": [121.046754, 14.5361475]}, "properties": {"kind": "bus_stop"}}, {"type": "Feature", "geometry": {"type": "Point", "coordinates": [121.0455193, 14.5345279]}, "properties": {"kind": "bus_stop"}}, {"type": "Feature", "geometry": {"type": "Point", "coordinates": [121.0433034, 14.5345672]}, "properties": {"kind": "bus_stop"}}, {"type": "Feature", "geometry": {"type": "Point", "coordinates": [121.0415867, 14.5346783]}, "properties": {"kind": "bus_stop"}}, {"type": "Feature", "geometry": {"type": "Point", "coordinates": [121.0412887, 14.530743]}, "properties": {"kind": "bus_stop"}}, {"type": "Feature", "geometry": {"type": "Point", "coordinates": [121.0422678, 14.5281021]}, "properties": {"kind": "bus_stop"}}, {"type": "Feature", "geometry": {"type": "Point", "coordinates": [121.0433819, 14.5257755]}, "properties": {"kind": "bus_stop"}}, {"type": "Feature", "geometry": {"type": "Point", "coordinates": [121.0606922, 14.5724137]}, "properties": {"kind": "school"}}, {"type": "Feature", "geometry": {"type": "Point", "coordinates": [121.0378507, 14.5024293]}, "properties": {"kind": "bus_stop"}}, {"type": "Feature", "geometry": {"type": "Point", "coordinates": [121.0382263, 14.5019086]}, "properties": {"kind": "bus_stop"}}, {"type": "Feature", "geometry": {"type": "Point", "coordinates": [121.0405813, 14.4973519]}, "properties": {"kind": "bus_stop"}}, {"type": "Feature", "geometry": {"type": "Point", "coordinates": [121.0425808, 14.4938319]}, "properties": {"kind": "bus_stop"}}, {"type": "Feature", "geometry": {"type": "Point", "coordinates": [121.0422254, 14.4942381]}, "properties": {"kind": "bus_stop"}}, {"type": "Feature", "geometry": {"type": "Point", "coordinates": [121.0775635, 14.5263534]}, "properties": {"kind": "place_of_worship"}}, {"type": "Feature", "geometry": {"type": "Point", "coordinates": [121.0469301, 14.5383861]}, "properties": {"kind": "bus_stop"}}, {"type": "Feature", "geometry": {"type": "Point", "coordinates": [121.0514483, 14.4939723]}, "properties": {"kind": "marketplace"}}, {"type": "Feature", "geometry": {"type": "Point", "coordinates": [121.0879522, 14.585007]}, "properties": {"kind": "school"}}, {"type": "Feature", "geometry": {"type": "Point", "coordinates": [121.0358611, 14.5893646]}, "properties": {"kind": "bus_stop"}}, {"type": "Feature", "geometry": {"type": "Point", "coordinates": [121.0361463, 14.5895212]}, "properties": {"kind": "bus_stop"}}, {"type": "Feature", "geometry": {"type": "Point", "coordinates": [121.0916881, 14.5568543]}, "properties": {"kind": "place_of_worship"}}, {"type": "Feature", "geometry": {"type": "Point", "coordinates": [121.0827705, 14.5620667]}, "properties": {"kind": "school"}}, {"type": "Feature", "geometry": {"type": "Point", "coordinates": [121.0889335, 14.5627525]}, "properties": {"kind": "school"}}, {"type": "Feature", "geometry": {"type": "Point", "coordinates": [121.0695009, 14.5631757]}, "properties": {"kind": "marketplace"}}, {"type": "Feature", "geometry": {"type": "Point", "coordinates": [121.0459485, 14.5684497]}, "properties": {"kind": "bus_stop"}}, {"type": "Feature", "geometry": {"type": "Point", "coordinates": [121.0459716, 14.5683812]}, "properties": {"kind": "bus_stop"}}, {"type": "Feature", "geometry": {"type": "Point", "coordinates": [121.0644587, 14.5573367]}, "properties": {"kind": "school"}}, {"type": "Feature", "geometry": {"type": "Point", "coordinates": [121.0340045, 14.5805654]}, "properties": {"kind": "place_of_worship"}}, {"type": "Feature", "geometry": {"type": "Point", "coordinates": [121.0328834, 14.5770134]}, "properties": {"kind": "bus_stop"}}, {"type": "Feature", "geometry": {"type": "Point", "coordinates": [121.0772954, 14.5581744]}, "properties": {"kind": "school"}}, {"type": "Feature", "geometry": {"type": "Point", "coordinates": [121.0841049, 14.5558385]}, "properties": {"kind": "place_of_worship"}}, {"type": "Feature", "geometry": {"type": "Point", "coordinates": [121.0968474, 14.5519593]}, "properties": {"kind": "school"}}, {"type": "Feature", "geometry": {"type": "Point", "coordinates": [121.0638186, 14.5540673]}, "properties": {"kind": "place_of_worship"}}, {"type": "Feature", "geometry": {"type": "Point", "coordinates": [121.0795109, 14.5508091]}, "properties": {"kind": "place_of_worship"}}, {"type": "Feature", "geometry": {"type": "Point", "coordinates": [121.0792819, 14.5338165]}, "properties": {"kind": "place_of_worship"}}, {"type": "Feature", "geometry": {"type": "Point", "coordinates": [121.0514496, 14.5271541]}, "properties": {"kind": "school"}}, {"type": "Feature", "geometry": {"type": "Point", "coordinates": [121.061862, 14.5094573]}, "properties": {"kind": "school"}}, {"type": "Feature", "geometry": {"type": "Point", "coordinates": [121.0412592, 14.5888019]}, "properties": {"kind": "marketplace"}}, {"type": "Feature", "geometry": {"type": "Point", "coordinates": [121.0622777, 14.4953043]}, "properties": {"kind": "school"}}, {"type": "Feature", "geometry": {"type": "Point", "coordinates": [121.0624903, 14.4967248]}, "properties": {"kind": "school"}}, {"type": "Feature", "geometry": {"type": "Point", "coordinates": [121.0500938, 14.546628]}, "properties": {"kind": "bus_stop"}}, {"type": "Feature", "geometry": {"type": "Point", "coordinates": [121.0462247, 14.545104]}, "properties": {"kind": "bus_stop"}}, {"type": "Feature", "geometry": {"type": "Point", "coordinates": [121.0322619, 14.5334564]}, "properties": {"kind": "school"}}, {"type": "Feature", "geometry": {"type": "Point", "coordinates": [121.0581545, 14.4964184]}, "properties": {"kind": "school"}}, {"type": "Feature", "geometry": {"type": "Point", "coordinates": [121.056547, 14.5468419]}, "properties": {"kind": "bus_stop"}}, {"type": "Feature", "geometry": {"type": "Point", "coordinates": [121.0814383, 14.5605531]}, "properties": {"kind": "bus_stop"}}, {"type": "Feature", "geometry": {"type": "Point", "coordinates": [121.0558284, 14.5401694]}, "properties": {"kind": "bus_stop"}}, {"type": "Feature", "geometry": {"type": "Point", "coordinates": [121.0693536, 14.564057]}, "properties": {"kind": "bus_stop"}}, {"type": "Feature", "geometry": {"type": "Point", "coordinates": [121.030534, 14.5600051]}, "properties": {"kind": "bus_stop"}}, {"type": "Feature", "geometry": {"type": "Point", "coordinates": [121.0541082, 14.5225028]}, "properties": {"kind": "bus_stop"}}, {"type": "Feature", "geometry": {"type": "Point", "coordinates": [121.0892244, 14.5889535]}, "properties": {"kind": "bus_stop"}}, {"type": "Feature", "geometry": {"type": "Point", "coordinates": [121.0762062, 14.566949]}, "properties": {"kind": "bus_stop"}}, {"type": "Feature", "geometry": {"type": "Point", "coordinates": [121.0718565, 14.5721914]}, "properties": {"kind": "bus_stop"}}, {"type": "Feature", "geometry": {"type": "Point", "coordinates": [121.0957299, 14.5899093]}, "properties": {"kind": "bus_stop"}}, {"type": "Feature", "geometry": {"type": "Point", "coordinates": [121.0546367, 14.5228878]}, "properties": {"kind": "bus_stop"}}, {"type": "Feature", "geometry": {"type": "Point", "coordinates": [121.0877186, 14.5835315]}, "properties": {"kind": "bus_stop"}}, {"type": "Feature", "geometry": {"type": "Point", "coordinates": [121.076366, 14.5648521]}, "properties": {"kind": "bus_stop"}}, {"type": "Feature", "geometry": {"type": "Point", "coordinates": [121.0758039, 14.5639613]}, "properties": {"kind": "bus_stop"}}, {"type": "Feature", "geometry": {"type": "Point", "coordinates": [121.08277, 14.5801308]}, "properties": {"kind": "bus_stop"}}, {"type": "Feature", "geometry": {"type": "Point", "coordinates": [121.0831937, 14.5724636]}, "properties": {"kind": "bus_stop"}}, {"type": "Feature", "geometry": {"type": "Point", "coordinates": [121.0625555, 14.5895756]}, "properties": {"kind": "bus_stop"}}, {"type": "Feature", "geometry": {"type": "Point", "coordinates": [121.0310892, 14.5592183]}, "properties": {"kind": "bus_stop"}}, {"type": "Feature", "geometry": {"type": "Point", "coordinates": [121.0631598, 14.5894036]}, "properties": {"kind": "bus_stop"}}, {"type": "Feature", "geometry": {"type": "Point", "coordinates": [121.0702365, 14.5892317]}, "properties": {"kind": "bus_stop"}}, {"type": "Feature", "geometry": {"type": "Point", "coordinates": [121.0827706, 14.5600418]}, "properties": {"kind": "bus_stop"}}, {"type": "Feature", "geometry": {"type": "Point", "coordinates": [121.0825957, 14.5712217]}, "properties": {"kind": "bus_stop"}}, {"type": "Feature", "geometry": {"type": "Point", "coordinates": [121.0830013, 14.5803184]}, "properties": {"kind": "bus_stop"}}, {"type": "Feature", "geometry": {"type": "Point", "coordinates": [121.0599632, 14.5759589]}, "properties": {"kind": "bus_stop"}}, {"type": "Feature", "geometry": {"type": "Point", "coordinates": [121.0815138, 14.5779978]}, "properties": {"kind": "bus_stop"}}, {"type": "Feature", "geometry": {"type": "Point", "coordinates": [121.0765803, 14.5642156]}, "properties": {"kind": "bus_stop"}}, {"type": "Feature", "geometry": {"type": "Point", "coordinates": [121.081336, 14.5586716]}, "properties": {"kind": "bus_stop"}}, {"type": "Feature", "geometry": {"type": "Point", "coordinates": [121.0705526, 14.5666473]}, "properties": {"kind": "bus_stop"}}, {"type": "Feature", "geometry": {"type": "Point", "coordinates": [121.076207, 14.5620198]}, "properties": {"kind": "bus_stop"}}, {"type": "Feature", "geometry": {"type": "Point", "coordinates": [121.0612189, 14.5752874]}, "properties": {"kind": "bus_stop"}}, {"type": "Feature", "geometry": {"type": "Point", "coordinates": [121.0849655, 14.5894684]}, "properties": {"kind": "bus_stop"}}, {"type": "Feature", "geometry": {"type": "Point", "coordinates": [121.0623321, 14.5558015]}, "properties": {"kind": "bus_stop"}}, {"type": "Feature", "geometry": {"type": "Point", "coordinates": [121.0703796, 14.5890181]}, "properties": {"kind": "bus_stop"}}, {"type": "Feature", "geometry": {"type": "Point", "coordinates": [121.0767365, 14.5623608]}, "properties": {"kind": "bus_stop"}}, {"type": "Feature", "geometry": {"type": "Point", "coordinates": [121.0880875, 14.5843241]}, "properties": {"kind": "bus_stop"}}, {"type": "Feature", "geometry": {"type": "Point", "coordinates": [121.0548167, 14.5413099]}, "properties": {"kind": "bus_stop"}}, {"type": "Feature", "geometry": {"type": "Point", "coordinates": [121.0763635, 14.5673477]}, "properties": {"kind": "bus_stop"}}, {"type": "Feature", "geometry": {"type": "Point", "coordinates": [121.0813533, 14.5779314]}, "properties": {"kind": "bus_stop"}}, {"type": "Feature", "geometry": {"type": "Point", "coordinates": [121.0661387, 14.5889672]}, "properties": {"kind": "bus_stop"}}, {"type": "Feature", "geometry": {"type": "Point", "coordinates": [121.0696701, 14.5639445]}, "properties": {"kind": "bus_stop"}}, {"type": "Feature", "geometry": {"type": "Point", "coordinates": [121.0676074, 14.5888472]}, "properties": {"kind": "bus_stop"}}, {"type": "Feature", "geometry": {"type": "Point", "coordinates": [121.085426, 14.5767804]}, "properties": {"kind": "bus_stop"}}, {"type": "Feature", "geometry": {"type": "Point", "coordinates": [121.0576742, 14.5360333]}, "properties": {"kind": "bus_stop"}}, {"type": "Feature", "geometry": {"type": "Point", "coordinates": [121.1053254, 14.5882835]}, "properties": {"kind": "bus_stop"}}, {"type": "Feature", "geometry": {"type": "Point", "coordinates": [121.071513, 14.5720686]}, "properties": {"kind": "bus_stop"}}, {"type": "Feature", "geometry": {"type": "Point", "coordinates": [121.0600537, 14.5756125]}, "properties": {"kind": "bus_stop"}}, {"type": "Feature", "geometry": {"type": "Point", "coordinates": [121.0624757, 14.5571766]}, "properties": {"kind": "bus_stop"}}, {"type": "Feature", "geometry": {"type": "Point", "coordinates": [121.077928, 14.5609276]}, "properties": {"kind": "bus_stop"}}, {"type": "Feature", "geometry": {"type": "Point", "coordinates": [121.0742526, 14.5791015]}, "properties": {"kind": "bus_stop"}}, {"type": "Feature", "geometry": {"type": "Point", "coordinates": [121.0741229, 14.5783075]}, "properties": {"kind": "bus_stop"}}, {"type": "Feature", "geometry": {"type": "Point", "coordinates": [121.104759, 14.5887461]}, "properties": {"kind": "bus_stop"}}, {"type": "Feature", "geometry": {"type": "Point", "coordinates": [121.0890663, 14.588851]}, "properties": {"kind": "bus_stop"}}, {"type": "Feature", "geometry": {"type": "Point", "coordinates": [121.0833876, 14.5589967]}, "properties": {"kind": "bus_stop"}}, {"type": "Feature", "geometry": {"type": "Point", "coordinates": [121.0758126, 14.5648183]}, "properties": {"kind": "bus_stop"}}, {"type": "Feature", "geometry": {"type": "Point", "coordinates": [121.0649081, 14.5716946]}, "properties": {"kind": "bus_stop"}}, {"type": "Feature", "geometry": {"type": "Point", "coordinates": [121.0646465, 14.5842498]}, "properties": {"kind": "bus_stop"}}, {"type": "Feature", "geometry": {"type": "Point", "coordinates": [121.0600792, 14.5833971]}, "properties": {"kind": "bus_stop"}}, {"type": "Feature", "geometry": {"type": "Point", "coordinates": [121.0679938, 14.5842044]}, "properties": {"kind": "bus_stop"}}, {"type": "Feature", "geometry": {"type": "Point", "coordinates": [121.0653804, 14.5640214]}, "properties": {"kind": "bus_stop"}}, {"type": "Feature", "geometry": {"type": "Point", "coordinates": [121.0636548, 14.5855597]}, "properties": {"kind": "bus_stop"}}, {"type": "Feature", "geometry": {"type": "Point", "coordinates": [121.0664546, 14.5693462]}, "properties": {"kind": "bus_stop"}}, {"type": "Feature", "geometry": {"type": "Point", "coordinates": [121.0635911, 14.5789314]}, "properties": {"kind": "bus_stop"}}, {"type": "Feature", "geometry": {"type": "Point", "coordinates": [121.064981, 14.5714059]}, "properties": {"kind": "bus_stop"}}, {"type": "Feature", "geometry": {"type": "Point", "coordinates": [121.0626802, 14.5733589]}, "properties": {"kind": "bus_stop"}}, {"type": "Feature", "geometry": {"type": "Point", "coordinates": [121.0581498, 14.5791663]}, "properties": {"kind": "bus_stop"}}, {"type": "Feature", "geometry": {"type": "Point", "coordinates": [121.0656554, 14.5646908]}, "properties": {"kind": "bus_stop"}}, {"type": "Feature", "geometry": {"type": "Point", "coordinates": [121.0662889, 14.569176]}, "properties": {"kind": "bus_stop"}}, {"type": "Feature", "geometry": {"type": "Point", "coordinates": [121.0314181, 14.5279821]}, "properties": {"kind": "bus_stop"}}, {"type": "Feature", "geometry": {"type": "Point", "coordinates": [121.0456419, 14.5348558]}, "properties": {"kind": "bus_stop"}}, {"type": "Feature", "geometry": {"type": "Point", "coordinates": [121.0470939, 14.5352228]}, "properties": {"kind": "bus_stop"}}, {"type": "Feature", "geometry": {"type": "Point", "coordinates": [121.0404212, 14.5350103]}, "properties": {"kind": "bus_stop"}}, {"type": "Feature", "geometry": {"type": "Point", "coordinates": [121.0431216, 14.5348176]}, "properties": {"kind": "bus_stop"}}, {"type": "Feature", "geometry": {"type": "Point", "coordinates": [121.0940646, 14.5565962]}, "properties": {"kind": "school"}}, {"type": "Feature", "geometry": {"type": "Point", "coordinates": [121.0543343, 14.4945902]}, "properties": {"kind": "school"}}, {"type": "Feature", "geometry": {"type": "Point", "coordinates": [121.0537142, 14.4997475]}, "properties": {"kind": "school"}}, {"type": "Feature", "geometry": {"type": "Point", "coordinates": [121.051856, 14.5708365]}, "properties": {"kind": "bus_stop"}}, {"type": "Feature", "geometry": {"type": "Point", "coordinates": [121.0327383, 14.5766156]}, "properties": {"kind": "place_of_worship"}}, {"type": "Feature", "geometry": {"type": "Point", "coordinates": [121.0671333, 14.5433117]}, "properties": {"kind": "place_of_worship"}}, {"type": "Feature", "geometry": {"type": "Point", "coordinates": [121.0761998, 14.5618425]}, "properties": {"kind": "place_of_worship"}}, {"type": "Feature", "geometry": {"type": "Point", "coordinates": [121.0512475, 14.5551951]}, "properties": {"kind": "bus_stop"}}, {"type": "Feature", "geometry": {"type": "Point", "coordinates": [121.0540253, 14.558334]}, "properties": {"kind": "bus_stop"}}, {"type": "Feature", "geometry": {"type": "Point", "coordinates": [121.0469752, 14.5726948]}, "properties": {"kind": "bus_stop"}}, {"type": "Feature", "geometry": {"type": "Point", "coordinates": [121.0319824, 14.5698152]}, "properties": {"kind": "bus_stop"}}, {"type": "Feature", "geometry": {"type": "Point", "coordinates": [121.030705, 14.5717421]}, "properties": {"kind": "place_of_worship"}}, {"type": "Feature", "geometry": {"type": "Point", "coordinates": [121.0776494, 14.5840611]}, "properties": {"kind": "bus_stop"}}, {"type": "Feature", "geometry": {"type": "Point", "coordinates": [121.0563084, 14.5476158]}, "properties": {"kind": "bus_stop"}}, {"type": "Feature", "geometry": {"type": "Point", "coordinates": [121.0534794, 14.5810649]}, "properties": {"kind": "station"}}, {"type": "Feature", "geometry": {"type": "Point", "coordinates": [121.0641498, 14.5720778]}, "properties": {"kind": "bus_stop"}}, {"type": "Feature", "geometry": {"type": "Point", "coordinates": [121.0638942, 14.5723057]}, "properties": {"kind": "bus_stop"}}, {"type": "Feature", "geometry": {"type": "Point", "coordinates": [121.0691849, 14.576641]}, "properties": {"kind": "place_of_worship"}}, {"type": "Feature", "geometry": {"type": "Point", "coordinates": [121.0635987, 14.5741988]}, "properties": {"kind": "place_of_worship"}}, {"type": "Feature", "geometry": {"type": "Point", "coordinates": [121.0592856, 14.5678696]}, "properties": {"kind": "place_of_worship"}}, {"type": "Feature", "geometry": {"type": "Point", "coordinates": [121.0589579, 14.5517721]}, "properties": {"kind": "school"}}, {"type": "Feature", "geometry": {"type": "Point", "coordinates": [121.0822193, 14.5542335]}, "properties": {"kind": "place_of_worship"}}, {"type": "Feature", "geometry": {"type": "Point", "coordinates": [121.0888507, 14.5892576]}, "properties": {"kind": "school"}}, {"type": "Feature", "geometry": {"type": "Point", "coordinates": [121.0888542, 14.5893046]}, "properties": {"kind": "place_of_worship"}}, {"type": "Feature", "geometry": {"type": "Point", "coordinates": [121.1075987, 14.5438212]}, "properties": {"kind": "place_of_worship"}}, {"type": "Feature", "geometry": {"type": "Point", "coordinates": [121.0973865, 14.5385445]}, "properties": {"kind": "school"}}, {"type": "Feature", "geometry": {"type": "Point", "coordinates": [121.0631603, 14.5732346]}, "properties": {"kind": "bus_stop"}}, {"type": "Feature", "geometry": {"type": "Point", "coordinates": [121.0495743, 14.492781]}, "properties": {"kind": "school"}}, {"type": "Feature", "geometry": {"type": "Point", "coordinates": [121.0427626, 14.5745794]}, "properties": {"kind": "bus_stop"}}, {"type": "Feature", "geometry": {"type": "Point", "coordinates": [121.0427535, 14.5747474]}, "properties": {"kind": "bus_stop"}}, {"type": "Feature", "geometry": {"type": "Point", "coordinates": [121.0378184, 14.5894231]}, "properties": {"kind": "bus_stop"}}, {"type": "Feature", "geometry": {"type": "Point", "coordinates": [121.0304783, 14.5802011]}, "properties": {"kind": "bus_stop"}}, {"type": "Feature", "geometry": {"type": "Point", "coordinates": [121.0452674, 14.5877599]}, "properties": {"kind": "bus_stop"}}, {"type": "Feature", "geometry": {"type": "Point", "coordinates": [121.0443463, 14.5063602]}, "properties": {"kind": "school"}}, {"type": "Feature", "geometry": {"type": "Point", "coordinates": [121.0305118, 14.5879048]}, "properties": {"kind": "school"}}, {"type": "Feature", "geometry": {"type": "Point", "coordinates": [121.0487929, 14.5168674]}, "properties": {"kind": "bus_stop"}}, {"type": "Feature", "geometry": {"type": "Point", "coordinates": [121.0454544, 14.5625977]}, "properties": {"kind": "school"}}, {"type": "Feature", "geometry": {"type": "Point", "coordinates": [121.0452095, 14.5581534]}, "properties": {"kind": "marketplace"}}, {"type": "Feature", "geometry": {"type": "Point", "coordinates": [121.0804638, 14.5723655]}, "properties": {"kind": "place_of_worship"}}, {"type": "Feature", "geometry": {"type": "Point", "coordinates": [121.040749, 14.5159784]}, "properties": {"kind": "bus_stop"}}, {"type": "Feature", "geometry": {"type": "Point", "coordinates": [121.0778189, 14.5838068]}, "properties": {"kind": "bus_stop"}}, {"type": "Feature", "geometry": {"type": "Point", "coordinates": [121.0446465, 14.5164572]}, "properties": {"kind": "bus_stop"}}, {"type": "Feature", "geometry": {"type": "Point", "coordinates": [121.0635213, 14.5045835]}, "properties": {"kind": "place_of_worship"}}, {"type": "Feature", "geometry": {"type": "Point", "coordinates": [121.0751897, 14.5799737]}, "properties": {"kind": "bus_stop"}}, {"type": "Feature", "geometry": {"type": "Point", "coordinates": [121.036085, 14.5151021]}, "properties": {"kind": "bus_stop"}}, {"type": "Feature", "geometry": {"type": "Point", "coordinates": [121.0573988, 14.5344994]}, "properties": {"kind": "bus_stop"}}, {"type": "Feature", "geometry": {"type": "Point", "coordinates": [121.0535594, 14.5451637]}, "properties": {"kind": "bus_stop"}}, {"type": "Feature", "geometry": {"type": "Point", "coordinates": [121.0670433, 14.5453879]}, "properties": {"kind": "place_of_worship"}}, {"type": "Feature", "geometry": {"type": "Point", "coordinates": [121.0502463, 14.5785006]}, "properties": {"kind": "place_of_worship"}}, {"type": "Feature", "geometry": {"type": "Point", "coordinates": [121.0467284, 14.5758865]}, "properties": {"kind": "place_of_worship"}}, {"type": "Feature", "geometry": {"type": "Point", "coordinates": [121.05382, 14.5395027]}, "properties": {"kind": "bus_stop"}}, {"type": "Feature", "geometry": {"type": "Point", "coordinates": [121.0432637, 14.5160905]}, "properties": {"kind": "bus_stop"}}, {"type": "Feature", "geometry": {"type": "Point", "coordinates": [121.0537102, 14.5495344]}, "properties": {"kind": "school"}}, {"type": "Feature", "geometry": {"type": "Point", "coordinates": [121.054357, 14.5789647]}, "properties": {"kind": "marketplace"}}, {"type": "Feature", "geometry": {"type": "Point", "coordinates": [121.0601481, 14.5588446]}, "properties": {"kind": "bus_stop"}}, {"type": "Feature", "geometry": {"type": "Point", "coordinates": [121.0600746, 14.5586448]}, "properties": {"kind": "bus_stop"}}, {"type": "Feature", "geometry": {"type": "Point", "coordinates": [121.0566029, 14.560826]}, "properties": {"kind": "bus_stop"}}, {"type": "Feature", "geometry": {"type": "Point", "coordinates": [121.0625588, 14.5590061]}, "properties": {"kind": "marketplace"}}, {"type": "Feature", "geometry": {"type": "Point", "coordinates": [121.044329, 14.5682096]}, "properties": {"kind": "bus_stop"}}, {"type": "Feature", "geometry": {"type": "Point", "coordinates": [121.0388799, 14.567397]}, "properties": {"kind": "bus_stop"}}, {"type": "Feature", "geometry": {"type": "Point", "coordinates": [121.0393588, 14.5673973]}, "properties": {"kind": "bus_stop"}}, {"type": "Feature", "geometry": {"type": "Point", "coordinates": [121.037149, 14.5668531]}, "properties": {"kind": "bus_stop"}}, {"type": "Feature", "geometry": {"type": "Point", "coordinates": [121.0369398, 14.5667024]}, "properties": {"kind": "bus_stop"}}, {"type": "Feature", "geometry": {"type": "Point", "coordinates": [121.0349044, 14.566901]}, "properties": {"kind": "bus_stop"}}, {"type": "Feature", "geometry": {"type": "Point", "coordinates": [121.0348461, 14.5668361]}, "properties": {"kind": "bus_stop"}}, {"type": "Feature", "geometry": {"type": "Point", "coordinates": [121.0331181, 14.5674312]}, "properties": {"kind": "bus_stop"}}, {"type": "Feature", "geometry": {"type": "Point", "coordinates": [121.0331455, 14.5673047]}, "properties": {"kind": "bus_stop"}}, {"type": "Feature", "geometry": {"type": "Point", "coordinates": [121.0311834, 14.5675989]}, "properties": {"kind": "bus_stop"}}, {"type": "Feature", "geometry": {"type": "Point", "coordinates": [121.0310472, 14.5675426]}, "properties": {"kind": "bus_stop"}}, {"type": "Feature", "geometry": {"type": "Point", "coordinates": [121.0335023, 14.5307893]}, "properties": {"kind": "bus_stop"}}, {"type": "Feature", "geometry": {"type": "Point", "coordinates": [121.036943, 14.5340565]}, "properties": {"kind": "bus_stop"}}, {"type": "Feature", "geometry": {"type": "Point", "coordinates": [121.1007324, 14.5894955]}, "properties": {"kind": "bus_stop"}}, {"type": "Feature", "geometry": {"type": "Point", "coordinates": [121.0976906, 14.5897327]}, "properties": {"kind": "bus_stop"}}, {"type": "Feature", "geometry": {"type": "Point", "coordinates": [121.0472498, 14.573729]}, "properties": {"kind": "bus_stop"}}, {"type": "Feature", "geometry": {"type": "Point", "coordinates": [121.0305378, 14.5667582]}, "properties": {"kind": "bus_stop"}}, {"type": "Feature", "geometry": {"type": "Point", "coordinates": [121.0326567, 14.5579355]}, "properties": {"kind": "bus_stop"}}, {"type": "Feature", "geometry": {"type": "Point", "coordinates": [121.0313424, 14.5592946]}, "properties": {"kind": "bus_stop"}}, {"type": "Feature", "geometry": {"type": "Point", "coordinates": [121.0304949, 14.5712401]}, "properties": {"kind": "bus_stop"}}, {"type": "Feature", "geometry": {"type": "Point", "coordinates": [121.0307416, 14.570878]}, "properties": {"kind": "bus_stop"}}, {"type": "Feature", "geometry": {"type": "Point", "coordinates": [121.03046, 14.5739723]}, "properties": {"kind": "bus_stop"}}, {"type": "Feature", "geometry": {"type": "Point", "coordinates": [121.0300416, 14.5738056]}, "properties": {"kind": "bus_stop"}}, {"type": "Feature", "geometry": {"type": "Point", "coordinates": [121.0321243, 14.5756013]}, "properties": {"kind": "bus_stop"}}, {"type": "Feature", "geometry": {"type": "Point", "coordinates": [121.0315245, 14.5752863]}, "properties": {"kind": "bus_stop"}}, {"type": "Feature", "geometry": {"type": "Point", "coordinates": [121.0473822, 14.5738208]}, "properties": {"kind": "bus_stop"}}, {"type": "Feature", "geometry": {"type": "Point", "coordinates": [121.0479064, 14.5727867]}, "properties": {"kind": "school"}}, {"type": "Feature", "geometry": {"type": "Point", "coordinates": [121.0368735, 14.5758693]}, "properties": {"kind": "bus_stop"}}, {"type": "Feature", "geometry": {"type": "Point", "coordinates": [121.0366139, 14.5759713]}, "properties": {"kind": "bus_stop"}}, {"type": "Feature", "geometry": {"type": "Point", "coordinates": [121.0341388, 14.5784409]}, "properties": {"kind": "bus_stop"}}, {"type": "Feature", "geometry": {"type": "Point", "coordinates": [121.0305613, 14.580375]}, "properties": {"kind": "bus_stop"}}, {"type": "Feature", "geometry": {"type": "Point", "coordinates": [121.03905, 14.5764011]}, "properties": {"kind": "bus_stop"}}, {"type": "Feature", "geometry": {"type": "Point", "coordinates": [121.0389123, 14.5765189]}, "properties": {"kind": "bus_stop"}}, {"type": "Feature", "geometry": {"type": "Point", "coordinates": [121.0534534, 14.5717551]}, "properties": {"kind": "bus_stop"}}, {"type": "Feature", "geometry": {"type": "Point", "coordinates": [121.0501675, 14.5736634]}, "properties": {"kind": "bus_stop"}}, {"type": "Feature", "geometry": {"type": "Point", "coordinates": [121.0349755, 14.5765708]}, "properties": {"kind": "bus_stop"}}, {"type": "Feature", "geometry": {"type": "Point", "coordinates": [121.0319835, 14.5791537]}, "properties": {"kind": "bus_stop"}}, {"type": "Feature", "geometry": {"type": "Point", "coordinates": [121.0319097, 14.5790031]}, "properties": {"kind": "bus_stop"}}, {"type": "Feature", "geometry": {"type": "Point", "coordinates": [121.0324958, 14.5863337]}, "properties": {"kind": "bus_stop"}}, {"type": "Feature", "geometry": {"type": "Point", "coordinates": [121.0313424, 14.5849216]}, "properties": {"kind": "bus_stop"}}, {"type": "Feature", "geometry": {"type": "Point", "coordinates": [121.0304613, 14.5833343]}, "properties": {"kind": "bus_stop"}}, {"type": "Feature", "geometry": {"type": "Point", "coordinates": [121.0312057, 14.5848522]}, "properties": {"kind": "bus_stop"}}, {"type": "Feature", "geometry": {"type": "Point", "coordinates": [121.0305311, 14.5836678]}, "properties": {"kind": "bus_stop"}}, {"type": "Feature", "geometry": {"type": "Point", "coordinates": [121.0547917, 14.540739]}, "properties": {"kind": "bus_stop"}}, {"type": "Feature", "geometry": {"type": "Point", "coordinates": [121.0654583, 14.5219407]}, "properties": {"kind": "bus_stop"}}, {"type": "Feature", "geometry": {"type": "Point", "coordinates": [121.0352749, 14.5873304]}, "properties": {"kind": "bus_stop"}}, {"type": "Feature", "geometry": {"type": "Point", "coordinates": [121.0472995, 14.567751]}, "properties": {"kind": "bus_stop"}}, {"type": "Feature", "geometry": {"type": "Point", "coordinates": [121.0496796, 14.5680153]}, "properties": {"kind": "bus_stop"}}, {"type": "Feature", "geometry": {"type": "Point", "coordinates": [121.0542502, 14.5640651]}, "properties": {"kind": "bus_stop"}}, {"type": "Feature", "geometry": {"type": "Point", "coordinates": [121.0508448, 14.5622889]}, "properties": {"kind": "bus_stop"}}, {"type": "Feature", "geometry": {"type": "Point", "coordinates": [121.0463974, 14.5622781]}, "properties": {"kind": "bus_stop"}}, {"type": "Feature", "geometry": {"type": "Point", "coordinates": [121.0417784, 14.5673595]}, "properties": {"kind": "bus_stop"}}, {"type": "Feature", "geometry": {"type": "Point", "coordinates": [121.0510757, 14.5674184]}, "properties": {"kind": "bus_stop"}}, {"type": "Feature", "geometry": {"type": "Point", "coordinates": [121.0463752, 14.5609171]}, "properties": {"kind": "bus_stop"}}, {"type": "Feature", "geometry": {"type": "Point", "coordinates": [121.0485969, 14.560953]}, "properties": {"kind": "bus_stop"}}, {"type": "Feature", "geometry": {"type": "Point", "coordinates": [121.0524435, 14.5667391]}, "properties": {"kind": "bus_stop"}}, {"type": "Feature", "geometry": {"type": "Point", "coordinates": [121.0417122, 14.5674455]}, "properties": {"kind": "bus_stop"}}, {"type": "Feature", "geometry": {"type": "Point", "coordinates": [121.0535132, 14.5657761]}, "properties": {"kind": "bus_stop"}}, {"type": "Feature", "geometry": {"type": "Point", "coordinates": [121.1093917, 14.5874627]}, "properties": {"kind": "bus_stop"}}, {"type": "Feature", "geometry": {"type": "Point", "coordinates": [121.109119, 14.5877643]}, "properties": {"kind": "bus_stop"}}, {"type": "Feature", "geometry": {"type": "Point", "coordinates": [121.0531776, 14.5007712]}, "properties": {"kind": "place_of_worship"}}, {"type": "Feature", "geometry": {"type": "Point", "coordinates": [121.069204, 14.5416839]}, "properties": {"kind": "place_of_worship"}}, {"type": "Feature", "geometry": {"type": "Point", "coordinates": [121.0653374, 14.5563084]}, "properties": {"kind": "place_of_worship"}}, {"type": "Feature", "geometry": {"type": "Point", "coordinates": [121.0589202, 14.5369412]}, "properties": {"kind": "marketplace"}}, {"type": "Feature", "geometry": {"type": "Point", "coordinates": [121.0735927, 14.5461832]}, "properties": {"kind": "place_of_worship"}}, {"type": "Feature", "geometry": {"type": "Point", "coordinates": [121.0559604, 14.5807115]}, "properties": {"kind": "hospital"}}, {"type": "Feature", "geometry": {"type": "Point", "coordinates": [121.0563035, 14.5607885]}, "properties": {"kind": "bus_stop"}}, {"type": "Feature", "geometry": {"type": "Point", "coordinates": [121.0981851, 14.5623573]}, "properties": {"kind": "place_of_worship"}}, {"type": "Feature", "geometry": {"type": "Point", "coordinates": [121.0556675, 14.5579934]}, "properties": {"kind": "station"}}, {"type": "Feature", "geometry": {"type": "Point", "coordinates": [121.0401852, 14.5366417]}, "properties": {"kind": "station"}}, {"type": "Feature", "geometry": {"type": "Point", "coordinates": [121.064108, 14.5853472]}, "properties": {"kind": "station"}}, {"type": "Feature", "geometry": {"type": "Point", "coordinates": [121.0622495, 14.5762711]}, "properties": {"kind": "station"}}, {"type": "Feature", "geometry": {"type": "Point", "coordinates": [121.1017786, 14.5810993]}, "properties": {"kind": "place_of_worship"}}, {"type": "Feature", "geometry": {"type": "Point", "coordinates": [121.0422802, 14.5060545]}, "properties": {"kind": "bus_station"}}, {"type": "Feature", "geometry": {"type": "Point", "coordinates": [121.0589378, 14.5715852]}, "properties": {"kind": "school"}}, {"type": "Feature", "geometry": {"type": "Point", "coordinates": [121.0737711, 14.5199713]}, "properties": {"kind": "bus_stop"}}, {"type": "Feature", "geometry": {"type": "Point", "coordinates": [121.0692169, 14.5318115]}, "properties": {"kind": "bus_stop"}}, {"type": "Feature", "geometry": {"type": "Point", "coordinates": [121.0706329, 14.5292005]}, "properties": {"kind": "bus_stop"}}, {"type": "Feature", "geometry": {"type": "Point", "coordinates": [121.067573, 14.5367768]}, "properties": {"kind": "bus_stop"}}, {"type": "Feature", "geometry": {"type": "Point", "coordinates": [121.0650745, 14.5043088]}, "properties": {"kind": "bus_stop"}}, {"type": "Feature", "geometry": {"type": "Point", "coordinates": [121.0649195, 14.5040876]}, "properties": {"kind": "bus_stop"}}, {"type": "Feature", "geometry": {"type": "Point", "coordinates": [121.0714865, 14.5272382]}, "properties": {"kind": "bus_stop"}}, {"type": "Feature", "geometry": {"type": "Point", "coordinates": [121.0737902, 14.5221092]}, "properties": {"kind": "bus_stop"}}, {"type": "Feature", "geometry": {"type": "Point", "coordinates": [121.0676438, 14.5347943]}, "properties": {"kind": "bus_stop"}}, {"type": "Feature", "geometry": {"type": "Point", "coordinates": [121.0677214, 14.534959]}, "properties": {"kind": "bus_stop"}}, {"type": "Feature", "geometry": {"type": "Point", "coordinates": [121.0744999, 14.5263734]}, "properties": {"kind": "bus_stop"}}, {"type": "Feature", "geometry": {"type": "Point", "coordinates": [121.0676437, 14.5369163]}, "properties": {"kind": "bus_stop"}}, {"type": "Feature", "geometry": {"type": "Point", "coordinates": [121.0694423, 14.5313243]}, "properties": {"kind": "bus_stop"}}, {"type": "Feature", "geometry": {"type": "Point", "coordinates": [121.0637513, 14.5490741]}, "properties": {"kind": "bus_stop"}}, {"type": "Feature", "geometry": {"type": "Point", "coordinates": [121.065789, 14.5571952]}, "properties": {"kind": "bus_stop"}}, {"type": "Feature", "geometry": {"type": "Point", "coordinates": [121.0635853, 14.5601961]}, "properties": {"kind": "bus_stop"}}, {"type": "Feature", "geometry": {"type": "Point", "coordinates": [121.0628756, 14.5605693]}, "properties": {"kind": "bus_stop"}}, {"type": "Feature", "geometry": {"type": "Point", "coordinates": [121.0557245, 14.5643642]}, "properties": {"kind": "bus_stop"}}, {"type": "Feature", "geometry": {"type": "Point", "coordinates": [121.0619003, 14.5614082]}, "properties": {"kind": "bus_stop"}}, {"type": "Feature", "geometry": {"type": "Point", "coordinates": [121.06316, 14.551935]}, "properties": {"kind": "bus_stop"}}, {"type": "Feature", "geometry": {"type": "Point", "coordinates": [121.0654488, 14.556844]}, "properties": {"kind": "bus_stop"}}, {"type": "Feature", "geometry": {"type": "Point", "coordinates": [121.0604104, 14.5625424]}, "properties": {"kind": "bus_stop"}}, {"type": "Feature", "geometry": {"type": "Point", "coordinates": [121.063761, 14.5536031]}, "properties": {"kind": "bus_stop"}}, {"type": "Feature", "geometry": {"type": "Point", "coordinates": [121.061935, 14.5612593]}, "properties": {"kind": "bus_stop"}}, {"type": "Feature", "geometry": {"type": "Point", "coordinates": [121.0656842, 14.5595695]}, "properties": {"kind": "bus_stop"}}, {"type": "Feature", "geometry": {"type": "Point", "coordinates": [121.0641961, 14.5546479]}, "properties": {"kind": "bus_stop"}}, {"type": "Feature", "geometry": {"type": "Point", "coordinates": [121.0599174, 14.5629549]}, "properties": {"kind": "bus_stop"}}, {"type": "Feature", "geometry": {"type": "Point", "coordinates": [121.0643322, 14.554595]}, "properties": {"kind": "bus_stop"}}, {"type": "Feature", "geometry": {"type": "Point", "coordinates": [121.0734703, 14.5184228]}, "properties": {"kind": "bus_stop"}}, {"type": "Feature", "geometry": {"type": "Point", "coordinates": [121.0616214, 14.4908991]}, "properties": {"kind": "bus_stop"}}, {"type": "Feature", "geometry": {"type": "Point", "coordinates": [121.0695414, 14.5320839]}, "properties": {"kind": "bus_stop"}}, {"type": "Feature", "geometry": {"type": "Point", "coordinates": [121.0726624, 14.5170285]}, "properties": {"kind": "bus_stop"}}, {"type": "Feature", "geometry": {"type": "Point", "coordinates": [121.0652581, 14.5051609]}, "properties": {"kind": "bus_stop"}}, {"type": "Feature", "geometry": {"type": "Point", "coordinates": [121.0738577, 14.5200904]}, "properties": {"kind": "bus_stop"}}, {"type": "Feature", "geometry": {"type": "Point", "coordinates": [121.0727633, 14.5170471]}, "properties": {"kind": "bus_stop"}}, {"type": "Feature", "geometry": {"type": "Point", "coordinates": [121.0636157, 14.5001695]}, "properties": {"kind": "bus_stop"}}, {"type": "Feature", "geometry": {"type": "Point", "coordinates": [121.0696915, 14.512444]}, "properties": {"kind": "bus_stop"}}, {"type": "Feature", "geometry": {"type": "Point", "coordinates": [121.0660724, 14.5079623]}, "properties": {"kind": "bus_stop"}}, {"type": "Feature", "geometry": {"type": "Point", "coordinates": [121.0700632, 14.53165]}, "properties": {"kind": "bus_stop"}}, {"type": "Feature", "geometry": {"type": "Point", "coordinates": [121.0614654, 14.4907302]}, "properties": {"kind": "bus_stop"}}, {"type": "Feature", "geometry": {"type": "Point", "coordinates": [121.0637504, 14.5002872]}, "properties": {"kind": "bus_stop"}}, {"type": "Feature", "geometry": {"type": "Point", "coordinates": [121.0740775, 14.5273896]}, "properties": {"kind": "bus_stop"}}, {"type": "Feature", "geometry": {"type": "Point", "coordinates": [121.0698323, 14.5125401]}, "properties": {"kind": "bus_stop"}}, {"type": "Feature", "geometry": {"type": "Point", "coordinates": [121.07306, 14.5257457]}, "properties": {"kind": "bus_stop"}}, {"type": "Feature", "geometry": {"type": "Point", "coordinates": [121.0738581, 14.5222899]}, "properties": {"kind": "bus_stop"}}, {"type": "Feature", "geometry": {"type": "Point", "coordinates": [121.066151, 14.5081943]}, "properties": {"kind": "bus_stop"}}, {"type": "Feature", "geometry": {"type": "Point", "coordinates": [121.0707166, 14.5290467]}, "properties": {"kind": "bus_stop"}}, {"type": "Feature", "geometry": {"type": "Point", "coordinates": [121.0653865, 14.505278]}, "properties": {"kind": "bus_stop"}}, {"type": "Feature", "geometry": {"type": "Point", "coordinates": [121.0636333, 14.5535233]}, "properties": {"kind": "bus_stop"}}, {"type": "Feature", "geometry": {"type": "Point", "coordinates": [121.0632698, 14.5520766]}, "properties": {"kind": "bus_stop"}}, {"type": "Feature", "geometry": {"type": "Point", "coordinates": [121.0641818, 14.546954]}, "properties": {"kind": "bus_stop"}}, {"type": "Feature", "geometry": {"type": "Point", "coordinates": [121.0584284, 14.5636145]}, "properties": {"kind": "bus_stop"}}, {"type": "Feature", "geometry": {"type": "Point", "coordinates": [121.0555735, 14.5645]}, "properties": {"kind": "bus_stop"}}, {"type": "Feature", "geometry": {"type": "Point", "coordinates": [121.064283, 14.5470162]}, "properties": {"kind": "bus_stop"}}, {"type": "Feature", "geometry": {"type": "Point", "coordinates": [121.0580438, 14.5639476]}, "properties": {"kind": "bus_stop"}}, {"type": "Feature", "geometry": {"type": "Point", "coordinates": [121.0659064, 14.558974]}, "properties": {"kind": "bus_stop"}}, {"type": "Feature", "geometry": {"type": "Point", "coordinates": [121.0638407, 14.5492156]}, "properties": {"kind": "bus_stop"}}, {"type": "Feature", "geometry": {"type": "Point", "coordinates": [121.0583413, 14.5850482]}, "properties": {"kind": "school"}}, {"type": "Feature", "geometry": {"type": "Point", "coordinates": [121.0738116, 14.5523534]}, "properties": {"kind": "bus_stop"}}, {"type": "Feature", "geometry": {"type": "Point", "coordinates": [121.0765294, 14.5600087]}, "properties": {"kind": "bus_stop"}}, {"type": "Feature", "geometry": {"type": "Point", "coordinates": [121.0736951, 14.5522911]}, "properties": {"kind": "bus_stop"}}, {"type": "Feature", "geometry": {"type": "Point", "coordinates": [121.0759117, 14.5561673]}, "properties": {"kind": "bus_stop"}}, {"type": "Feature", "geometry": {"type": "Point", "coordinates": [121.0739527, 14.5510762]}, "properties": {"kind": "bus_stop"}}, {"type": "Feature", "geometry": {"type": "Point", "coordinates": [121.0743066, 14.5513127]}, "properties": {"kind": "bus_stop"}}, {"type": "Feature", "geometry": {"type": "Point", "coordinates": [121.0758085, 14.5561136]}, "properties": {"kind": "bus_stop"}}, {"type": "Feature", "geometry": {"type": "Point", "coordinates": [121.0452013, 14.5637278]}, "properties": {"kind": "school"}}, {"type": "Feature", "geometry": {"type": "Point", "coordinates": [121.0562709, 14.5498078]}, "properties": {"kind": "marketplace"}}, {"type": "Feature", "geometry": {"type": "Point", "coordinates": [121.0563091, 14.549901]}, "properties": {"kind": "marketplace"}}, {"type": "Feature", "geometry": {"type": "Point", "coordinates": [121.0300094, 14.5659989]}, "properties": {"kind": "bus_stop"}}, {"type": "Feature", "geometry": {"type": "Point", "coordinates": [121.0629176, 14.5515372]}, "properties": {"kind": "place_of_worship"}}, {"type": "Feature", "geometry": {"type": "Point", "coordinates": [121.0790402, 14.5896056]}, "properties": {"kind": "bus_stop"}}, {"type": "Feature", "geometry": {"type": "Point", "coordinates": [121.0967776, 14.5896283]}, "properties": {"kind": "bus_stop"}}, {"type": "Feature", "geometry": {"type": "Point", "coordinates": [121.0986833, 14.5894888]}, "properties": {"kind": "bus_stop"}}, {"type": "Feature", "geometry": {"type": "Point", "coordinates": [121.1012422, 14.5892513]}, "properties": {"kind": "bus_stop"}}, {"type": "Feature", "geometry": {"type": "Point", "coordinates": [121.0593863, 14.5582936]}, "properties": {"kind": "place_of_worship"}}, {"type": "Feature", "geometry": {"type": "Point", "coordinates": [121.0594289, 14.5585465]}, "properties": {"kind": "place_of_worship"}}, {"type": "Feature", "geometry": {"type": "Point", "coordinates": [121.0628148, 14.5592761]}, "properties": {"kind": "place_of_worship"}}, {"type": "Feature", "geometry": {"type": "Point", "coordinates": [121.0331499, 14.564101]}, "properties": {"kind": "school"}}, {"type": "Feature", "geometry": {"type": "Point", "coordinates": [121.0819895, 14.5778897]}, "properties": {"kind": "place_of_worship"}}, {"type": "Feature", "geometry": {"type": "Point", "coordinates": [121.0774024, 14.560393]}, "properties": {"kind": "place_of_worship"}}, {"type": "Feature", "geometry": {"type": "Point", "coordinates": [121.0635336, 14.5597245]}, "properties": {"kind": "place_of_worship"}}, {"type": "Feature", "geometry": {"type": "Point", "coordinates": [121.0630219, 14.5484006]}, "properties": {"kind": "marketplace"}}, {"type": "Feature", "geometry": {"type": "Point", "coordinates": [121.0618875, 14.5464125]}, "properties": {"kind": "hospital"}}, {"type": "Feature", "geometry": {"type": "Point", "coordinates": [121.0481158, 14.5551344]}, "properties": {"kind": "hospital"}}, {"type": "Feature", "geometry": {"type": "Point", "coordinates": [121.0575084, 14.5796082]}, "properties": {"kind": "school"}}, {"type": "Feature", "geometry": {"type": "Point", "coordinates": [121.049604, 14.5343317]}, "properties": {"kind": "school"}}, {"type": "Feature", "geometry": {"type": "Point", "coordinates": [121.084098, 14.5586007]}, "properties": {"kind": "marketplace"}}, {"type": "Feature", "geometry": {"type": "Point", "coordinates": [121.0565888, 14.5554753]}, "properties": {"kind": "school"}}, {"type": "Feature", "geometry": {"type": "Point", "coordinates": [121.0578079, 14.5569499]}, "properties": {"kind": "school"}}, {"type": "Feature", "geometry": {"type": "Point", "coordinates": [121.1064819, 14.5700235]}, "properties": {"kind": "school"}}, {"type": "Feature", "geometry": {"type": "Point", "coordinates": [121.033734, 14.5473869]}, "properties": {"kind": "place_of_worship"}}, {"type": "Feature", "geometry": {"type": "Point", "coordinates": [121.0914548, 14.5397916]}, "properties": {"kind": "place_of_worship"}}, {"type": "Feature", "geometry": {"type": "Point", "coordinates": [121.0585413, 14.5545586]}, "properties": {"kind": "school"}}, {"type": "Feature", "geometry": {"type": "Point", "coordinates": [121.0580973, 14.5518978]}, "properties": {"kind": "school"}}, {"type": "Feature", "geometry": {"type": "Point", "coordinates": [121.0567162, 14.587862]}, "properties": {"kind": "station"}}, {"type": "Feature", "geometry": {"type": "Point", "coordinates": [121.0481887, 14.5737744]}, "properties": {"kind": "station"}}, {"type": "Feature", "geometry": {"type": "Point", "coordinates": [121.0455357, 14.567114]}, "properties": {"kind": "station"}}, {"type": "Feature", "geometry": {"type": "Point", "coordinates": [121.0661219, 14.5639477]}, "properties": {"kind": "hospital"}}, {"type": "Feature", "geometry": {"type": "Point", "coordinates": [121.0499839, 14.5769481]}, "properties": {"kind": "hospital"}}, {"type": "Feature", "geometry": {"type": "Point", "coordinates": [121.0679379, 14.534439]}, "properties": {"kind": "school"}}, {"type": "Feature", "geometry": {"type": "Point", "coordinates": [121.0381432, 14.5088166]}, "properties": {"kind": "school"}}, {"type": "Feature", "geometry": {"type": "Point", "coordinates": [121.0745087, 14.5513645]}, "properties": {"kind": "marketplace"}}, {"type": "Feature", "geometry": {"type": "Point", "coordinates": [121.0859251, 14.5656099]}, "properties": {"kind": "school"}}, {"type": "Feature", "geometry": {"type": "Point", "coordinates": [121.0787038, 14.5615339]}, "properties": {"kind": "school"}}, {"type": "Feature", "geometry": {"type": "Point", "coordinates": [121.0916692, 14.5543589]}, "properties": {"kind": "school"}}, {"type": "Feature", "geometry": {"type": "Point", "coordinates": [121.0836848, 14.5515229]}, "properties": {"kind": "school"}}, {"type": "Feature", "geometry": {"type": "Point", "coordinates": [121.069048, 14.5524498]}, "properties": {"kind": "school"}}, {"type": "Feature", "geometry": {"type": "Point", "coordinates": [121.0829577, 14.564609]}, "properties": {"kind": "school"}}, {"type": "Feature", "geometry": {"type": "Point", "coordinates": [121.0749842, 14.5555956]}, "properties": {"kind": "school"}}, {"type": "Feature", "geometry": {"type": "Point", "coordinates": [121.0778488, 14.5554249]}, "properties": {"kind": "school"}}, {"type": "Feature", "geometry": {"type": "Point", "coordinates": [121.0886138, 14.5888837]}, "properties": {"kind": "school"}}, {"type": "Feature", "geometry": {"type": "Point", "coordinates": [121.0497776, 14.5647993]}, "properties": {"kind": "school"}}, {"type": "Feature", "geometry": {"type": "Point", "coordinates": [121.0614982, 14.5441702]}, "properties": {"kind": "school"}}, {"type": "Feature", "geometry": {"type": "Point", "coordinates": [121.0615278, 14.5457298]}, "properties": {"kind": "place_of_worship"}}, {"type": "Feature", "geometry": {"type": "Point", "coordinates": [121.0612095, 14.5382803]}, "properties": {"kind": "place_of_worship"}}, {"type": "Feature", "geometry": {"type": "Point", "coordinates": [121.0610418, 14.5262234]}, "properties": {"kind": "place_of_worship"}}, {"type": "Feature", "geometry": {"type": "Point", "coordinates": [121.0471834, 14.5564193]}, "properties": {"kind": "school"}}, {"type": "Feature", "geometry": {"type": "Point", "coordinates": [121.071244, 14.5638196]}, "properties": {"kind": "school"}}, {"type": "Feature", "geometry": {"type": "Point", "coordinates": [121.0671192, 14.5344815]}, "properties": {"kind": "school"}}, {"type": "Feature", "geometry": {"type": "Point", "coordinates": [121.0437612, 14.5601795]}, "properties": {"kind": "place_of_worship"}}, {"type": "Feature", "geometry": {"type": "Point", "coordinates": [121.0342223, 14.5543705]}, "properties": {"kind": "station"}}, {"type": "Feature", "geometry": {"type": "Point", "coordinates": [121.0689827, 14.536353]}, "properties": {"kind": "school"}}, {"type": "Feature", "geometry": {"type": "Point", "coordinates": [121.0780561, 14.5799391]}, "properties": {"kind": "school"}}, {"type": "Feature", "geometry": {"type": "Point", "coordinates": [121.0339674, 14.5767143]}, "properties": {"kind": "place_of_worship"}}, {"type": "Feature", "geometry": {"type": "Point", "coordinates": [121.047896, 14.5309799]}, "properties": {"kind": "hospital"}}, {"type": "Feature", "geometry": {"type": "Point", "coordinates": [121.0740569, 14.550503]}, "properties": {"kind": "place_of_worship"}}, {"type": "Feature", "geometry": {"type": "Point", "coordinates": [121.0728711, 14.5510837]}, "properties": {"kind": "place_of_worship"}}, {"type": "Feature", "geometry": {"type": "Point", "coordinates": [121.0670296, 14.5527303]}, "properties": {"kind": "place_of_worship"}}, {"type": "Feature", "geometry": {"type": "Point", "coordinates": [121.0650769, 14.5496307]}, "properties": {"kind": "school"}}, {"type": "Feature", "geometry": {"type": "Point", "coordinates": [121.0975134, 14.589917]}, "properties": {"kind": "hospital"}}, {"type": "Feature", "geometry": {"type": "Point", "coordinates": [121.1098578, 14.5713492]}, "properties": {"kind": "place_of_worship"}}, {"type": "Feature", "geometry": {"type": "Point", "coordinates": [121.0689741, 14.5420246]}, "properties": {"kind": "school"}}, {"type": "Feature", "geometry": {"type": "Point", "coordinates": [121.0660527, 14.5454766]}, "properties": {"kind": "marketplace"}}, {"type": "Feature", "geometry": {"type": "Point", "coordinates": [121.0700146, 14.5447247]}, "properties": {"kind": "school"}}, {"type": "Feature", "geometry": {"type": "Point", "coordinates": [121.0717679, 14.5467216]}, "properties": {"kind": "school"}}, {"type": "Feature", "geometry": {"type": "Point", "coordinates": [121.0682666, 14.5452089]}, "properties": {"kind": "place_of_worship"}}, {"type": "Feature", "geometry": {"type": "Point", "coordinates": [121.069116, 14.547331]}, "properties": {"kind": "place_of_worship"}}, {"type": "Feature", "geometry": {"type": "Point", "coordinates": [121.0747255, 14.5470647]}, "properties": {"kind": "place_of_worship"}}, {"type": "Feature", "geometry": {"type": "Point", "coordinates": [121.0640791, 14.5455992]}, "properties": {"kind": "school"}}, {"type": "Feature", "geometry": {"type": "Point", "coordinates": [121.0643018, 14.5538086]}, "properties": {"kind": "school"}}, {"type": "Feature", "geometry": {"type": "Point", "coordinates": [121.0673478, 14.5468773]}, "properties": {"kind": "school"}}, {"type": "Feature", "geometry": {"type": "Point", "coordinates": [121.0661607, 14.5474119]}, "properties": {"kind": "school"}}, {"type": "Feature", "geometry": {"type": "Point", "coordinates": [121.0649633, 14.548946]}, "properties": {"kind": "place_of_worship"}}, {"type": "Feature", "geometry": {"type": "Point", "coordinates": [121.0445975, 14.5668035]}, "properties": {"kind": "place_of_worship"}}, {"type": "Feature", "geometry": {"type": "Point", "coordinates": [121.0417627, 14.5639686]}, "properties": {"kind": "place_of_worship"}}, {"type": "Feature", "geometry": {"type": "Point", "coordinates": [121.0342461, 14.5108311]}, "properties": {"kind": "hospital"}}, {"type": "Feature", "geometry": {"type": "Point", "coordinates": [121.043249, 14.5661686]}, "properties": {"kind": "place_of_worship"}}, {"type": "Feature", "geometry": {"type": "Point", "coordinates": [121.0377161, 14.5873486]}, "properties": {"kind": "marketplace"}}, {"type": "Feature", "geometry": {"type": "Point", "coordinates": [121.0388863, 14.5879234]}, "properties": {"kind": "school"}}, {"type": "Feature", "geometry": {"type": "Point", "coordinates": [121.0387161, 14.587383]}, "properties": {"kind": "school"}}, {"type": "Feature", "geometry": {"type": "Point", "coordinates": [121.0531771, 14.5776148]}, "properties": {"kind": "place_of_worship"}}, {"type": "Feature", "geometry": {"type": "Point", "coordinates": [121.0455467, 14.5612905]}, "properties": {"kind": "place_of_worship"}}, {"type": "Feature", "geometry": {"type": "Point", "coordinates": [121.0467323, 14.5646083]}, "properties": {"kind": "place_of_worship"}}, {"type": "Feature", "geometry": {"type": "Point", "coordinates": [121.03999, 14.5669618]}, "properties": {"kind": "school"}}, {"type": "Feature", "geometry": {"type": "Point", "coordinates": [121.0363133, 14.570399]}, "properties": {"kind": "school"}}, {"type": "Feature", "geometry": {"type": "Point", "coordinates": [121.0442437, 14.5258396]}, "properties": {"kind": "place_of_worship"}}, {"type": "Feature", "geometry": {"type": "Point", "coordinates": [121.0697767, 14.5335202]}, "properties": {"kind": "place_of_worship"}}, {"type": "Feature", "geometry": {"type": "Point", "coordinates": [121.0759721, 14.5477904]}, "properties": {"kind": "place_of_worship"}}, {"type": "Feature", "geometry": {"type": "Point", "coordinates": [121.0770462, 14.56292]}, "properties": {"kind": "place_of_worship"}}, {"type": "Feature", "geometry": {"type": "Point", "coordinates": [121.0339571, 14.5858485]}, "properties": {"kind": "place_of_worship"}}, {"type": "Feature", "geometry": {"type": "Point", "coordinates": [121.0333265, 14.4962409]}, "properties": {"kind": "place_of_worship"}}, {"type": "Feature", "geometry": {"type": "Point", "coordinates": [121.0666401, 14.5803129]}, "properties": {"kind": "school"}}, {"type": "Feature", "geometry": {"type": "Point", "coordinates": [121.0661375, 14.5804636]}, "properties": {"kind": "school"}}, {"type": "Feature", "geometry": {"type": "Point", "coordinates": [121.0835409, 14.5625452]}, "properties": {"kind": "place_of_worship"}}, {"type": "Feature", "geometry": {"type": "Point", "coordinates": [121.0865336, 14.5705675]}, "properties": {"kind": "school"}}, {"type": "Feature", "geometry": {"type": "Point", "coordinates": [121.0873253, 14.5723805]}, "properties": {"kind": "school"}}, {"type": "Feature", "geometry": {"type": "Point", "coordinates": [121.0846564, 14.5622293]}, "properties": {"kind": "place_of_worship"}}, {"type": "Feature", "geometry": {"type": "Point", "coordinates": [121.0992271, 14.5724372]}, "properties": {"kind": "hospital"}}, {"type": "Feature", "geometry": {"type": "Point", "coordinates": [121.0681967, 14.5369535]}, "properties": {"kind": "school"}}, {"type": "Feature", "geometry": {"type": "Point", "coordinates": [121.0577129, 14.5522531]}, "properties": {"kind": "place_of_worship"}}, {"type": "Feature", "geometry": {"type": "Point", "coordinates": [121.0554771, 14.5487086]}, "properties": {"kind": "marketplace"}}, {"type": "Feature", "geometry": {"type": "Point", "coordinates": [121.0384169, 14.5735983]}, "properties": {"kind": "school"}}, {"type": "Feature", "geometry": {"type": "Point", "coordinates": [121.0446835, 14.5602904]}, "properties": {"kind": "school"}}, {"type": "Feature", "geometry": {"type": "Point", "coordinates": [121.1013462, 14.5596001]}, "properties": {"kind": "place_of_worship"}}, {"type": "Feature", "geometry": {"type": "Point", "coordinates": [121.1067747, 14.5691873]}, "properties": {"kind": "marketplace"}}, {"type": "Feature", "geometry": {"type": "Point", "coordinates": [121.1087113, 14.5431836]}, "properties": {"kind": "place_of_worship"}}, {"type": "Feature", "geometry": {"type": "Point", "coordinates": [121.109273, 14.5421028]}, "properties": {"kind": "school"}}, {"type": "Feature", "geometry": {"type": "Point", "coordinates": [121.1084857, 14.5431058]}, "properties": {"kind": "place_of_worship"}}, {"type": "Feature", "geometry": {"type": "Point", "coordinates": [121.0548405, 14.5165243]}, "properties": {"kind": "school"}}, {"type": "Feature", "geometry": {"type": "Point", "coordinates": [121.0598004, 14.5468493]}, "properties": {"kind": "school"}}, {"type": "Feature", "geometry": {"type": "Point", "coordinates": [121.0977738, 14.589245]}, "properties": {"kind": "place_of_worship"}}, {"type": "Feature", "geometry": {"type": "Point", "coordinates": [121.0653963, 14.5308699]}, "properties": {"kind": "hospital"}}, {"type": "Feature", "geometry": {"type": "Point", "coordinates": [121.0335999, 14.5636269]}, "properties": {"kind": "school"}}, {"type": "Feature", "geometry": {"type": "Point", "coordinates": [121.0340264, 14.5648858]}, "properties": {"kind": "school"}}, {"type": "Feature", "geometry": {"type": "Point", "coordinates": [121.0335863, 14.565227]}, "properties": {"kind": "marketplace"}}, {"type": "Feature", "geometry": {"type": "Point", "coordinates": [121.0317815, 14.5662102]}, "properties": {"kind": "school"}}, {"type": "Feature", "geometry": {"type": "Point", "coordinates": [121.0464418, 14.559728]}, "properties": {"kind": "school"}}, {"type": "Feature", "geometry": {"type": "Point", "coordinates": [121.0450962, 14.5584409]}, "properties": {"kind": "marketplace"}}, {"type": "Feature", "geometry": {"type": "Point", "coordinates": [121.0843091, 14.5291772]}, "properties": {"kind": "place_of_worship"}}, {"type": "Feature", "geometry": {"type": "Point", "coordinates": [121.0760068, 14.5667164]}, "properties": {"kind": "place_of_worship"}}, {"type": "Feature", "geometry": {"type": "Point", "coordinates": [121.0778364, 14.5672047]}, "properties": {"kind": "place_of_worship"}}, {"type": "Feature", "geometry": {"type": "Point", "coordinates": [121.0636119, 14.5588814]}, "properties": {"kind": "school"}}, {"type": "Feature", "geometry": {"type": "Point", "coordinates": [121.0761664, 14.5628219]}, "properties": {"kind": "place_of_worship"}}, {"type": "Feature", "geometry": {"type": "Point", "coordinates": [121.0650756, 14.5636579]}, "properties": {"kind": "marketplace"}}, {"type": "Feature", "geometry": {"type": "Point", "coordinates": [121.071324, 14.5673561]}, "properties": {"kind": "place_of_worship"}}, {"type": "Feature", "geometry": {"type": "Point", "coordinates": [121.0675591, 14.5657495]}, "properties": {"kind": "place_of_worship"}}, {"type": "Feature", "geometry": {"type": "Point", "coordinates": [121.0310662, 14.5629236]}, "properties": {"kind": "place_of_worship"}}, {"type": "Feature", "geometry": {"type": "Point", "coordinates": [121.0592631, 14.5626626]}, "properties": {"kind": "place_of_worship"}}, {"type": "Feature", "geometry": {"type": "Point", "coordinates": [121.0446102, 14.5726893]}, "properties": {"kind": "place_of_worship"}}, {"type": "Feature", "geometry": {"type": "Point", "coordinates": [121.034568, 14.5720549]}, "properties": {"kind": "school"}}, {"type": "Feature", "geometry": {"type": "Point", "coordinates": [121.0371577, 14.5783964]}, "properties": {"kind": "school"}}, {"type": "Feature", "geometry": {"type": "Point", "coordinates": [121.034294, 14.5681567]}, "properties": {"kind": "place_of_worship"}}, {"type": "Feature", "geometry": {"type": "Point", "coordinates": [121.0601647, 14.557332]}, "properties": {"kind": "school"}}, {"type": "Feature", "geometry": {"type": "Point", "coordinates": [121.0592732, 14.5577594]}, "properties": {"kind": "school"}}, {"type": "Feature", "geometry": {"type": "Point", "coordinates": [121.041161, 14.5578783]}, "properties": {"kind": "place_of_worship"}}, {"type": "Feature", "geometry": {"type": "Point", "coordinates": [121.0496798, 14.5591059]}, "properties": {"kind": "place_of_worship"}}, {"type": "Feature", "geometry": {"type": "Point", "coordinates": [121.0474938, 14.5618024]}, "properties": {"kind": "place_of_worship"}}, {"type": "Feature", "geometry": {"type": "Point", "coordinates": [121.0603071, 14.5656866]}, "properties": {"kind": "place_of_worship"}}, {"type": "Feature", "geometry": {"type": "Point", "coordinates": [121.0575616, 14.5679328]}, "properties": {"kind": "place_of_worship"}}, {"type": "Feature", "geometry": {"type": "Point", "coordinates": [121.0591265, 14.5066198]}, "properties": {"kind": "place_of_worship"}}, {"type": "Feature", "geometry": {"type": "Point", "coordinates": [121.0541324, 14.5144267]}, "properties": {"kind": "place_of_worship"}}, {"type": "Feature", "geometry": {"type": "Point", "coordinates": [121.0561154, 14.5111509]}, "properties": {"kind": "place_of_worship"}}, {"type": "Feature", "geometry": {"type": "Point", "coordinates": [121.0532028, 14.5064912]}, "properties": {"kind": "place_of_worship"}}, {"type": "Feature", "geometry": {"type": "Point", "coordinates": [121.0581854, 14.5136915]}, "properties": {"kind": "place_of_worship"}}, {"type": "Feature", "geometry": {"type": "Point", "coordinates": [121.0680653, 14.5105309]}, "properties": {"kind": "place_of_worship"}}, {"type": "Feature", "geometry": {"type": "Point", "coordinates": [121.0707218, 14.5293323]}, "properties": {"kind": "hospital"}}, {"type": "Feature", "geometry": {"type": "Point", "coordinates": [121.0598813, 14.5411211]}, "properties": {"kind": "place_of_worship"}}, {"type": "Feature", "geometry": {"type": "Point", "coordinates": [121.0678255, 14.5342066]}, "properties": {"kind": "place_of_worship"}}, {"type": "Feature", "geometry": {"type": "Point", "coordinates": [121.0445295, 14.528154]}, "properties": {"kind": "place_of_worship"}}, {"type": "Feature", "geometry": {"type": "Point", "coordinates": [121.0566166, 14.5237709]}, "properties": {"kind": "place_of_worship"}}, {"type": "Feature", "geometry": {"type": "Point", "coordinates": [121.0473697, 14.5815319]}, "properties": {"kind": "place_of_worship"}}, {"type": "Feature", "geometry": {"type": "Point", "coordinates": [121.0376172, 14.5890094]}, "properties": {"kind": "place_of_worship"}}, {"type": "Feature", "geometry": {"type": "Point", "coordinates": [121.0498987, 14.580789]}, "properties": {"kind": "place_of_worship"}}, {"type": "Feature", "geometry": {"type": "Point", "coordinates": [121.0471219, 14.5806974]}, "properties": {"kind": "place_of_worship"}}, {"type": "Feature", "geometry": {"type": "Point", "coordinates": [121.0472799, 14.5756027]}, "properties": {"kind": "school"}}, {"type": "Feature", "geometry": {"type": "Point", "coordinates": [121.0463296, 14.5755945]}, "properties": {"kind": "place_of_worship"}}, {"type": "Feature", "geometry": {"type": "Point", "coordinates": [121.0455203, 14.5738437]}, "properties": {"kind": "place_of_worship"}}, {"type": "Feature", "geometry": {"type": "Point", "coordinates": [121.0423102, 14.576993]}, "properties": {"kind": "place_of_worship"}}, {"type": "Feature", "geometry": {"type": "Point", "coordinates": [121.0382622, 14.5771337]}, "properties": {"kind": "school"}}, {"type": "Feature", "geometry": {"type": "Point", "coordinates": [121.0311518, 14.582378]}, "properties": {"kind": "place_of_worship"}}, {"type": "Feature", "geometry": {"type": "Point", "coordinates": [121.0440804, 14.5801573]}, "properties": {"kind": "place_of_worship"}}, {"type": "Feature", "geometry": {"type": "Point", "coordinates": [121.0644017, 14.5460231]}, "properties": {"kind": "marketplace"}}, {"type": "Feature", "geometry": {"type": "Point", "coordinates": [121.0698677, 14.5128827]}, "properties": {"kind": "place_of_worship"}}, {"type": "Feature", "geometry": {"type": "Point", "coordinates": [121.0586909, 14.5279874]}, "properties": {"kind": "marketplace"}}, {"type": "Feature", "geometry": {"type": "Point", "coordinates": [121.0569294, 14.5303355]}, "properties": {"kind": "place_of_worship"}}, {"type": "Feature", "geometry": {"type": "Point", "coordinates": [121.0586336, 14.5403019]}, "properties": {"kind": "place_of_worship"}}, {"type": "Feature", "geometry": {"type": "Point", "coordinates": [121.0419821, 14.5291669]}, "properties": {"kind": "school"}}, {"type": "Feature", "geometry": {"type": "Point", "coordinates": [121.0740019, 14.5268496]}, "properties": {"kind": "place_of_worship"}}, {"type": "Feature", "geometry": {"type": "Point", "coordinates": [121.0711838, 14.5265194]}, "properties": {"kind": "place_of_worship"}}, {"type": "Feature", "geometry": {"type": "Point", "coordinates": [121.0762627, 14.5290362]}, "properties": {"kind": "place_of_worship"}}, {"type": "Feature", "geometry": {"type": "Point", "coordinates": [121.070555, 14.5329981]}, "properties": {"kind": "place_of_worship"}}, {"type": "Feature", "geometry": {"type": "Point", "coordinates": [121.0541056, 14.529275]}, "properties": {"kind": "place_of_worship"}}, {"type": "Feature", "geometry": {"type": "Point", "coordinates": [121.0525217, 14.5011377]}, "properties": {"kind": "place_of_worship"}}, {"type": "Feature", "geometry": {"type": "Point", "coordinates": [121.0489381, 14.4981587]}, "properties": {"kind": "place_of_worship"}}, {"type": "Feature", "geometry": {"type": "Point", "coordinates": [121.0583252, 14.5218664]}, "properties": {"kind": "place_of_worship"}}, {"type": "Feature", "geometry": {"type": "Point", "coordinates": [121.0500727, 14.5677963]}, "properties": {"kind": "place_of_worship"}}, {"type": "Feature", "geometry": {"type": "Point", "coordinates": [121.0392926, 14.502986]}, "properties": {"kind": "place_of_worship"}}, {"type": "Feature", "geometry": {"type": "Point", "coordinates": [121.052585, 14.4993964]}, "properties": {"kind": "place_of_worship"}}, {"type": "Feature", "geometry": {"type": "Point", "coordinates": [121.0544886, 14.5004207]}, "properties": {"kind": "place_of_worship"}}, {"type": "Feature", "geometry": {"type": "Point", "coordinates": [121.0541906, 14.5036759]}, "properties": {"kind": "place_of_worship"}}, {"type": "Feature", "geometry": {"type": "Point", "coordinates": [121.05338, 14.4970579]}, "properties": {"kind": "place_of_worship"}}, {"type": "Feature", "geometry": {"type": "Point", "coordinates": [121.0580426, 14.4963098]}, "properties": {"kind": "place_of_worship"}}, {"type": "Feature", "geometry": {"type": "Point", "coordinates": [121.0616472, 14.5597783]}, "properties": {"kind": "school"}}, {"type": "Feature", "geometry": {"type": "Point", "coordinates": [121.0721214, 14.5518938]}, "properties": {"kind": "school"}}, {"type": "Feature", "geometry": {"type": "Point", "coordinates": [121.0727415, 14.5257439]}, "properties": {"kind": "place_of_worship"}}, {"type": "Feature", "geometry": {"type": "Point", "coordinates": [121.0738238, 14.5233559]}, "properties": {"kind": "place_of_worship"}}, {"type": "Feature", "geometry": {"type": "Point", "coordinates": [121.0651984, 14.5052449]}, "properties": {"kind": "place_of_worship"}}, {"type": "Feature", "geometry": {"type": "Point", "coordinates": [121.0640511, 14.5045837]}, "properties": {"kind": "place_of_worship"}}, {"type": "Feature", "geometry": {"type": "Point", "coordinates": [121.101835, 14.5449164]}, "properties": {"kind": "school"}}, {"type": "Feature", "geometry": {"type": "Point", "coordinates": [121.1006515, 14.5392966]}, "properties": {"kind": "place_of_worship"}}, {"type": "Feature", "geometry": {"type": "Point", "coordinates": [121.0603133, 14.5108543]}, "properties": {"kind": "place_of_worship"}}, {"type": "Feature", "geometry": {"type": "Point", "coordinates": [121.0555998, 14.511192]}, "properties": {"kind": "place_of_worship"}}, {"type": "Feature", "geometry": {"type": "Point", "coordinates": [121.059719, 14.5055822]}, "properties": {"kind": "school"}}, {"type": "Feature", "geometry": {"type": "Point", "coordinates": [121.0697967, 14.5545879]}, "properties": {"kind": "place_of_worship"}}, {"type": "Feature", "geometry": {"type": "Point", "coordinates": [121.0740996, 14.5613067]}, "properties": {"kind": "place_of_worship"}}, {"type": "Feature", "geometry": {"type": "Point", "coordinates": [121.0905696, 14.5569641]}, "properties": {"kind": "place_of_worship"}}, {"type": "Feature", "geometry": {"type": "Point", "coordinates": [121.08145, 14.5661136]}, "properties": {"kind": "place_of_worship"}}, {"type": "Feature", "geometry": {"type": "Point", "coordinates": [121.0786822, 14.5635559]}, "properties": {"kind": "place_of_worship"}}, {"type": "Feature", "geometry": {"type": "Point", "coordinates": [121.0746391, 14.5667001]}, "properties": {"kind": "place_of_worship"}}, {"type": "Feature", "geometry": {"type": "Point", "coordinates": [121.0320882, 14.5682416]}, "properties": {"kind": "place_of_worship"}}, {"type": "Feature", "geometry": {"type": "Point", "coordinates": [121.0633986, 14.571455]}, "properties": {"kind": "school"}}, {"type": "Feature", "geometry": {"type": "Point", "coordinates": [121.0592812, 14.5669365]}, "properties": {"kind": "place_of_worship"}}, {"type": "Feature", "geometry": {"type": "Point", "coordinates": [121.0965838, 14.5390061]}, "properties": {"kind": "place_of_worship"}}, {"type": "Feature", "geometry": {"type": "Point", "coordinates": [121.039838, 14.5701779]}, "properties": {"kind": "place_of_worship"}}, {"type": "Feature", "geometry": {"type": "Point", "coordinates": [121.0343192, 14.564352]}, "properties": {"kind": "school"}}, {"type": "Feature", "geometry": {"type": "Point", "coordinates": [121.0531653, 14.5618649]}, "properties": {"kind": "school"}}, {"type": "Feature", "geometry": {"type": "Point", "coordinates": [121.0532944, 14.5618584]}, "properties": {"kind": "school"}}, {"type": "Feature", "geometry": {"type": "Point", "coordinates": [121.1096946, 14.5360379]}, "properties": {"kind": "place_of_worship"}}, {"type": "Feature", "geometry": {"type": "Point", "coordinates": [121.109581, 14.5332819]}, "properties": {"kind": "place_of_worship"}}, {"type": "Feature", "geometry": {"type": "Point", "coordinates": [121.0816057, 14.5503228]}, "properties": {"kind": "school"}}, {"type": "Feature", "geometry": {"type": "Point", "coordinates": [121.0814454, 14.5564393]}, "properties": {"kind": "place_of_worship"}}, {"type": "Feature", "geometry": {"type": "Point", "coordinates": [121.0407955, 14.5890328]}, "properties": {"kind": "place_of_worship"}}, {"type": "Feature", "geometry": {"type": "Point", "coordinates": [121.0307983, 14.5895194]}, "properties": {"kind": "school"}}, {"type": "Feature", "geometry": {"type": "Point", "coordinates": [121.0313846, 14.5847042]}, "properties": {"kind": "place_of_worship"}}, {"type": "Feature", "geometry": {"type": "Point", "coordinates": [121.0626307, 14.5590775]}, "properties": {"kind": "marketplace"}}, {"type": "Feature", "geometry": {"type": "Point", "coordinates": [121.0574348, 14.5622827]}, "properties": {"kind": "school"}}, {"type": "Feature", "geometry": {"type": "Point", "coordinates": [121.0585839, 14.5633712]}, "properties": {"kind": "place_of_worship"}}, {"type": "Feature", "geometry": {"type": "Point", "coordinates": [121.063164, 14.5488984]}, "properties": {"kind": "place_of_worship"}}, {"type": "Feature", "geometry": {"type": "Point", "coordinates": [121.0762915, 14.5548471]}, "properties": {"kind": "place_of_worship"}}, {"type": "Feature", "geometry": {"type": "Point", "coordinates": [121.0784364, 14.5654141]}, "properties": {"kind": "hospital"}}, {"type": "Feature", "geometry": {"type": "Point", "coordinates": [121.0694184, 14.5515011]}, "properties": {"kind": "place_of_worship"}}, {"type": "Feature", "geometry": {"type": "Point", "coordinates": [121.0805792, 14.5413716]}, "properties": {"kind": "place_of_worship"}}, {"type": "Feature", "geometry": {"type": "Point", "coordinates": [121.0827783, 14.5425908]}, "properties": {"kind": "place_of_worship"}}, {"type": "Feature", "geometry": {"type": "Point", "coordinates": [121.081292, 14.5410875]}, "properties": {"kind": "place_of_worship"}}, {"type": "Feature", "geometry": {"type": "Point", "coordinates": [121.0813076, 14.5495323]}, "properties": {"kind": "school"}}, {"type": "Feature", "geometry": {"type": "Point", "coordinates": [121.1079393, 14.5424853]}, "properties": {"kind": "school"}}, {"type": "Feature", "geometry": {"type": "Point", "coordinates": [121.0937063, 14.5397885]}, "properties": {"kind": "place_of_worship"}}, {"type": "Feature", "geometry": {"type": "Point", "coordinates": [121.0853242, 14.575821]}, "properties": {"kind": "hospital"}}, {"type": "Feature", "geometry": {"type": "Point", "coordinates": [121.0808917, 14.5710382]}, "properties": {"kind": "place_of_worship"}}, {"type": "Feature", "geometry": {"type": "Point", "coordinates": [121.0498773, 14.5592798]}, "properties": {"kind": "school"}}, {"type": "Feature", "geometry": {"type": "Point", "coordinates": [121.0791503, 14.5718409]}, "properties": {"kind": "school"}}, {"type": "Feature", "geometry": {"type": "Point", "coordinates": [121.0494468, 14.5596804]}, "properties": {"kind": "school"}}, {"type": "Feature", "geometry": {"type": "Point", "coordinates": [121.0569727, 14.579472]}, "properties": {"kind": "place_of_worship"}}, {"type": "Feature", "geometry": {"type": "Point", "coordinates": [121.0530997, 14.5386203]}, "properties": {"kind": "school"}}, {"type": "Feature", "geometry": {"type": "Point", "coordinates": [121.1033815, 14.5689979]}, "properties": {"kind": "school"}}, {"type": "Feature", "geometry": {"type": "Point", "coordinates": [121.0369328, 14.5781327]}, "properties": {"kind": "school"}}, {"type": "Feature", "geometry": {"type": "Point", "coordinates": [121.0979787, 14.5898327]}, "properties": {"kind": "hospital"}}, {"type": "Feature", "geometry": {"type": "Point", "coordinates": [121.1076611, 14.5813846]}, "properties": {"kind": "place_of_worship"}}, {"type": "Feature", "geometry": {"type": "Point", "coordinates": [121.102327, 14.5814436]}, "properties": {"kind": "school"}}, {"type": "Feature", "geometry": {"type": "Point", "coordinates": [121.1041458, 14.5738832]}, "properties": {"kind": "place_of_worship"}}, {"type": "Feature", "geometry": {"type": "Point", "coordinates": [121.1078418, 14.5750935]}, "properties": {"kind": "place_of_worship"}}, {"type": "Feature", "geometry": {"type": "Point", "coordinates": [121.1056124, 14.5740774]}, "properties": {"kind": "school"}}, {"type": "Feature", "geometry": {"type": "Point", "coordinates": [121.1101419, 14.5651227]}, "properties": {"kind": "school"}}, {"type": "Feature", "geometry": {"type": "Point", "coordinates": [121.0391833, 14.5750879]}, "properties": {"kind": "place_of_worship"}}, {"type": "Feature", "geometry": {"type": "Point", "coordinates": [121.0361198, 14.5737523]}, "properties": {"kind": "school"}}, {"type": "Feature", "geometry": {"type": "Point", "coordinates": [121.0371332, 14.5726742]}, "properties": {"kind": "place_of_worship"}}, {"type": "Feature", "geometry": {"type": "Point", "coordinates": [121.039203, 14.5697606]}, "properties": {"kind": "place_of_worship"}}, {"type": "Feature", "geometry": {"type": "Point", "coordinates": [121.0423354, 14.5285702]}, "properties": {"kind": "school"}}, {"type": "Feature", "geometry": {"type": "Point", "coordinates": [121.0590638, 14.5185993]}, "properties": {"kind": "place_of_worship"}}, {"type": "Feature", "geometry": {"type": "Point", "coordinates": [121.0611703, 14.5180057]}, "properties": {"kind": "school"}}, {"type": "Feature", "geometry": {"type": "Point", "coordinates": [121.0584051, 14.5162965]}, "properties": {"kind": "place_of_worship"}}, {"type": "Feature", "geometry": {"type": "Point", "coordinates": [121.0430686, 14.5003809]}, "properties": {"kind": "place_of_worship"}}, {"type": "Feature", "geometry": {"type": "Point", "coordinates": [121.0417691, 14.4956439]}, "properties": {"kind": "place_of_worship"}}, {"type": "Feature", "geometry": {"type": "Point", "coordinates": [121.0833073, 14.5517227]}, "properties": {"kind": "place_of_worship"}}, {"type": "Feature", "geometry": {"type": "Point", "coordinates": [121.0718028, 14.5283751]}, "properties": {"kind": "place_of_worship"}}, {"type": "Feature", "geometry": {"type": "Point", "coordinates": [121.0313704, 14.5659133]}, "properties": {"kind": "place_of_worship"}}, {"type": "Feature", "geometry": {"type": "Point", "coordinates": [121.0379411, 14.5005938]}, "properties": {"kind": "place_of_worship"}}, {"type": "Feature", "geometry": {"type": "Point", "coordinates": [121.049899, 14.5806847]}, "properties": {"kind": "school"}}, {"type": "Feature", "geometry": {"type": "Point", "coordinates": [121.0495652, 14.5823794]}, "properties": {"kind": "school"}}, {"type": "Feature", "geometry": {"type": "Point", "coordinates": [121.0833007, 14.5788697]}, "properties": {"kind": "school"}}, {"type": "Feature", "geometry": {"type": "Point", "coordinates": [121.0800046, 14.5763448]}, "properties": {"kind": "place_of_worship"}}, {"type": "Feature", "geometry": {"type": "Point", "coordinates": [121.0366541, 14.508814]}, "properties": {"kind": "place_of_worship"}}, {"type": "Feature", "geometry": {"type": "Point", "coordinates": [121.0797774, 14.5373828]}, "properties": {"kind": "marketplace"}}, {"type": "Feature", "geometry": {"type": "Point", "coordinates": [121.095139, 14.5674355]}, "properties": {"kind": "place_of_worship"}}, {"type": "Feature", "geometry": {"type": "Point", "coordinates": [121.0541887, 14.5034492]}, "properties": {"kind": "school"}}, {"type": "Feature", "geometry": {"type": "Point", "coordinates": [121.0942506, 14.5750059]}, "properties": {"kind": "place_of_worship"}}, {"type": "Feature", "geometry": {"type": "Point", "coordinates": [121.0994371, 14.5735871]}, "properties": {"kind": "place_of_worship"}}, {"type": "Feature", "geometry": {"type": "Point", "coordinates": [121.0758489, 14.5329172]}, "properties": {"kind": "school"}}, {"type": "Feature", "geometry": {"type": "Point", "coordinates": [121.070038, 14.5314387]}, "properties": {"kind": "place_of_worship"}}, {"type": "Feature", "geometry": {"type": "Point", "coordinates": [121.0329039, 14.5088644]}, "properties": {"kind": "marketplace"}}, {"type": "Feature", "geometry": {"type": "Point", "coordinates": [121.0499153, 14.4933639]}, "properties": {"kind": "place_of_worship"}}, {"type": "Feature", "geometry": {"type": "Point", "coordinates": [121.0596548, 14.5133234]}, "properties": {"kind": "hospital"}}, {"type": "Feature", "geometry": {"type": "Point", "coordinates": [121.0627745, 14.5029117]}, "properties": {"kind": "place_of_worship"}}, {"type": "Feature", "geometry": {"type": "Point", "coordinates": [121.0579055, 14.4976933]}, "properties": {"kind": "place_of_worship"}}, {"type": "Feature", "geometry": {"type": "Point", "coordinates": [121.0711745, 14.5669198]}, "properties": {"kind": "school"}}, {"type": "Feature", "geometry": {"type": "Point", "coordinates": [121.0578859, 14.5215023]}, "properties": {"kind": "school"}}, {"type": "Feature", "geometry": {"type": "Point", "coordinates": [121.0642514, 14.5571151]}, "properties": {"kind": "school"}}, {"type": "Feature", "geometry": {"type": "Point", "coordinates": [121.0474071, 14.5638542]}, "properties": {"kind": "school"}}, {"type": "Feature", "geometry": {"type": "Point", "coordinates": [121.0544426, 14.5079088]}, "properties": {"kind": "school"}}, {"type": "Feature", "geometry": {"type": "Point", "coordinates": [121.0603224, 14.5367227]}, "properties": {"kind": "school"}}, {"type": "Feature", "geometry": {"type": "Point", "coordinates": [121.0703994, 14.5883769]}, "properties": {"kind": "place_of_worship"}}, {"type": "Feature", "geometry": {"type": "Point", "coordinates": [121.0631087, 14.5531776]}, "properties": {"kind": "place_of_worship"}}, {"type": "Feature", "geometry": {"type": "Point", "coordinates": [121.054447, 14.5146499]}, "properties": {"kind": "school"}}, {"type": "Feature", "geometry": {"type": "Point", "coordinates": [121.0973144, 14.5523459]}, "properties": {"kind": "place_of_worship"}}, {"type": "Feature", "geometry": {"type": "Point", "coordinates": [121.1076809, 14.5363674]}, "properties": {"kind": "place_of_worship"}}, {"type": "Feature", "geometry": {"type": "Point", "coordinates": [121.0317433, 14.5002673]}, "properties": {"kind": "place_of_worship"}}, {"type": "Feature", "geometry": {"type": "Point", "coordinates": [121.1030118, 14.5814416]}, "properties": {"kind": "place_of_worship"}}, {"type": "Feature", "geometry": {"type": "Point", "coordinates": [121.0983049, 14.5434093]}, "properties": {"kind": "place_of_worship"}}, {"type": "Feature", "geometry": {"type": "Point", "coordinates": [121.0466334, 14.5565763]}, "properties": {"kind": "school"}}, {"type": "Feature", "geometry": {"type": "Point", "coordinates": [121.0430935, 14.4947529]}, "properties": {"kind": "school"}}, {"type": "Feature", "geometry": {"type": "Point", "coordinates": [121.05055, 14.51666]}, "properties": {"kind": "school"}}, {"type": "Feature", "geometry": {"type": "Point", "coordinates": [121.1062, 14.5702538]}, "properties": {"kind": "place_of_worship"}}, {"type": "Feature", "geometry": {"type": "Point", "coordinates": [121.0969301, 14.588217]}, "properties": {"kind": "school"}}, {"type": "Feature", "geometry": {"type": "Point", "coordinates": [121.0542678, 14.5567221]}, "properties": {"kind": "place_of_worship"}}, {"type": "Feature", "geometry": {"type": "Point", "coordinates": [121.1064158, 14.5703913]}, "properties": {"kind": "school"}}, {"type": "Feature", "geometry": {"type": "Point", "coordinates": [121.1014982, 14.544895]}, "properties": {"kind": "place_of_worship"}}, {"type": "Feature", "geometry": {"type": "Point", "coordinates": [121.1009836, 14.5443365]}, "properties": {"kind": "place_of_worship"}}, {"type": "Feature", "geometry": {"type": "Point", "coordinates": [121.0675297, 14.5650354]}, "properties": {"kind": "place_of_worship"}}, {"type": "Feature", "geometry": {"type": "Point", "coordinates": [121.0564945, 14.5238538]}, "properties": {"kind": "marketplace"}}, {"type": "Feature", "geometry": {"type": "Point", "coordinates": [121.1059643, 14.5402227]}, "properties": {"kind": "place_of_worship"}}, {"type": "Feature", "geometry": {"type": "Point", "coordinates": [121.1092317, 14.5384079]}, "properties": {"kind": "place_of_worship"}}, {"type": "Feature", "geometry": {"type": "Point", "coordinates": [121.1099448, 14.5379034]}, "properties": {"kind": "marketplace"}}, {"type": "Feature", "geometry": {"type": "Point", "coordinates": [121.0463958, 14.5741751]}, "properties": {"kind": "place_of_worship"}}, {"type": "Feature", "geometry": {"type": "Point", "coordinates": [121.0756109, 14.5270272]}, "properties": {"kind": "school"}}, {"type": "Feature", "geometry": {"type": "Point", "coordinates": [121.1086918, 14.5401534]}, "properties": {"kind": "place_of_worship"}}, {"type": "Feature", "geometry": {"type": "Point", "coordinates": [121.1085521, 14.5332898]}, "properties": {"kind": "place_of_worship"}}, {"type": "Feature", "geometry": {"type": "Point", "coordinates": [121.1093288, 14.532815]}, "properties": {"kind": "place_of_worship"}}, {"type": "Feature", "geometry": {"type": "Point", "coordinates": [121.1066415, 14.5335664]}, "properties": {"kind": "place_of_worship"}}, {"type": "Feature", "geometry": {"type": "Point", "coordinates": [121.1073582, 14.5339133]}, "properties": {"kind": "place_of_worship"}}, {"type": "Feature", "geometry": {"type": "Point", "coordinates": [121.0365877, 14.5810198]}, "properties": {"kind": "marketplace"}}, {"type": "Feature", "geometry": {"type": "Point", "coordinates": [121.0316186, 14.5804114]}, "properties": {"kind": "place_of_worship"}}, {"type": "Feature", "geometry": {"type": "Point", "coordinates": [121.0467781, 14.5839731]}, "properties": {"kind": "place_of_worship"}}, {"type": "Feature", "geometry": {"type": "Point", "coordinates": [121.1043459, 14.574341]}, "properties": {"kind": "school"}}, {"type": "Feature", "geometry": {"type": "Point", "coordinates": [121.0338732, 14.5752429]}, "properties": {"kind": "school"}}, {"type": "Feature", "geometry": {"type": "Point", "coordinates": [121.0515452, 14.579202]}, "properties": {"kind": "marketplace"}}, {"type": "Feature", "geometry": {"type": "Point", "coordinates": [121.0551433, 14.5600072]}, "properties": {"kind": "place_of_worship"}}, {"type": "Feature", "geometry": {"type": "Point", "coordinates": [121.031662, 14.5302768]}, "properties": {"kind": "hospital"}}, {"type": "Feature", "geometry": {"type": "Point", "coordinates": [121.0425585, 14.5265923]}, "properties": {"kind": "school"}}, {"type": "Feature", "geometry": {"type": "Point", "coordinates": [121.0450852, 14.5253148]}, "properties": {"kind": "school"}}, {"type": "Feature", "geometry": {"type": "Point", "coordinates": [121.0746439, 14.5335678]}, "properties": {"kind": "place_of_worship"}}, {"type": "Feature", "geometry": {"type": "Point", "coordinates": [121.0761816, 14.5599986]}, "properties": {"kind": "school"}}, {"type": "Feature", "geometry": {"type": "Point", "coordinates": [121.1065612, 14.5445913]}, "properties": {"kind": "school"}}, {"type": "Feature", "geometry": {"type": "Point", "coordinates": [121.1062562, 14.5444567]}, "properties": {"kind": "school"}}, {"type": "Feature", "geometry": {"type": "Point", "coordinates": [121.0798755, 14.579192]}, "properties": {"kind": "place_of_worship"}}, {"type": "Feature", "geometry": {"type": "Point", "coordinates": [121.076171, 14.5571686]}, "properties": {"kind": "school"}}, {"type": "Feature", "geometry": {"type": "Point", "coordinates": [121.0564113, 14.5340001]}, "properties": {"kind": "school"}}, {"type": "Feature", "geometry": {"type": "Point", "coordinates": [121.0562432, 14.5233999]}, "properties": {"kind": "marketplace"}}, {"type": "Feature", "geometry": {"type": "Point", "coordinates": [121.0310234, 14.5752774]}, "properties": {"kind": "place_of_worship"}}, {"type": "Feature", "geometry": {"type": "Point", "coordinates": [121.0628511, 14.5003473]}, "properties": {"kind": "school"}}, {"type": "Feature", "geometry": {"type": "Point", "coordinates": [121.0561446, 14.5044032]}, "properties": {"kind": "school"}}, {"type": "Feature", "geometry": {"type": "Point", "coordinates": [121.0591836, 14.5185865]}, "properties": {"kind": "school"}}, {"type": "Feature", "geometry": {"type": "Point", "coordinates": [121.0798467, 14.5664519]}, "properties": {"kind": "school"}}, {"type": "Feature", "geometry": {"type": "Point", "coordinates": [121.0636793, 14.5593132]}, "properties": {"kind": "school"}}, {"type": "Feature", "geometry": {"type": "Point", "coordinates": [121.0504208, 14.5015215]}, "properties": {"kind": "school"}}, {"type": "Feature", "geometry": {"type": "Point", "coordinates": [121.0794278, 14.5320493]}, "properties": {"kind": "school"}}, {"type": "Feature", "geometry": {"type": "Point", "coordinates": [121.0514609, 14.5685517]}, "properties": {"kind": "school"}}, {"type": "Feature", "geometry": {"type": "Point", "coordinates": [121.0450139, 14.5720626]}, "properties": {"kind": "school"}}, {"type": "Feature", "geometry": {"type": "Point", "coordinates": [121.0617784, 14.5652487]}, "properties": {"kind": "school"}}, {"type": "Feature", "geometry": {"type": "Point", "coordinates": [121.0864425, 14.5887506]}, "properties": {"kind": "school"}}, {"type": "Feature", "geometry": {"type": "Point", "coordinates": [121.0964151, 14.5380917]}, "properties": {"kind": "school"}}, {"type": "Feature", "geometry": {"type": "Point", "coordinates": [121.0632711, 14.5679113]}, "properties": {"kind": "school"}}, {"type": "Feature", "geometry": {"type": "Point", "coordinates": [121.0790481, 14.5890645]}, "properties": {"kind": "place_of_worship"}}, {"type": "Feature", "geometry": {"type": "Point", "coordinates": [121.0972115, 14.5540814]}, "properties": {"kind": "place_of_worship"}}, {"type": "Feature", "geometry": {"type": "Point", "coordinates": [121.1014124, 14.5861215]}, "properties": {"kind": "school"}}, {"type": "Feature", "geometry": {"type": "Point", "coordinates": [121.0785222, 14.5803995]}, "properties": {"kind": "school"}}, {"type": "Feature", "geometry": {"type": "Point", "coordinates": [121.0701085, 14.5555877]}, "properties": {"kind": "place_of_worship"}}, {"type": "Feature", "geometry": {"type": "Point", "coordinates": [121.0690834, 14.5133483]}, "properties": {"kind": "school"}}, {"type": "Feature", "geometry": {"type": "Point", "coordinates": [121.0800778, 14.558484]}, "properties": {"kind": "place_of_worship"}}, {"type": "Feature", "geometry": {"type": "Point", "coordinates": [121.0551011, 14.4978151]}, "properties": {"kind": "school"}}, {"type": "Feature", "geometry": {"type": "Point", "coordinates": [121.0602013, 14.4992174]}, "properties": {"kind": "school"}}, {"type": "Feature", "geometry": {"type": "Point", "coordinates": [121.0395348, 14.5235147]}, "properties": {"kind": "school"}}, {"type": "Feature", "geometry": {"type": "Point", "coordinates": [121.0737904, 14.5865482]}, "properties": {"kind": "place_of_worship"}}, {"type": "Feature", "geometry": {"type": "Point", "coordinates": [121.0755476, 14.5604497]}, "properties": {"kind": "place_of_worship"}}, {"type": "Feature", "geometry": {"type": "Point", "coordinates": [121.0831563, 14.5563733]}, "properties": {"kind": "place_of_worship"}}, {"type": "Feature", "geometry": {"type": "Point", "coordinates": [121.0797125, 14.5787545]}, "properties": {"kind": "place_of_worship"}}, {"type": "Feature", "geometry": {"type": "Point", "coordinates": [121.0805752, 14.56417]}, "properties": {"kind": "place_of_worship"}}, {"type": "Feature", "geometry": {"type": "Point", "coordinates": [121.0843385, 14.5868241]}, "properties": {"kind": "school"}}, {"type": "Feature", "geometry": {"type": "Point", "coordinates": [121.0621094, 14.5444209]}, "properties": {"kind": "school"}}, {"type": "Feature", "geometry": {"type": "Point", "coordinates": [121.0346063, 14.5864324]}, "properties": {"kind": "school"}}, {"type": "Feature", "geometry": {"type": "Point", "coordinates": [121.0624827, 14.4957549]}, "properties": {"kind": "place_of_worship"}}, {"type": "Feature", "geometry": {"type": "Point", "coordinates": [121.0638481, 14.498754]}, "properties": {"kind": "hospital"}}, {"type": "Feature", "geometry": {"type": "Point", "coordinates": [121.0376785, 14.5787884]}, "properties": {"kind": "place_of_worship"}}, {"type": "Feature", "geometry": {"type": "Point", "coordinates": [121.0637701, 14.5532911]}, "properties": {"kind": "school"}}, {"type": "Feature", "geometry": {"type": "Point", "coordinates": [121.0597729, 14.5752731]}, "properties": {"kind": "school"}}, {"type": "Feature", "geometry": {"type": "Point", "coordinates": [121.0820628, 14.5551886]}, "properties": {"kind": "place_of_worship"}}, {"type": "Feature", "geometry": {"type": "Point", "coordinates": [121.0680877, 14.5474762]}, "properties": {"kind": "school"}}, {"type": "Feature", "geometry": {"type": "Point", "coordinates": [121.0653023, 14.5440569]}, "properties": {"kind": "hospital"}}, {"type": "Feature", "geometry": {"type": "Point", "coordinates": [121.10535, 14.5900481]}, "properties": {"kind": "place_of_worship"}}, {"type": "Feature", "geometry": {"type": "Point", "coordinates": [121.0514055, 14.5271757]}, "properties": {"kind": "school"}}, {"type": "Feature", "geometry": {"type": "Point", "coordinates": [121.0653609, 14.5038585]}, "properties": {"kind": "school"}}, {"type": "Feature", "geometry": {"type": "Point", "coordinates": [121.072568, 14.5144552]}, "properties": {"kind": "hospital"}}, {"type": "Feature", "geometry": {"type": "Point", "coordinates": [121.0616874, 14.5133964]}, "properties": {"kind": "marketplace"}}, {"type": "Feature", "geometry": {"type": "Point", "coordinates": [121.0598664, 14.5113938]}, "properties": {"kind": "school"}}, {"type": "Feature", "geometry": {"type": "Point", "coordinates": [121.0561572, 14.49322]}, "properties": {"kind": "school"}}, {"type": "Feature", "geometry": {"type": "Point", "coordinates": [121.056666, 14.493097]}, "properties": {"kind": "school"}}, {"type": "Feature", "geometry": {"type": "Point", "coordinates": [121.0498868, 14.5162373]}, "properties": {"kind": "school"}}, {"type": "Feature", "geometry": {"type": "Point", "coordinates": [121.0574442, 14.5025692]}, "properties": {"kind": "school"}}, {"type": "Feature", "geometry": {"type": "Point", "coordinates": [121.0442314, 14.5833203]}, "properties": {"kind": "school"}}, {"type": "Feature", "geometry": {"type": "Point", "coordinates": [121.0651976, 14.5870101]}, "properties": {"kind": "place_of_worship"}}, {"type": "Feature", "geometry": {"type": "Point", "coordinates": [121.0625649, 14.4927712]}, "properties": {"kind": "school"}}, {"type": "Feature", "geometry": {"type": "Point", "coordinates": [121.0484512, 14.5028418]}, "properties": {"kind": "hospital"}}, {"type": "Feature", "geometry": {"type": "Point", "coordinates": [121.0755883, 14.5255962]}, "properties": {"kind": "school"}}, {"type": "Feature", "geometry": {"type": "Point", "coordinates": [121.0596474, 14.5592658]}, "properties": {"kind": "school"}}, {"type": "Feature", "geometry": {"type": "Point", "coordinates": [121.069306, 14.5899507]}, "properties": {"kind": "hospital"}}, {"type": "Feature", "geometry": {"type": "Point", "coordinates": [121.0685172, 14.5519136]}, "properties": {"kind": "school"}}, {"type": "Feature", "geometry": {"type": "Point", "coordinates": [121.0350276, 14.5486103]}, "properties": {"kind": "place_of_worship"}}, {"type": "Feature", "geometry": {"type": "Point", "coordinates": [121.0521959, 14.5341704]}, "properties": {"kind": "place_of_worship"}}, {"type": "Feature", "geometry": {"type": "Point", "coordinates": [121.0534353, 14.563036]}, "properties": {"kind": "place_of_worship"}}, {"type": "Feature", "geometry": {"type": "Point", "coordinates": [121.0558723, 14.5342449]}, "properties": {"kind": "place_of_worship"}}, {"type": "Feature", "geometry": {"type": "Point", "coordinates": [121.0570475, 14.5307194]}, "properties": {"kind": "school"}}, {"type": "Feature", "geometry": {"type": "Point", "coordinates": [121.044745, 14.5657807]}, "properties": {"kind": "place_of_worship"}}, {"type": "Feature", "geometry": {"type": "Point", "coordinates": [121.0673038, 14.5811684]}, "properties": {"kind": "school"}}, {"type": "Feature", "geometry": {"type": "Point", "coordinates": [121.0393283, 14.5891548]}, "properties": {"kind": "place_of_worship"}}, {"type": "Feature", "geometry": {"type": "Point", "coordinates": [121.0409392, 14.5816203]}, "properties": {"kind": "hospital"}}, {"type": "Feature", "geometry": {"type": "Point", "coordinates": [121.0441996, 14.5832312]}, "properties": {"kind": "school"}}, {"type": "Feature", "geometry": {"type": "Point", "coordinates": [121.0367995, 14.5838959]}, "properties": {"kind": "school"}}, {"type": "Feature", "geometry": {"type": "Point", "coordinates": [121.0956035, 14.567832]}, "properties": {"kind": "school"}}, {"type": "Feature", "geometry": {"type": "Point", "coordinates": [121.1093279, 14.5372582]}, "properties": {"kind": "school"}}, {"type": "Feature", "geometry": {"type": "Point", "coordinates": [121.0764672, 14.551408]}, "properties": {"kind": "school"}}, {"type": "Feature", "geometry": {"type": "Point", "coordinates": [121.0758909, 14.5516962]}, "properties": {"kind": "school"}}, {"type": "Feature", "geometry": {"type": "Point", "coordinates": [121.0571788, 14.524004]}, "properties": {"kind": "school"}}, {"type": "Feature", "geometry": {"type": "Point", "coordinates": [121.0719194, 14.5409483]}, "properties": {"kind": "school"}}, {"type": "Feature", "geometry": {"type": "Point", "coordinates": [121.0306343, 14.5087394]}, "properties": {"kind": "school"}}, {"type": "Feature", "geometry": {"type": "Point", "coordinates": [121.0735618, 14.5199883]}, "properties": {"kind": "school"}}, {"type": "Feature", "geometry": {"type": "Point", "coordinates": [121.0736123, 14.5204727]}, "properties": {"kind": "school"}}, {"type": "Feature", "geometry": {"type": "Point", "coordinates": [121.0657401, 14.5548925]}, "properties": {"kind": "marketplace"}}, {"type": "Feature", "geometry": {"type": "Point", "coordinates": [121.0657592, 14.5555418]}, "properties": {"kind": "school"}}, {"type": "Feature", "geometry": {"type": "Point", "coordinates": [121.0660848, 14.5555627]}, "properties": {"kind": "school"}}, {"type": "Feature", "geometry": {"type": "Point", "coordinates": [121.0657476, 14.5757262]}, "properties": {"kind": "school"}}, {"type": "Feature", "geometry": {"type": "Point", "coordinates": [121.0744428, 14.5619656]}, "properties": {"kind": "hospital"}}, {"type": "Feature", "geometry": {"type": "Point", "coordinates": [121.0696446, 14.5284757]}, "properties": {"kind": "school"}}, {"type": "Feature", "geometry": {"type": "Point", "coordinates": [121.0581783, 14.5119868]}, "properties": {"kind": "school"}}, {"type": "Feature", "geometry": {"type": "Point", "coordinates": [121.0573519, 14.5116386]}, "properties": {"kind": "school"}}, {"type": "Feature", "geometry": {"type": "Point", "coordinates": [121.0541251, 14.4908432]}, "properties": {"kind": "school"}}, {"type": "Feature", "geometry": {"type": "Point", "coordinates": [121.054013, 14.4898179]}, "properties": {"kind": "school"}}, {"type": "Feature", "geometry": {"type": "Point", "coordinates": [121.0742001, 14.5476046]}, "properties": {"kind": "school"}}, {"type": "Feature", "geometry": {"type": "Point", "coordinates": [121.0789732, 14.5394894]}, "properties": {"kind": "school"}}, {"type": "Feature", "geometry": {"type": "Point", "coordinates": [121.0788561, 14.5388849]}, "properties": {"kind": "school"}}, {"type": "Feature", "geometry": {"type": "Point", "coordinates": [121.0790216, 14.5628807]}, "properties": {"kind": "school"}}, {"type": "Feature", "geometry": {"type": "Point", "coordinates": [121.0613637, 14.5256198]}, "properties": {"kind": "school"}}, {"type": "Feature", "geometry": {"type": "Point", "coordinates": [121.0947948, 14.5620392]}, "properties": {"kind": "school"}}, {"type": "Feature", "geometry": {"type": "Point", "coordinates": [121.0427261, 14.5785678]}, "properties": {"kind": "school"}}, {"type": "Feature", "geometry": {"type": "Point", "coordinates": [121.0339889, 14.5836956]}, "properties": {"kind": "school"}}, {"type": "Feature", "geometry": {"type": "Point", "coordinates": [121.0336262, 14.5846699]}, "properties": {"kind": "school"}}, {"type": "Feature", "geometry": {"type": "Point", "coordinates": [121.034177, 14.5849223]}, "properties": {"kind": "school"}}, {"type": "Feature", "geometry": {"type": "Point", "coordinates": [121.0354326, 14.5687816]}, "properties": {"kind": "school"}}, {"type": "Feature", "geometry": {"type": "Point", "coordinates": [121.0350152, 14.5690938]}, "properties": {"kind": "school"}}, {"type": "Feature", "geometry": {"type": "Point", "coordinates": [121.0527598, 14.5630452]}, "properties": {"kind": "marketplace"}}, {"type": "Feature", "geometry": {"type": "Point", "coordinates": [121.0523417, 14.5630283]}, "properties": {"kind": "school"}}, {"type": "Feature", "geometry": {"type": "Point", "coordinates": [121.0454799, 14.5617336]}, "properties": {"kind": "school"}}, {"type": "Feature", "geometry": {"type": "Point", "coordinates": [121.0796528, 14.5661394]}, "properties": {"kind": "school"}}, {"type": "Feature", "geometry": {"type": "Point", "coordinates": [121.058177, 14.5630363]}, "properties": {"kind": "school"}}, {"type": "Feature", "geometry": {"type": "Point", "coordinates": [121.0574145, 14.5630795]}, "properties": {"kind": "school"}}, {"type": "Feature", "geometry": {"type": "Point", "coordinates": [121.0965496, 14.5751538]}, "properties": {"kind": "school"}}, {"type": "Feature", "geometry": {"type": "Point", "coordinates": [121.0788472, 14.5792115]}, "properties": {"kind": "school"}}, {"type": "Feature", "geometry": {"type": "Point", "coordinates": [121.079083, 14.5795322]}, "properties": {"kind": "school"}}, {"type": "Feature", "geometry": {"type": "Point", "coordinates": [121.0849507, 14.5844662]}, "properties": {"kind": "school"}}, {"type": "Feature", "geometry": {"type": "Point", "coordinates": [121.0909921, 14.5830063]}, "properties": {"kind": "school"}}, {"type": "Feature", "geometry": {"type": "Point", "coordinates": [121.0965473, 14.5780423]}, "properties": {"kind": "school"}}, {"type": "Feature", "geometry": {"type": "Point", "coordinates": [121.0946675, 14.5777969]}, "properties": {"kind": "school"}}, {"type": "Feature", "geometry": {"type": "Point", "coordinates": [121.0916074, 14.5576172]}, "properties": {"kind": "school"}}, {"type": "Feature", "geometry": {"type": "Point", "coordinates": [121.1078015, 14.5438819]}, "properties": {"kind": "school"}}, {"type": "Feature", "geometry": {"type": "Point", "coordinates": [121.1025546, 14.5445449]}, "properties": {"kind": "school"}}, {"type": "Feature", "geometry": {"type": "Point", "coordinates": [121.103271, 14.5441204]}, "properties": {"kind": "school"}}, {"type": "Feature", "geometry": {"type": "Point", "coordinates": [121.0997119, 14.55258]}, "properties": {"kind": "school"}}, {"type": "Feature", "geometry": {"type": "Point", "coordinates": [121.0862478, 14.5858361]}, "properties": {"kind": "school"}}, {"type": "Feature", "geometry": {"type": "Point", "coordinates": [121.098559, 14.587014]}, "properties": {"kind": "school"}}, {"type": "Feature", "geometry": {"type": "Point", "coordinates": [121.1030967, 14.5829153]}, "properties": {"kind": "school"}}, {"type": "Feature", "geometry": {"type": "Point", "coordinates": [121.0741556, 14.5199925]}, "properties": {"kind": "place_of_worship"}}, {"type": "Feature", "geometry": {"type": "Point", "coordinates": [121.0753323, 14.5682253]}, "properties": {"kind": "school"}}, {"type": "Feature", "geometry": {"type": "Point", "coordinates": [121.0672004, 14.5454601]}, "properties": {"kind": "place_of_worship"}}, {"type": "Feature", "geometry": {"type": "Point", "coordinates": [121.0425932, 14.559771]}, "properties": {"kind": "school"}}, {"type": "Feature", "geometry": {"type": "Point", "coordinates": [121.0427994, 14.5594977]}, "properties": {"kind": "school"}}, {"type": "Feature", "geometry": {"type": "Point", "coordinates": [121.0752758, 14.5256376]}, "properties": {"kind": "school"}}, {"type": "Feature", "geometry": {"type": "Point", "coordinates": [121.0610942, 14.5596517]}, "properties": {"kind": "school"}}, {"type": "Feature", "geometry": {"type": "Point", "coordinates": [120.96347, 14.68989]}, "properties": {"kind": "place_of_worship"}}, {"type": "Feature", "geometry": {"type": "Point", "coordinates": [121.0018674, 14.6047582]}, "properties": {"kind": "place_of_worship"}}, {"type": "Feature", "geometry": {"type": "Point", "coordinates": [120.9971328, 14.6282515]}, "properties": {"kind": "school"}}, {"type": "Feature", "geometry": {"type": "Point", "coordinates": [121.0288011, 14.6512778]}, "properties": {"kind": "place_of_worship"}}, {"type": "Feature", "geometry": {"type": "Point", "coordinates": [120.981468, 14.6655]}, "properties": {"kind": "place_of_worship"}}, {"type": "Feature", "geometry": {"type": "Point", "coordinates": [120.9898193, 14.6122477]}, "properties": {"kind": "hospital"}}, {"type": "Feature", "geometry": {"type": "Point", "coordinates": [120.978721, 14.653671]}, "properties": {"kind": "place_of_worship"}}, {"type": "Feature", "geometry": {"type": "Point", "coordinates": [120.9795047, 14.66118]}, "properties": {"kind": "school"}}, {"type": "Feature", "geometry": {"type": "Point", "coordinates": [121.0215018, 14.6420305]}, "properties": {"kind": "school"}}, {"type": "Feature", "geometry": {"type": "Point", "coordinates": [121.0028628, 14.6569805]}, "properties": {"kind": "marketplace"}}, {"type": "Feature", "geometry": {"type": "Point", "coordinates": [121.027351, 14.689661]}, "properties": {"kind": "school"}}, {"type": "Feature", "geometry": {"type": "Point", "coordinates": [120.9811323, 14.6587263]}, "properties": {"kind": "school"}}, {"type": "Feature", "geometry": {"type": "Point", "coordinates": [121.0195027, 14.6623505]}, "properties": {"kind": "place_of_worship"}}, {"type": "Feature", "geometry": {"type": "Point", "coordinates": [120.990158, 14.605501]}, "properties": {"kind": "school"}}, {"type": "Feature", "geometry": {"type": "Point", "coordinates": [121.0132601, 14.6517725]}, "properties": {"kind": "place_of_worship"}}, {"type": "Feature", "geometry": {"type": "Point", "coordinates": [120.975791, 14.663821]}, "properties": {"kind": "place_of_worship"}}, {"type": "Feature", "geometry": {"type": "Point", "coordinates": [120.9601006, 14.688226]}, "properties": {"kind": "place_of_worship"}}, {"type": "Feature", "geometry": {"type": "Point", "coordinates": [121.0246678, 14.6441305]}, "properties": {"kind": "place_of_worship"}}, {"type": "Feature", "geometry": {"type": "Point", "coordinates": [120.9738164, 14.6587241]}, "properties": {"kind": "station"}}, {"type": "Feature", "geometry": {"type": "Point", "coordinates": [121.009201, 14.602531]}, "properties": {"kind": "school"}}, {"type": "Feature", "geometry": {"type": "Point", "coordinates": [120.998038, 14.6695458]}, "properties": {"kind": "school"}}, {"type": "Feature", "geometry": {"type": "Point", "coordinates": [120.974418, 14.62772]}, "properties": {"kind": "school"}}, {"type": "Feature", "geometry": {"type": "Point", "coordinates": [121.0049066, 14.6234548]}, "properties": {"kind": "place_of_worship"}}, {"type": "Feature", "geometry": {"type": "Point", "coordinates": [120.9741555, 14.6880354]}, "properties": {"kind": "place_of_worship"}}, {"type": "Feature", "geometry": {"type": "Point", "coordinates": [120.97892, 14.601861]}, "properties": {"kind": "school"}}, {"type": "Feature", "geometry": {"type": "Point", "coordinates": [121.020408, 14.6189496]}, "properties": {"kind": "place_of_worship"}}, {"type": "Feature", "geometry": {"type": "Point", "coordinates": [121.0256978, 14.6460905]}, "properties": {"kind": "place_of_worship"}}, {"type": "Feature", "geometry": {"type": "Point", "coordinates": [121.0091814, 14.6294113]}, "properties": {"kind": "school"}}, {"type": "Feature", "geometry": {"type": "Point", "coordinates": [121.0213718, 14.6438805]}, "properties": {"kind": "place_of_worship"}}, {"type": "Feature", "geometry": {"type": "Point", "coordinates": [120.9676522, 14.6684563]}, "properties": {"kind": "school"}}, {"type": "Feature", "geometry": {"type": "Point", "coordinates": [120.9839827, 14.6163277]}, "properties": {"kind": "school"}}, {"type": "Feature", "geometry": {"type": "Point", "coordinates": [120.9849009, 14.6453601]}, "properties": {"kind": "place_of_worship"}}, {"type": "Feature", "geometry": {"type": "Point", "coordinates": [120.979782, 14.634731]}, "properties": {"kind": "school"}}, {"type": "Feature", "geometry": {"type": "Point", "coordinates": [121.0173646, 14.5998845]}, "properties": {"kind": "place_of_worship"}}, {"type": "Feature", "geometry": {"type": "Point", "coordinates": [121.0078834, 14.6253776]}, "properties": {"kind": "place_of_worship"}}, {"type": "Feature", "geometry": {"type": "Point", "coordinates": [120.9739987, 14.6378505]}, "properties": {"kind": "marketplace"}}, {"type": "Feature", "geometry": {"type": "Point", "coordinates": [121.021329, 14.5951849]}, "properties": {"kind": "school"}}, {"type": "Feature", "geometry": {"type": "Point", "coordinates": [120.957809, 14.65753]}, "properties": {"kind": "school"}}, {"type": "Feature", "geometry": {"type": "Point", "coordinates": [121.0250945, 14.6599034]}, "properties": {"kind": "hospital"}}, {"type": "Feature", "geometry": {"type": "Point", "coordinates": [121.0180901, 14.6486662]}, "properties": {"kind": "place_of_worship"}}, {"type": "Feature", "geometry": {"type": "Point", "coordinates": [120.9826535, 14.6062811]}, "properties": {"kind": "school"}}, {"type": "Feature", "geometry": {"type": "Point", "coordinates": [121.003829, 14.59349]}, "properties": {"kind": "school"}}, {"type": "Feature", "geometry": {"type": "Point", "coordinates": [121.0219208, 14.6453205]}, "properties": {"kind": "school"}}, {"type": "Feature", "geometry": {"type": "Point", "coordinates": [120.995266, 14.6322084]}, "properties": {"kind": "place_of_worship"}}, {"type": "Feature", "geometry": {"type": "Point", "coordinates": [121.0231508, 14.6694269]}, "properties": {"kind": "place_of_worship"}}, {"type": "Feature", "geometry": {"type": "Point", "coordinates": [120.967781, 14.6683837]}, "properties": {"kind": "place_of_worship"}}, {"type": "Feature", "geometry": {"type": "Point", "coordinates": [121.0250755, 14.6273793]}, "properties": {"kind": "place_of_worship"}}, {"type": "Feature", "geometry": {"type": "Point", "coordinates": [120.978752, 14.629441]}, "properties": {"kind": "school"}}, {"type": "Feature", "geometry": {"type": "Point", "coordinates": [121.0242068, 14.6558765]}, "properties": {"kind": "place_of_worship"}}, {"type": "Feature", "geometry": {"type": "Point", "coordinates": [121.0139426, 14.60048]}, "properties": {"kind": "place_of_worship"}}, {"type": "Feature", "geometry": {"type": "Point", "coordinates": [121.0260725, 14.6445735]}, "properties": {"kind": "place_of_worship"}}, {"type": "Feature", "geometry": {"type": "Point", "coordinates": [120.990837, 14.64543]}, "properties": {"kind": "place_of_worship"}}, {"type": "Feature", "geometry": {"type": "Point", "coordinates": [120.9504544, 14.6622138]}, "properties": {"kind": "place_of_worship"}}, {"type": "Feature", "geometry": {"type": "Point", "coordinates": [120.979057, 14.63174]}, "properties": {"kind": "place_of_worship"}}, {"type": "Feature", "geometry": {"type": "Point", "coordinates": [121.0115336, 14.6019123]}, "properties": {"kind": "marketplace"}}, {"type": "Feature", "geometry": {"type": "Point", "coordinates": [120.9942024, 14.6416305]}, "properties": {"kind": "place_of_worship"}}, {"type": "Feature", "geometry": {"type": "Point", "coordinates": [121.0013251, 14.6204565]}, "properties": {"kind": "place_of_worship"}}, {"type": "Feature", "geometry": {"type": "Point", "coordinates": [121.0214126, 14.6461105]}, "properties": {"kind": "place_of_worship"}}, {"type": "Feature", "geometry": {"type": "Point", "coordinates": [120.9700595, 14.6548244]}, "properties": {"kind": "school"}}, {"type": "Feature", "geometry": {"type": "Point", "coordinates": [120.978958, 14.62229]}, "properties": {"kind": "school"}}, {"type": "Feature", "geometry": {"type": "Point", "coordinates": [120.997525, 14.6163236]}, "properties": {"kind": "place_of_worship"}}, {"type": "Feature", "geometry": {"type": "Point", "coordinates": [120.9860909, 14.6449301]}, "properties": {"kind": "place_of_worship"}}, {"type": "Feature", "geometry": {"type": "Point", "coordinates": [121.0183804, 14.6405166]}, "properties": {"kind": "place_of_worship"}}, {"type": "Feature", "geometry": {"type": "Point", "coordinates": [120.980812, 14.6585801]}, "properties": {"kind": "place_of_worship"}}, {"type": "Feature", "geometry": {"type": "Point", "coordinates": [121.0127063, 14.603033]}, "properties": {"kind": "place_of_worship"}}, {"type": "Feature", "geometry": {"type": "Point", "coordinates": [121.0111706, 14.6383159]}, "properties": {"kind": "place_of_worship"}}, {"type": "Feature", "geometry": {"type": "Point", "coordinates": [120.9857696, 14.6276358]}, "properties": {"kind": "place_of_worship"}}, {"type": "Feature", "geometry": {"type": "Point", "coordinates": [121.0156498, 14.6414905]}, "properties": {"kind": "school"}}, {"type": "Feature", "geometry": {"type": "Point", "coordinates": [120.9878705, 14.6106423]}, "properties": {"kind": "school"}}, {"type": "Feature", "geometry": {"type": "Point", "coordinates": [120.9738309, 14.649331]}, "properties": {"kind": "place_of_worship"}}, {"type": "Feature", "geometry": {"type": "Point", "coordinates": [120.9987789, 14.6145011]}, "properties": {"kind": "school"}}, {"type": "Feature", "geometry": {"type": "Point", "coordinates": [120.981521, 14.6528801]}, "properties": {"kind": "place_of_worship"}}, {"type": "Feature", "geometry": {"type": "Point", "coordinates": [120.9605099, 14.68162]}, "properties": {"kind": "place_of_worship"}}, {"type": "Feature", "geometry": {"type": "Point", "coordinates": [120.9793924, 14.6227192]}, "properties": {"kind": "place_of_worship"}}, {"type": "Feature", "geometry": {"type": "Point", "coordinates": [121.0256519, 14.6445984]}, "properties": {"kind": "place_of_worship"}}, {"type": "Feature", "geometry": {"type": "Point", "coordinates": [120.97805, 14.632181]}, "properties": {"kind": "place_of_worship"}}, {"type": "Feature", "geometry": {"type": "Point", "coordinates": [120.9643655, 14.6603043]}, "properties": {"kind": "place_of_worship"}}, {"type": "Feature", "geometry": {"type": "Point", "coordinates": [121.0231011, 14.6411311]}, "properties": {"kind": "place_of_worship"}}, {"type": "Feature", "geometry": {"type": "Point", "coordinates": [120.9661932, 14.6704853]}, "properties": {"kind": "place_of_worship"}}, {"type": "Feature", "geometry": {"type": "Point", "coordinates": [120.9795073, 14.6508692]}, "properties": {"kind": "place_of_worship"}}, {"type": "Feature", "geometry": {"type": "Point", "coordinates": [120.9624932, 14.6482469]}, "properties": {"kind": "place_of_worship"}}, {"type": "Feature", "geometry": {"type": "Point", "coordinates": [120.9620254, 14.6793244]}, "properties": {"kind": "place_of_worship"}}, {"type": "Feature", "geometry": {"type": "Point", "coordinates": [120.9810317, 14.6210998]}, "properties": {"kind": "place_of_worship"}}, {"type": "Feature", "geometry": {"type": "Point", "coordinates": [120.974834, 14.6098284]}, "properties": {"kind": "place_of_worship"}}, {"type": "Feature", "geometry": {"type": "Point", "coordinates": [120.9758931, 14.6601419]}, "properties": {"kind": "place_of_worship"}}, {"type": "Feature", "geometry": {"type": "Point", "coordinates": [120.971575, 14.6525434]}, "properties": {"kind": "school"}}, {"type": "Feature", "geometry": {"type": "Point", "coordinates": [120.9565199, 14.643461]}, "properties": {"kind": "place_of_worship"}}, {"type": "Feature", "geometry": {"type": "Point", "coordinates": [120.9573359, 14.6668492]}, "properties": {"kind": "place_of_worship"}}, {"type": "Feature", "geometry": {"type": "Point", "coordinates": [120.981758, 14.64872]}, "properties": {"kind": "hospital"}}, {"type": "Feature", "geometry": {"type": "Point", "coordinates": [121.008392, 14.600561]}, "properties": {"kind": "school"}}, {"type": "Feature", "geometry": {"type": "Point", "coordinates": [120.9782709, 14.636521]}, "properties": {"kind": "place_of_worship"}}, {"type": "Feature", "geometry": {"type": "Point", "coordinates": [121.0137052, 14.6546579]}, "properties": {"kind": "place_of_worship"}}, {"type": "Feature", "geometry": {"type": "Point", "coordinates": [121.0196921, 14.6576553]}, "properties": {"kind": "bus_stop"}}, {"type": "Feature", "geometry": {"type": "Point", "coordinates": [121.0271704, 14.6646212]}, "properties": {"kind": "place_of_worship"}}, {"type": "Feature", "geometry": {"type": "Point", "coordinates": [121.01996, 14.6576544]}, "properties": {"kind": "bus_stop"}}, {"type": "Feature", "geometry": {"type": "Point", "coordinates": [120.9978559, 14.6573437]}, "properties": {"kind": "bus_stop"}}, {"type": "Feature", "geometry": {"type": "Point", "coordinates": [120.9668735, 14.6662998]}, "properties": {"kind": "school"}}, {"type": "Feature", "geometry": {"type": "Point", "coordinates": [120.9744464, 14.6899481]}, "properties": {"kind": "marketplace"}}, {"type": "Feature", "geometry": {"type": "Point", "coordinates": [120.9998406, 14.6610759]}, "properties": {"kind": "bus_stop"}}, {"type": "Feature", "geometry": {"type": "Point", "coordinates": [120.9589093, 14.5929749]}, "properties": {"kind": "place_of_worship"}}, {"type": "Feature", "geometry": {"type": "Point", "coordinates": [120.97719, 14.5973117]}, "properties": {"kind": "place_of_worship"}}, {"type": "Feature", "geometry": {"type": "Point", "coordinates": [120.9828976, 14.6515179]}, "properties": {"kind": "school"}}, {"type": "Feature", "geometry": {"type": "Point", "coordinates": [121.0093311, 14.6799482]}, "properties": {"kind": "school"}}, {"type": "Feature", "geometry": {"type": "Point", "coordinates": [121.0073296, 14.6783498]}, "properties": {"kind": "school"}}, {"type": "Feature", "geometry": {"type": "Point", "coordinates": [121.0049726, 14.602051]}, "properties": {"kind": "school"}}, {"type": "Feature", "geometry": {"type": "Point", "coordinates": [121.0021019, 14.6024377]}, "properties": {"kind": "place_of_worship"}}, {"type": "Feature", "geometry": {"type": "Point", "coordinates": [120.9999427, 14.6611912]}, "properties": {"kind": "bus_stop"}}, {"type": "Feature", "geometry": {"type": "Point", "coordinates": [121.0281126, 14.6560375]}, "properties": {"kind": "bus_stop"}}, {"type": "Feature", "geometry": {"type": "Point", "coordinates": [120.9801536, 14.5931195]}, "properties": {"kind": "bus_stop"}}, {"type": "Feature", "geometry": {"type": "Point", "coordinates": [120.98005, 14.5929825]}, "properties": {"kind": "bus_stop"}}, {"type": "Feature", "geometry": {"type": "Point", "coordinates": [121.0151143, 14.6628397]}, "properties": {"kind": "school"}}, {"type": "Feature", "geometry": {"type": "Point", "coordinates": [120.9845718, 14.6457772]}, "properties": {"kind": "place_of_worship"}}, {"type": "Feature", "geometry": {"type": "Point", "coordinates": [121.0265982, 14.6349662]}, "properties": {"kind": "place_of_worship"}}, {"type": "Feature", "geometry": {"type": "Point", "coordinates": [121.0278235, 14.6015363]}, "properties": {"kind": "place_of_worship"}}, {"type": "Feature", "geometry": {"type": "Point", "coordinates": [121.0285133, 14.6500049]}, "properties": {"kind": "school"}}, {"type": "Feature", "geometry": {"type": "Point", "coordinates": [121.0277177, 14.6446775]}, "properties": {"kind": "place_of_worship"}}, {"type": "Feature", "geometry": {"type": "Point", "coordinates": [121.0299605, 14.653994]}, "properties": {"kind": "school"}}, {"type": "Feature", "geometry": {"type": "Point", "coordinates": [120.9781047, 14.6328532]}, "properties": {"kind": "hospital"}}, {"type": "Feature", "geometry": {"type": "Point", "coordinates": [121.0223557, 14.653414]}, "properties": {"kind": "school"}}, {"type": "Feature", "geometry": {"type": "Point", "coordinates": [120.9885693, 14.676078]}, "properties": {"kind": "school"}}, {"type": "Feature", "geometry": {"type": "Point", "coordinates": [120.9907579, 14.6797313]}, "properties": {"kind": "school"}}, {"type": "Feature", "geometry": {"type": "Point", "coordinates": [120.985254, 14.6751855]}, "properties": {"kind": "place_of_worship"}}, {"type": "Feature", "geometry": {"type": "Point", "coordinates": [120.9577464, 14.6864578]}, "properties": {"kind": "marketplace"}}, {"type": "Feature", "geometry": {"type": "Point", "coordinates": [120.9854364, 14.6747599]}, "properties": {"kind": "school"}}, {"type": "Feature", "geometry": {"type": "Point", "coordinates": [120.9782905, 14.6328067]}, "properties": {"kind": "marketplace"}}, {"type": "Feature", "geometry": {"type": "Point", "coordinates": [120.9953493, 14.6118063]}, "properties": {"kind": "bus_stop"}}, {"type": "Feature", "geometry": {"type": "Point", "coordinates": [120.9764424, 14.610295]}, "properties": {"kind": "school"}}, {"type": "Feature", "geometry": {"type": "Point", "coordinates": [120.9772183, 14.6212087]}, "properties": {"kind": "school"}}, {"type": "Feature", "geometry": {"type": "Point", "coordinates": [121.0032873, 14.607208]}, "properties": {"kind": "marketplace"}}, {"type": "Feature", "geometry": {"type": "Point", "coordinates": [120.9621757, 14.6892467]}, "properties": {"kind": "school"}}, {"type": "Feature", "geometry": {"type": "Point", "coordinates": [120.9776371, 14.6064229]}, "properties": {"kind": "place_of_worship"}}, {"type": "Feature", "geometry": {"type": "Point", "coordinates": [121.0236164, 14.6546924]}, "properties": {"kind": "place_of_worship"}}, {"type": "Feature", "geometry": {"type": "Point", "coordinates": [120.9973816, 14.6340944]}, "properties": {"kind": "school"}}, {"type": "Feature", "geometry": {"type": "Point", "coordinates": [120.9875374, 14.600324]}, "properties": {"kind": "place_of_worship"}}, {"type": "Feature", "geometry": {"type": "Point", "coordinates": [120.9802424, 14.5945754]}, "properties": {"kind": "bus_stop"}}, {"type": "Feature", "geometry": {"type": "Point", "coordinates": [120.9801216, 14.6456312]}, "properties": {"kind": "school"}}, {"type": "Feature", "geometry": {"type": "Point", "coordinates": [120.9876345, 14.6018551]}, "properties": {"kind": "bus_stop"}}, {"type": "Feature", "geometry": {"type": "Point", "coordinates": [120.9860864, 14.6024633]}, "properties": {"kind": "school"}}, {"type": "Feature", "geometry": {"type": "Point", "coordinates": [121.0201794, 14.5922208]}, "properties": {"kind": "place_of_worship"}}, {"type": "Feature", "geometry": {"type": "Point", "coordinates": [121.0198847, 14.5919203]}, "properties": {"kind": "school"}}, {"type": "Feature", "geometry": {"type": "Point", "coordinates": [120.996139, 14.661171]}, "properties": {"kind": "place_of_worship"}}, {"type": "Feature", "geometry": {"type": "Point", "coordinates": [121.0019501, 14.6008397]}, "properties": {"kind": "school"}}, {"type": "Feature", "geometry": {"type": "Point", "coordinates": [121.0194223, 14.5919038]}, "properties": {"kind": "marketplace"}}, {"type": "Feature", "geometry": {"type": "Point", "coordinates": [121.0192914, 14.5918124]}, "properties": {"kind": "marketplace"}}, {"type": "Feature", "geometry": {"type": "Point", "coordinates": [121.01988, 14.6688454]}, "properties": {"kind": "school"}}, {"type": "Feature", "geometry": {"type": "Point", "coordinates": [120.9850181, 14.605305]}, "properties": {"kind": "place_of_worship"}}, {"type": "Feature", "geometry": {"type": "Point", "coordinates": [121.0285774, 14.6873454]}, "properties": {"kind": "school"}}, {"type": "Feature", "geometry": {"type": "Point", "coordinates": [121.0242697, 14.6878254]}, "properties": {"kind": "school"}}, {"type": "Feature", "geometry": {"type": "Point", "coordinates": [120.9777468, 14.6894963]}, "properties": {"kind": "hospital"}}, {"type": "Feature", "geometry": {"type": "Point", "coordinates": [120.9909453, 14.6240598]}, "properties": {"kind": "place_of_worship"}}, {"type": "Feature", "geometry": {"type": "Point", "coordinates": [120.9762756, 14.6445925]}, "properties": {"kind": "station"}}, {"type": "Feature", "geometry": {"type": "Point", "coordinates": [120.9705666, 14.6605188]}, "properties": {"kind": "school"}}, {"type": "Feature", "geometry": {"type": "Point", "coordinates": [121.0212555, 14.6028557]}, "properties": {"kind": "place_of_worship"}}, {"type": "Feature", "geometry": {"type": "Point", "coordinates": [120.983112, 14.6265286]}, "properties": {"kind": "place_of_worship"}}, {"type": "Feature", "geometry": {"type": "Point", "coordinates": [120.9896889, 14.6070635]}, "properties": {"kind": "bus_stop"}}, {"type": "Feature", "geometry": {"type": "Point", "coordinates": [120.9915436, 14.6087653]}, "properties": {"kind": "bus_stop"}}, {"type": "Feature", "geometry": {"type": "Point", "coordinates": [121.0161861, 14.6282144]}, "properties": {"kind": "place_of_worship"}}, {"type": "Feature", "geometry": {"type": "Point", "coordinates": [121.0084592, 14.6121872]}, "properties": {"kind": "bus_stop"}}, {"type": "Feature", "geometry": {"type": "Point", "coordinates": [120.9887081, 14.6055659]}, "properties": {"kind": "place_of_worship"}}, {"type": "Feature", "geometry": {"type": "Point", "coordinates": [120.9877445, 14.6047472]}, "properties": {"kind": "bus_stop"}}, {"type": "Feature", "geometry": {"type": "Point", "coordinates": [120.9863226, 14.6057425]}, "properties": {"kind": "place_of_worship"}}, {"type": "Feature", "geometry": {"type": "Point", "coordinates": [120.9883151, 14.6545442]}, "properties": {"kind": "bus_stop"}}, {"type": "Feature", "geometry": {"type": "Point", "coordinates": [120.987433, 14.6026539]}, "properties": {"kind": "place_of_worship"}}, {"type": "Feature", "geometry": {"type": "Point", "coordinates": [120.9874308, 14.602662]}, "properties": {"kind": "school"}}, {"type": "Feature", "geometry": {"type": "Point", "coordinates": [121.0080322, 14.6118077]}, "properties": {"kind": "place_of_worship"}}, {"type": "Feature", "geometry": {"type": "Point", "coordinates": [121.0027924, 14.6295553]}, "properties": {"kind": "place_of_worship"}}, {"type": "Feature", "geometry": {"type": "Point", "coordinates": [120.9721921, 14.5985922]}, "properties": {"kind": "place_of_worship"}}, {"type": "Feature", "geometry": {"type": "Point", "coordinates": [120.9890337, 14.603235]}, "properties": {"kind": "place_of_worship"}}, {"type": "Feature", "geometry": {"type": "Point", "coordinates": [121.0290813, 14.5928797]}, "properties": {"kind": "bus_stop"}}, {"type": "Feature", "geometry": {"type": "Point", "coordinates": [121.0279742, 14.5951413]}, "properties": {"kind": "bus_stop"}}, {"type": "Feature", "geometry": {"type": "Point", "coordinates": [121.00746, 14.675944]}, "properties": {"kind": "place_of_worship"}}, {"type": "Feature", "geometry": {"type": "Point", "coordinates": [120.9893658, 14.6128184]}, "properties": {"kind": "school"}}, {"type": "Feature", "geometry": {"type": "Point", "coordinates": [120.9976023, 14.603674]}, "properties": {"kind": "school"}}, {"type": "Feature", "geometry": {"type": "Point", "coordinates": [120.9871592, 14.6028026]}, "properties": {"kind": "school"}}, {"type": "Feature", "geometry": {"type": "Point", "coordinates": [120.9899503, 14.6413283]}, "properties": {"kind": "place_of_worship"}}, {"type": "Feature", "geometry": {"type": "Point", "coordinates": [120.9929503, 14.6142201]}, "properties": {"kind": "school"}}, {"type": "Feature", "geometry": {"type": "Point", "coordinates": [121.0008563, 14.593217]}, "properties": {"kind": "place_of_worship"}}, {"type": "Feature", "geometry": {"type": "Point", "coordinates": [120.9784673, 14.6126866]}, "properties": {"kind": "place_of_worship"}}, {"type": "Feature", "geometry": {"type": "Point", "coordinates": [120.9823448, 14.6116965]}, "properties": {"kind": "place_of_worship"}}, {"type": "Feature", "geometry": {"type": "Point", "coordinates": [121.0135795, 14.6002549]}, "properties": {"kind": "bus_stop"}}, {"type": "Feature", "geometry": {"type": "Point", "coordinates": [121.0089354, 14.5904904]}, "properties": {"kind": "station"}}, {"type": "Feature", "geometry": {"type": "Point", "coordinates": [121.0103437, 14.6007496]}, "properties": {"kind": "station"}}, {"type": "Feature", "geometry": {"type": "Point", "coordinates": [121.0145757, 14.6023837]}, "properties": {"kind": "place_of_worship"}}, {"type": "Feature", "geometry": {"type": "Point", "coordinates": [120.9806383, 14.6615232]}, "properties": {"kind": "school"}}, {"type": "Feature", "geometry": {"type": "Point", "coordinates": [120.9953818, 14.6876331]}, "properties": {"kind": "marketplace"}}, {"type": "Feature", "geometry": {"type": "Point", "coordinates": [121.0289981, 14.5973394]}, "properties": {"kind": "place_of_worship"}}, {"type": "Feature", "geometry": {"type": "Point", "coordinates": [120.9843815, 14.618608]}, "properties": {"kind": "place_of_worship"}}, {"type": "Feature", "geometry": {"type": "Point", "coordinates": [121.0126251, 14.64781]}, "properties": {"kind": "place_of_worship"}}, {"type": "Feature", "geometry": {"type": "Point", "coordinates": [121.0141855, 14.6016374]}, "properties": {"kind": "place_of_worship"}}, {"type": "Feature", "geometry": {"type": "Point", "coordinates": [121.001585, 14.6879497]}, "properties": {"kind": "bus_stop"}}, {"type": "Feature", "geometry": {"type": "Point", "coordinates": [120.9650324, 14.6096343]}, "properties": {"kind": "place_of_worship"}}, {"type": "Feature", "geometry": {"type": "Point", "coordinates": [121.017882, 14.6523145]}, "properties": {"kind": "place_of_worship"}}, {"type": "Feature", "geometry": {"type": "Point", "coordinates": [120.9690115, 14.66261]}, "properties": {"kind": "place_of_worship"}}, {"type": "Feature", "geometry": {"type": "Point", "coordinates": [120.988238, 14.6831108]}, "properties": {"kind": "place_of_worship"}}, {"type": "Feature", "geometry": {"type": "Point", "coordinates": [121.0174444, 14.6379979]}, "properties": {"kind": "place_of_worship"}}, {"type": "Feature", "geometry": {"type": "Point", "coordinates": [120.9977374, 14.6570381]}, "properties": {"kind": "place_of_worship"}}, {"type": "Feature", "geometry": {"type": "Point", "coordinates": [120.9885188, 14.6444733]}, "properties": {"kind": "place_of_worship"}}, {"type": "Feature", "geometry": {"type": "Point", "coordinates": [121.0089727, 14.6795123]}, "properties": {"kind": "place_of_worship"}}, {"type": "Feature", "geometry": {"type": "Point", "coordinates": [120.9530148, 14.6458316]}, "properties": {"kind": "place_of_worship"}}, {"type": "Feature", "geometry": {"type": "Point", "coordinates": [121.0245393, 14.6864262]}, "properties": {"kind": "place_of_worship"}}, {"type": "Feature", "geometry": {"type": "Point", "coordinates": [120.9721081, 14.6522392]}, "properties": {"kind": "place_of_worship"}}, {"type": "Feature", "geometry": {"type": "Point", "coordinates": [120.991618, 14.6084484]}, "properties": {"kind": "bus_stop"}}, {"type": "Feature", "geometry": {"type": "Point", "coordinates": [120.9875564, 14.5999549]}, "properties": {"kind": "place_of_worship"}}, {"type": "Feature", "geometry": {"type": "Point", "coordinates": [120.9761851, 14.6001977]}, "properties": {"kind": "place_of_worship"}}, {"type": "Feature", "geometry": {"type": "Point", "coordinates": [121.0135443, 14.6016971]}, "properties": {"kind": "place_of_worship"}}, {"type": "Feature", "geometry": {"type": "Point", "coordinates": [120.9839857, 14.6231056]}, "properties": {"kind": "marketplace"}}, {"type": "Feature", "geometry": {"type": "Point", "coordinates": [120.9917108, 14.640701]}, "properties": {"kind": "place_of_worship"}}, {"type": "Feature", "geometry": {"type": "Point", "coordinates": [120.993353, 14.6069702]}, "properties": {"kind": "school"}}, {"type": "Feature", "geometry": {"type": "Point", "coordinates": [121.0037657, 14.6577194]}, "properties": {"kind": "bus_stop"}}, {"type": "Feature", "geometry": {"type": "Point", "coordinates": [121.0005327, 14.6113132]}, "properties": {"kind": "place_of_worship"}}, {"type": "Feature", "geometry": {"type": "Point", "coordinates": [120.9917336, 14.640757]}, "properties": {"kind": "school"}}, {"type": "Feature", "geometry": {"type": "Point", "coordinates": [120.9923296, 14.6080998]}, "properties": {"kind": "hospital"}}, {"type": "Feature", "geometry": {"type": "Point", "coordinates": [121.026481, 14.616781]}, "properties": {"kind": "place_of_worship"}}, {"type": "Feature", "geometry": {"type": "Point", "coordinates": [120.9767553, 14.6118631]}, "properties": {"kind": "place_of_worship"}}, {"type": "Feature", "geometry": {"type": "Point", "coordinates": [120.9753627, 14.642448]}, "properties": {"kind": "school"}}, {"type": "Feature", "geometry": {"type": "Point", "coordinates": [120.9834603, 14.6226285]}, "properties": {"kind": "station"}}, {"type": "Feature", "geometry": {"type": "Point", "coordinates": [120.9826789, 14.6580258]}, "properties": {"kind": "place_of_worship"}}, {"type": "Feature", "geometry": {"type": "Point", "coordinates": [120.9930576, 14.6097166]}, "properties": {"kind": "place_of_worship"}}, {"type": "Feature", "geometry": {"type": "Point", "coordinates": [121.0104923, 14.625521]}, "properties": {"kind": "bus_stop"}}, {"type": "Feature", "geometry": {"type": "Point", "coordinates": [121.0084451, 14.6237404]}, "properties": {"kind": "bus_stop"}}, {"type": "Feature", "geometry": {"type": "Point", "coordinates": [121.0164492, 14.6308948]}, "properties": {"kind": "bus_stop"}}, {"type": "Feature", "geometry": {"type": "Point", "coordinates": [121.029254, 14.6562254]}, "properties": {"kind": "bus_stop"}}, {"type": "Feature", "geometry": {"type": "Point", "coordinates": [120.9572041, 14.6414156]}, "properties": {"kind": "place_of_worship"}}, {"type": "Feature", "geometry": {"type": "Point", "coordinates": [121.0148023, 14.6272108]}, "properties": {"kind": "school"}}, {"type": "Feature", "geometry": {"type": "Point", "coordinates": [121.0067277, 14.6574535]}, "properties": {"kind": "bus_stop"}}, {"type": "Feature", "geometry": {"type": "Point", "coordinates": [120.9992993, 14.6551601]}, "properties": {"kind": "bus_stop"}}, {"type": "Feature", "geometry": {"type": "Point", "coordinates": [120.9722235, 14.6494279]}, "properties": {"kind": "place_of_worship"}}, {"type": "Feature", "geometry": {"type": "Point", "coordinates": [120.9747443, 14.6423022]}, "properties": {"kind": "school"}}, {"type": "Feature", "geometry": {"type": "Point", "coordinates": [121.0080898, 14.6010835]}, "properties": {"kind": "place_of_worship"}}, {"type": "Feature", "geometry": {"type": "Point", "coordinates": [120.9690425, 14.6002656]}, "properties": {"kind": "place_of_worship"}}, {"type": "Feature", "geometry": {"type": "Point", "coordinates": [120.9579983, 14.6666719]}, "properties": {"kind": "school"}}, {"type": "Feature", "geometry": {"type": "Point", "coordinates": [120.9810696, 14.6695698]}, "properties": {"kind": "place_of_worship"}}, {"type": "Feature", "geometry": {"type": "Point", "coordinates": [120.9755451, 14.6268965]}, "properties": {"kind": "station"}}, {"type": "Feature", "geometry": {"type": "Point", "coordinates": [120.9748414, 14.6518615]}, "properties": {"kind": "station"}}, {"type": "Feature", "geometry": {"type": "Point", "coordinates": [121.0290378, 14.5926624]}, "properties": {"kind": "bus_stop"}}, {"type": "Feature", "geometry": {"type": "Point", "coordinates": [121.0137986, 14.6793067]}, "properties": {"kind": "place_of_worship"}}, {"type": "Feature", "geometry": {"type": "Point", "coordinates": [120.9933025, 14.61902]}, "properties": {"kind": "place_of_worship"}}, {"type": "Feature", "geometry": {"type": "Point", "coordinates": [121.0066434, 14.590953]}, "properties": {"kind": "place_of_worship"}}, {"type": "Feature", "geometry": {"type": "Point", "coordinates": [121.0214672, 14.6031318]}, "properties": {"kind": "place_of_worship"}}, {"type": "Feature", "geometry": {"type": "Point", "coordinates": [120.9985279, 14.6146088]}, "properties": {"kind": "place_of_worship"}}, {"type": "Feature", "geometry": {"type": "Point", "coordinates": [121.0028147, 14.5997759]}, "properties": {"kind": "place_of_worship"}}, {"type": "Feature", "geometry": {"type": "Point", "coordinates": [120.9615844, 14.6299984]}, "properties": {"kind": "place_of_worship"}}, {"type": "Feature", "geometry": {"type": "Point", "coordinates": [121.021096, 14.6630309]}, "properties": {"kind": "place_of_worship"}}, {"type": "Feature", "geometry": {"type": "Point", "coordinates": [121.02189, 14.6060855]}, "properties": {"kind": "place_of_worship"}}, {"type": "Feature", "geometry": {"type": "Point", "coordinates": [121.0255884, 14.6035844]}, "properties": {"kind": "place_of_worship"}}, {"type": "Feature", "geometry": {"type": "Point", "coordinates": [121.0277081, 14.6079618]}, "properties": {"kind": "school"}}, {"type": "Feature", "geometry": {"type": "Point", "coordinates": [120.9848357, 14.6786804]}, "properties": {"kind": "place_of_worship"}}, {"type": "Feature", "geometry": {"type": "Point", "coordinates": [120.9886508, 14.6770542]}, "properties": {"kind": "place_of_worship"}}, {"type": "Feature", "geometry": {"type": "Point", "coordinates": [120.990745, 14.6792445]}, "properties": {"kind": "school"}}, {"type": "Feature", "geometry": {"type": "Point", "coordinates": [120.9908697, 14.675538]}, "properties": {"kind": "place_of_worship"}}, {"type": "Feature", "geometry": {"type": "Point", "coordinates": [120.9822987, 14.688412]}, "properties": {"kind": "place_of_worship"}}, {"type": "Feature", "geometry": {"type": "Point", "coordinates": [120.9834983, 14.6898096]}, "properties": {"kind": "place_of_worship"}}, {"type": "Feature", "geometry": {"type": "Point", "coordinates": [120.9779692, 14.6866395]}, "properties": {"kind": "place_of_worship"}}, {"type": "Feature", "geometry": {"type": "Point", "coordinates": [120.9738786, 14.6569248]}, "properties": {"kind": "station"}}, {"type": "Feature", "geometry": {"type": "Point", "coordinates": [121.0117519, 14.6026616]}, "properties": {"kind": "place_of_worship"}}, {"type": "Feature", "geometry": {"type": "Point", "coordinates": [121.0260903, 14.607693]}, "properties": {"kind": "place_of_worship"}}, {"type": "Feature", "geometry": {"type": "Point", "coordinates": [121.0277694, 14.6086793]}, "properties": {"kind": "place_of_worship"}}, {"type": "Feature", "geometry": {"type": "Point", "coordinates": [121.0041774, 14.6229063]}, "properties": {"kind": "school"}}, {"type": "Feature", "geometry": {"type": "Point", "coordinates": [120.990071, 14.6115031]}, "properties": {"kind": "hospital"}}, {"type": "Feature", "geometry": {"type": "Point", "coordinates": [121.0209512, 14.6693286]}, "properties": {"kind": "school"}}, {"type": "Feature", "geometry": {"type": "Point", "coordinates": [120.9883724, 14.6059056]}, "properties": {"kind": "bus_stop"}}, {"type": "Feature", "geometry": {"type": "Point", "coordinates": [121.02506, 14.6011874]}, "properties": {"kind": "place_of_worship"}}, {"type": "Feature", "geometry": {"type": "Point", "coordinates": [121.0246028, 14.6358797]}, "properties": {"kind": "hospital"}}, {"type": "Feature", "geometry": {"type": "Point", "coordinates": [121.0295785, 14.6576456]}, "properties": {"kind": "bus_stop"}}, {"type": "Feature", "geometry": {"type": "Point", "coordinates": [120.9998109, 14.6557355]}, "properties": {"kind": "bus_stop"}}, {"type": "Feature", "geometry": {"type": "Point", "coordinates": [121.0236913, 14.6327668]}, "properties": {"kind": "place_of_worship"}}, {"type": "Feature", "geometry": {"type": "Point", "coordinates": [121.0291355, 14.6562509]}, "properties": {"kind": "bus_stop"}}, {"type": "Feature", "geometry": {"type": "Point", "coordinates": [121.0291954, 14.6562389]}, "properties": {"kind": "bus_stop"}}, {"type": "Feature", "geometry": {"type": "Point", "coordinates": [121.0143028, 14.6765715]}, "properties": {"kind": "place_of_worship"}}, {"type": "Feature", "geometry": {"type": "Point", "coordinates": [120.9727336, 14.6703377]}, "properties": {"kind": "station"}}, {"type": "Feature", "geometry": {"type": "Point", "coordinates": [121.0210322, 14.6828762]}, "properties": {"kind": "place_of_worship"}}, {"type": "Feature", "geometry": {"type": "Point", "coordinates": [121.0224937, 14.6845825]}, "properties": {"kind": "place_of_worship"}}, {"type": "Feature", "geometry": {"type": "Point", "coordinates": [120.9972993, 14.597253]}, "properties": {"kind": "place_of_worship"}}, {"type": "Feature", "geometry": {"type": "Point", "coordinates": [120.9588919, 14.592969]}, "properties": {"kind": "place_of_worship"}}, {"type": "Feature", "geometry": {"type": "Point", "coordinates": [121.0038953, 14.5903074]}, "properties": {"kind": "place_of_worship"}}, {"type": "Feature", "geometry": {"type": "Point", "coordinates": [120.9929208, 14.6196702]}, "properties": {"kind": "place_of_worship"}}, {"type": "Feature", "geometry": {"type": "Point", "coordinates": [120.9890941, 14.6185015]}, "properties": {"kind": "place_of_worship"}}, {"type": "Feature", "geometry": {"type": "Point", "coordinates": [120.9758817, 14.6436199]}, "properties": {"kind": "place_of_worship"}}, {"type": "Feature", "geometry": {"type": "Point", "coordinates": [120.9822417, 14.6181589]}, "properties": {"kind": "place_of_worship"}}, {"type": "Feature", "geometry": {"type": "Point", "coordinates": [121.021062, 14.682847]}, "properties": {"kind": "hospital"}}, {"type": "Feature", "geometry": {"type": "Point", "coordinates": [120.9726314, 14.5924282]}, "properties": {"kind": "bus_stop"}}, {"type": "Feature", "geometry": {"type": "Point", "coordinates": [120.9729059, 14.5924137]}, "properties": {"kind": "bus_stop"}}, {"type": "Feature", "geometry": {"type": "Point", "coordinates": [121.0268742, 14.6772302]}, "properties": {"kind": "place_of_worship"}}, {"type": "Feature", "geometry": {"type": "Point", "coordinates": [120.9981133, 14.6722538]}, "properties": {"kind": "school"}}, {"type": "Feature", "geometry": {"type": "Point", "coordinates": [121.0279219, 14.6013038]}, "properties": {"kind": "place_of_worship"}}, {"type": "Feature", "geometry": {"type": "Point", "coordinates": [121.0290756, 14.6562638]}, "properties": {"kind": "bus_stop"}}, {"type": "Feature", "geometry": {"type": "Point", "coordinates": [121.0290164, 14.656277]}, "properties": {"kind": "bus_stop"}}, {"type": "Feature", "geometry": {"type": "Point", "coordinates": [121.0289569, 14.656291]}, "properties": {"kind": "bus_stop"}}, {"type": "Feature", "geometry": {"type": "Point", "coordinates": [121.028897, 14.6563043]}, "properties": {"kind": "bus_stop"}}, {"type": "Feature", "geometry": {"type": "Point", "coordinates": [121.0288363, 14.6563176]}, "properties": {"kind": "bus_stop"}}, {"type": "Feature", "geometry": {"type": "Point", "coordinates": [120.9840212, 14.655458]}, "properties": {"kind": "bus_stop"}}, {"type": "Feature", "geometry": {"type": "Point", "coordinates": [120.9837887, 14.6553025]}, "properties": {"kind": "bus_stop"}}, {"type": "Feature", "geometry": {"type": "Point", "coordinates": [121.0196377, 14.6063716]}, "properties": {"kind": "bus_stop"}}, {"type": "Feature", "geometry": {"type": "Point", "coordinates": [121.0169645, 14.6038107]}, "properties": {"kind": "bus_stop"}}, {"type": "Feature", "geometry": {"type": "Point", "coordinates": [121.0110676, 14.6021238]}, "properties": {"kind": "bus_stop"}}, {"type": "Feature", "geometry": {"type": "Point", "coordinates": [120.993231, 14.6013866]}, "properties": {"kind": "bus_stop"}}, {"type": "Feature", "geometry": {"type": "Point", "coordinates": [120.9857159, 14.602731]}, "properties": {"kind": "bus_stop"}}, {"type": "Feature", "geometry": {"type": "Point", "coordinates": [120.9830263, 14.644616]}, "properties": {"kind": "bus_stop"}}, {"type": "Feature", "geometry": {"type": "Point", "coordinates": [120.983683, 14.6449792]}, "properties": {"kind": "bus_stop"}}, {"type": "Feature", "geometry": {"type": "Point", "coordinates": [120.9752159, 14.6447288]}, "properties": {"kind": "bus_stop"}}, {"type": "Feature", "geometry": {"type": "Point", "coordinates": [120.9740712, 14.6450565]}, "properties": {"kind": "bus_stop"}}, {"type": "Feature", "geometry": {"type": "Point", "coordinates": [120.9611548, 14.6575633]}, "properties": {"kind": "bus_stop"}}, {"type": "Feature", "geometry": {"type": "Point", "coordinates": [120.9642763, 14.6541673]}, "properties": {"kind": "bus_stop"}}, {"type": "Feature", "geometry": {"type": "Point", "coordinates": [120.9645532, 14.6535365]}, "properties": {"kind": "bus_stop"}}, {"type": "Feature", "geometry": {"type": "Point", "coordinates": [120.9617009, 14.6571891]}, "properties": {"kind": "bus_stop"}}, {"type": "Feature", "geometry": {"type": "Point", "coordinates": [120.9560366, 14.6388487]}, "properties": {"kind": "bus_stop"}}, {"type": "Feature", "geometry": {"type": "Point", "coordinates": [120.9564183, 14.6390276]}, "properties": {"kind": "bus_stop"}}, {"type": "Feature", "geometry": {"type": "Point", "coordinates": [120.9598778, 14.6242581]}, "properties": {"kind": "bus_stop"}}, {"type": "Feature", "geometry": {"type": "Point", "coordinates": [120.9602072, 14.6259039]}, "properties": {"kind": "bus_stop"}}, {"type": "Feature", "geometry": {"type": "Point", "coordinates": [120.9600295, 14.6197074]}, "properties": {"kind": "bus_stop"}}, {"type": "Feature", "geometry": {"type": "Point", "coordinates": [120.9596255, 14.6197567]}, "properties": {"kind": "bus_stop"}}, {"type": "Feature", "geometry": {"type": "Point", "coordinates": [120.960031, 14.6150455]}, "properties": {"kind": "bus_stop"}}, {"type": "Feature", "geometry": {"type": "Point", "coordinates": [120.9604007, 14.6152589]}, "properties": {"kind": "bus_stop"}}, {"type": "Feature", "geometry": {"type": "Point", "coordinates": [120.9609047, 14.6087156]}, "properties": {"kind": "bus_stop"}}, {"type": "Feature", "geometry": {"type": "Point", "coordinates": [120.9611745, 14.6100538]}, "properties": {"kind": "bus_stop"}}, {"type": "Feature", "geometry": {"type": "Point", "coordinates": [120.9614979, 14.601928]}, "properties": {"kind": "bus_stop"}}, {"type": "Feature", "geometry": {"type": "Point", "coordinates": [120.9616419, 14.6051281]}, "properties": {"kind": "bus_stop"}}, {"type": "Feature", "geometry": {"type": "Point", "coordinates": [120.9649451, 14.5992585]}, "properties": {"kind": "bus_stop"}}, {"type": "Feature", "geometry": {"type": "Point", "coordinates": [120.965247, 14.5994306]}, "properties": {"kind": "bus_stop"}}, {"type": "Feature", "geometry": {"type": "Point", "coordinates": [120.9702409, 14.5919561]}, "properties": {"kind": "bus_stop"}}, {"type": "Feature", "geometry": {"type": "Point", "coordinates": [121.0295742, 14.6652624]}, "properties": {"kind": "bus_stop"}}, {"type": "Feature", "geometry": {"type": "Point", "coordinates": [121.0225756, 14.6635453]}, "properties": {"kind": "bus_stop"}}, {"type": "Feature", "geometry": {"type": "Point", "coordinates": [120.9896314, 14.5971084]}, "properties": {"kind": "bus_stop"}}, {"type": "Feature", "geometry": {"type": "Point", "coordinates": [121.0267257, 14.5933927]}, "properties": {"kind": "bus_stop"}}, {"type": "Feature", "geometry": {"type": "Point", "coordinates": [121.0154141, 14.6025825]}, "properties": {"kind": "bus_stop"}}, {"type": "Feature", "geometry": {"type": "Point", "coordinates": [121.0179589, 14.5971999]}, "properties": {"kind": "bus_stop"}}, {"type": "Feature", "geometry": {"type": "Point", "coordinates": [121.0175519, 14.5980312]}, "properties": {"kind": "bus_stop"}}, {"type": "Feature", "geometry": {"type": "Point", "coordinates": [121.0166278, 14.6010032]}, "properties": {"kind": "bus_stop"}}, {"type": "Feature", "geometry": {"type": "Point", "coordinates": [121.0247174, 14.5944512]}, "properties": {"kind": "bus_stop"}}, {"type": "Feature", "geometry": {"type": "Point", "coordinates": [121.024138, 14.5948022]}, "properties": {"kind": "bus_stop"}}, {"type": "Feature", "geometry": {"type": "Point", "coordinates": [121.0272977, 14.5940635]}, "properties": {"kind": "bus_stop"}}, {"type": "Feature", "geometry": {"type": "Point", "coordinates": [121.0298511, 14.5923804]}, "properties": {"kind": "bus_stop"}}, {"type": "Feature", "geometry": {"type": "Point", "coordinates": [120.9903409, 14.64424]}, "properties": {"kind": "bus_stop"}}, {"type": "Feature", "geometry": {"type": "Point", "coordinates": [120.9924009, 14.6404535]}, "properties": {"kind": "bus_stop"}}, {"type": "Feature", "geometry": {"type": "Point", "coordinates": [120.9888869, 14.6153516]}, "properties": {"kind": "bus_stop"}}, {"type": "Feature", "geometry": {"type": "Point", "coordinates": [120.9887123, 14.6146732]}, "properties": {"kind": "bus_stop"}}, {"type": "Feature", "geometry": {"type": "Point", "coordinates": [120.9903541, 14.6249054]}, "properties": {"kind": "bus_stop"}}, {"type": "Feature", "geometry": {"type": "Point", "coordinates": [120.9857007, 14.6029511]}, "properties": {"kind": "bus_stop"}}, {"type": "Feature", "geometry": {"type": "Point", "coordinates": [120.9897746, 14.6264324]}, "properties": {"kind": "bus_stop"}}, {"type": "Feature", "geometry": {"type": "Point", "coordinates": [120.9900324, 14.6265702]}, "properties": {"kind": "bus_stop"}}, {"type": "Feature", "geometry": {"type": "Point", "coordinates": [120.9930568, 14.6383597]}, "properties": {"kind": "bus_stop"}}, {"type": "Feature", "geometry": {"type": "Point", "coordinates": [120.9933174, 14.6364482]}, "properties": {"kind": "bus_stop"}}, {"type": "Feature", "geometry": {"type": "Point", "coordinates": [120.9921246, 14.6395909]}, "properties": {"kind": "bus_stop"}}, {"type": "Feature", "geometry": {"type": "Point", "coordinates": [120.9931994, 14.6430009]}, "properties": {"kind": "bus_stop"}}, {"type": "Feature", "geometry": {"type": "Point", "coordinates": [120.9907116, 14.6438773]}, "properties": {"kind": "bus_stop"}}, {"type": "Feature", "geometry": {"type": "Point", "coordinates": [120.9846715, 14.6442938]}, "properties": {"kind": "bus_stop"}}, {"type": "Feature", "geometry": {"type": "Point", "coordinates": [120.952286, 14.6590594]}, "properties": {"kind": "bus_stop"}}, {"type": "Feature", "geometry": {"type": "Point", "coordinates": [120.9664434, 14.6518338]}, "properties": {"kind": "bus_stop"}}, {"type": "Feature", "geometry": {"type": "Point", "coordinates": [120.966437, 14.6514844]}, "properties": {"kind": "bus_stop"}}, {"type": "Feature", "geometry": {"type": "Point", "coordinates": [120.951565, 14.6580214]}, "properties": {"kind": "bus_stop"}}, {"type": "Feature", "geometry": {"type": "Point", "coordinates": [120.9500232, 14.6519539]}, "properties": {"kind": "bus_stop"}}, {"type": "Feature", "geometry": {"type": "Point", "coordinates": [120.9510043, 14.656011]}, "properties": {"kind": "bus_stop"}}, {"type": "Feature", "geometry": {"type": "Point", "coordinates": [120.950729, 14.6590237]}, "properties": {"kind": "bus_stop"}}, {"type": "Feature", "geometry": {"type": "Point", "coordinates": [120.9718852, 14.6221432]}, "properties": {"kind": "bus_stop"}}, {"type": "Feature", "geometry": {"type": "Point", "coordinates": [120.9647464, 14.6298192]}, "properties": {"kind": "bus_stop"}}, {"type": "Feature", "geometry": {"type": "Point", "coordinates": [120.9646593, 14.629584]}, "properties": {"kind": "bus_stop"}}, {"type": "Feature", "geometry": {"type": "Point", "coordinates": [120.9674643, 14.6244582]}, "properties": {"kind": "bus_stop"}}, {"type": "Feature", "geometry": {"type": "Point", "coordinates": [120.9675595, 14.6246139]}, "properties": {"kind": "bus_stop"}}, {"type": "Feature", "geometry": {"type": "Point", "coordinates": [120.9623761, 14.6345849]}, "properties": {"kind": "bus_stop"}}, {"type": "Feature", "geometry": {"type": "Point", "coordinates": [120.9533988, 14.6448616]}, "properties": {"kind": "bus_stop"}}, {"type": "Feature", "geometry": {"type": "Point", "coordinates": [120.9535034, 14.6449829]}, "properties": {"kind": "bus_stop"}}, {"type": "Feature", "geometry": {"type": "Point", "coordinates": [120.956765, 14.6406737]}, "properties": {"kind": "bus_stop"}}, {"type": "Feature", "geometry": {"type": "Point", "coordinates": [120.9572788, 14.6397327]}, "properties": {"kind": "bus_stop"}}, {"type": "Feature", "geometry": {"type": "Point", "coordinates": [120.9624915, 14.6347075]}, "properties": {"kind": "bus_stop"}}, {"type": "Feature", "geometry": {"type": "Point", "coordinates": [120.9655002, 14.6277406]}, "properties": {"kind": "bus_stop"}}, {"type": "Feature", "geometry": {"type": "Point", "coordinates": [120.9658478, 14.6274227]}, "properties": {"kind": "bus_stop"}}, {"type": "Feature", "geometry": {"type": "Point", "coordinates": [120.9717756, 14.622381]}, "properties": {"kind": "bus_stop"}}, {"type": "Feature", "geometry": {"type": "Point", "coordinates": [120.9693164, 14.6104859]}, "properties": {"kind": "bus_stop"}}, {"type": "Feature", "geometry": {"type": "Point", "coordinates": [120.9689891, 14.6060437]}, "properties": {"kind": "bus_stop"}}, {"type": "Feature", "geometry": {"type": "Point", "coordinates": [120.9673229, 14.6084384]}, "properties": {"kind": "bus_stop"}}, {"type": "Feature", "geometry": {"type": "Point", "coordinates": [120.9711037, 14.6185556]}, "properties": {"kind": "bus_stop"}}, {"type": "Feature", "geometry": {"type": "Point", "coordinates": [120.9708788, 14.6185265]}, "properties": {"kind": "bus_stop"}}, {"type": "Feature", "geometry": {"type": "Point", "coordinates": [121.0038954, 14.5926698]}, "properties": {"kind": "bus_stop"}}, {"type": "Feature", "geometry": {"type": "Point", "coordinates": [121.0037774, 14.6016923]}, "properties": {"kind": "bus_stop"}}, {"type": "Feature", "geometry": {"type": "Point", "coordinates": [120.9765205, 14.6050893]}, "properties": {"kind": "place_of_worship"}}, {"type": "Feature", "geometry": {"type": "Point", "coordinates": [121.020867, 14.663899]}, "properties": {"kind": "school"}}, {"type": "Feature", "geometry": {"type": "Point", "coordinates": [121.0146668, 14.6403]}, "properties": {"kind": "place_of_worship"}}, {"type": "Feature", "geometry": {"type": "Point", "coordinates": [120.9823546, 14.6168525]}, "properties": {"kind": "bus_stop"}}, {"type": "Feature", "geometry": {"type": "Point", "coordinates": [120.9830789, 14.6168003]}, "properties": {"kind": "bus_stop"}}, {"type": "Feature", "geometry": {"type": "Point", "coordinates": [120.9703571, 14.6157741]}, "properties": {"kind": "bus_stop"}}, {"type": "Feature", "geometry": {"type": "Point", "coordinates": [120.9701153, 14.6145969]}, "properties": {"kind": "bus_stop"}}, {"type": "Feature", "geometry": {"type": "Point", "coordinates": [120.9775146, 14.6191952]}, "properties": {"kind": "bus_stop"}}, {"type": "Feature", "geometry": {"type": "Point", "coordinates": [120.9778848, 14.6199834]}, "properties": {"kind": "bus_stop"}}, {"type": "Feature", "geometry": {"type": "Point", "coordinates": [120.9726059, 14.6113349]}, "properties": {"kind": "bus_stop"}}, {"type": "Feature", "geometry": {"type": "Point", "coordinates": [120.9722012, 14.60954]}, "properties": {"kind": "bus_stop"}}, {"type": "Feature", "geometry": {"type": "Point", "coordinates": [120.9697237, 14.6095398]}, "properties": {"kind": "bus_stop"}}, {"type": "Feature", "geometry": {"type": "Point", "coordinates": [120.9668662, 14.6098344]}, "properties": {"kind": "bus_stop"}}, {"type": "Feature", "geometry": {"type": "Point", "coordinates": [120.9636301, 14.6095697]}, "properties": {"kind": "bus_stop"}}, {"type": "Feature", "geometry": {"type": "Point", "coordinates": [120.9617768, 14.6031772]}, "properties": {"kind": "bus_stop"}}, {"type": "Feature", "geometry": {"type": "Point", "coordinates": [120.9640482, 14.6029521]}, "properties": {"kind": "bus_stop"}}, {"type": "Feature", "geometry": {"type": "Point", "coordinates": [120.9647978, 14.6003372]}, "properties": {"kind": "bus_stop"}}, {"type": "Feature", "geometry": {"type": "Point", "coordinates": [120.9669279, 14.6020841]}, "properties": {"kind": "bus_stop"}}, {"type": "Feature", "geometry": {"type": "Point", "coordinates": [120.9680331, 14.603576]}, "properties": {"kind": "bus_stop"}}, {"type": "Feature", "geometry": {"type": "Point", "coordinates": [120.9693176, 14.6050188]}, "properties": {"kind": "bus_stop"}}, {"type": "Feature", "geometry": {"type": "Point", "coordinates": [120.977512, 14.6172064]}, "properties": {"kind": "bus_stop"}}, {"type": "Feature", "geometry": {"type": "Point", "coordinates": [120.9776923, 14.6204944]}, "properties": {"kind": "bus_stop"}}, {"type": "Feature", "geometry": {"type": "Point", "coordinates": [120.9681302, 14.6018674]}, "properties": {"kind": "bus_stop"}}, {"type": "Feature", "geometry": {"type": "Point", "coordinates": [120.9681269, 14.6003533]}, "properties": {"kind": "bus_stop"}}, {"type": "Feature", "geometry": {"type": "Point", "coordinates": [120.9684306, 14.5997981]}, "properties": {"kind": "bus_stop"}}, {"type": "Feature", "geometry": {"type": "Point", "coordinates": [120.9696087, 14.598196]}, "properties": {"kind": "bus_stop"}}, {"type": "Feature", "geometry": {"type": "Point", "coordinates": [120.9693103, 14.5987475]}, "properties": {"kind": "bus_stop"}}, {"type": "Feature", "geometry": {"type": "Point", "coordinates": [120.9705046, 14.5970656]}, "properties": {"kind": "bus_stop"}}, {"type": "Feature", "geometry": {"type": "Point", "coordinates": [120.9756575, 14.5974076]}, "properties": {"kind": "bus_stop"}}, {"type": "Feature", "geometry": {"type": "Point", "coordinates": [120.9788577, 14.5993134]}, "properties": {"kind": "bus_stop"}}, {"type": "Feature", "geometry": {"type": "Point", "coordinates": [120.978757, 14.597976]}, "properties": {"kind": "bus_stop"}}, {"type": "Feature", "geometry": {"type": "Point", "coordinates": [120.9766894, 14.5973553]}, "properties": {"kind": "bus_stop"}}, {"type": "Feature", "geometry": {"type": "Point", "coordinates": [120.9750757, 14.5970581]}, "properties": {"kind": "bus_stop"}}, {"type": "Feature", "geometry": {"type": "Point", "coordinates": [120.9707802, 14.5964504]}, "properties": {"kind": "bus_stop"}}, {"type": "Feature", "geometry": {"type": "Point", "coordinates": [120.9837145, 14.6153118]}, "properties": {"kind": "bus_stop"}}, {"type": "Feature", "geometry": {"type": "Point", "coordinates": [120.9846465, 14.6166708]}, "properties": {"kind": "bus_stop"}}, {"type": "Feature", "geometry": {"type": "Point", "coordinates": [120.979144, 14.6165145]}, "properties": {"kind": "bus_stop"}}, {"type": "Feature", "geometry": {"type": "Point", "coordinates": [120.9754331, 14.6169648]}, "properties": {"kind": "bus_stop"}}, {"type": "Feature", "geometry": {"type": "Point", "coordinates": [120.9737098, 14.6173067]}, "properties": {"kind": "bus_stop"}}, {"type": "Feature", "geometry": {"type": "Point", "coordinates": [120.9734255, 14.6174845]}, "properties": {"kind": "bus_stop"}}, {"type": "Feature", "geometry": {"type": "Point", "coordinates": [120.9713629, 14.6178089]}, "properties": {"kind": "bus_stop"}}, {"type": "Feature", "geometry": {"type": "Point", "coordinates": [120.974943, 14.6171714]}, "properties": {"kind": "bus_stop"}}, {"type": "Feature", "geometry": {"type": "Point", "coordinates": [120.9767924, 14.6168713]}, "properties": {"kind": "bus_stop"}}, {"type": "Feature", "geometry": {"type": "Point", "coordinates": [120.9793103, 14.6166274]}, "properties": {"kind": "bus_stop"}}, {"type": "Feature", "geometry": {"type": "Point", "coordinates": [120.9667221, 14.6074571]}, "properties": {"kind": "bus_stop"}}, {"type": "Feature", "geometry": {"type": "Point", "coordinates": [120.9680041, 14.6104231]}, "properties": {"kind": "bus_stop"}}, {"type": "Feature", "geometry": {"type": "Point", "coordinates": [120.9830721, 14.6006735]}, "properties": {"kind": "bus_stop"}}, {"type": "Feature", "geometry": {"type": "Point", "coordinates": [120.9760601, 14.6165424]}, "properties": {"kind": "bus_stop"}}, {"type": "Feature", "geometry": {"type": "Point", "coordinates": [120.9758453, 14.6158263]}, "properties": {"kind": "bus_stop"}}, {"type": "Feature", "geometry": {"type": "Point", "coordinates": [120.9808474, 14.6119477]}, "properties": {"kind": "bus_stop"}}, {"type": "Feature", "geometry": {"type": "Point", "coordinates": [120.9805855, 14.6083021]}, "properties": {"kind": "bus_stop"}}, {"type": "Feature", "geometry": {"type": "Point", "coordinates": [120.9804354, 14.6063887]}, "properties": {"kind": "bus_stop"}}, {"type": "Feature", "geometry": {"type": "Point", "coordinates": [120.9801338, 14.6045809]}, "properties": {"kind": "bus_stop"}}, {"type": "Feature", "geometry": {"type": "Point", "coordinates": [120.9760515, 14.6140559]}, "properties": {"kind": "bus_stop"}}, {"type": "Feature", "geometry": {"type": "Point", "coordinates": [120.9797659, 14.6133293]}, "properties": {"kind": "bus_stop"}}, {"type": "Feature", "geometry": {"type": "Point", "coordinates": [120.9831405, 14.6036973]}, "properties": {"kind": "bus_stop"}}, {"type": "Feature", "geometry": {"type": "Point", "coordinates": [120.9806931, 14.6009895]}, "properties": {"kind": "bus_stop"}}, {"type": "Feature", "geometry": {"type": "Point", "coordinates": [120.9804194, 14.6033597]}, "properties": {"kind": "bus_stop"}}, {"type": "Feature", "geometry": {"type": "Point", "coordinates": [120.9810778, 14.6075413]}, "properties": {"kind": "bus_stop"}}, {"type": "Feature", "geometry": {"type": "Point", "coordinates": [120.9795966, 14.6091765]}, "properties": {"kind": "bus_stop"}}, {"type": "Feature", "geometry": {"type": "Point", "coordinates": [120.979986, 14.6106822]}, "properties": {"kind": "bus_stop"}}, {"type": "Feature", "geometry": {"type": "Point", "coordinates": [120.9767405, 14.6124488]}, "properties": {"kind": "bus_stop"}}, {"type": "Feature", "geometry": {"type": "Point", "coordinates": [120.976405, 14.6134528]}, "properties": {"kind": "bus_stop"}}, {"type": "Feature", "geometry": {"type": "Point", "coordinates": [120.9770431, 14.6161764]}, "properties": {"kind": "bus_stop"}}, {"type": "Feature", "geometry": {"type": "Point", "coordinates": [120.9705126, 14.6175455]}, "properties": {"kind": "bus_stop"}}, {"type": "Feature", "geometry": {"type": "Point", "coordinates": [120.9656863, 14.6188911]}, "properties": {"kind": "bus_stop"}}, {"type": "Feature", "geometry": {"type": "Point", "coordinates": [120.9654953, 14.6197711]}, "properties": {"kind": "bus_stop"}}, {"type": "Feature", "geometry": {"type": "Point", "coordinates": [120.9704174, 14.6184123]}, "properties": {"kind": "bus_stop"}}, {"type": "Feature", "geometry": {"type": "Point", "coordinates": [120.9785473, 14.6233451]}, "properties": {"kind": "bus_stop"}}, {"type": "Feature", "geometry": {"type": "Point", "coordinates": [120.967814, 14.6311332]}, "properties": {"kind": "bus_stop"}}, {"type": "Feature", "geometry": {"type": "Point", "coordinates": [120.969231, 14.6282157]}, "properties": {"kind": "bus_stop"}}, {"type": "Feature", "geometry": {"type": "Point", "coordinates": [120.9749865, 14.6275614]}, "properties": {"kind": "bus_stop"}}, {"type": "Feature", "geometry": {"type": "Point", "coordinates": [120.9706593, 14.6278372]}, "properties": {"kind": "bus_stop"}}, {"type": "Feature", "geometry": {"type": "Point", "coordinates": [120.973558, 14.6271194]}, "properties": {"kind": "bus_stop"}}, {"type": "Feature", "geometry": {"type": "Point", "coordinates": [120.9695728, 14.6276133]}, "properties": {"kind": "bus_stop"}}, {"type": "Feature", "geometry": {"type": "Point", "coordinates": [120.9669347, 14.6259954]}, "properties": {"kind": "bus_stop"}}, {"type": "Feature", "geometry": {"type": "Point", "coordinates": [120.9819445, 14.6237099]}, "properties": {"kind": "bus_stop"}}, {"type": "Feature", "geometry": {"type": "Point", "coordinates": [120.9789888, 14.6256629]}, "properties": {"kind": "bus_stop"}}, {"type": "Feature", "geometry": {"type": "Point", "coordinates": [120.9756587, 14.6267887]}, "properties": {"kind": "bus_stop"}}, {"type": "Feature", "geometry": {"type": "Point", "coordinates": [120.9757442, 14.626728]}, "properties": {"kind": "bus_stop"}}, {"type": "Feature", "geometry": {"type": "Point", "coordinates": [120.9738614, 14.6265354]}, "properties": {"kind": "bus_stop"}}, {"type": "Feature", "geometry": {"type": "Point", "coordinates": [120.9979569, 14.6213837]}, "properties": {"kind": "school"}}, {"type": "Feature", "geometry": {"type": "Point", "coordinates": [120.9891991, 14.6125775]}, "properties": {"kind": "bus_stop"}}, {"type": "Feature", "geometry": {"type": "Point", "coordinates": [120.9911367, 14.6143275]}, "properties": {"kind": "bus_stop"}}, {"type": "Feature", "geometry": {"type": "Point", "coordinates": [120.9927827, 14.6158154]}, "properties": {"kind": "bus_stop"}}, {"type": "Feature", "geometry": {"type": "Point", "coordinates": [120.9946283, 14.6174971]}, "properties": {"kind": "bus_stop"}}, {"type": "Feature", "geometry": {"type": "Point", "coordinates": [120.9956979, 14.61846]}, "properties": {"kind": "bus_stop"}}, {"type": "Feature", "geometry": {"type": "Point", "coordinates": [120.9968497, 14.6195029]}, "properties": {"kind": "bus_stop"}}, {"type": "Feature", "geometry": {"type": "Point", "coordinates": [121.0060308, 14.6389553]}, "properties": {"kind": "bus_stop"}}, {"type": "Feature", "geometry": {"type": "Point", "coordinates": [121.028797, 14.6505787]}, "properties": {"kind": "bus_stop"}}, {"type": "Feature", "geometry": {"type": "Point", "coordinates": [121.029306, 14.6527965]}, "properties": {"kind": "bus_stop"}}, {"type": "Feature", "geometry": {"type": "Point", "coordinates": [121.0295185, 14.6538086]}, "properties": {"kind": "bus_stop"}}, {"type": "Feature", "geometry": {"type": "Point", "coordinates": [121.0285999, 14.6509839]}, "properties": {"kind": "bus_stop"}}, {"type": "Feature", "geometry": {"type": "Point", "coordinates": [121.0280354, 14.6474057]}, "properties": {"kind": "bus_stop"}}, {"type": "Feature", "geometry": {"type": "Point", "coordinates": [121.0284934, 14.6483754]}, "properties": {"kind": "bus_stop"}}, {"type": "Feature", "geometry": {"type": "Point", "coordinates": [121.0269483, 14.6480382]}, "properties": {"kind": "bus_stop"}}, {"type": "Feature", "geometry": {"type": "Point", "coordinates": [121.0271434, 14.648012]}, "properties": {"kind": "bus_stop"}}, {"type": "Feature", "geometry": {"type": "Point", "coordinates": [121.0250765, 14.647491]}, "properties": {"kind": "bus_stop"}}, {"type": "Feature", "geometry": {"type": "Point", "coordinates": [121.0251844, 14.6474385]}, "properties": {"kind": "bus_stop"}}, {"type": "Feature", "geometry": {"type": "Point", "coordinates": [121.0231141, 14.6469026]}, "properties": {"kind": "bus_stop"}}, {"type": "Feature", "geometry": {"type": "Point", "coordinates": [121.023283, 14.6468738]}, "properties": {"kind": "bus_stop"}}, {"type": "Feature", "geometry": {"type": "Point", "coordinates": [121.0215908, 14.6464429]}, "properties": {"kind": "bus_stop"}}, {"type": "Feature", "geometry": {"type": "Point", "coordinates": [121.0217874, 14.6464231]}, "properties": {"kind": "bus_stop"}}, {"type": "Feature", "geometry": {"type": "Point", "coordinates": [121.0196337, 14.6458694]}, "properties": {"kind": "bus_stop"}}, {"type": "Feature", "geometry": {"type": "Point", "coordinates": [121.0202631, 14.6459594]}, "properties": {"kind": "bus_stop"}}, {"type": "Feature", "geometry": {"type": "Point", "coordinates": [121.0171418, 14.6454619]}, "properties": {"kind": "bus_stop"}}, {"type": "Feature", "geometry": {"type": "Point", "coordinates": [121.0167321, 14.6429884]}, "properties": {"kind": "bus_stop"}}, {"type": "Feature", "geometry": {"type": "Point", "coordinates": [121.0168531, 14.6428814]}, "properties": {"kind": "bus_stop"}}, {"type": "Feature", "geometry": {"type": "Point", "coordinates": [121.0119291, 14.6397066]}, "properties": {"kind": "bus_stop"}}, {"type": "Feature", "geometry": {"type": "Point", "coordinates": [121.0121487, 14.6399008]}, "properties": {"kind": "bus_stop"}}, {"type": "Feature", "geometry": {"type": "Point", "coordinates": [121.0102388, 14.6396544]}, "properties": {"kind": "bus_stop"}}, {"type": "Feature", "geometry": {"type": "Point", "coordinates": [121.0100882, 14.6394534]}, "properties": {"kind": "bus_stop"}}, {"type": "Feature", "geometry": {"type": "Point", "coordinates": [120.9988019, 14.6238931]}, "properties": {"kind": "bus_stop"}}, {"type": "Feature", "geometry": {"type": "Point", "coordinates": [120.9980884, 14.6225038]}, "properties": {"kind": "bus_stop"}}, {"type": "Feature", "geometry": {"type": "Point", "coordinates": [120.9967293, 14.6212743]}, "properties": {"kind": "bus_stop"}}, {"type": "Feature", "geometry": {"type": "Point", "coordinates": [120.9943883, 14.6191066]}, "properties": {"kind": "bus_stop"}}, {"type": "Feature", "geometry": {"type": "Point", "coordinates": [120.9925472, 14.6174392]}, "properties": {"kind": "bus_stop"}}, {"type": "Feature", "geometry": {"type": "Point", "coordinates": [120.9901018, 14.615252]}, "properties": {"kind": "bus_stop"}}, {"type": "Feature", "geometry": {"type": "Point", "coordinates": [120.9863437, 14.6113202]}, "properties": {"kind": "bus_stop"}}, {"type": "Feature", "geometry": {"type": "Point", "coordinates": [120.9862001, 14.6093761]}, "properties": {"kind": "bus_stop"}}, {"type": "Feature", "geometry": {"type": "Point", "coordinates": [120.9870316, 14.610583]}, "properties": {"kind": "bus_stop"}}, {"type": "Feature", "geometry": {"type": "Point", "coordinates": [120.9982611, 14.6208377]}, "properties": {"kind": "bus_stop"}}, {"type": "Feature", "geometry": {"type": "Point", "coordinates": [120.9995037, 14.6221792]}, "properties": {"kind": "bus_stop"}}, {"type": "Feature", "geometry": {"type": "Point", "coordinates": [120.9982187, 14.625144]}, "properties": {"kind": "bus_stop"}}, {"type": "Feature", "geometry": {"type": "Point", "coordinates": [120.9984415, 14.6244381]}, "properties": {"kind": "bus_stop"}}, {"type": "Feature", "geometry": {"type": "Point", "coordinates": [120.996934, 14.6278148]}, "properties": {"kind": "bus_stop"}}, {"type": "Feature", "geometry": {"type": "Point", "coordinates": [120.9971101, 14.6271982]}, "properties": {"kind": "bus_stop"}}, {"type": "Feature", "geometry": {"type": "Point", "coordinates": [120.9960023, 14.62953]}, "properties": {"kind": "bus_stop"}}, {"type": "Feature", "geometry": {"type": "Point", "coordinates": [120.9957284, 14.6304979]}, "properties": {"kind": "bus_stop"}}, {"type": "Feature", "geometry": {"type": "Point", "coordinates": [120.9947099, 14.633711]}, "properties": {"kind": "bus_stop"}}, {"type": "Feature", "geometry": {"type": "Point", "coordinates": [120.9947715, 14.6330699]}, "properties": {"kind": "bus_stop"}}, {"type": "Feature", "geometry": {"type": "Point", "coordinates": [120.9941875, 14.6354056]}, "properties": {"kind": "bus_stop"}}, {"type": "Feature", "geometry": {"type": "Point", "coordinates": [120.9942622, 14.6346809]}, "properties": {"kind": "bus_stop"}}, {"type": "Feature", "geometry": {"type": "Point", "coordinates": [120.9936789, 14.6365411]}, "properties": {"kind": "bus_stop"}}, {"type": "Feature", "geometry": {"type": "Point", "coordinates": [120.9953879, 14.6377004]}, "properties": {"kind": "bus_stop"}}, {"type": "Feature", "geometry": {"type": "Point", "coordinates": [120.99812, 14.6379094]}, "properties": {"kind": "bus_stop"}}, {"type": "Feature", "geometry": {"type": "Point", "coordinates": [120.9979496, 14.638036]}, "properties": {"kind": "bus_stop"}}, {"type": "Feature", "geometry": {"type": "Point", "coordinates": [121.0003364, 14.6381922]}, "properties": {"kind": "bus_stop"}}, {"type": "Feature", "geometry": {"type": "Point", "coordinates": [121.0003906, 14.6383831]}, "properties": {"kind": "bus_stop"}}, {"type": "Feature", "geometry": {"type": "Point", "coordinates": [121.0080213, 14.63921]}, "properties": {"kind": "bus_stop"}}, {"type": "Feature", "geometry": {"type": "Point", "coordinates": [121.0059413, 14.6390905]}, "properties": {"kind": "bus_stop"}}, {"type": "Feature", "geometry": {"type": "Point", "coordinates": [121.0165224, 14.6409584]}, "properties": {"kind": "bus_stop"}}, {"type": "Feature", "geometry": {"type": "Point", "coordinates": [121.0163444, 14.6407086]}, "properties": {"kind": "bus_stop"}}, {"type": "Feature", "geometry": {"type": "Point", "coordinates": [121.0293094, 14.6782387]}, "properties": {"kind": "bus_stop"}}, {"type": "Feature", "geometry": {"type": "Point", "coordinates": [121.0254607, 14.6789837]}, "properties": {"kind": "bus_stop"}}, {"type": "Feature", "geometry": {"type": "Point", "coordinates": [121.0261391, 14.6787703]}, "properties": {"kind": "bus_stop"}}, {"type": "Feature", "geometry": {"type": "Point", "coordinates": [121.0236803, 14.6793697]}, "properties": {"kind": "bus_stop"}}, {"type": "Feature", "geometry": {"type": "Point", "coordinates": [121.0215028, 14.6796388]}, "properties": {"kind": "bus_stop"}}, {"type": "Feature", "geometry": {"type": "Point", "coordinates": [121.0197915, 14.6799174]}, "properties": {"kind": "bus_stop"}}, {"type": "Feature", "geometry": {"type": "Point", "coordinates": [121.0206404, 14.6335319]}, "properties": {"kind": "bus_stop"}}, {"type": "Feature", "geometry": {"type": "Point", "coordinates": [121.0179582, 14.6323815]}, "properties": {"kind": "bus_stop"}}, {"type": "Feature", "geometry": {"type": "Point", "coordinates": [121.0224975, 14.6310933]}, "properties": {"kind": "bus_stop"}}, {"type": "Feature", "geometry": {"type": "Point", "coordinates": [121.0208091, 14.6320198]}, "properties": {"kind": "bus_stop"}}, {"type": "Feature", "geometry": {"type": "Point", "coordinates": [121.0258462, 14.6303723]}, "properties": {"kind": "bus_stop"}}, {"type": "Feature", "geometry": {"type": "Point", "coordinates": [121.0223959, 14.6312812]}, "properties": {"kind": "bus_stop"}}, {"type": "Feature", "geometry": {"type": "Point", "coordinates": [121.0252327, 14.6306742]}, "properties": {"kind": "bus_stop"}}, {"type": "Feature", "geometry": {"type": "Point", "coordinates": [121.0292901, 14.629787]}, "properties": {"kind": "bus_stop"}}, {"type": "Feature", "geometry": {"type": "Point", "coordinates": [121.0098826, 14.5908717]}, "properties": {"kind": "bus_stop"}}, {"type": "Feature", "geometry": {"type": "Point", "coordinates": [121.0067506, 14.5910242]}, "properties": {"kind": "bus_stop"}}, {"type": "Feature", "geometry": {"type": "Point", "coordinates": [121.0031927, 14.5900884]}, "properties": {"kind": "bus_stop"}}, {"type": "Feature", "geometry": {"type": "Point", "coordinates": [121.0034703, 14.5926646]}, "properties": {"kind": "bus_stop"}}, {"type": "Feature", "geometry": {"type": "Point", "coordinates": [121.0064489, 14.5910904]}, "properties": {"kind": "bus_stop"}}, {"type": "Feature", "geometry": {"type": "Point", "coordinates": [121.0097778, 14.5909875]}, "properties": {"kind": "bus_stop"}}, {"type": "Feature", "geometry": {"type": "Point", "coordinates": [120.9663009, 14.6147901]}, "properties": {"kind": "bus_stop"}}, {"type": "Feature", "geometry": {"type": "Point", "coordinates": [120.9657745, 14.6183403]}, "properties": {"kind": "bus_stop"}}, {"type": "Feature", "geometry": {"type": "Point", "coordinates": [120.9620825, 14.6181832]}, "properties": {"kind": "bus_stop"}}, {"type": "Feature", "geometry": {"type": "Point", "coordinates": [120.9692458, 14.608062]}, "properties": {"kind": "bus_stop"}}, {"type": "Feature", "geometry": {"type": "Point", "coordinates": [120.969843, 14.6067908]}, "properties": {"kind": "bus_stop"}}, {"type": "Feature", "geometry": {"type": "Point", "coordinates": [120.9686091, 14.6098581]}, "properties": {"kind": "bus_stop"}}, {"type": "Feature", "geometry": {"type": "Point", "coordinates": [120.9659002, 14.6100398]}, "properties": {"kind": "bus_stop"}}, {"type": "Feature", "geometry": {"type": "Point", "coordinates": [120.9638799, 14.6098464]}, "properties": {"kind": "bus_stop"}}, {"type": "Feature", "geometry": {"type": "Point", "coordinates": [120.9719369, 14.6089143]}, "properties": {"kind": "bus_stop"}}, {"type": "Feature", "geometry": {"type": "Point", "coordinates": [120.9799307, 14.5998931]}, "properties": {"kind": "bus_stop"}}, {"type": "Feature", "geometry": {"type": "Point", "coordinates": [120.9803153, 14.5987433]}, "properties": {"kind": "bus_stop"}}, {"type": "Feature", "geometry": {"type": "Point", "coordinates": [120.9827623, 14.6078035]}, "properties": {"kind": "bus_stop"}}, {"type": "Feature", "geometry": {"type": "Point", "coordinates": [120.9840497, 14.6087716]}, "properties": {"kind": "bus_stop"}}, {"type": "Feature", "geometry": {"type": "Point", "coordinates": [120.9841901, 14.6106158]}, "properties": {"kind": "bus_stop"}}, {"type": "Feature", "geometry": {"type": "Point", "coordinates": [120.9847507, 14.6208073]}, "properties": {"kind": "bus_stop"}}, {"type": "Feature", "geometry": {"type": "Point", "coordinates": [120.9847243, 14.6187004]}, "properties": {"kind": "bus_stop"}}, {"type": "Feature", "geometry": {"type": "Point", "coordinates": [120.9843441, 14.6126635]}, "properties": {"kind": "bus_stop"}}, {"type": "Feature", "geometry": {"type": "Point", "coordinates": [120.9844921, 14.6144615]}, "properties": {"kind": "bus_stop"}}, {"type": "Feature", "geometry": {"type": "Point", "coordinates": [120.984264, 14.6223748]}, "properties": {"kind": "bus_stop"}}, {"type": "Feature", "geometry": {"type": "Point", "coordinates": [120.9839143, 14.6196134]}, "properties": {"kind": "bus_stop"}}, {"type": "Feature", "geometry": {"type": "Point", "coordinates": [120.9838449, 14.6174788]}, "properties": {"kind": "bus_stop"}}, {"type": "Feature", "geometry": {"type": "Point", "coordinates": [120.9835475, 14.6133815]}, "properties": {"kind": "bus_stop"}}, {"type": "Feature", "geometry": {"type": "Point", "coordinates": [120.9832105, 14.6090177]}, "properties": {"kind": "bus_stop"}}, {"type": "Feature", "geometry": {"type": "Point", "coordinates": [120.9830788, 14.6070816]}, "properties": {"kind": "bus_stop"}}, {"type": "Feature", "geometry": {"type": "Point", "coordinates": [120.9833943, 14.6112081]}, "properties": {"kind": "bus_stop"}}, {"type": "Feature", "geometry": {"type": "Point", "coordinates": [120.9828709, 14.6049766]}, "properties": {"kind": "bus_stop"}}, {"type": "Feature", "geometry": {"type": "Point", "coordinates": [120.98019, 14.5997008]}, "properties": {"kind": "bus_stop"}}, {"type": "Feature", "geometry": {"type": "Point", "coordinates": [120.9814252, 14.5993168]}, "properties": {"kind": "bus_stop"}}, {"type": "Feature", "geometry": {"type": "Point", "coordinates": [121.0006773, 14.5990372]}, "properties": {"kind": "school"}}, {"type": "Feature", "geometry": {"type": "Point", "coordinates": [120.9856503, 14.6069678]}, "properties": {"kind": "bus_stop"}}, {"type": "Feature", "geometry": {"type": "Point", "coordinates": [120.9859094, 14.6067902]}, "properties": {"kind": "bus_stop"}}, {"type": "Feature", "geometry": {"type": "Point", "coordinates": [120.9843095, 14.6003391]}, "properties": {"kind": "bus_stop"}}, {"type": "Feature", "geometry": {"type": "Point", "coordinates": [120.9859894, 14.6091222]}, "properties": {"kind": "bus_stop"}}, {"type": "Feature", "geometry": {"type": "Point", "coordinates": [120.984672, 14.600471]}, "properties": {"kind": "bus_stop"}}, {"type": "Feature", "geometry": {"type": "Point", "coordinates": [121.0183534, 14.6534032]}, "properties": {"kind": "bus_stop"}}, {"type": "Feature", "geometry": {"type": "Point", "coordinates": [121.0196674, 14.6563296]}, "properties": {"kind": "bus_stop"}}, {"type": "Feature", "geometry": {"type": "Point", "coordinates": [121.018723, 14.6553157]}, "properties": {"kind": "bus_stop"}}, {"type": "Feature", "geometry": {"type": "Point", "coordinates": [121.0189112, 14.6553991]}, "properties": {"kind": "bus_stop"}}, {"type": "Feature", "geometry": {"type": "Point", "coordinates": [121.0184935, 14.6533951]}, "properties": {"kind": "bus_stop"}}, {"type": "Feature", "geometry": {"type": "Point", "coordinates": [121.0180641, 14.6514524]}, "properties": {"kind": "bus_stop"}}, {"type": "Feature", "geometry": {"type": "Point", "coordinates": [121.0181748, 14.6512944]}, "properties": {"kind": "bus_stop"}}, {"type": "Feature", "geometry": {"type": "Point", "coordinates": [121.0174427, 14.6473557]}, "properties": {"kind": "bus_stop"}}, {"type": "Feature", "geometry": {"type": "Point", "coordinates": [121.0175213, 14.6470439]}, "properties": {"kind": "bus_stop"}}, {"type": "Feature", "geometry": {"type": "Point", "coordinates": [121.0171778, 14.644779]}, "properties": {"kind": "bus_stop"}}, {"type": "Feature", "geometry": {"type": "Point", "coordinates": [121.0251092, 14.6368125]}, "properties": {"kind": "bus_stop"}}, {"type": "Feature", "geometry": {"type": "Point", "coordinates": [121.0162456, 14.6000369]}, "properties": {"kind": "bus_stop"}}, {"type": "Feature", "geometry": {"type": "Point", "coordinates": [121.014814, 14.5985243]}, "properties": {"kind": "bus_stop"}}, {"type": "Feature", "geometry": {"type": "Point", "coordinates": [121.0131443, 14.6010103]}, "properties": {"kind": "bus_stop"}}, {"type": "Feature", "geometry": {"type": "Point", "coordinates": [120.9879564, 14.6048355]}, "properties": {"kind": "bus_stop"}}, {"type": "Feature", "geometry": {"type": "Point", "coordinates": [120.9934267, 14.6041269]}, "properties": {"kind": "bus_stop"}}, {"type": "Feature", "geometry": {"type": "Point", "coordinates": [120.9922197, 14.6013882]}, "properties": {"kind": "bus_stop"}}, {"type": "Feature", "geometry": {"type": "Point", "coordinates": [120.9928809, 14.6020482]}, "properties": {"kind": "bus_stop"}}, {"type": "Feature", "geometry": {"type": "Point", "coordinates": [120.9985726, 14.6012043]}, "properties": {"kind": "bus_stop"}}, {"type": "Feature", "geometry": {"type": "Point", "coordinates": [121.0010992, 14.601469]}, "properties": {"kind": "bus_stop"}}, {"type": "Feature", "geometry": {"type": "Point", "coordinates": [121.0018388, 14.6027824]}, "properties": {"kind": "bus_stop"}}, {"type": "Feature", "geometry": {"type": "Point", "coordinates": [121.0036157, 14.6084674]}, "properties": {"kind": "bus_stop"}}, {"type": "Feature", "geometry": {"type": "Point", "coordinates": [121.004863, 14.6107312]}, "properties": {"kind": "bus_stop"}}, {"type": "Feature", "geometry": {"type": "Point", "coordinates": [121.0066111, 14.6122625]}, "properties": {"kind": "bus_stop"}}, {"type": "Feature", "geometry": {"type": "Point", "coordinates": [121.006638, 14.6121632]}, "properties": {"kind": "bus_stop"}}, {"type": "Feature", "geometry": {"type": "Point", "coordinates": [121.0049797, 14.6107471]}, "properties": {"kind": "bus_stop"}}, {"type": "Feature", "geometry": {"type": "Point", "coordinates": [121.0038518, 14.6090156]}, "properties": {"kind": "bus_stop"}}, {"type": "Feature", "geometry": {"type": "Point", "coordinates": [121.00297, 14.6067925]}, "properties": {"kind": "bus_stop"}}, {"type": "Feature", "geometry": {"type": "Point", "coordinates": [120.998302, 14.6083027]}, "properties": {"kind": "bus_stop"}}, {"type": "Feature", "geometry": {"type": "Point", "coordinates": [120.995406, 14.611333]}, "properties": {"kind": "bus_stop"}}, {"type": "Feature", "geometry": {"type": "Point", "coordinates": [120.9963107, 14.6094459]}, "properties": {"kind": "bus_stop"}}, {"type": "Feature", "geometry": {"type": "Point", "coordinates": [120.9985216, 14.6071346]}, "properties": {"kind": "bus_stop"}}, {"type": "Feature", "geometry": {"type": "Point", "coordinates": [121.0006861, 14.605522]}, "properties": {"kind": "bus_stop"}}, {"type": "Feature", "geometry": {"type": "Point", "coordinates": [121.0028507, 14.6068237]}, "properties": {"kind": "bus_stop"}}, {"type": "Feature", "geometry": {"type": "Point", "coordinates": [121.0009544, 14.605374]}, "properties": {"kind": "bus_stop"}}, {"type": "Feature", "geometry": {"type": "Point", "coordinates": [121.0011421, 14.6057011]}, "properties": {"kind": "bus_stop"}}, {"type": "Feature", "geometry": {"type": "Point", "coordinates": [121.0003743, 14.6050944]}, "properties": {"kind": "bus_stop"}}, {"type": "Feature", "geometry": {"type": "Point", "coordinates": [121.0015066, 14.6030562]}, "properties": {"kind": "bus_stop"}}, {"type": "Feature", "geometry": {"type": "Point", "coordinates": [120.9979101, 14.6035812]}, "properties": {"kind": "bus_stop"}}, {"type": "Feature", "geometry": {"type": "Point", "coordinates": [120.9963695, 14.603239]}, "properties": {"kind": "bus_stop"}}, {"type": "Feature", "geometry": {"type": "Point", "coordinates": [120.9949874, 14.6051096]}, "properties": {"kind": "bus_stop"}}, {"type": "Feature", "geometry": {"type": "Point", "coordinates": [120.9929213, 14.6072456]}, "properties": {"kind": "bus_stop"}}, {"type": "Feature", "geometry": {"type": "Point", "coordinates": [120.9865918, 14.5985782]}, "properties": {"kind": "bus_stop"}}, {"type": "Feature", "geometry": {"type": "Point", "coordinates": [120.9844853, 14.5976136]}, "properties": {"kind": "bus_stop"}}, {"type": "Feature", "geometry": {"type": "Point", "coordinates": [120.987664, 14.6002692]}, "properties": {"kind": "bus_stop"}}, {"type": "Feature", "geometry": {"type": "Point", "coordinates": [120.992431, 14.6073115]}, "properties": {"kind": "bus_stop"}}, {"type": "Feature", "geometry": {"type": "Point", "coordinates": [120.9944031, 14.6071156]}, "properties": {"kind": "bus_stop"}}, {"type": "Feature", "geometry": {"type": "Point", "coordinates": [120.9977572, 14.6044812]}, "properties": {"kind": "bus_stop"}}, {"type": "Feature", "geometry": {"type": "Point", "coordinates": [121.0220579, 14.6532697]}, "properties": {"kind": "place_of_worship"}}, {"type": "Feature", "geometry": {"type": "Point", "coordinates": [120.9972697, 14.6573417]}, "properties": {"kind": "bus_stop"}}, {"type": "Feature", "geometry": {"type": "Point", "coordinates": [120.9873656, 14.60265]}, "properties": {"kind": "bus_stop"}}, {"type": "Feature", "geometry": {"type": "Point", "coordinates": [120.9724176, 14.6409292]}, "properties": {"kind": "school"}}, {"type": "Feature", "geometry": {"type": "Point", "coordinates": [120.9952544, 14.612166]}, "properties": {"kind": "bus_stop"}}, {"type": "Feature", "geometry": {"type": "Point", "coordinates": [121.0118951, 14.6810222]}, "properties": {"kind": "school"}}, {"type": "Feature", "geometry": {"type": "Point", "coordinates": [120.9839221, 14.6173656]}, "properties": {"kind": "place_of_worship"}}, {"type": "Feature", "geometry": {"type": "Point", "coordinates": [120.9683932, 14.6148864]}, "properties": {"kind": "place_of_worship"}}, {"type": "Feature", "geometry": {"type": "Point", "coordinates": [121.0051534, 14.6574286]}, "properties": {"kind": "bus_stop"}}, {"type": "Feature", "geometry": {"type": "Point", "coordinates": [120.9967538, 14.6684536]}, "properties": {"kind": "place_of_worship"}}, {"type": "Feature", "geometry": {"type": "Point", "coordinates": [120.981379, 14.6488967]}, "properties": {"kind": "hospital"}}, {"type": "Feature", "geometry": {"type": "Point", "coordinates": [120.9534135, 14.6043955]}, "properties": {"kind": "school"}}, {"type": "Feature", "geometry": {"type": "Point", "coordinates": [120.9853962, 14.6576717]}, "properties": {"kind": "bus_stop"}}, {"type": "Feature", "geometry": {"type": "Point", "coordinates": [120.983402, 14.6437535]}, "properties": {"kind": "bus_stop"}}, {"type": "Feature", "geometry": {"type": "Point", "coordinates": [121.0251398, 14.5917367]}, "properties": {"kind": "marketplace"}}, {"type": "Feature", "geometry": {"type": "Point", "coordinates": [121.0199166, 14.6720435]}, "properties": {"kind": "marketplace"}}, {"type": "Feature", "geometry": {"type": "Point", "coordinates": [120.9979825, 14.6441613]}, "properties": {"kind": "bus_stop"}}, {"type": "Feature", "geometry": {"type": "Point", "coordinates": [121.0155587, 14.6189765]}, "properties": {"kind": "bus_stop"}}, {"type": "Feature", "geometry": {"type": "Point", "coordinates": [120.9801956, 14.6070217]}, "properties": {"kind": "place_of_worship"}}, {"type": "Feature", "geometry": {"type": "Point", "coordinates": [121.0279381, 14.6117369]}, "properties": {"kind": "school"}}, {"type": "Feature", "geometry": {"type": "Point", "coordinates": [120.9765945, 14.6476606]}, "properties": {"kind": "school"}}, {"type": "Feature", "geometry": {"type": "Point", "coordinates": [120.9801646, 14.6069203]}, "properties": {"kind": "place_of_worship"}}, {"type": "Feature", "geometry": {"type": "Point", "coordinates": [120.9884298, 14.6838211]}, "properties": {"kind": "school"}}, {"type": "Feature", "geometry": {"type": "Point", "coordinates": [121.0068908, 14.6668699]}, "properties": {"kind": "place_of_worship"}}, {"type": "Feature", "geometry": {"type": "Point", "coordinates": [120.9876533, 14.6569335]}, "properties": {"kind": "school"}}, {"type": "Feature", "geometry": {"type": "Point", "coordinates": [120.997777, 14.614054]}, "properties": {"kind": "bus_stop"}}, {"type": "Feature", "geometry": {"type": "Point", "coordinates": [120.9985826, 14.6151757]}, "properties": {"kind": "bus_stop"}}, {"type": "Feature", "geometry": {"type": "Point", "coordinates": [121.0111823, 14.6575355]}, "properties": {"kind": "bus_stop"}}, {"type": "Feature", "geometry": {"type": "Point", "coordinates": [121.0119825, 14.6575478]}, "properties": {"kind": "bus_stop"}}, {"type": "Feature", "geometry": {"type": "Point", "coordinates": [121.0284018, 14.6556963]}, "properties": {"kind": "school"}}, {"type": "Feature", "geometry": {"type": "Point", "coordinates": [120.9798718, 14.5929482]}, "properties": {"kind": "bus_stop"}}, {"type": "Feature", "geometry": {"type": "Point", "coordinates": [120.9683105, 14.6241416]}, "properties": {"kind": "place_of_worship"}}, {"type": "Feature", "geometry": {"type": "Point", "coordinates": [121.0229068, 14.6053756]}, "properties": {"kind": "bus_stop"}}, {"type": "Feature", "geometry": {"type": "Point", "coordinates": [120.9585701, 14.6505959]}, "properties": {"kind": "place_of_worship"}}, {"type": "Feature", "geometry": {"type": "Point", "coordinates": [121.0288868, 14.6573577]}, "properties": {"kind": "bus_stop"}}, {"type": "Feature", "geometry": {"type": "Point", "coordinates": [121.0098759, 14.6272379]}, "properties": {"kind": "place_of_worship"}}, {"type": "Feature", "geometry": {"type": "Point", "coordinates": [121.0252214, 14.6874756]}, "properties": {"kind": "bus_stop"}}, {"type": "Feature", "geometry": {"type": "Point", "coordinates": [120.981973, 14.6727596]}, "properties": {"kind": "bus_stop"}}, {"type": "Feature", "geometry": {"type": "Point", "coordinates": [120.9840861, 14.6659381]}, "properties": {"kind": "bus_stop"}}, {"type": "Feature", "geometry": {"type": "Point", "coordinates": [120.9814735, 14.6746646]}, "properties": {"kind": "bus_stop"}}, {"type": "Feature", "geometry": {"type": "Point", "coordinates": [120.9764091, 14.685889]}, "properties": {"kind": "bus_stop"}}, {"type": "Feature", "geometry": {"type": "Point", "coordinates": [120.9839939, 14.6657671]}, "properties": {"kind": "bus_stop"}}, {"type": "Feature", "geometry": {"type": "Point", "coordinates": [120.9745942, 14.6887018]}, "properties": {"kind": "bus_stop"}}, {"type": "Feature", "geometry": {"type": "Point", "coordinates": [120.9843849, 14.6586492]}, "properties": {"kind": "bus_stop"}}, {"type": "Feature", "geometry": {"type": "Point", "coordinates": [120.976262, 14.6855793]}, "properties": {"kind": "bus_stop"}}, {"type": "Feature", "geometry": {"type": "Point", "coordinates": [121.0261309, 14.6071909]}, "properties": {"kind": "bus_stop"}}, {"type": "Feature", "geometry": {"type": "Point", "coordinates": [121.026512, 14.6073775]}, "properties": {"kind": "bus_stop"}}, {"type": "Feature", "geometry": {"type": "Point", "coordinates": [121.0266764, 14.6366629]}, "properties": {"kind": "bus_stop"}}, {"type": "Feature", "geometry": {"type": "Point", "coordinates": [121.0156596, 14.6307323]}, "properties": {"kind": "bus_stop"}}, {"type": "Feature", "geometry": {"type": "Point", "coordinates": [121.0047483, 14.6203472]}, "properties": {"kind": "bus_stop"}}, {"type": "Feature", "geometry": {"type": "Point", "coordinates": [121.0025865, 14.6183877]}, "properties": {"kind": "bus_stop"}}, {"type": "Feature", "geometry": {"type": "Point", "coordinates": [120.9999646, 14.6160596]}, "properties": {"kind": "bus_stop"}}, {"type": "Feature", "geometry": {"type": "Point", "coordinates": [120.9931739, 14.6099]}, "properties": {"kind": "bus_stop"}}, {"type": "Feature", "geometry": {"type": "Point", "coordinates": [120.9842255, 14.590463]}, "properties": {"kind": "bus_stop"}}, {"type": "Feature", "geometry": {"type": "Point", "coordinates": [120.9964728, 14.6132203]}, "properties": {"kind": "bus_stop"}}, {"type": "Feature", "geometry": {"type": "Point", "coordinates": [120.9894782, 14.6133874]}, "properties": {"kind": "bus_stop"}}, {"type": "Feature", "geometry": {"type": "Point", "coordinates": [121.0024788, 14.6187444]}, "properties": {"kind": "bus_stop"}}, {"type": "Feature", "geometry": {"type": "Point", "coordinates": [121.0045924, 14.6206612]}, "properties": {"kind": "bus_stop"}}, {"type": "Feature", "geometry": {"type": "Point", "coordinates": [121.006919, 14.6387548]}, "properties": {"kind": "bus_stop"}}, {"type": "Feature", "geometry": {"type": "Point", "coordinates": [120.9744101, 14.6063511]}, "properties": {"kind": "bus_stop"}}, {"type": "Feature", "geometry": {"type": "Point", "coordinates": [120.9901316, 14.6168073]}, "properties": {"kind": "bus_stop"}}, {"type": "Feature", "geometry": {"type": "Point", "coordinates": [120.9939875, 14.6109888]}, "properties": {"kind": "bus_stop"}}, {"type": "Feature", "geometry": {"type": "Point", "coordinates": [120.9931095, 14.6091855]}, "properties": {"kind": "bus_stop"}}, {"type": "Feature", "geometry": {"type": "Point", "coordinates": [120.9878753, 14.625578]}, "properties": {"kind": "bus_stop"}}, {"type": "Feature", "geometry": {"type": "Point", "coordinates": [120.9930939, 14.6365134]}, "properties": {"kind": "bus_stop"}}, {"type": "Feature", "geometry": {"type": "Point", "coordinates": [120.9887276, 14.6058244]}, "properties": {"kind": "bus_stop"}}, {"type": "Feature", "geometry": {"type": "Point", "coordinates": [120.9868245, 14.6240948]}, "properties": {"kind": "bus_stop"}}, {"type": "Feature", "geometry": {"type": "Point", "coordinates": [121.0245923, 14.621804]}, "properties": {"kind": "bus_stop"}}, {"type": "Feature", "geometry": {"type": "Point", "coordinates": [120.9878562, 14.6130655]}, "properties": {"kind": "bus_stop"}}, {"type": "Feature", "geometry": {"type": "Point", "coordinates": [121.0184412, 14.6331867]}, "properties": {"kind": "bus_stop"}}, {"type": "Feature", "geometry": {"type": "Point", "coordinates": [121.0081612, 14.623854]}, "properties": {"kind": "bus_stop"}}, {"type": "Feature", "geometry": {"type": "Point", "coordinates": [121.0177434, 14.6788246]}, "properties": {"kind": "bus_stop"}}, {"type": "Feature", "geometry": {"type": "Point", "coordinates": [120.9738453, 14.6082343]}, "properties": {"kind": "bus_stop"}}, {"type": "Feature", "geometry": {"type": "Point", "coordinates": [121.0044129, 14.6196629]}, "properties": {"kind": "bus_stop"}}, {"type": "Feature", "geometry": {"type": "Point", "coordinates": [121.024134, 14.6218188]}, "properties": {"kind": "bus_stop"}}, {"type": "Feature", "geometry": {"type": "Point", "coordinates": [121.0051185, 14.6185271]}, "properties": {"kind": "bus_stop"}}, {"type": "Feature", "geometry": {"type": "Point", "coordinates": [120.9930829, 14.6101778]}, "properties": {"kind": "bus_stop"}}, {"type": "Feature", "geometry": {"type": "Point", "coordinates": [120.9815604, 14.5915471]}, "properties": {"kind": "bus_stop"}}, {"type": "Feature", "geometry": {"type": "Point", "coordinates": [120.9954443, 14.6375757]}, "properties": {"kind": "bus_stop"}}, {"type": "Feature", "geometry": {"type": "Point", "coordinates": [121.0140815, 14.6188856]}, "properties": {"kind": "bus_stop"}}, {"type": "Feature", "geometry": {"type": "Point", "coordinates": [121.0030673, 14.6178299]}, "properties": {"kind": "bus_stop"}}, {"type": "Feature", "geometry": {"type": "Point", "coordinates": [121.0271857, 14.6375452]}, "properties": {"kind": "bus_stop"}}, {"type": "Feature", "geometry": {"type": "Point", "coordinates": [121.0140474, 14.6186998]}, "properties": {"kind": "bus_stop"}}, {"type": "Feature", "geometry": {"type": "Point", "coordinates": [121.0287595, 14.6894239]}, "properties": {"kind": "bus_stop"}}, {"type": "Feature", "geometry": {"type": "Point", "coordinates": [120.9629216, 14.610055]}, "properties": {"kind": "bus_stop"}}, {"type": "Feature", "geometry": {"type": "Point", "coordinates": [120.9519828, 14.6454081]}, "properties": {"kind": "bus_stop"}}, {"type": "Feature", "geometry": {"type": "Point", "coordinates": [120.9523008, 14.6443622]}, "properties": {"kind": "bus_stop"}}, {"type": "Feature", "geometry": {"type": "Point", "coordinates": [121.0199865, 14.6593693]}, "properties": {"kind": "bus_stop"}}, {"type": "Feature", "geometry": {"type": "Point", "coordinates": [121.0222075, 14.6590715]}, "properties": {"kind": "bus_stop"}}, {"type": "Feature", "geometry": {"type": "Point", "coordinates": [121.0245664, 14.6587452]}, "properties": {"kind": "bus_stop"}}, {"type": "Feature", "geometry": {"type": "Point", "coordinates": [120.9889945, 14.6230102]}, "properties": {"kind": "bus_stop"}}, {"type": "Feature", "geometry": {"type": "Point", "coordinates": [120.9886678, 14.6159282]}, "properties": {"kind": "bus_stop"}}, {"type": "Feature", "geometry": {"type": "Point", "coordinates": [120.9891557, 14.6233079]}, "properties": {"kind": "bus_stop"}}, {"type": "Feature", "geometry": {"type": "Point", "coordinates": [120.9832747, 14.6573897]}, "properties": {"kind": "bus_stop"}}, {"type": "Feature", "geometry": {"type": "Point", "coordinates": [120.9833456, 14.6127944]}, "properties": {"kind": "place_of_worship"}}, {"type": "Feature", "geometry": {"type": "Point", "coordinates": [121.0024584, 14.6176735]}, "properties": {"kind": "place_of_worship"}}, {"type": "Feature", "geometry": {"type": "Point", "coordinates": [121.0064478, 14.6013005]}, "properties": {"kind": "place_of_worship"}}, {"type": "Feature", "geometry": {"type": "Point", "coordinates": [120.9713049, 14.6384162]}, "properties": {"kind": "place_of_worship"}}, {"type": "Feature", "geometry": {"type": "Point", "coordinates": [120.9729167, 14.6501837]}, "properties": {"kind": "place_of_worship"}}, {"type": "Feature", "geometry": {"type": "Point", "coordinates": [121.0021218, 14.5928357]}, "properties": {"kind": "bus_stop"}}, {"type": "Feature", "geometry": {"type": "Point", "coordinates": [121.0010576, 14.5928573]}, "properties": {"kind": "bus_stop"}}, {"type": "Feature", "geometry": {"type": "Point", "coordinates": [120.9916187, 14.6176201]}, "properties": {"kind": "station"}}, {"type": "Feature", "geometry": {"type": "Point", "coordinates": [120.979049, 14.5941275]}, "properties": {"kind": "bus_stop"}}, {"type": "Feature", "geometry": {"type": "Point", "coordinates": [120.9521757, 14.6490979]}, "properties": {"kind": "school"}}, {"type": "Feature", "geometry": {"type": "Point", "coordinates": [120.9858453, 14.602431]}, "properties": {"kind": "place_of_worship"}}, {"type": "Feature", "geometry": {"type": "Point", "coordinates": [121.016232, 14.600722]}, "properties": {"kind": "hospital"}}, {"type": "Feature", "geometry": {"type": "Point", "coordinates": [121.0230978, 14.5947342]}, "properties": {"kind": "hospital"}}, {"type": "Feature", "geometry": {"type": "Point", "coordinates": [121.0058065, 14.5983593]}, "properties": {"kind": "place_of_worship"}}, {"type": "Feature", "geometry": {"type": "Point", "coordinates": [121.0066673, 14.5996877]}, "properties": {"kind": "place_of_worship"}}, {"type": "Feature", "geometry": {"type": "Point", "coordinates": [121.0158765, 14.5999731]}, "properties": {"kind": "place_of_worship"}}, {"type": "Feature", "geometry": {"type": "Point", "coordinates": [121.02045, 14.5910017]}, "properties": {"kind": "place_of_worship"}}, {"type": "Feature", "geometry": {"type": "Point", "coordinates": [121.021434, 14.5959286]}, "properties": {"kind": "place_of_worship"}}, {"type": "Feature", "geometry": {"type": "Point", "coordinates": [121.0231339, 14.5953317]}, "properties": {"kind": "place_of_worship"}}, {"type": "Feature", "geometry": {"type": "Point", "coordinates": [121.0125718, 14.6003217]}, "properties": {"kind": "place_of_worship"}}, {"type": "Feature", "geometry": {"type": "Point", "coordinates": [121.0128681, 14.6009454]}, "properties": {"kind": "place_of_worship"}}, {"type": "Feature", "geometry": {"type": "Point", "coordinates": [121.0062388, 14.601569]}, "properties": {"kind": "place_of_worship"}}, {"type": "Feature", "geometry": {"type": "Point", "coordinates": [121.0080224, 14.6012991]}, "properties": {"kind": "place_of_worship"}}, {"type": "Feature", "geometry": {"type": "Point", "coordinates": [121.014513, 14.596223]}, "properties": {"kind": "place_of_worship"}}, {"type": "Feature", "geometry": {"type": "Point", "coordinates": [121.0203124, 14.6337797]}, "properties": {"kind": "bus_stop"}}, {"type": "Feature", "geometry": {"type": "Point", "coordinates": [120.9604406, 14.6514396]}, "properties": {"kind": "marketplace"}}, {"type": "Feature", "geometry": {"type": "Point", "coordinates": [121.0101444, 14.6298379]}, "properties": {"kind": "school"}}, {"type": "Feature", "geometry": {"type": "Point", "coordinates": [121.0197365, 14.6593169]}, "properties": {"kind": "bus_stop"}}, {"type": "Feature", "geometry": {"type": "Point", "coordinates": [120.9595877, 14.6826036]}, "properties": {"kind": "place_of_worship"}}, {"type": "Feature", "geometry": {"type": "Point", "coordinates": [120.9944607, 14.6690112]}, "properties": {"kind": "school"}}, {"type": "Feature", "geometry": {"type": "Point", "coordinates": [120.9605566, 14.6178115]}, "properties": {"kind": "place_of_worship"}}, {"type": "Feature", "geometry": {"type": "Point", "coordinates": [120.9693378, 14.6138198]}, "properties": {"kind": "school"}}, {"type": "Feature", "geometry": {"type": "Point", "coordinates": [120.9922491, 14.6086989]}, "properties": {"kind": "school"}}, {"type": "Feature", "geometry": {"type": "Point", "coordinates": [120.9913895, 14.6104269]}, "properties": {"kind": "school"}}, {"type": "Feature", "geometry": {"type": "Point", "coordinates": [120.977878, 14.6122998]}, "properties": {"kind": "place_of_worship"}}, {"type": "Feature", "geometry": {"type": "Point", "coordinates": [121.0219535, 14.5955367]}, "properties": {"kind": "bus_stop"}}, {"type": "Feature", "geometry": {"type": "Point", "coordinates": [120.999806, 14.6557172]}, "properties": {"kind": "bus_stop"}}, {"type": "Feature", "geometry": {"type": "Point", "coordinates": [120.9727691, 14.6102377]}, "properties": {"kind": "bus_stop"}}, {"type": "Feature", "geometry": {"type": "Point", "coordinates": [121.0223202, 14.6643061]}, "properties": {"kind": "place_of_worship"}}, {"type": "Feature", "geometry": {"type": "Point", "coordinates": [121.0208473, 14.6668985]}, "properties": {"kind": "place_of_worship"}}, {"type": "Feature", "geometry": {"type": "Point", "coordinates": [120.998857, 14.6154804]}, "properties": {"kind": "place_of_worship"}}, {"type": "Feature", "geometry": {"type": "Point", "coordinates": [120.9950948, 14.6179552]}, "properties": {"kind": "marketplace"}}, {"type": "Feature", "geometry": {"type": "Point", "coordinates": [120.9950043, 14.6173914]}, "properties": {"kind": "place_of_worship"}}, {"type": "Feature", "geometry": {"type": "Point", "coordinates": [120.9928513, 14.6196869]}, "properties": {"kind": "school"}}, {"type": "Feature", "geometry": {"type": "Point", "coordinates": [121.0177286, 14.6253971]}, "properties": {"kind": "marketplace"}}, {"type": "Feature", "geometry": {"type": "Point", "coordinates": [121.0175261, 14.625385]}, "properties": {"kind": "marketplace"}}, {"type": "Feature", "geometry": {"type": "Point", "coordinates": [121.0176602, 14.6253545]}, "properties": {"kind": "marketplace"}}, {"type": "Feature", "geometry": {"type": "Point", "coordinates": [121.0112187, 14.6259397]}, "properties": {"kind": "place_of_worship"}}, {"type": "Feature", "geometry": {"type": "Point", "coordinates": [120.9790247, 14.6669433]}, "properties": {"kind": "bus_stop"}}, {"type": "Feature", "geometry": {"type": "Point", "coordinates": [120.9712046, 14.6202563]}, "properties": {"kind": "school"}}, {"type": "Feature", "geometry": {"type": "Point", "coordinates": [120.970927, 14.6190482]}, "properties": {"kind": "school"}}, {"type": "Feature", "geometry": {"type": "Point", "coordinates": [121.0273805, 14.5934741]}, "properties": {"kind": "bus_stop"}}, {"type": "Feature", "geometry": {"type": "Point", "coordinates": [120.9807994, 14.5910655]}, "properties": {"kind": "bus_stop"}}, {"type": "Feature", "geometry": {"type": "Point", "coordinates": [120.9849642, 14.6035987]}, "properties": {"kind": "bus_stop"}}, {"type": "Feature", "geometry": {"type": "Point", "coordinates": [120.9525315, 14.6587471]}, "properties": {"kind": "hospital"}}, {"type": "Feature", "geometry": {"type": "Point", "coordinates": [120.9513335, 14.660274]}, "properties": {"kind": "hospital"}}, {"type": "Feature", "geometry": {"type": "Point", "coordinates": [121.0284124, 14.6051039]}, "properties": {"kind": "bus_stop"}}, {"type": "Feature", "geometry": {"type": "Point", "coordinates": [120.9942207, 14.6436925]}, "properties": {"kind": "bus_stop"}}, {"type": "Feature", "geometry": {"type": "Point", "coordinates": [120.9954873, 14.6482741]}, "properties": {"kind": "bus_stop"}}, {"type": "Feature", "geometry": {"type": "Point", "coordinates": [120.9989816, 14.6553402]}, "properties": {"kind": "bus_stop"}}, {"type": "Feature", "geometry": {"type": "Point", "coordinates": [120.9946746, 14.6463822]}, "properties": {"kind": "bus_stop"}}, {"type": "Feature", "geometry": {"type": "Point", "coordinates": [120.9941161, 14.6444749]}, "properties": {"kind": "bus_stop"}}, {"type": "Feature", "geometry": {"type": "Point", "coordinates": [120.9835304, 14.6469139]}, "properties": {"kind": "bus_stop"}}, {"type": "Feature", "geometry": {"type": "Point", "coordinates": [120.9940601, 14.6448733]}, "properties": {"kind": "bus_stop"}}, {"type": "Feature", "geometry": {"type": "Point", "coordinates": [120.9868696, 14.6442481]}, "properties": {"kind": "bus_stop"}}, {"type": "Feature", "geometry": {"type": "Point", "coordinates": [120.9887138, 14.6441325]}, "properties": {"kind": "bus_stop"}}, {"type": "Feature", "geometry": {"type": "Point", "coordinates": [120.9839312, 14.6519982]}, "properties": {"kind": "bus_stop"}}, {"type": "Feature", "geometry": {"type": "Point", "coordinates": [120.9984382, 14.6571739]}, "properties": {"kind": "bus_stop"}}, {"type": "Feature", "geometry": {"type": "Point", "coordinates": [120.9839758, 14.6537488]}, "properties": {"kind": "bus_stop"}}, {"type": "Feature", "geometry": {"type": "Point", "coordinates": [121.01953, 14.6570412]}, "properties": {"kind": "bus_stop"}}, {"type": "Feature", "geometry": {"type": "Point", "coordinates": [121.0013845, 14.6548188]}, "properties": {"kind": "bus_stop"}}, {"type": "Feature", "geometry": {"type": "Point", "coordinates": [121.0042421, 14.6564451]}, "properties": {"kind": "bus_stop"}}, {"type": "Feature", "geometry": {"type": "Point", "coordinates": [121.0122407, 14.6296699]}, "properties": {"kind": "bus_stop"}}, {"type": "Feature", "geometry": {"type": "Point", "coordinates": [121.0025639, 14.6636912]}, "properties": {"kind": "bus_stop"}}, {"type": "Feature", "geometry": {"type": "Point", "coordinates": [120.996818, 14.6507587]}, "properties": {"kind": "bus_stop"}}, {"type": "Feature", "geometry": {"type": "Point", "coordinates": [121.011143, 14.6710054]}, "properties": {"kind": "bus_stop"}}, {"type": "Feature", "geometry": {"type": "Point", "coordinates": [121.0210334, 14.6825061]}, "properties": {"kind": "bus_stop"}}, {"type": "Feature", "geometry": {"type": "Point", "coordinates": [121.0023351, 14.6636752]}, "properties": {"kind": "bus_stop"}}, {"type": "Feature", "geometry": {"type": "Point", "coordinates": [121.0009552, 14.6444908]}, "properties": {"kind": "bus_stop"}}, {"type": "Feature", "geometry": {"type": "Point", "coordinates": [121.0191932, 14.6805714]}, "properties": {"kind": "bus_stop"}}, {"type": "Feature", "geometry": {"type": "Point", "coordinates": [121.0067777, 14.6396473]}, "properties": {"kind": "bus_stop"}}, {"type": "Feature", "geometry": {"type": "Point", "coordinates": [121.0194605, 14.68063]}, "properties": {"kind": "bus_stop"}}, {"type": "Feature", "geometry": {"type": "Point", "coordinates": [121.0077377, 14.6670587]}, "properties": {"kind": "bus_stop"}}, {"type": "Feature", "geometry": {"type": "Point", "coordinates": [121.0164456, 14.6773145]}, "properties": {"kind": "bus_stop"}}, {"type": "Feature", "geometry": {"type": "Point", "coordinates": [121.0257587, 14.6883563]}, "properties": {"kind": "bus_stop"}}, {"type": "Feature", "geometry": {"type": "Point", "coordinates": [120.9935857, 14.6432194]}, "properties": {"kind": "bus_stop"}}, {"type": "Feature", "geometry": {"type": "Point", "coordinates": [121.0138564, 14.6739662]}, "properties": {"kind": "bus_stop"}}, {"type": "Feature", "geometry": {"type": "Point", "coordinates": [121.0263159, 14.688699]}, "properties": {"kind": "bus_stop"}}, {"type": "Feature", "geometry": {"type": "Point", "coordinates": [121.0038838, 14.6648801]}, "properties": {"kind": "bus_stop"}}, {"type": "Feature", "geometry": {"type": "Point", "coordinates": [121.0232128, 14.6846292]}, "properties": {"kind": "bus_stop"}}, {"type": "Feature", "geometry": {"type": "Point", "coordinates": [121.0248877, 14.6872881]}, "properties": {"kind": "bus_stop"}}, {"type": "Feature", "geometry": {"type": "Point", "coordinates": [120.9879834, 14.6246051]}, "properties": {"kind": "bus_stop"}}, {"type": "Feature", "geometry": {"type": "Point", "coordinates": [120.9913507, 14.6109842]}, "properties": {"kind": "bus_stop"}}, {"type": "Feature", "geometry": {"type": "Point", "coordinates": [120.9898433, 14.6125402]}, "properties": {"kind": "bus_stop"}}, {"type": "Feature", "geometry": {"type": "Point", "coordinates": [120.9606099, 14.6542477]}, "properties": {"kind": "school"}}, {"type": "Feature", "geometry": {"type": "Point", "coordinates": [121.0059687, 14.6883817]}, "properties": {"kind": "school"}}, {"type": "Feature", "geometry": {"type": "Point", "coordinates": [121.0059781, 14.688588]}, "properties": {"kind": "school"}}, {"type": "Feature", "geometry": {"type": "Point", "coordinates": [121.0061029, 14.6890018]}, "properties": {"kind": "school"}}, {"type": "Feature", "geometry": {"type": "Point", "coordinates": [120.9510036, 14.6654434]}, "properties": {"kind": "school"}}, {"type": "Feature", "geometry": {"type": "Point", "coordinates": [121.029823, 14.603417]}, "properties": {"kind": "school"}}, {"type": "Feature", "geometry": {"type": "Point", "coordinates": [121.0295239, 14.6034598]}, "properties": {"kind": "school"}}, {"type": "Feature", "geometry": {"type": "Point", "coordinates": [120.9929734, 14.6440104]}, "properties": {"kind": "bus_stop"}}, {"type": "Feature", "geometry": {"type": "Point", "coordinates": [121.0219802, 14.6210194]}, "properties": {"kind": "bus_stop"}}, {"type": "Feature", "geometry": {"type": "Point", "coordinates": [121.0226145, 14.6213646]}, "properties": {"kind": "bus_stop"}}, {"type": "Feature", "geometry": {"type": "Point", "coordinates": [121.0102576, 14.6257169]}, "properties": {"kind": "bus_stop"}}, {"type": "Feature", "geometry": {"type": "Point", "coordinates": [120.9779501, 14.6491463]}, "properties": {"kind": "marketplace"}}, {"type": "Feature", "geometry": {"type": "Point", "coordinates": [121.0287162, 14.6277684]}, "properties": {"kind": "bus_stop"}}, {"type": "Feature", "geometry": {"type": "Point", "coordinates": [120.9958233, 14.6483934]}, "properties": {"kind": "bus_stop"}}, {"type": "Feature", "geometry": {"type": "Point", "coordinates": [121.0287758, 14.627586]}, "properties": {"kind": "bus_stop"}}, {"type": "Feature", "geometry": {"type": "Point", "coordinates": [121.0294595, 14.6288055]}, "properties": {"kind": "bus_stop"}}, {"type": "Feature", "geometry": {"type": "Point", "coordinates": [121.007053, 14.6665922]}, "properties": {"kind": "bus_stop"}}, {"type": "Feature", "geometry": {"type": "Point", "coordinates": [120.9908572, 14.6006579]}, "properties": {"kind": "place_of_worship"}}, {"type": "Feature", "geometry": {"type": "Point", "coordinates": [120.990947, 14.6118316]}, "properties": {"kind": "bus_stop"}}, {"type": "Feature", "geometry": {"type": "Point", "coordinates": [120.9827033, 14.6189379]}, "properties": {"kind": "bus_stop"}}, {"type": "Feature", "geometry": {"type": "Point", "coordinates": [120.9882717, 14.6141812]}, "properties": {"kind": "bus_stop"}}, {"type": "Feature", "geometry": {"type": "Point", "coordinates": [120.9768561, 14.6141987]}, "properties": {"kind": "bus_stop"}}, {"type": "Feature", "geometry": {"type": "Point", "coordinates": [120.9765832, 14.61316]}, "properties": {"kind": "bus_stop"}}, {"type": "Feature", "geometry": {"type": "Point", "coordinates": [120.9761265, 14.610639]}, "properties": {"kind": "bus_stop"}}, {"type": "Feature", "geometry": {"type": "Point", "coordinates": [120.9751475, 14.6065693]}, "properties": {"kind": "bus_stop"}}, {"type": "Feature", "geometry": {"type": "Point", "coordinates": [120.9753326, 14.6079164]}, "properties": {"kind": "bus_stop"}}, {"type": "Feature", "geometry": {"type": "Point", "coordinates": [120.9757201, 14.609876]}, "properties": {"kind": "bus_stop"}}, {"type": "Feature", "geometry": {"type": "Point", "coordinates": [120.9761104, 14.6121171]}, "properties": {"kind": "bus_stop"}}, {"type": "Feature", "geometry": {"type": "Point", "coordinates": [120.9757791, 14.6086392]}, "properties": {"kind": "bus_stop"}}, {"type": "Feature", "geometry": {"type": "Point", "coordinates": [120.9836206, 14.601992]}, "properties": {"kind": "bus_stop"}}, {"type": "Feature", "geometry": {"type": "Point", "coordinates": [120.982537, 14.6194349]}, "properties": {"kind": "bus_stop"}}, {"type": "Feature", "geometry": {"type": "Point", "coordinates": [120.9853439, 14.6179024]}, "properties": {"kind": "bus_stop"}}, {"type": "Feature", "geometry": {"type": "Point", "coordinates": [120.9865428, 14.6164775]}, "properties": {"kind": "bus_stop"}}, {"type": "Feature", "geometry": {"type": "Point", "coordinates": [120.9911348, 14.6123442]}, "properties": {"kind": "bus_stop"}}, {"type": "Feature", "geometry": {"type": "Point", "coordinates": [120.9942056, 14.6116496]}, "properties": {"kind": "bus_stop"}}, {"type": "Feature", "geometry": {"type": "Point", "coordinates": [120.9941429, 14.6126596]}, "properties": {"kind": "bus_stop"}}, {"type": "Feature", "geometry": {"type": "Point", "coordinates": [120.9930873, 14.6137555]}, "properties": {"kind": "bus_stop"}}, {"type": "Feature", "geometry": {"type": "Point", "coordinates": [120.9911978, 14.6157164]}, "properties": {"kind": "bus_stop"}}, {"type": "Feature", "geometry": {"type": "Point", "coordinates": [120.9869385, 14.615608]}, "properties": {"kind": "bus_stop"}}, {"type": "Feature", "geometry": {"type": "Point", "coordinates": [120.9850019, 14.6170108]}, "properties": {"kind": "bus_stop"}}, {"type": "Feature", "geometry": {"type": "Point", "coordinates": [120.9693294, 14.6142941]}, "properties": {"kind": "bus_stop"}}, {"type": "Feature", "geometry": {"type": "Point", "coordinates": [120.9803909, 14.6165605]}, "properties": {"kind": "bus_stop"}}, {"type": "Feature", "geometry": {"type": "Point", "coordinates": [120.9802698, 14.6166734]}, "properties": {"kind": "bus_stop"}}, {"type": "Feature", "geometry": {"type": "Point", "coordinates": [120.9797475, 14.601665]}, "properties": {"kind": "bus_stop"}}, {"type": "Feature", "geometry": {"type": "Point", "coordinates": [120.9808418, 14.6057608]}, "properties": {"kind": "bus_stop"}}, {"type": "Feature", "geometry": {"type": "Point", "coordinates": [121.0052526, 14.5918872]}, "properties": {"kind": "bus_stop"}}, {"type": "Feature", "geometry": {"type": "Point", "coordinates": [121.0028896, 14.5903785]}, "properties": {"kind": "bus_stop"}}, {"type": "Feature", "geometry": {"type": "Point", "coordinates": [121.0052124, 14.5917523]}, "properties": {"kind": "bus_stop"}}, {"type": "Feature", "geometry": {"type": "Point", "coordinates": [120.9968669, 14.6681567]}, "properties": {"kind": "place_of_worship"}}, {"type": "Feature", "geometry": {"type": "Point", "coordinates": [120.97872, 14.6261249]}, "properties": {"kind": "bus_stop"}}, {"type": "Feature", "geometry": {"type": "Point", "coordinates": [120.9797341, 14.6293401]}, "properties": {"kind": "bus_stop"}}, {"type": "Feature", "geometry": {"type": "Point", "coordinates": [120.9787315, 14.627394]}, "properties": {"kind": "bus_stop"}}, {"type": "Feature", "geometry": {"type": "Point", "coordinates": [120.9778731, 14.6135932]}, "properties": {"kind": "bus_stop"}}, {"type": "Feature", "geometry": {"type": "Point", "coordinates": [120.9807396, 14.6100911]}, "properties": {"kind": "bus_stop"}}, {"type": "Feature", "geometry": {"type": "Point", "coordinates": [120.9800171, 14.6309852]}, "properties": {"kind": "bus_stop"}}, {"type": "Feature", "geometry": {"type": "Point", "coordinates": [120.9783481, 14.6254446]}, "properties": {"kind": "bus_stop"}}, {"type": "Feature", "geometry": {"type": "Point", "coordinates": [120.9786913, 14.6117096]}, "properties": {"kind": "bus_stop"}}, {"type": "Feature", "geometry": {"type": "Point", "coordinates": [120.9829936, 14.623307]}, "properties": {"kind": "bus_stop"}}, {"type": "Feature", "geometry": {"type": "Point", "coordinates": [120.9824045, 14.6297137]}, "properties": {"kind": "bus_stop"}}, {"type": "Feature", "geometry": {"type": "Point", "coordinates": [120.9780589, 14.6213927]}, "properties": {"kind": "bus_stop"}}, {"type": "Feature", "geometry": {"type": "Point", "coordinates": [120.9810198, 14.6331047]}, "properties": {"kind": "bus_stop"}}, {"type": "Feature", "geometry": {"type": "Point", "coordinates": [120.9836622, 14.6225288]}, "properties": {"kind": "bus_stop"}}, {"type": "Feature", "geometry": {"type": "Point", "coordinates": [120.9792107, 14.627852]}, "properties": {"kind": "bus_stop"}}, {"type": "Feature", "geometry": {"type": "Point", "coordinates": [120.9791759, 14.6286362]}, "properties": {"kind": "bus_stop"}}, {"type": "Feature", "geometry": {"type": "Point", "coordinates": [120.9832291, 14.6217898]}, "properties": {"kind": "bus_stop"}}, {"type": "Feature", "geometry": {"type": "Point", "coordinates": [120.978385, 14.6237353]}, "properties": {"kind": "bus_stop"}}, {"type": "Feature", "geometry": {"type": "Point", "coordinates": [120.9812493, 14.6309175]}, "properties": {"kind": "bus_stop"}}, {"type": "Feature", "geometry": {"type": "Point", "coordinates": [120.9780949, 14.6236294]}, "properties": {"kind": "bus_stop"}}, {"type": "Feature", "geometry": {"type": "Point", "coordinates": [120.9807707, 14.6231354]}, "properties": {"kind": "bus_stop"}}, {"type": "Feature", "geometry": {"type": "Point", "coordinates": [120.983038, 14.6248643]}, "properties": {"kind": "bus_stop"}}, {"type": "Feature", "geometry": {"type": "Point", "coordinates": [120.9805514, 14.6247856]}, "properties": {"kind": "bus_stop"}}, {"type": "Feature", "geometry": {"type": "Point", "coordinates": [120.9888724, 14.6186634]}, "properties": {"kind": "bus_stop"}}, {"type": "Feature", "geometry": {"type": "Point", "coordinates": [120.9861615, 14.6112942]}, "properties": {"kind": "bus_stop"}}, {"type": "Feature", "geometry": {"type": "Point", "coordinates": [120.9876342, 14.6131199]}, "properties": {"kind": "bus_stop"}}, {"type": "Feature", "geometry": {"type": "Point", "coordinates": [120.9890091, 14.6185608]}, "properties": {"kind": "bus_stop"}}, {"type": "Feature", "geometry": {"type": "Point", "coordinates": [121.0143527, 14.6401712]}, "properties": {"kind": "bus_stop"}}, {"type": "Feature", "geometry": {"type": "Point", "coordinates": [121.014567, 14.6400843]}, "properties": {"kind": "bus_stop"}}, {"type": "Feature", "geometry": {"type": "Point", "coordinates": [121.0177555, 14.6494498]}, "properties": {"kind": "bus_stop"}}, {"type": "Feature", "geometry": {"type": "Point", "coordinates": [121.0178349, 14.6490867]}, "properties": {"kind": "bus_stop"}}, {"type": "Feature", "geometry": {"type": "Point", "coordinates": [121.0247699, 14.590517]}, "properties": {"kind": "bus_stop"}}, {"type": "Feature", "geometry": {"type": "Point", "coordinates": [121.0255867, 14.5917219]}, "properties": {"kind": "bus_stop"}}, {"type": "Feature", "geometry": {"type": "Point", "coordinates": [120.9877853, 14.6514897]}, "properties": {"kind": "bus_stop"}}, {"type": "Feature", "geometry": {"type": "Point", "coordinates": [120.9881806, 14.6503213]}, "properties": {"kind": "bus_stop"}}, {"type": "Feature", "geometry": {"type": "Point", "coordinates": [120.9856471, 14.6515641]}, "properties": {"kind": "bus_stop"}}, {"type": "Feature", "geometry": {"type": "Point", "coordinates": [120.9880599, 14.6465706]}, "properties": {"kind": "bus_stop"}}, {"type": "Feature", "geometry": {"type": "Point", "coordinates": [120.9881113, 14.6483779]}, "properties": {"kind": "bus_stop"}}, {"type": "Feature", "geometry": {"type": "Point", "coordinates": [121.0211205, 14.5959611]}, "properties": {"kind": "bus_stop"}}, {"type": "Feature", "geometry": {"type": "Point", "coordinates": [121.0188782, 14.5967178]}, "properties": {"kind": "bus_stop"}}, {"type": "Feature", "geometry": {"type": "Point", "coordinates": [121.0195622, 14.5960961]}, "properties": {"kind": "bus_stop"}}, {"type": "Feature", "geometry": {"type": "Point", "coordinates": [121.0283115, 14.5932292]}, "properties": {"kind": "bus_stop"}}, {"type": "Feature", "geometry": {"type": "Point", "coordinates": [120.9998131, 14.6139859]}, "properties": {"kind": "bus_stop"}}, {"type": "Feature", "geometry": {"type": "Point", "coordinates": [120.9982172, 14.6124422]}, "properties": {"kind": "bus_stop"}}, {"type": "Feature", "geometry": {"type": "Point", "coordinates": [120.9959817, 14.6104046]}, "properties": {"kind": "bus_stop"}}, {"type": "Feature", "geometry": {"type": "Point", "coordinates": [120.9944394, 14.6090037]}, "properties": {"kind": "bus_stop"}}, {"type": "Feature", "geometry": {"type": "Point", "coordinates": [120.9929389, 14.607649]}, "properties": {"kind": "bus_stop"}}, {"type": "Feature", "geometry": {"type": "Point", "coordinates": [120.9888858, 14.6032522]}, "properties": {"kind": "bus_stop"}}, {"type": "Feature", "geometry": {"type": "Point", "coordinates": [120.9890722, 14.6034183]}, "properties": {"kind": "bus_stop"}}, {"type": "Feature", "geometry": {"type": "Point", "coordinates": [120.9876258, 14.6007351]}, "properties": {"kind": "bus_stop"}}, {"type": "Feature", "geometry": {"type": "Point", "coordinates": [120.996145, 14.6087015]}, "properties": {"kind": "bus_stop"}}, {"type": "Feature", "geometry": {"type": "Point", "coordinates": [120.9812281, 14.6094638]}, "properties": {"kind": "bus_stop"}}, {"type": "Feature", "geometry": {"type": "Point", "coordinates": [120.9819672, 14.6110926]}, "properties": {"kind": "bus_stop"}}, {"type": "Feature", "geometry": {"type": "Point", "coordinates": [120.9839579, 14.6109769]}, "properties": {"kind": "bus_stop"}}, {"type": "Feature", "geometry": {"type": "Point", "coordinates": [120.9828159, 14.6231514]}, "properties": {"kind": "bus_stop"}}, {"type": "Feature", "geometry": {"type": "Point", "coordinates": [120.9829733, 14.628245]}, "properties": {"kind": "bus_stop"}}, {"type": "Feature", "geometry": {"type": "Point", "coordinates": [120.9820445, 14.6041264]}, "properties": {"kind": "bus_stop"}}, {"type": "Feature", "geometry": {"type": "Point", "coordinates": [120.9841584, 14.6233558]}, "properties": {"kind": "bus_stop"}}, {"type": "Feature", "geometry": {"type": "Point", "coordinates": [120.9850502, 14.6264994]}, "properties": {"kind": "bus_stop"}}, {"type": "Feature", "geometry": {"type": "Point", "coordinates": [121.0122867, 14.602929]}, "properties": {"kind": "school"}}, {"type": "Feature", "geometry": {"type": "Point", "coordinates": [121.0122035, 14.6026786]}, "properties": {"kind": "school"}}, {"type": "Feature", "geometry": {"type": "Point", "coordinates": [120.9630024, 14.6249818]}, "properties": {"kind": "bus_stop"}}, {"type": "Feature", "geometry": {"type": "Point", "coordinates": [120.962032, 14.6273617]}, "properties": {"kind": "bus_stop"}}, {"type": "Feature", "geometry": {"type": "Point", "coordinates": [120.9647301, 14.6230418]}, "properties": {"kind": "bus_stop"}}, {"type": "Feature", "geometry": {"type": "Point", "coordinates": [120.9653403, 14.6209861]}, "properties": {"kind": "bus_stop"}}, {"type": "Feature", "geometry": {"type": "Point", "coordinates": [120.9684643, 14.6163025]}, "properties": {"kind": "bus_stop"}}, {"type": "Feature", "geometry": {"type": "Point", "coordinates": [120.9656798, 14.6192269]}, "properties": {"kind": "bus_stop"}}, {"type": "Feature", "geometry": {"type": "Point", "coordinates": [120.9653238, 14.6206384]}, "properties": {"kind": "bus_stop"}}, {"type": "Feature", "geometry": {"type": "Point", "coordinates": [120.9674869, 14.6182235]}, "properties": {"kind": "bus_stop"}}, {"type": "Feature", "geometry": {"type": "Point", "coordinates": [120.964798, 14.6230778]}, "properties": {"kind": "bus_stop"}}, {"type": "Feature", "geometry": {"type": "Point", "coordinates": [120.9651753, 14.6216793]}, "properties": {"kind": "bus_stop"}}, {"type": "Feature", "geometry": {"type": "Point", "coordinates": [120.967581, 14.6181063]}, "properties": {"kind": "bus_stop"}}, {"type": "Feature", "geometry": {"type": "Point", "coordinates": [120.962949, 14.6249037]}, "properties": {"kind": "bus_stop"}}, {"type": "Feature", "geometry": {"type": "Point", "coordinates": [120.9654961, 14.6201162]}, "properties": {"kind": "bus_stop"}}, {"type": "Feature", "geometry": {"type": "Point", "coordinates": [120.9651875, 14.6213297]}, "properties": {"kind": "bus_stop"}}, {"type": "Feature", "geometry": {"type": "Point", "coordinates": [120.9622514, 14.6267291]}, "properties": {"kind": "bus_stop"}}, {"type": "Feature", "geometry": {"type": "Point", "coordinates": [120.9690025, 14.6175455]}, "properties": {"kind": "bus_stop"}}, {"type": "Feature", "geometry": {"type": "Point", "coordinates": [120.9778679, 14.6166351]}, "properties": {"kind": "bus_stop"}}, {"type": "Feature", "geometry": {"type": "Point", "coordinates": [120.977193, 14.6156815]}, "properties": {"kind": "bus_stop"}}, {"type": "Feature", "geometry": {"type": "Point", "coordinates": [120.9768144, 14.6151535]}, "properties": {"kind": "bus_stop"}}, {"type": "Feature", "geometry": {"type": "Point", "coordinates": [120.9982594, 14.6040309]}, "properties": {"kind": "bus_stop"}}, {"type": "Feature", "geometry": {"type": "Point", "coordinates": [121.0007921, 14.6011381]}, "properties": {"kind": "bus_stop"}}, {"type": "Feature", "geometry": {"type": "Point", "coordinates": [120.992543, 14.610177]}, "properties": {"kind": "bus_stop"}}, {"type": "Feature", "geometry": {"type": "Point", "coordinates": [120.9788758, 14.6046564]}, "properties": {"kind": "bus_stop"}}, {"type": "Feature", "geometry": {"type": "Point", "coordinates": [120.9790628, 14.6043436]}, "properties": {"kind": "bus_stop"}}, {"type": "Feature", "geometry": {"type": "Point", "coordinates": [120.9992874, 14.6015206]}, "properties": {"kind": "bus_stop"}}, {"type": "Feature", "geometry": {"type": "Point", "coordinates": [120.9951407, 14.6071156]}, "properties": {"kind": "bus_stop"}}, {"type": "Feature", "geometry": {"type": "Point", "coordinates": [120.9946689, 14.607929]}, "properties": {"kind": "bus_stop"}}, {"type": "Feature", "geometry": {"type": "Point", "coordinates": [120.987546, 14.6021062]}, "properties": {"kind": "bus_stop"}}, {"type": "Feature", "geometry": {"type": "Point", "coordinates": [120.9825271, 14.6035346]}, "properties": {"kind": "bus_stop"}}, {"type": "Feature", "geometry": {"type": "Point", "coordinates": [120.9755713, 14.6056855]}, "properties": {"kind": "bus_stop"}}, {"type": "Feature", "geometry": {"type": "Point", "coordinates": [120.999978, 14.599521]}, "properties": {"kind": "bus_stop"}}, {"type": "Feature", "geometry": {"type": "Point", "coordinates": [120.9721782, 14.6064551]}, "properties": {"kind": "bus_stop"}}, {"type": "Feature", "geometry": {"type": "Point", "coordinates": [120.9771194, 14.6053037]}, "properties": {"kind": "bus_stop"}}, {"type": "Feature", "geometry": {"type": "Point", "coordinates": [120.9772807, 14.6050267]}, "properties": {"kind": "bus_stop"}}, {"type": "Feature", "geometry": {"type": "Point", "coordinates": [120.9716387, 14.6060248]}, "properties": {"kind": "bus_stop"}}, {"type": "Feature", "geometry": {"type": "Point", "coordinates": [121.0083105, 14.6182673]}, "properties": {"kind": "bus_stop"}}, {"type": "Feature", "geometry": {"type": "Point", "coordinates": [121.0088465, 14.6193269]}, "properties": {"kind": "bus_stop"}}, {"type": "Feature", "geometry": {"type": "Point", "coordinates": [121.0056153, 14.6180366]}, "properties": {"kind": "bus_stop"}}, {"type": "Feature", "geometry": {"type": "Point", "coordinates": [120.9876984, 14.6038812]}, "properties": {"kind": "bus_stop"}}, {"type": "Feature", "geometry": {"type": "Point", "coordinates": [120.9752239, 14.6103756]}, "properties": {"kind": "bus_stop"}}, {"type": "Feature", "geometry": {"type": "Point", "coordinates": [120.9987848, 14.6110845]}, "properties": {"kind": "bus_stop"}}, {"type": "Feature", "geometry": {"type": "Point", "coordinates": [121.0000537, 14.6121416]}, "properties": {"kind": "bus_stop"}}, {"type": "Feature", "geometry": {"type": "Point", "coordinates": [121.0006687, 14.6134953]}, "properties": {"kind": "bus_stop"}}, {"type": "Feature", "geometry": {"type": "Point", "coordinates": [120.9874511, 14.6036597]}, "properties": {"kind": "bus_stop"}}, {"type": "Feature", "geometry": {"type": "Point", "coordinates": [120.9847243, 14.6024709]}, "properties": {"kind": "bus_stop"}}, {"type": "Feature", "geometry": {"type": "Point", "coordinates": [120.9712355, 14.606433]}, "properties": {"kind": "bus_stop"}}, {"type": "Feature", "geometry": {"type": "Point", "coordinates": [121.0268591, 14.6107286]}, "properties": {"kind": "bus_stop"}}, {"type": "Feature", "geometry": {"type": "Point", "coordinates": [121.0249655, 14.6101186]}, "properties": {"kind": "bus_stop"}}, {"type": "Feature", "geometry": {"type": "Point", "coordinates": [121.0225515, 14.609253]}, "properties": {"kind": "bus_stop"}}, {"type": "Feature", "geometry": {"type": "Point", "coordinates": [121.0083157, 14.601835]}, "properties": {"kind": "bus_stop"}}, {"type": "Feature", "geometry": {"type": "Point", "coordinates": [120.9748887, 14.6082122]}, "properties": {"kind": "bus_stop"}}, {"type": "Feature", "geometry": {"type": "Point", "coordinates": [121.0049669, 14.6015871]}, "properties": {"kind": "bus_stop"}}, {"type": "Feature", "geometry": {"type": "Point", "coordinates": [120.9962699, 14.6004632]}, "properties": {"kind": "bus_stop"}}, {"type": "Feature", "geometry": {"type": "Point", "coordinates": [120.9914218, 14.600693]}, "properties": {"kind": "bus_stop"}}, {"type": "Feature", "geometry": {"type": "Point", "coordinates": [120.9906077, 14.6006865]}, "properties": {"kind": "bus_stop"}}, {"type": "Feature", "geometry": {"type": "Point", "coordinates": [120.9953874, 14.6008409]}, "properties": {"kind": "bus_stop"}}, {"type": "Feature", "geometry": {"type": "Point", "coordinates": [121.0076398, 14.602153]}, "properties": {"kind": "bus_stop"}}, {"type": "Feature", "geometry": {"type": "Point", "coordinates": [121.0110288, 14.6023952]}, "properties": {"kind": "bus_stop"}}, {"type": "Feature", "geometry": {"type": "Point", "coordinates": [121.0151459, 14.6027577]}, "properties": {"kind": "bus_stop"}}, {"type": "Feature", "geometry": {"type": "Point", "coordinates": [121.0209746, 14.6077147]}, "properties": {"kind": "bus_stop"}}, {"type": "Feature", "geometry": {"type": "Point", "coordinates": [121.0207591, 14.6078849]}, "properties": {"kind": "bus_stop"}}, {"type": "Feature", "geometry": {"type": "Point", "coordinates": [121.0179968, 14.6051972]}, "properties": {"kind": "bus_stop"}}, {"type": "Feature", "geometry": {"type": "Point", "coordinates": [121.0166638, 14.603861]}, "properties": {"kind": "bus_stop"}}, {"type": "Feature", "geometry": {"type": "Point", "coordinates": [121.0224228, 14.6093582]}, "properties": {"kind": "bus_stop"}}, {"type": "Feature", "geometry": {"type": "Point", "coordinates": [121.0247448, 14.6101911]}, "properties": {"kind": "bus_stop"}}, {"type": "Feature", "geometry": {"type": "Point", "coordinates": [121.0266593, 14.610822]}, "properties": {"kind": "bus_stop"}}, {"type": "Feature", "geometry": {"type": "Point", "coordinates": [121.0205747, 14.5908444]}, "properties": {"kind": "bus_stop"}}, {"type": "Feature", "geometry": {"type": "Point", "coordinates": [121.0204393, 14.5902584]}, "properties": {"kind": "bus_stop"}}, {"type": "Feature", "geometry": {"type": "Point", "coordinates": [121.0158285, 14.5970813]}, "properties": {"kind": "bus_stop"}}, {"type": "Feature", "geometry": {"type": "Point", "coordinates": [121.0183914, 14.5926906]}, "properties": {"kind": "bus_stop"}}, {"type": "Feature", "geometry": {"type": "Point", "coordinates": [121.018099, 14.5930864]}, "properties": {"kind": "bus_stop"}}, {"type": "Feature", "geometry": {"type": "Point", "coordinates": [121.0193007, 14.5920066]}, "properties": {"kind": "bus_stop"}}, {"type": "Feature", "geometry": {"type": "Point", "coordinates": [121.0195675, 14.5916303]}, "properties": {"kind": "bus_stop"}}, {"type": "Feature", "geometry": {"type": "Point", "coordinates": [121.0152331, 14.5955445]}, "properties": {"kind": "bus_stop"}}, {"type": "Feature", "geometry": {"type": "Point", "coordinates": [121.0152827, 14.595978]}, "properties": {"kind": "bus_stop"}}, {"type": "Feature", "geometry": {"type": "Point", "coordinates": [120.9796, 14.5950592]}, "properties": {"kind": "bus_stop"}}, {"type": "Feature", "geometry": {"type": "Point", "coordinates": [120.9750932, 14.6341326]}, "properties": {"kind": "school"}}, {"type": "Feature", "geometry": {"type": "Point", "coordinates": [120.9906872, 14.6512825]}, "properties": {"kind": "bus_stop"}}, {"type": "Feature", "geometry": {"type": "Point", "coordinates": [120.9726552, 14.650363]}, "properties": {"kind": "bus_stop"}}, {"type": "Feature", "geometry": {"type": "Point", "coordinates": [120.9544243, 14.6708506]}, "properties": {"kind": "bus_stop"}}, {"type": "Feature", "geometry": {"type": "Point", "coordinates": [120.9737973, 14.6511441]}, "properties": {"kind": "bus_stop"}}, {"type": "Feature", "geometry": {"type": "Point", "coordinates": [120.9781207, 14.6433782]}, "properties": {"kind": "bus_stop"}}, {"type": "Feature", "geometry": {"type": "Point", "coordinates": [120.9663095, 14.6682659]}, "properties": {"kind": "bus_stop"}}, {"type": "Feature", "geometry": {"type": "Point", "coordinates": [120.9755681, 14.6413436]}, "properties": {"kind": "bus_stop"}}, {"type": "Feature", "geometry": {"type": "Point", "coordinates": [120.9623806, 14.6593566]}, "properties": {"kind": "bus_stop"}}, {"type": "Feature", "geometry": {"type": "Point", "coordinates": [120.9617453, 14.6584931]}, "properties": {"kind": "bus_stop"}}, {"type": "Feature", "geometry": {"type": "Point", "coordinates": [120.9798857, 14.6572534]}, "properties": {"kind": "bus_stop"}}, {"type": "Feature", "geometry": {"type": "Point", "coordinates": [120.9795279, 14.6433471]}, "properties": {"kind": "bus_stop"}}, {"type": "Feature", "geometry": {"type": "Point", "coordinates": [120.9837578, 14.6536555]}, "properties": {"kind": "bus_stop"}}, {"type": "Feature", "geometry": {"type": "Point", "coordinates": [121.0260841, 14.638024]}, "properties": {"kind": "bus_stop"}}, {"type": "Feature", "geometry": {"type": "Point", "coordinates": [121.028853, 14.6499085]}, "properties": {"kind": "bus_stop"}}, {"type": "Feature", "geometry": {"type": "Point", "coordinates": [121.026829, 14.642046]}, "properties": {"kind": "bus_stop"}}, {"type": "Feature", "geometry": {"type": "Point", "coordinates": [121.0273751, 14.6443767]}, "properties": {"kind": "bus_stop"}}, {"type": "Feature", "geometry": {"type": "Point", "coordinates": [121.0263274, 14.6398467]}, "properties": {"kind": "bus_stop"}}, {"type": "Feature", "geometry": {"type": "Point", "coordinates": [121.0277541, 14.6461329]}, "properties": {"kind": "bus_stop"}}, {"type": "Feature", "geometry": {"type": "Point", "coordinates": [121.0281202, 14.646728]}, "properties": {"kind": "bus_stop"}}, {"type": "Feature", "geometry": {"type": "Point", "coordinates": [121.0277193, 14.644967]}, "properties": {"kind": "bus_stop"}}, {"type": "Feature", "geometry": {"type": "Point", "coordinates": [121.0284657, 14.6492277]}, "properties": {"kind": "bus_stop"}}, {"type": "Feature", "geometry": {"type": "Point", "coordinates": [121.0267632, 14.6409353]}, "properties": {"kind": "bus_stop"}}, {"type": "Feature", "geometry": {"type": "Point", "coordinates": [121.0273432, 14.6433236]}, "properties": {"kind": "bus_stop"}}, {"type": "Feature", "geometry": {"type": "Point", "coordinates": [120.9502243, 14.6623739]}, "properties": {"kind": "bus_stop"}}, {"type": "Feature", "geometry": {"type": "Point", "coordinates": [120.9632905, 14.6745918]}, "properties": {"kind": "bus_stop"}}, {"type": "Feature", "geometry": {"type": "Point", "coordinates": [120.9700471, 14.6582446]}, "properties": {"kind": "bus_stop"}}, {"type": "Feature", "geometry": {"type": "Point", "coordinates": [120.9835654, 14.6483345]}, "properties": {"kind": "bus_stop"}}, {"type": "Feature", "geometry": {"type": "Point", "coordinates": [120.9796561, 14.6593762]}, "properties": {"kind": "bus_stop"}}, {"type": "Feature", "geometry": {"type": "Point", "coordinates": [120.9839927, 14.6598275]}, "properties": {"kind": "bus_stop"}}, {"type": "Feature", "geometry": {"type": "Point", "coordinates": [120.9885297, 14.6513512]}, "properties": {"kind": "bus_stop"}}, {"type": "Feature", "geometry": {"type": "Point", "coordinates": [120.9537234, 14.6592115]}, "properties": {"kind": "bus_stop"}}, {"type": "Feature", "geometry": {"type": "Point", "coordinates": [120.9603975, 14.6811066]}, "properties": {"kind": "bus_stop"}}, {"type": "Feature", "geometry": {"type": "Point", "coordinates": [120.9720656, 14.6578768]}, "properties": {"kind": "bus_stop"}}, {"type": "Feature", "geometry": {"type": "Point", "coordinates": [120.9680708, 14.6688838]}, "properties": {"kind": "bus_stop"}}, {"type": "Feature", "geometry": {"type": "Point", "coordinates": [120.9648731, 14.6702106]}, "properties": {"kind": "bus_stop"}}, {"type": "Feature", "geometry": {"type": "Point", "coordinates": [120.9650756, 14.6696023]}, "properties": {"kind": "bus_stop"}}, {"type": "Feature", "geometry": {"type": "Point", "coordinates": [120.9757338, 14.6691535]}, "properties": {"kind": "bus_stop"}}, {"type": "Feature", "geometry": {"type": "Point", "coordinates": [120.9799439, 14.6517408]}, "properties": {"kind": "bus_stop"}}, {"type": "Feature", "geometry": {"type": "Point", "coordinates": [120.9599926, 14.6701944]}, "properties": {"kind": "bus_stop"}}, {"type": "Feature", "geometry": {"type": "Point", "coordinates": [120.9652955, 14.6585707]}, "properties": {"kind": "bus_stop"}}, {"type": "Feature", "geometry": {"type": "Point", "coordinates": [120.9732367, 14.6485725]}, "properties": {"kind": "bus_stop"}}, {"type": "Feature", "geometry": {"type": "Point", "coordinates": [120.9819948, 14.6572282]}, "properties": {"kind": "bus_stop"}}, {"type": "Feature", "geometry": {"type": "Point", "coordinates": [120.961599, 14.659087]}, "properties": {"kind": "bus_stop"}}, {"type": "Feature", "geometry": {"type": "Point", "coordinates": [120.9578591, 14.6862748]}, "properties": {"kind": "bus_stop"}}, {"type": "Feature", "geometry": {"type": "Point", "coordinates": [120.9823034, 14.6404637]}, "properties": {"kind": "bus_stop"}}, {"type": "Feature", "geometry": {"type": "Point", "coordinates": [120.9789729, 14.6516664]}, "properties": {"kind": "bus_stop"}}, {"type": "Feature", "geometry": {"type": "Point", "coordinates": [120.9883315, 14.6560031]}, "properties": {"kind": "bus_stop"}}, {"type": "Feature", "geometry": {"type": "Point", "coordinates": [120.9602931, 14.6814426]}, "properties": {"kind": "bus_stop"}}, {"type": "Feature", "geometry": {"type": "Point", "coordinates": [120.9754994, 14.6375941]}, "properties": {"kind": "bus_stop"}}, {"type": "Feature", "geometry": {"type": "Point", "coordinates": [120.9680132, 14.6458227]}, "properties": {"kind": "bus_stop"}}, {"type": "Feature", "geometry": {"type": "Point", "coordinates": [120.9632803, 14.6727008]}, "properties": {"kind": "bus_stop"}}, {"type": "Feature", "geometry": {"type": "Point", "coordinates": [120.9665152, 14.6658088]}, "properties": {"kind": "bus_stop"}}, {"type": "Feature", "geometry": {"type": "Point", "coordinates": [120.9797271, 14.6617402]}, "properties": {"kind": "bus_stop"}}, {"type": "Feature", "geometry": {"type": "Point", "coordinates": [120.9743537, 14.645517]}, "properties": {"kind": "bus_stop"}}, {"type": "Feature", "geometry": {"type": "Point", "coordinates": [120.9817075, 14.6446546]}, "properties": {"kind": "bus_stop"}}, {"type": "Feature", "geometry": {"type": "Point", "coordinates": [120.9704477, 14.6606147]}, "properties": {"kind": "bus_stop"}}, {"type": "Feature", "geometry": {"type": "Point", "coordinates": [120.9625607, 14.6560431]}, "properties": {"kind": "bus_stop"}}, {"type": "Feature", "geometry": {"type": "Point", "coordinates": [120.9568974, 14.6602435]}, "properties": {"kind": "bus_stop"}}, {"type": "Feature", "geometry": {"type": "Point", "coordinates": [120.9626742, 14.6769176]}, "properties": {"kind": "bus_stop"}}, {"type": "Feature", "geometry": {"type": "Point", "coordinates": [120.9838258, 14.6491834]}, "properties": {"kind": "bus_stop"}}, {"type": "Feature", "geometry": {"type": "Point", "coordinates": [120.9504773, 14.6705293]}, "properties": {"kind": "bus_stop"}}, {"type": "Feature", "geometry": {"type": "Point", "coordinates": [120.9692183, 14.6621203]}, "properties": {"kind": "bus_stop"}}, {"type": "Feature", "geometry": {"type": "Point", "coordinates": [120.9757585, 14.6516816]}, "properties": {"kind": "bus_stop"}}, {"type": "Feature", "geometry": {"type": "Point", "coordinates": [120.9680465, 14.6638139]}, "properties": {"kind": "bus_stop"}}, {"type": "Feature", "geometry": {"type": "Point", "coordinates": [120.9753011, 14.6428061]}, "properties": {"kind": "bus_stop"}}, {"type": "Feature", "geometry": {"type": "Point", "coordinates": [120.9863787, 14.6514198]}, "properties": {"kind": "bus_stop"}}, {"type": "Feature", "geometry": {"type": "Point", "coordinates": [120.965572, 14.668727]}, "properties": {"kind": "bus_stop"}}, {"type": "Feature", "geometry": {"type": "Point", "coordinates": [120.9573676, 14.655477]}, "properties": {"kind": "bus_stop"}}, {"type": "Feature", "geometry": {"type": "Point", "coordinates": [120.9866628, 14.6444847]}, "properties": {"kind": "bus_stop"}}, {"type": "Feature", "geometry": {"type": "Point", "coordinates": [120.9613285, 14.6596674]}, "properties": {"kind": "bus_stop"}}, {"type": "Feature", "geometry": {"type": "Point", "coordinates": [120.9820349, 14.6421775]}, "properties": {"kind": "bus_stop"}}, {"type": "Feature", "geometry": {"type": "Point", "coordinates": [120.9944646, 14.6515857]}, "properties": {"kind": "bus_stop"}}, {"type": "Feature", "geometry": {"type": "Point", "coordinates": [120.975676, 14.6382693]}, "properties": {"kind": "bus_stop"}}, {"type": "Feature", "geometry": {"type": "Point", "coordinates": [120.9903497, 14.6537531]}, "properties": {"kind": "bus_stop"}}, {"type": "Feature", "geometry": {"type": "Point", "coordinates": [120.9633662, 14.6724761]}, "properties": {"kind": "bus_stop"}}, {"type": "Feature", "geometry": {"type": "Point", "coordinates": [120.9841787, 14.6605051]}, "properties": {"kind": "bus_stop"}}, {"type": "Feature", "geometry": {"type": "Point", "coordinates": [120.9802207, 14.6432066]}, "properties": {"kind": "bus_stop"}}, {"type": "Feature", "geometry": {"type": "Point", "coordinates": [120.9756043, 14.6391933]}, "properties": {"kind": "bus_stop"}}, {"type": "Feature", "geometry": {"type": "Point", "coordinates": [120.983661, 14.6511176]}, "properties": {"kind": "bus_stop"}}, {"type": "Feature", "geometry": {"type": "Point", "coordinates": [120.97772, 14.6516929]}, "properties": {"kind": "bus_stop"}}, {"type": "Feature", "geometry": {"type": "Point", "coordinates": [120.9762492, 14.6685451]}, "properties": {"kind": "bus_stop"}}, {"type": "Feature", "geometry": {"type": "Point", "coordinates": [120.9562907, 14.6602763]}, "properties": {"kind": "bus_stop"}}, {"type": "Feature", "geometry": {"type": "Point", "coordinates": [120.9736034, 14.6510098]}, "properties": {"kind": "bus_stop"}}, {"type": "Feature", "geometry": {"type": "Point", "coordinates": [120.9792701, 14.6669178]}, "properties": {"kind": "bus_stop"}}, {"type": "Feature", "geometry": {"type": "Point", "coordinates": [120.9821143, 14.6693567]}, "properties": {"kind": "bus_stop"}}, {"type": "Feature", "geometry": {"type": "Point", "coordinates": [120.9882638, 14.6444351]}, "properties": {"kind": "bus_stop"}}, {"type": "Feature", "geometry": {"type": "Point", "coordinates": [120.9513411, 14.6606688]}, "properties": {"kind": "bus_stop"}}, {"type": "Feature", "geometry": {"type": "Point", "coordinates": [120.9842494, 14.6630744]}, "properties": {"kind": "bus_stop"}}, {"type": "Feature", "geometry": {"type": "Point", "coordinates": [120.9822733, 14.6680023]}, "properties": {"kind": "bus_stop"}}, {"type": "Feature", "geometry": {"type": "Point", "coordinates": [120.9746876, 14.6444065]}, "properties": {"kind": "bus_stop"}}, {"type": "Feature", "geometry": {"type": "Point", "coordinates": [120.9741609, 14.6574465]}, "properties": {"kind": "bus_stop"}}, {"type": "Feature", "geometry": {"type": "Point", "coordinates": [120.9757182, 14.6394842]}, "properties": {"kind": "bus_stop"}}, {"type": "Feature", "geometry": {"type": "Point", "coordinates": [120.9618619, 14.6784997]}, "properties": {"kind": "bus_stop"}}, {"type": "Feature", "geometry": {"type": "Point", "coordinates": [120.983774, 14.6478211]}, "properties": {"kind": "bus_stop"}}, {"type": "Feature", "geometry": {"type": "Point", "coordinates": [120.9633422, 14.6750971]}, "properties": {"kind": "bus_stop"}}, {"type": "Feature", "geometry": {"type": "Point", "coordinates": [120.984049, 14.6623513]}, "properties": {"kind": "bus_stop"}}, {"type": "Feature", "geometry": {"type": "Point", "coordinates": [120.9722753, 14.6523417]}, "properties": {"kind": "bus_stop"}}, {"type": "Feature", "geometry": {"type": "Point", "coordinates": [120.9739609, 14.6575859]}, "properties": {"kind": "bus_stop"}}, {"type": "Feature", "geometry": {"type": "Point", "coordinates": [120.9566448, 14.6553004]}, "properties": {"kind": "bus_stop"}}, {"type": "Feature", "geometry": {"type": "Point", "coordinates": [120.9818267, 14.651685]}, "properties": {"kind": "bus_stop"}}, {"type": "Feature", "geometry": {"type": "Point", "coordinates": [120.9722639, 14.6519178]}, "properties": {"kind": "bus_stop"}}, {"type": "Feature", "geometry": {"type": "Point", "coordinates": [120.9718358, 14.6554992]}, "properties": {"kind": "bus_stop"}}, {"type": "Feature", "geometry": {"type": "Point", "coordinates": [120.9948752, 14.6523372]}, "properties": {"kind": "bus_stop"}}, {"type": "Feature", "geometry": {"type": "Point", "coordinates": [120.9921221, 14.6513434]}, "properties": {"kind": "bus_stop"}}, {"type": "Feature", "geometry": {"type": "Point", "coordinates": [120.9629092, 14.655272]}, "properties": {"kind": "bus_stop"}}, {"type": "Feature", "geometry": {"type": "Point", "coordinates": [120.9758508, 14.6578023]}, "properties": {"kind": "bus_stop"}}, {"type": "Feature", "geometry": {"type": "Point", "coordinates": [120.973309, 14.6479681]}, "properties": {"kind": "bus_stop"}}, {"type": "Feature", "geometry": {"type": "Point", "coordinates": [120.9683796, 14.6449348]}, "properties": {"kind": "bus_stop"}}, {"type": "Feature", "geometry": {"type": "Point", "coordinates": [120.972611, 14.6704667]}, "properties": {"kind": "bus_stop"}}, {"type": "Feature", "geometry": {"type": "Point", "coordinates": [120.9756851, 14.641706]}, "properties": {"kind": "bus_stop"}}, {"type": "Feature", "geometry": {"type": "Point", "coordinates": [120.9710661, 14.6699451]}, "properties": {"kind": "bus_stop"}}, {"type": "Feature", "geometry": {"type": "Point", "coordinates": [120.9819549, 14.6515627]}, "properties": {"kind": "bus_stop"}}, {"type": "Feature", "geometry": {"type": "Point", "coordinates": [120.9587696, 14.6841783]}, "properties": {"kind": "bus_stop"}}, {"type": "Feature", "geometry": {"type": "Point", "coordinates": [120.9718715, 14.6577753]}, "properties": {"kind": "bus_stop"}}, {"type": "Feature", "geometry": {"type": "Point", "coordinates": [120.9604369, 14.6703163]}, "properties": {"kind": "bus_stop"}}, {"type": "Feature", "geometry": {"type": "Point", "coordinates": [120.9899548, 14.6514179]}, "properties": {"kind": "bus_stop"}}, {"type": "Feature", "geometry": {"type": "Point", "coordinates": [120.9927548, 14.6512371]}, "properties": {"kind": "bus_stop"}}, {"type": "Feature", "geometry": {"type": "Point", "coordinates": [120.9752183, 14.6434082]}, "properties": {"kind": "bus_stop"}}, {"type": "Feature", "geometry": {"type": "Point", "coordinates": [120.9720472, 14.6537]}, "properties": {"kind": "bus_stop"}}, {"type": "Feature", "geometry": {"type": "Point", "coordinates": [120.9679934, 14.6584614]}, "properties": {"kind": "bus_stop"}}, {"type": "Feature", "geometry": {"type": "Point", "coordinates": [120.970437, 14.6698231]}, "properties": {"kind": "bus_stop"}}, {"type": "Feature", "geometry": {"type": "Point", "coordinates": [120.9834958, 14.639528]}, "properties": {"kind": "bus_stop"}}, {"type": "Feature", "geometry": {"type": "Point", "coordinates": [120.9816855, 14.6651744]}, "properties": {"kind": "bus_stop"}}, {"type": "Feature", "geometry": {"type": "Point", "coordinates": [120.9718265, 14.654947]}, "properties": {"kind": "bus_stop"}}, {"type": "Feature", "geometry": {"type": "Point", "coordinates": [120.9745911, 14.6513427]}, "properties": {"kind": "bus_stop"}}, {"type": "Feature", "geometry": {"type": "Point", "coordinates": [120.9592251, 14.6598856]}, "properties": {"kind": "bus_stop"}}, {"type": "Feature", "geometry": {"type": "Point", "coordinates": [120.9539332, 14.67098]}, "properties": {"kind": "bus_stop"}}, {"type": "Feature", "geometry": {"type": "Point", "coordinates": [120.9842108, 14.6514847]}, "properties": {"kind": "bus_stop"}}, {"type": "Feature", "geometry": {"type": "Point", "coordinates": [120.9845191, 14.6445634]}, "properties": {"kind": "bus_stop"}}, {"type": "Feature", "geometry": {"type": "Point", "coordinates": [120.9663178, 14.6665993]}, "properties": {"kind": "bus_stop"}}, {"type": "Feature", "geometry": {"type": "Point", "coordinates": [120.9589405, 14.6600297]}, "properties": {"kind": "bus_stop"}}, {"type": "Feature", "geometry": {"type": "Point", "coordinates": [120.954521, 14.6542046]}, "properties": {"kind": "bus_stop"}}, {"type": "Feature", "geometry": {"type": "Point", "coordinates": [120.9819441, 14.6691798]}, "properties": {"kind": "bus_stop"}}, {"type": "Feature", "geometry": {"type": "Point", "coordinates": [120.9825877, 14.6672767]}, "properties": {"kind": "bus_stop"}}, {"type": "Feature", "geometry": {"type": "Point", "coordinates": [120.9683222, 14.6632795]}, "properties": {"kind": "bus_stop"}}, {"type": "Feature", "geometry": {"type": "Point", "coordinates": [120.980367, 14.6583517]}, "properties": {"kind": "bus_stop"}}, {"type": "Feature", "geometry": {"type": "Point", "coordinates": [120.9682378, 14.6483833]}, "properties": {"kind": "bus_stop"}}, {"type": "Feature", "geometry": {"type": "Point", "coordinates": [120.9679391, 14.6585914]}, "properties": {"kind": "bus_stop"}}, {"type": "Feature", "geometry": {"type": "Point", "coordinates": [120.9787721, 14.6432554]}, "properties": {"kind": "bus_stop"}}, {"type": "Feature", "geometry": {"type": "Point", "coordinates": [120.9819261, 14.6415584]}, "properties": {"kind": "bus_stop"}}, {"type": "Feature", "geometry": {"type": "Point", "coordinates": [120.979832, 14.6571264]}, "properties": {"kind": "bus_stop"}}, {"type": "Feature", "geometry": {"type": "Point", "coordinates": [120.9760093, 14.6576818]}, "properties": {"kind": "bus_stop"}}, {"type": "Feature", "geometry": {"type": "Point", "coordinates": [120.9779698, 14.6573484]}, "properties": {"kind": "bus_stop"}}, {"type": "Feature", "geometry": {"type": "Point", "coordinates": [120.9819918, 14.6439628]}, "properties": {"kind": "bus_stop"}}, {"type": "Feature", "geometry": {"type": "Point", "coordinates": [120.9550041, 14.6540413]}, "properties": {"kind": "bus_stop"}}, {"type": "Feature", "geometry": {"type": "Point", "coordinates": [120.9770535, 14.6518483]}, "properties": {"kind": "bus_stop"}}, {"type": "Feature", "geometry": {"type": "Point", "coordinates": [120.9636414, 14.6587006]}, "properties": {"kind": "bus_stop"}}, {"type": "Feature", "geometry": {"type": "Point", "coordinates": [120.9628017, 14.6763785]}, "properties": {"kind": "bus_stop"}}, {"type": "Feature", "geometry": {"type": "Point", "coordinates": [120.957696, 14.687017]}, "properties": {"kind": "bus_stop"}}, {"type": "Feature", "geometry": {"type": "Point", "coordinates": [120.9699089, 14.6581382]}, "properties": {"kind": "bus_stop"}}, {"type": "Feature", "geometry": {"type": "Point", "coordinates": [120.9720105, 14.6530893]}, "properties": {"kind": "bus_stop"}}, {"type": "Feature", "geometry": {"type": "Point", "coordinates": [120.9782104, 14.6445349]}, "properties": {"kind": "bus_stop"}}, {"type": "Feature", "geometry": {"type": "Point", "coordinates": [120.9589208, 14.6836185]}, "properties": {"kind": "bus_stop"}}, {"type": "Feature", "geometry": {"type": "Point", "coordinates": [120.9833897, 14.6516348]}, "properties": {"kind": "bus_stop"}}, {"type": "Feature", "geometry": {"type": "Point", "coordinates": [120.97801, 14.6574881]}, "properties": {"kind": "bus_stop"}}, {"type": "Feature", "geometry": {"type": "Point", "coordinates": [120.9505209, 14.6602572]}, "properties": {"kind": "bus_stop"}}, {"type": "Feature", "geometry": {"type": "Point", "coordinates": [120.9658476, 14.6676542]}, "properties": {"kind": "bus_stop"}}, {"type": "Feature", "geometry": {"type": "Point", "coordinates": [120.9752745, 14.6514213]}, "properties": {"kind": "bus_stop"}}, {"type": "Feature", "geometry": {"type": "Point", "coordinates": [120.9773391, 14.6449163]}, "properties": {"kind": "bus_stop"}}, {"type": "Feature", "geometry": {"type": "Point", "coordinates": [120.975689, 14.6432198]}, "properties": {"kind": "bus_stop"}}, {"type": "Feature", "geometry": {"type": "Point", "coordinates": [120.9677169, 14.6688616]}, "properties": {"kind": "bus_stop"}}, {"type": "Feature", "geometry": {"type": "Point", "coordinates": [120.980629, 14.6656168]}, "properties": {"kind": "bus_stop"}}, {"type": "Feature", "geometry": {"type": "Point", "coordinates": [120.9827328, 14.6569976]}, "properties": {"kind": "bus_stop"}}, {"type": "Feature", "geometry": {"type": "Point", "coordinates": [120.9543129, 14.6593581]}, "properties": {"kind": "bus_stop"}}, {"type": "Feature", "geometry": {"type": "Point", "coordinates": [120.9726926, 14.6506454]}, "properties": {"kind": "bus_stop"}}, {"type": "Feature", "geometry": {"type": "Point", "coordinates": [120.994653, 14.6512387]}, "properties": {"kind": "bus_stop"}}, {"type": "Feature", "geometry": {"type": "Point", "coordinates": [120.9832261, 14.6386818]}, "properties": {"kind": "bus_stop"}}, {"type": "Feature", "geometry": {"type": "Point", "coordinates": [120.9623455, 14.6577016]}, "properties": {"kind": "bus_stop"}}, {"type": "Feature", "geometry": {"type": "Point", "coordinates": [120.9830042, 14.6403631]}, "properties": {"kind": "bus_stop"}}, {"type": "Feature", "geometry": {"type": "Point", "coordinates": [120.9679531, 14.6476287]}, "properties": {"kind": "bus_stop"}}, {"type": "Feature", "geometry": {"type": "Point", "coordinates": [120.9804498, 14.6609167]}, "properties": {"kind": "bus_stop"}}, {"type": "Feature", "geometry": {"type": "Point", "coordinates": [120.9904064, 14.6554414]}, "properties": {"kind": "bus_stop"}}, {"type": "Feature", "geometry": {"type": "Point", "coordinates": [120.9617095, 14.6790521]}, "properties": {"kind": "bus_stop"}}, {"type": "Feature", "geometry": {"type": "Point", "coordinates": [120.971914, 14.6703277]}, "properties": {"kind": "bus_stop"}}, {"type": "Feature", "geometry": {"type": "Point", "coordinates": [120.9690503, 14.6625077]}, "properties": {"kind": "bus_stop"}}, {"type": "Feature", "geometry": {"type": "Point", "coordinates": [120.9784448, 14.6518053]}, "properties": {"kind": "bus_stop"}}, {"type": "Feature", "geometry": {"type": "Point", "coordinates": [120.976157, 14.6516898]}, "properties": {"kind": "bus_stop"}}, {"type": "Feature", "geometry": {"type": "Point", "coordinates": [120.9799957, 14.6516333]}, "properties": {"kind": "bus_stop"}}, {"type": "Feature", "geometry": {"type": "Point", "coordinates": [120.9705619, 14.6599881]}, "properties": {"kind": "bus_stop"}}, {"type": "Feature", "geometry": {"type": "Point", "coordinates": [121.0153161, 14.6757556]}, "properties": {"kind": "bus_stop"}}, {"type": "Feature", "geometry": {"type": "Point", "coordinates": [121.0137311, 14.6740067]}, "properties": {"kind": "bus_stop"}}, {"type": "Feature", "geometry": {"type": "Point", "coordinates": [121.0041726, 14.6647838]}, "properties": {"kind": "bus_stop"}}, {"type": "Feature", "geometry": {"type": "Point", "coordinates": [121.0127924, 14.6729155]}, "properties": {"kind": "bus_stop"}}, {"type": "Feature", "geometry": {"type": "Point", "coordinates": [121.0097385, 14.6694961]}, "properties": {"kind": "bus_stop"}}, {"type": "Feature", "geometry": {"type": "Point", "coordinates": [121.0220705, 14.6839728]}, "properties": {"kind": "bus_stop"}}, {"type": "Feature", "geometry": {"type": "Point", "coordinates": [121.0131984, 14.6731742]}, "properties": {"kind": "bus_stop"}}, {"type": "Feature", "geometry": {"type": "Point", "coordinates": [121.0166268, 14.6773233]}, "properties": {"kind": "bus_stop"}}, {"type": "Feature", "geometry": {"type": "Point", "coordinates": [121.0098865, 14.6694897]}, "properties": {"kind": "bus_stop"}}, {"type": "Feature", "geometry": {"type": "Point", "coordinates": [121.0147628, 14.675259]}, "properties": {"kind": "bus_stop"}}, {"type": "Feature", "geometry": {"type": "Point", "coordinates": [121.0116975, 14.6714372]}, "properties": {"kind": "bus_stop"}}, {"type": "Feature", "geometry": {"type": "Point", "coordinates": [120.9914969, 14.6316393]}, "properties": {"kind": "bus_stop"}}, {"type": "Feature", "geometry": {"type": "Point", "coordinates": [120.9917341, 14.6317157]}, "properties": {"kind": "bus_stop"}}, {"type": "Feature", "geometry": {"type": "Point", "coordinates": [120.9930016, 14.6380741]}, "properties": {"kind": "bus_stop"}}, {"type": "Feature", "geometry": {"type": "Point", "coordinates": [121.0203615, 14.6819588]}, "properties": {"kind": "bus_stop"}}, {"type": "Feature", "geometry": {"type": "Point", "coordinates": [121.0182787, 14.6792662]}, "properties": {"kind": "bus_stop"}}, {"type": "Feature", "geometry": {"type": "Point", "coordinates": [120.9961948, 14.649857]}, "properties": {"kind": "bus_stop"}}, {"type": "Feature", "geometry": {"type": "Point", "coordinates": [120.9927056, 14.635289]}, "properties": {"kind": "bus_stop"}}, {"type": "Feature", "geometry": {"type": "Point", "coordinates": [120.9929468, 14.6353564]}, "properties": {"kind": "bus_stop"}}, {"type": "Feature", "geometry": {"type": "Point", "coordinates": [120.9922349, 14.6339304]}, "properties": {"kind": "bus_stop"}}, {"type": "Feature", "geometry": {"type": "Point", "coordinates": [120.9924707, 14.6339966]}, "properties": {"kind": "bus_stop"}}, {"type": "Feature", "geometry": {"type": "Point", "coordinates": [120.9907588, 14.629484]}, "properties": {"kind": "bus_stop"}}, {"type": "Feature", "geometry": {"type": "Point", "coordinates": [120.9910295, 14.6295436]}, "properties": {"kind": "bus_stop"}}, {"type": "Feature", "geometry": {"type": "Point", "coordinates": [120.9901974, 14.6276251]}, "properties": {"kind": "bus_stop"}}, {"type": "Feature", "geometry": {"type": "Point", "coordinates": [120.9903911, 14.6276796]}, "properties": {"kind": "bus_stop"}}, {"type": "Feature", "geometry": {"type": "Point", "coordinates": [120.9891728, 14.6245017]}, "properties": {"kind": "bus_stop"}}, {"type": "Feature", "geometry": {"type": "Point", "coordinates": [121.0231375, 14.6795553]}, "properties": {"kind": "bus_stop"}}, {"type": "Feature", "geometry": {"type": "Point", "coordinates": [121.0194808, 14.6800522]}, "properties": {"kind": "bus_stop"}}, {"type": "Feature", "geometry": {"type": "Point", "coordinates": [121.0213706, 14.6797349]}, "properties": {"kind": "bus_stop"}}, {"type": "Feature", "geometry": {"type": "Point", "coordinates": [121.0292078, 14.6783818]}, "properties": {"kind": "bus_stop"}}, {"type": "Feature", "geometry": {"type": "Point", "coordinates": [121.0296278, 14.6395572]}, "properties": {"kind": "bus_stop"}}, {"type": "Feature", "geometry": {"type": "Point", "coordinates": [121.0286964, 14.6364287]}, "properties": {"kind": "bus_stop"}}, {"type": "Feature", "geometry": {"type": "Point", "coordinates": [121.0299923, 14.6359477]}, "properties": {"kind": "bus_stop"}}, {"type": "Feature", "geometry": {"type": "Point", "coordinates": [121.0218997, 14.6347782]}, "properties": {"kind": "bus_stop"}}, {"type": "Feature", "geometry": {"type": "Point", "coordinates": [121.0222974, 14.6345972]}, "properties": {"kind": "bus_stop"}}, {"type": "Feature", "geometry": {"type": "Point", "coordinates": [121.0181245, 14.6320065]}, "properties": {"kind": "bus_stop"}}, {"type": "Feature", "geometry": {"type": "Point", "coordinates": [121.0253244, 14.6293905]}, "properties": {"kind": "bus_stop"}}, {"type": "Feature", "geometry": {"type": "Point", "coordinates": [121.0251984, 14.6294205]}, "properties": {"kind": "bus_stop"}}, {"type": "Feature", "geometry": {"type": "Point", "coordinates": [120.9702592, 14.6696041]}, "properties": {"kind": "marketplace"}}, {"type": "Feature", "geometry": {"type": "Point", "coordinates": [120.9834637, 14.6181541]}, "properties": {"kind": "bus_stop"}}, {"type": "Feature", "geometry": {"type": "Point", "coordinates": [120.9817672, 14.6178167]}, "properties": {"kind": "bus_stop"}}, {"type": "Feature", "geometry": {"type": "Point", "coordinates": [120.9741058, 14.6294582]}, "properties": {"kind": "bus_stop"}}, {"type": "Feature", "geometry": {"type": "Point", "coordinates": [120.9718103, 14.6207306]}, "properties": {"kind": "bus_stop"}}, {"type": "Feature", "geometry": {"type": "Point", "coordinates": [120.973022, 14.6249299]}, "properties": {"kind": "bus_stop"}}, {"type": "Feature", "geometry": {"type": "Point", "coordinates": [120.9733747, 14.6269545]}, "properties": {"kind": "bus_stop"}}, {"type": "Feature", "geometry": {"type": "Point", "coordinates": [120.9748506, 14.6330252]}, "properties": {"kind": "bus_stop"}}, {"type": "Feature", "geometry": {"type": "Point", "coordinates": [120.9724817, 14.6226694]}, "properties": {"kind": "bus_stop"}}, {"type": "Feature", "geometry": {"type": "Point", "coordinates": [120.9746013, 14.6323359]}, "properties": {"kind": "bus_stop"}}, {"type": "Feature", "geometry": {"type": "Point", "coordinates": [120.9739595, 14.6293312]}, "properties": {"kind": "bus_stop"}}, {"type": "Feature", "geometry": {"type": "Point", "coordinates": [120.9713438, 14.6198243]}, "properties": {"kind": "bus_stop"}}, {"type": "Feature", "geometry": {"type": "Point", "coordinates": [120.9728872, 14.6248682]}, "properties": {"kind": "bus_stop"}}, {"type": "Feature", "geometry": {"type": "Point", "coordinates": [120.9723267, 14.6225339]}, "properties": {"kind": "bus_stop"}}, {"type": "Feature", "geometry": {"type": "Point", "coordinates": [120.9617136, 14.6094432]}, "properties": {"kind": "bus_stop"}}, {"type": "Feature", "geometry": {"type": "Point", "coordinates": [120.9604768, 14.6177022]}, "properties": {"kind": "bus_stop"}}, {"type": "Feature", "geometry": {"type": "Point", "coordinates": [120.9598495, 14.6174094]}, "properties": {"kind": "bus_stop"}}, {"type": "Feature", "geometry": {"type": "Point", "coordinates": [120.9624626, 14.6169356]}, "properties": {"kind": "bus_stop"}}, {"type": "Feature", "geometry": {"type": "Point", "coordinates": [120.9627235, 14.6140903]}, "properties": {"kind": "bus_stop"}}, {"type": "Feature", "geometry": {"type": "Point", "coordinates": [120.9628442, 14.6110485]}, "properties": {"kind": "bus_stop"}}, {"type": "Feature", "geometry": {"type": "Point", "coordinates": [121.0183731, 14.6330453]}, "properties": {"kind": "bus_stop"}}, {"type": "Feature", "geometry": {"type": "Point", "coordinates": [121.0181067, 14.6349141]}, "properties": {"kind": "bus_stop"}}, {"type": "Feature", "geometry": {"type": "Point", "coordinates": [121.0171284, 14.638805]}, "properties": {"kind": "bus_stop"}}, {"type": "Feature", "geometry": {"type": "Point", "coordinates": [121.0179758, 14.634774]}, "properties": {"kind": "bus_stop"}}, {"type": "Feature", "geometry": {"type": "Point", "coordinates": [121.0183561, 14.6368162]}, "properties": {"kind": "bus_stop"}}, {"type": "Feature", "geometry": {"type": "Point", "coordinates": [121.0180964, 14.6372453]}, "properties": {"kind": "bus_stop"}}, {"type": "Feature", "geometry": {"type": "Point", "coordinates": [121.0168399, 14.6389183]}, "properties": {"kind": "bus_stop"}}, {"type": "Feature", "geometry": {"type": "Point", "coordinates": [120.9812773, 14.6306435]}, "properties": {"kind": "bus_stop"}}, {"type": "Feature", "geometry": {"type": "Point", "coordinates": [120.9830951, 14.6270873]}, "properties": {"kind": "bus_stop"}}, {"type": "Feature", "geometry": {"type": "Point", "coordinates": [120.9820915, 14.6358116]}, "properties": {"kind": "bus_stop"}}, {"type": "Feature", "geometry": {"type": "Point", "coordinates": [120.9827317, 14.6366637]}, "properties": {"kind": "bus_stop"}}, {"type": "Feature", "geometry": {"type": "Point", "coordinates": [120.9807202, 14.6329298]}, "properties": {"kind": "bus_stop"}}, {"type": "Feature", "geometry": {"type": "Point", "coordinates": [120.9829205, 14.6263988]}, "properties": {"kind": "bus_stop"}}, {"type": "Feature", "geometry": {"type": "Point", "coordinates": [120.9905078, 14.6007397]}, "properties": {"kind": "bus_stop"}}, {"type": "Feature", "geometry": {"type": "Point", "coordinates": [120.986797, 14.5985678]}, "properties": {"kind": "bus_stop"}}, {"type": "Feature", "geometry": {"type": "Point", "coordinates": [120.9902831, 14.6053585]}, "properties": {"kind": "bus_stop"}}, {"type": "Feature", "geometry": {"type": "Point", "coordinates": [120.9908279, 14.6057218]}, "properties": {"kind": "bus_stop"}}, {"type": "Feature", "geometry": {"type": "Point", "coordinates": [120.9890537, 14.5958648]}, "properties": {"kind": "bus_stop"}}, {"type": "Feature", "geometry": {"type": "Point", "coordinates": [120.9905953, 14.599973]}, "properties": {"kind": "bus_stop"}}, {"type": "Feature", "geometry": {"type": "Point", "coordinates": [120.9945211, 14.6025631]}, "properties": {"kind": "bus_stop"}}, {"type": "Feature", "geometry": {"type": "Point", "coordinates": [121.0002342, 14.6554414]}, "properties": {"kind": "place_of_worship"}}, {"type": "Feature", "geometry": {"type": "Point", "coordinates": [121.0271046, 14.6368582]}, "properties": {"kind": "place_of_worship"}}, {"type": "Feature", "geometry": {"type": "Point", "coordinates": [120.9859286, 14.6525565]}, "properties": {"kind": "place_of_worship"}}, {"type": "Feature", "geometry": {"type": "Point", "coordinates": [120.9856832, 14.6528114]}, "properties": {"kind": "school"}}, {"type": "Feature", "geometry": {"type": "Point", "coordinates": [120.9861425, 14.6532759]}, "properties": {"kind": "place_of_worship"}}, {"type": "Feature", "geometry": {"type": "Point", "coordinates": [121.0285777, 14.6893878]}, "properties": {"kind": "station"}}, {"type": "Feature", "geometry": {"type": "Point", "coordinates": [120.9733183, 14.6120111]}, "properties": {"kind": "station"}}, {"type": "Feature", "geometry": {"type": "Point", "coordinates": [120.9998962, 14.6003422]}, "properties": {"kind": "bus_stop"}}, {"type": "Feature", "geometry": {"type": "Point", "coordinates": [120.9803488, 14.6310865]}, "properties": {"kind": "bus_stop"}}, {"type": "Feature", "geometry": {"type": "Point", "coordinates": [120.9834792, 14.6453346]}, "properties": {"kind": "bus_stop"}}, {"type": "Feature", "geometry": {"type": "Point", "coordinates": [120.983328, 14.6412485]}, "properties": {"kind": "bus_stop"}}, {"type": "Feature", "geometry": {"type": "Point", "coordinates": [120.9835881, 14.6421964]}, "properties": {"kind": "bus_stop"}}, {"type": "Feature", "geometry": {"type": "Point", "coordinates": [120.9837373, 14.6465336]}, "properties": {"kind": "bus_stop"}}, {"type": "Feature", "geometry": {"type": "Point", "coordinates": [120.9831215, 14.6443205]}, "properties": {"kind": "bus_stop"}}, {"type": "Feature", "geometry": {"type": "Point", "coordinates": [120.9818235, 14.6032314]}, "properties": {"kind": "bus_stop"}}, {"type": "Feature", "geometry": {"type": "Point", "coordinates": [120.9825826, 14.6114449]}, "properties": {"kind": "bus_stop"}}, {"type": "Feature", "geometry": {"type": "Point", "coordinates": [120.9823439, 14.610543]}, "properties": {"kind": "bus_stop"}}, {"type": "Feature", "geometry": {"type": "Point", "coordinates": [120.9828427, 14.6174845]}, "properties": {"kind": "bus_stop"}}, {"type": "Feature", "geometry": {"type": "Point", "coordinates": [120.9826188, 14.616214]}, "properties": {"kind": "bus_stop"}}, {"type": "Feature", "geometry": {"type": "Point", "coordinates": [121.0041087, 14.6387043]}, "properties": {"kind": "bus_stop"}}, {"type": "Feature", "geometry": {"type": "Point", "coordinates": [121.0040959, 14.6388417]}, "properties": {"kind": "bus_stop"}}, {"type": "Feature", "geometry": {"type": "Point", "coordinates": [121.0068937, 14.6254685]}, "properties": {"kind": "bus_stop"}}, {"type": "Feature", "geometry": {"type": "Point", "coordinates": [121.0022047, 14.6328631]}, "properties": {"kind": "bus_stop"}}, {"type": "Feature", "geometry": {"type": "Point", "coordinates": [120.9954946, 14.6297987]}, "properties": {"kind": "bus_stop"}}, {"type": "Feature", "geometry": {"type": "Point", "coordinates": [120.9926364, 14.6271927]}, "properties": {"kind": "bus_stop"}}, {"type": "Feature", "geometry": {"type": "Point", "coordinates": [121.0042136, 14.633481]}, "properties": {"kind": "bus_stop"}}, {"type": "Feature", "geometry": {"type": "Point", "coordinates": [120.9993197, 14.6315338]}, "properties": {"kind": "bus_stop"}}, {"type": "Feature", "geometry": {"type": "Point", "coordinates": [120.9962601, 14.6301632]}, "properties": {"kind": "bus_stop"}}, {"type": "Feature", "geometry": {"type": "Point", "coordinates": [120.9943895, 14.628794]}, "properties": {"kind": "bus_stop"}}, {"type": "Feature", "geometry": {"type": "Point", "coordinates": [121.0016122, 14.6329734]}, "properties": {"kind": "bus_stop"}}, {"type": "Feature", "geometry": {"type": "Point", "coordinates": [120.990748, 14.6255322]}, "properties": {"kind": "bus_stop"}}, {"type": "Feature", "geometry": {"type": "Point", "coordinates": [121.0037397, 14.6283705]}, "properties": {"kind": "bus_stop"}}, {"type": "Feature", "geometry": {"type": "Point", "coordinates": [121.0053451, 14.6262273]}, "properties": {"kind": "bus_stop"}}, {"type": "Feature", "geometry": {"type": "Point", "coordinates": [121.0072358, 14.6246046]}, "properties": {"kind": "bus_stop"}}, {"type": "Feature", "geometry": {"type": "Point", "coordinates": [121.0045297, 14.6270506]}, "properties": {"kind": "bus_stop"}}, {"type": "Feature", "geometry": {"type": "Point", "coordinates": [120.9928615, 14.6272606]}, "properties": {"kind": "bus_stop"}}, {"type": "Feature", "geometry": {"type": "Point", "coordinates": [121.0021999, 14.6318346]}, "properties": {"kind": "bus_stop"}}, {"type": "Feature", "geometry": {"type": "Point", "coordinates": [120.9945611, 14.6288239]}, "properties": {"kind": "bus_stop"}}, {"type": "Feature", "geometry": {"type": "Point", "coordinates": [120.9913188, 14.6258988]}, "properties": {"kind": "bus_stop"}}, {"type": "Feature", "geometry": {"type": "Point", "coordinates": [120.9984209, 14.6312562]}, "properties": {"kind": "bus_stop"}}, {"type": "Feature", "geometry": {"type": "Point", "coordinates": [121.0030198, 14.6298895]}, "properties": {"kind": "bus_stop"}}, {"type": "Feature", "geometry": {"type": "Point", "coordinates": [121.0054198, 14.6263082]}, "properties": {"kind": "bus_stop"}}, {"type": "Feature", "geometry": {"type": "Point", "coordinates": [121.0013263, 14.6348413]}, "properties": {"kind": "bus_stop"}}, {"type": "Feature", "geometry": {"type": "Point", "coordinates": [121.0040849, 14.6279059]}, "properties": {"kind": "bus_stop"}}, {"type": "Feature", "geometry": {"type": "Point", "coordinates": [121.0004233, 14.6375888]}, "properties": {"kind": "bus_stop"}}, {"type": "Feature", "geometry": {"type": "Point", "coordinates": [121.0034281, 14.6293044]}, "properties": {"kind": "bus_stop"}}, {"type": "Feature", "geometry": {"type": "Point", "coordinates": [121.001376, 14.6357443]}, "properties": {"kind": "bus_stop"}}, {"type": "Feature", "geometry": {"type": "Point", "coordinates": [121.0028235, 14.6305712]}, "properties": {"kind": "bus_stop"}}, {"type": "Feature", "geometry": {"type": "Point", "coordinates": [121.0062496, 14.6254611]}, "properties": {"kind": "bus_stop"}}, {"type": "Feature", "geometry": {"type": "Point", "coordinates": [121.0017128, 14.6333101]}, "properties": {"kind": "bus_stop"}}, {"type": "Feature", "geometry": {"type": "Point", "coordinates": [121.0023852, 14.6311438]}, "properties": {"kind": "bus_stop"}}, {"type": "Feature", "geometry": {"type": "Point", "coordinates": [121.0012841, 14.6325486]}, "properties": {"kind": "bus_stop"}}, {"type": "Feature", "geometry": {"type": "Point", "coordinates": [120.988854, 14.5966655]}, "properties": {"kind": "bus_stop"}}, {"type": "Feature", "geometry": {"type": "Point", "coordinates": [121.0212199, 14.603099]}, "properties": {"kind": "bus_stop"}}, {"type": "Feature", "geometry": {"type": "Point", "coordinates": [121.0283708, 14.6052028]}, "properties": {"kind": "bus_stop"}}, {"type": "Feature", "geometry": {"type": "Point", "coordinates": [121.0299075, 14.6040912]}, "properties": {"kind": "bus_stop"}}, {"type": "Feature", "geometry": {"type": "Point", "coordinates": [121.029425, 14.6094865]}, "properties": {"kind": "bus_stop"}}, {"type": "Feature", "geometry": {"type": "Point", "coordinates": [121.0294092, 14.6092689]}, "properties": {"kind": "bus_stop"}}, {"type": "Feature", "geometry": {"type": "Point", "coordinates": [121.0251018, 14.6066829]}, "properties": {"kind": "bus_stop"}}, {"type": "Feature", "geometry": {"type": "Point", "coordinates": [121.0220966, 14.6040581]}, "properties": {"kind": "bus_stop"}}, {"type": "Feature", "geometry": {"type": "Point", "coordinates": [121.0247354, 14.6067183]}, "properties": {"kind": "bus_stop"}}, {"type": "Feature", "geometry": {"type": "Point", "coordinates": [121.0230832, 14.6053854]}, "properties": {"kind": "bus_stop"}}, {"type": "Feature", "geometry": {"type": "Point", "coordinates": [121.0284977, 14.6896625]}, "properties": {"kind": "bus_stop"}}, {"type": "Feature", "geometry": {"type": "Point", "coordinates": [121.0288244, 14.6898232]}, "properties": {"kind": "bus_stop"}}, {"type": "Feature", "geometry": {"type": "Point", "coordinates": [120.9789554, 14.6017581]}, "properties": {"kind": "place_of_worship"}}, {"type": "Feature", "geometry": {"type": "Point", "coordinates": [121.0064175, 14.6347478]}, "properties": {"kind": "bus_stop"}}, {"type": "Feature", "geometry": {"type": "Point", "coordinates": [121.0038332, 14.6337329]}, "properties": {"kind": "bus_stop"}}, {"type": "Feature", "geometry": {"type": "Point", "coordinates": [121.005673, 14.634554]}, "properties": {"kind": "bus_stop"}}, {"type": "Feature", "geometry": {"type": "Point", "coordinates": [121.0044496, 14.6338303]}, "properties": {"kind": "bus_stop"}}, {"type": "Feature", "geometry": {"type": "Point", "coordinates": [121.0086686, 14.6351101]}, "properties": {"kind": "bus_stop"}}, {"type": "Feature", "geometry": {"type": "Point", "coordinates": [121.0089806, 14.6355597]}, "properties": {"kind": "bus_stop"}}, {"type": "Feature", "geometry": {"type": "Point", "coordinates": [121.0078016, 14.6350907]}, "properties": {"kind": "bus_stop"}}, {"type": "Feature", "geometry": {"type": "Point", "coordinates": [120.967015, 14.6453144]}, "properties": {"kind": "bus_stop"}}, {"type": "Feature", "geometry": {"type": "Point", "coordinates": [121.0072765, 14.6672306]}, "properties": {"kind": "bus_stop"}}, {"type": "Feature", "geometry": {"type": "Point", "coordinates": [121.0044208, 14.6750454]}, "properties": {"kind": "bus_stop"}}, {"type": "Feature", "geometry": {"type": "Point", "coordinates": [121.0050887, 14.6730405]}, "properties": {"kind": "bus_stop"}}, {"type": "Feature", "geometry": {"type": "Point", "coordinates": [121.0063384, 14.6695971]}, "properties": {"kind": "bus_stop"}}, {"type": "Feature", "geometry": {"type": "Point", "coordinates": [121.0063536, 14.6697389]}, "properties": {"kind": "bus_stop"}}, {"type": "Feature", "geometry": {"type": "Point", "coordinates": [121.0048853, 14.6766615]}, "properties": {"kind": "bus_stop"}}, {"type": "Feature", "geometry": {"type": "Point", "coordinates": [121.0057267, 14.6714487]}, "properties": {"kind": "bus_stop"}}, {"type": "Feature", "geometry": {"type": "Point", "coordinates": [121.0064212, 14.6781977]}, "properties": {"kind": "bus_stop"}}, {"type": "Feature", "geometry": {"type": "Point", "coordinates": [121.0066063, 14.6784678]}, "properties": {"kind": "bus_stop"}}, {"type": "Feature", "geometry": {"type": "Point", "coordinates": [121.0050779, 14.6732725]}, "properties": {"kind": "bus_stop"}}, {"type": "Feature", "geometry": {"type": "Point", "coordinates": [121.0044477, 14.6747859]}, "properties": {"kind": "bus_stop"}}, {"type": "Feature", "geometry": {"type": "Point", "coordinates": [121.0049568, 14.6767827]}, "properties": {"kind": "bus_stop"}}, {"type": "Feature", "geometry": {"type": "Point", "coordinates": [121.0057051, 14.6713185]}, "properties": {"kind": "bus_stop"}}, {"type": "Feature", "geometry": {"type": "Point", "coordinates": [121.0129087, 14.6295874]}, "properties": {"kind": "bus_stop"}}, {"type": "Feature", "geometry": {"type": "Point", "coordinates": [121.0137332, 14.618677]}, "properties": {"kind": "bus_stop"}}, {"type": "Feature", "geometry": {"type": "Point", "coordinates": [121.018315, 14.6050741]}, "properties": {"kind": "bus_stop"}}, {"type": "Feature", "geometry": {"type": "Point", "coordinates": [121.0157554, 14.6192109]}, "properties": {"kind": "bus_stop"}}, {"type": "Feature", "geometry": {"type": "Point", "coordinates": [121.0166041, 14.6147229]}, "properties": {"kind": "bus_stop"}}, {"type": "Feature", "geometry": {"type": "Point", "coordinates": [121.014838, 14.6182031]}, "properties": {"kind": "bus_stop"}}, {"type": "Feature", "geometry": {"type": "Point", "coordinates": [121.013681, 14.6277675]}, "properties": {"kind": "bus_stop"}}, {"type": "Feature", "geometry": {"type": "Point", "coordinates": [121.015218, 14.618137]}, "properties": {"kind": "bus_stop"}}, {"type": "Feature", "geometry": {"type": "Point", "coordinates": [121.0167898, 14.6109739]}, "properties": {"kind": "bus_stop"}}, {"type": "Feature", "geometry": {"type": "Point", "coordinates": [121.017144, 14.6109829]}, "properties": {"kind": "bus_stop"}}, {"type": "Feature", "geometry": {"type": "Point", "coordinates": [121.0155658, 14.624008]}, "properties": {"kind": "bus_stop"}}, {"type": "Feature", "geometry": {"type": "Point", "coordinates": [121.0193291, 14.6064892]}, "properties": {"kind": "bus_stop"}}, {"type": "Feature", "geometry": {"type": "Point", "coordinates": [121.0171654, 14.6071634]}, "properties": {"kind": "bus_stop"}}, {"type": "Feature", "geometry": {"type": "Point", "coordinates": [121.0152158, 14.6238982]}, "properties": {"kind": "bus_stop"}}, {"type": "Feature", "geometry": {"type": "Point", "coordinates": [121.0174412, 14.6074109]}, "properties": {"kind": "bus_stop"}}, {"type": "Feature", "geometry": {"type": "Point", "coordinates": [121.0147692, 14.620024]}, "properties": {"kind": "bus_stop"}}, {"type": "Feature", "geometry": {"type": "Point", "coordinates": [121.0151299, 14.6204391]}, "properties": {"kind": "bus_stop"}}, {"type": "Feature", "geometry": {"type": "Point", "coordinates": [121.0135275, 14.6188405]}, "properties": {"kind": "bus_stop"}}, {"type": "Feature", "geometry": {"type": "Point", "coordinates": [121.0169579, 14.6146539]}, "properties": {"kind": "bus_stop"}}, {"type": "Feature", "geometry": {"type": "Point", "coordinates": [121.0079142, 14.6393518]}, "properties": {"kind": "bus_stop"}}, {"type": "Feature", "geometry": {"type": "Point", "coordinates": [120.9700298, 14.605217]}, "properties": {"kind": "bus_stop"}}, {"type": "Feature", "geometry": {"type": "Point", "coordinates": [120.968729, 14.6038037]}, "properties": {"kind": "bus_stop"}}, {"type": "Feature", "geometry": {"type": "Point", "coordinates": [121.0212037, 14.6039751]}, "properties": {"kind": "bus_stop"}}, {"type": "Feature", "geometry": {"type": "Point", "coordinates": [120.9923136, 14.6897636]}, "properties": {"kind": "place_of_worship"}}, {"type": "Feature", "geometry": {"type": "Point", "coordinates": [120.9837861, 14.5988233]}, "properties": {"kind": "place_of_worship"}}, {"type": "Feature", "geometry": {"type": "Point", "coordinates": [120.98259, 14.5963794]}, "properties": {"kind": "marketplace"}}, {"type": "Feature", "geometry": {"type": "Point", "coordinates": [120.9891888, 14.5937092]}, "properties": {"kind": "school"}}, {"type": "Feature", "geometry": {"type": "Point", "coordinates": [120.9854427, 14.6085071]}, "properties": {"kind": "school"}}, {"type": "Feature", "geometry": {"type": "Point", "coordinates": [120.9925686, 14.600877]}, "properties": {"kind": "station"}}, {"type": "Feature", "geometry": {"type": "Point", "coordinates": [121.0199531, 14.656996]}, "properties": {"kind": "marketplace"}}, {"type": "Feature", "geometry": {"type": "Point", "coordinates": [120.9931034, 14.6110682]}, "properties": {"kind": "school"}}, {"type": "Feature", "geometry": {"type": "Point", "coordinates": [121.0286629, 14.661222]}, "properties": {"kind": "school"}}, {"type": "Feature", "geometry": {"type": "Point", "coordinates": [120.972026, 14.6311863]}, "properties": {"kind": "school"}}, {"type": "Feature", "geometry": {"type": "Point", "coordinates": [120.9688558, 14.6104957]}, "properties": {"kind": "place_of_worship"}}, {"type": "Feature", "geometry": {"type": "Point", "coordinates": [120.9674306, 14.6078925]}, "properties": {"kind": "place_of_worship"}}, {"type": "Feature", "geometry": {"type": "Point", "coordinates": [121.0132039, 14.617654]}, "properties": {"kind": "hospital"}}, {"type": "Feature", "geometry": {"type": "Point", "coordinates": [121.009646, 14.6126473]}, "properties": {"kind": "marketplace"}}, {"type": "Feature", "geometry": {"type": "Point", "coordinates": [121.029711, 14.6240953]}, "properties": {"kind": "place_of_worship"}}, {"type": "Feature", "geometry": {"type": "Point", "coordinates": [120.9804343, 14.5992845]}, "properties": {"kind": "place_of_worship"}}, {"type": "Feature", "geometry": {"type": "Point", "coordinates": [120.9709899, 14.6102959]}, "properties": {"kind": "school"}}, {"type": "Feature", "geometry": {"type": "Point", "coordinates": [120.9795137, 14.6155998]}, "properties": {"kind": "place_of_worship"}}, {"type": "Feature", "geometry": {"type": "Point", "coordinates": [121.0205952, 14.6066733]}, "properties": {"kind": "hospital"}}, {"type": "Feature", "geometry": {"type": "Point", "coordinates": [120.9918478, 14.6549182]}, "properties": {"kind": "school"}}, {"type": "Feature", "geometry": {"type": "Point", "coordinates": [120.9931558, 14.6549142]}, "properties": {"kind": "school"}}, {"type": "Feature", "geometry": {"type": "Point", "coordinates": [120.9724897, 14.6878551]}, "properties": {"kind": "school"}}, {"type": "Feature", "geometry": {"type": "Point", "coordinates": [120.9806008, 14.6825811]}, "properties": {"kind": "place_of_worship"}}, {"type": "Feature", "geometry": {"type": "Point", "coordinates": [120.9827376, 14.6794353]}, "properties": {"kind": "place_of_worship"}}, {"type": "Feature", "geometry": {"type": "Point", "coordinates": [120.9875064, 14.6844256]}, "properties": {"kind": "marketplace"}}, {"type": "Feature", "geometry": {"type": "Point", "coordinates": [120.9923711, 14.6858703]}, "properties": {"kind": "place_of_worship"}}, {"type": "Feature", "geometry": {"type": "Point", "coordinates": [120.9927594, 14.6861184]}, "properties": {"kind": "school"}}, {"type": "Feature", "geometry": {"type": "Point", "coordinates": [120.985086, 14.6726461]}, "properties": {"kind": "school"}}, {"type": "Feature", "geometry": {"type": "Point", "coordinates": [120.9835195, 14.5970789]}, "properties": {"kind": "place_of_worship"}}, {"type": "Feature", "geometry": {"type": "Point", "coordinates": [121.0286651, 14.6356946]}, "properties": {"kind": "place_of_worship"}}, {"type": "Feature", "geometry": {"type": "Point", "coordinates": [121.0042556, 14.6206847]}, "properties": {"kind": "place_of_worship"}}, {"type": "Feature", "geometry": {"type": "Point", "coordinates": [120.9995166, 14.6231071]}, "properties": {"kind": "marketplace"}}, {"type": "Feature", "geometry": {"type": "Point", "coordinates": [121.0124503, 14.6224941]}, "properties": {"kind": "school"}}, {"type": "Feature", "geometry": {"type": "Point", "coordinates": [121.0129305, 14.621818]}, "properties": {"kind": "school"}}, {"type": "Feature", "geometry": {"type": "Point", "coordinates": [120.9945651, 14.6327083]}, "properties": {"kind": "school"}}, {"type": "Feature", "geometry": {"type": "Point", "coordinates": [121.0242034, 14.6365257]}, "properties": {"kind": "school"}}, {"type": "Feature", "geometry": {"type": "Point", "coordinates": [121.0284383, 14.6555303]}, "properties": {"kind": "place_of_worship"}}, {"type": "Feature", "geometry": {"type": "Point", "coordinates": [120.9966655, 14.6181787]}, "properties": {"kind": "school"}}, {"type": "Feature", "geometry": {"type": "Point", "coordinates": [121.0088696, 14.6188224]}, "properties": {"kind": "school"}}, {"type": "Feature", "geometry": {"type": "Point", "coordinates": [121.0070817, 14.6213697]}, "properties": {"kind": "place_of_worship"}}, {"type": "Feature", "geometry": {"type": "Point", "coordinates": [121.0229545, 14.6603515]}, "properties": {"kind": "school"}}, {"type": "Feature", "geometry": {"type": "Point", "coordinates": [120.9961808, 14.6204868]}, "properties": {"kind": "school"}}, {"type": "Feature", "geometry": {"type": "Point", "coordinates": [120.9942291, 14.6219078]}, "properties": {"kind": "school"}}, {"type": "Feature", "geometry": {"type": "Point", "coordinates": [121.0003198, 14.6213844]}, "properties": {"kind": "place_of_worship"}}, {"type": "Feature", "geometry": {"type": "Point", "coordinates": [121.0033526, 14.6277917]}, "properties": {"kind": "hospital"}}, {"type": "Feature", "geometry": {"type": "Point", "coordinates": [121.0175081, 14.6563909]}, "properties": {"kind": "school"}}, {"type": "Feature", "geometry": {"type": "Point", "coordinates": [121.017338, 14.6413495]}, "properties": {"kind": "place_of_worship"}}, {"type": "Feature", "geometry": {"type": "Point", "coordinates": [121.0092169, 14.6205993]}, "properties": {"kind": "hospital"}}, {"type": "Feature", "geometry": {"type": "Point", "coordinates": [121.0103375, 14.6300547]}, "properties": {"kind": "place_of_worship"}}, {"type": "Feature", "geometry": {"type": "Point", "coordinates": [121.0075009, 14.6396435]}, "properties": {"kind": "school"}}, {"type": "Feature", "geometry": {"type": "Point", "coordinates": [121.0282956, 14.6496028]}, "properties": {"kind": "school"}}, {"type": "Feature", "geometry": {"type": "Point", "coordinates": [120.9746962, 14.6001986]}, "properties": {"kind": "place_of_worship"}}, {"type": "Feature", "geometry": {"type": "Point", "coordinates": [120.9820496, 14.6053092]}, "properties": {"kind": "station"}}, {"type": "Feature", "geometry": {"type": "Point", "coordinates": [121.0102744, 14.614422]}, "properties": {"kind": "school"}}, {"type": "Feature", "geometry": {"type": "Point", "coordinates": [120.9844399, 14.6577448]}, "properties": {"kind": "marketplace"}}, {"type": "Feature", "geometry": {"type": "Point", "coordinates": [120.9819216, 14.614115]}, "properties": {"kind": "hospital"}}, {"type": "Feature", "geometry": {"type": "Point", "coordinates": [120.9857535, 14.6629313]}, "properties": {"kind": "place_of_worship"}}, {"type": "Feature", "geometry": {"type": "Point", "coordinates": [120.9942189, 14.6601864]}, "properties": {"kind": "place_of_worship"}}, {"type": "Feature", "geometry": {"type": "Point", "coordinates": [121.0165947, 14.6766924]}, "properties": {"kind": "place_of_worship"}}, {"type": "Feature", "geometry": {"type": "Point", "coordinates": [120.987774, 14.6662089]}, "properties": {"kind": "place_of_worship"}}, {"type": "Feature", "geometry": {"type": "Point", "coordinates": [120.9934128, 14.6028464]}, "properties": {"kind": "place_of_worship"}}, {"type": "Feature", "geometry": {"type": "Point", "coordinates": [120.9935897, 14.603396]}, "properties": {"kind": "place_of_worship"}}, {"type": "Feature", "geometry": {"type": "Point", "coordinates": [120.9889994, 14.5996814]}, "properties": {"kind": "place_of_worship"}}, {"type": "Feature", "geometry": {"type": "Point", "coordinates": [120.9947252, 14.5998134]}, "properties": {"kind": "school"}}, {"type": "Feature", "geometry": {"type": "Point", "coordinates": [120.9929437, 14.5990935]}, "properties": {"kind": "place_of_worship"}}, {"type": "Feature", "geometry": {"type": "Point", "coordinates": [120.990124, 14.6027161]}, "properties": {"kind": "school"}}, {"type": "Feature", "geometry": {"type": "Point", "coordinates": [120.9882453, 14.6042426]}, "properties": {"kind": "place_of_worship"}}, {"type": "Feature", "geometry": {"type": "Point", "coordinates": [120.9917951, 14.5922618]}, "properties": {"kind": "place_of_worship"}}, {"type": "Feature", "geometry": {"type": "Point", "coordinates": [121.0227406, 14.6567526]}, "properties": {"kind": "place_of_worship"}}, {"type": "Feature", "geometry": {"type": "Point", "coordinates": [121.0233573, 14.6561891]}, "properties": {"kind": "school"}}, {"type": "Feature", "geometry": {"type": "Point", "coordinates": [121.0222953, 14.6580472]}, "properties": {"kind": "place_of_worship"}}, {"type": "Feature", "geometry": {"type": "Point", "coordinates": [120.9673376, 14.6304792]}, "properties": {"kind": "school"}}, {"type": "Feature", "geometry": {"type": "Point", "coordinates": [120.9698611, 14.6179082]}, "properties": {"kind": "marketplace"}}, {"type": "Feature", "geometry": {"type": "Point", "coordinates": [120.9717577, 14.6173245]}, "properties": {"kind": "school"}}, {"type": "Feature", "geometry": {"type": "Point", "coordinates": [120.9612235, 14.6242189]}, "properties": {"kind": "school"}}, {"type": "Feature", "geometry": {"type": "Point", "coordinates": [120.9682095, 14.6195017]}, "properties": {"kind": "school"}}, {"type": "Feature", "geometry": {"type": "Point", "coordinates": [120.9607228, 14.6186702]}, "properties": {"kind": "school"}}, {"type": "Feature", "geometry": {"type": "Point", "coordinates": [120.9685219, 14.6164459]}, "properties": {"kind": "school"}}, {"type": "Feature", "geometry": {"type": "Point", "coordinates": [120.9660827, 14.6200292]}, "properties": {"kind": "school"}}, {"type": "Feature", "geometry": {"type": "Point", "coordinates": [120.9967184, 14.6078415]}, "properties": {"kind": "hospital"}}, {"type": "Feature", "geometry": {"type": "Point", "coordinates": [121.0224475, 14.5949309]}, "properties": {"kind": "hospital"}}, {"type": "Feature", "geometry": {"type": "Point", "coordinates": [120.9825327, 14.6726857]}, "properties": {"kind": "hospital"}}, {"type": "Feature", "geometry": {"type": "Point", "coordinates": [120.950696, 14.6564121]}, "properties": {"kind": "marketplace"}}, {"type": "Feature", "geometry": {"type": "Point", "coordinates": [120.9517625, 14.6574264]}, "properties": {"kind": "school"}}, {"type": "Feature", "geometry": {"type": "Point", "coordinates": [120.9970094, 14.6301792]}, "properties": {"kind": "place_of_worship"}}, {"type": "Feature", "geometry": {"type": "Point", "coordinates": [120.9545403, 14.6441477]}, "properties": {"kind": "marketplace"}}, {"type": "Feature", "geometry": {"type": "Point", "coordinates": [120.9719087, 14.6295455]}, "properties": {"kind": "school"}}, {"type": "Feature", "geometry": {"type": "Point", "coordinates": [121.0166717, 14.6901463]}, "properties": {"kind": "school"}}, {"type": "Feature", "geometry": {"type": "Point", "coordinates": [121.0289917, 14.6246628]}, "properties": {"kind": "place_of_worship"}}, {"type": "Feature", "geometry": {"type": "Point", "coordinates": [121.0082611, 14.6328759]}, "properties": {"kind": "place_of_worship"}}, {"type": "Feature", "geometry": {"type": "Point", "coordinates": [121.0175123, 14.6202079]}, "properties": {"kind": "hospital"}}, {"type": "Feature", "geometry": {"type": "Point", "coordinates": [120.9699176, 14.6713343]}, "properties": {"kind": "school"}}, {"type": "Feature", "geometry": {"type": "Point", "coordinates": [120.9698647, 14.6719424]}, "properties": {"kind": "school"}}, {"type": "Feature", "geometry": {"type": "Point", "coordinates": [120.9563706, 14.6507894]}, "properties": {"kind": "school"}}, {"type": "Feature", "geometry": {"type": "Point", "coordinates": [120.9575545, 14.64437]}, "properties": {"kind": "school"}}, {"type": "Feature", "geometry": {"type": "Point", "coordinates": [120.9696604, 14.647307]}, "properties": {"kind": "school"}}, {"type": "Feature", "geometry": {"type": "Point", "coordinates": [120.9579361, 14.6449458]}, "properties": {"kind": "place_of_worship"}}, {"type": "Feature", "geometry": {"type": "Point", "coordinates": [120.9579224, 14.6840909]}, "properties": {"kind": "school"}}, {"type": "Feature", "geometry": {"type": "Point", "coordinates": [121.0195065, 14.628775]}, "properties": {"kind": "marketplace"}}, {"type": "Feature", "geometry": {"type": "Point", "coordinates": [120.9962669, 14.6022038]}, "properties": {"kind": "school"}}, {"type": "Feature", "geometry": {"type": "Point", "coordinates": [121.0001246, 14.5980951]}, "properties": {"kind": "school"}}, {"type": "Feature", "geometry": {"type": "Point", "coordinates": [120.9977732, 14.6056636]}, "properties": {"kind": "school"}}, {"type": "Feature", "geometry": {"type": "Point", "coordinates": [120.9982252, 14.605118]}, "properties": {"kind": "school"}}, {"type": "Feature", "geometry": {"type": "Point", "coordinates": [120.9961832, 14.6045927]}, "properties": {"kind": "school"}}, {"type": "Feature", "geometry": {"type": "Point", "coordinates": [120.9976252, 14.606118]}, "properties": {"kind": "school"}}, {"type": "Feature", "geometry": {"type": "Point", "coordinates": [120.9676087, 14.6074732]}, "properties": {"kind": "school"}}, {"type": "Feature", "geometry": {"type": "Point", "coordinates": [120.9682162, 14.6086072]}, "properties": {"kind": "school"}}, {"type": "Feature", "geometry": {"type": "Point", "coordinates": [120.9720135, 14.5974353]}, "properties": {"kind": "hospital"}}, {"type": "Feature", "geometry": {"type": "Point", "coordinates": [120.9661998, 14.6090583]}, "properties": {"kind": "hospital"}}, {"type": "Feature", "geometry": {"type": "Point", "coordinates": [120.9623663, 14.6020026]}, "properties": {"kind": "school"}}, {"type": "Feature", "geometry": {"type": "Point", "coordinates": [120.9621968, 14.6110463]}, "properties": {"kind": "school"}}, {"type": "Feature", "geometry": {"type": "Point", "coordinates": [120.9648842, 14.6010991]}, "properties": {"kind": "hospital"}}, {"type": "Feature", "geometry": {"type": "Point", "coordinates": [120.975229, 14.6005394]}, "properties": {"kind": "school"}}, {"type": "Feature", "geometry": {"type": "Point", "coordinates": [120.9697271, 14.6144103]}, "properties": {"kind": "school"}}, {"type": "Feature", "geometry": {"type": "Point", "coordinates": [120.9661239, 14.6121958]}, "properties": {"kind": "school"}}, {"type": "Feature", "geometry": {"type": "Point", "coordinates": [120.9652052, 14.6124069]}, "properties": {"kind": "school"}}, {"type": "Feature", "geometry": {"type": "Point", "coordinates": [120.9955021, 14.5970018]}, "properties": {"kind": "place_of_worship"}}, {"type": "Feature", "geometry": {"type": "Point", "coordinates": [120.9997152, 14.5976224]}, "properties": {"kind": "place_of_worship"}}, {"type": "Feature", "geometry": {"type": "Point", "coordinates": [120.9792851, 14.6171307]}, "properties": {"kind": "school"}}, {"type": "Feature", "geometry": {"type": "Point", "coordinates": [120.9790914, 14.6061295]}, "properties": {"kind": "school"}}, {"type": "Feature", "geometry": {"type": "Point", "coordinates": [120.9730158, 14.6894002]}, "properties": {"kind": "school"}}, {"type": "Feature", "geometry": {"type": "Point", "coordinates": [121.0233333, 14.6052567]}, "properties": {"kind": "marketplace"}}, {"type": "Feature", "geometry": {"type": "Point", "coordinates": [120.9851259, 14.5957786]}, "properties": {"kind": "place_of_worship"}}, {"type": "Feature", "geometry": {"type": "Point", "coordinates": [120.9864178, 14.5991417]}, "properties": {"kind": "school"}}, {"type": "Feature", "geometry": {"type": "Point", "coordinates": [120.9884691, 14.598128]}, "properties": {"kind": "place_of_worship"}}, {"type": "Feature", "geometry": {"type": "Point", "coordinates": [120.980462, 14.6780614]}, "properties": {"kind": "hospital"}}, {"type": "Feature", "geometry": {"type": "Point", "coordinates": [120.9824959, 14.6810949]}, "properties": {"kind": "school"}}, {"type": "Feature", "geometry": {"type": "Point", "coordinates": [120.9881025, 14.6012386]}, "properties": {"kind": "place_of_worship"}}, {"type": "Feature", "geometry": {"type": "Point", "coordinates": [120.9857131, 14.6013829]}, "properties": {"kind": "school"}}, {"type": "Feature", "geometry": {"type": "Point", "coordinates": [121.0211558, 14.5963474]}, "properties": {"kind": "school"}}, {"type": "Feature", "geometry": {"type": "Point", "coordinates": [121.0211756, 14.6024508]}, "properties": {"kind": "school"}}, {"type": "Feature", "geometry": {"type": "Point", "coordinates": [120.9891899, 14.5932112]}, "properties": {"kind": "school"}}, {"type": "Feature", "geometry": {"type": "Point", "coordinates": [120.9869543, 14.5944749]}, "properties": {"kind": "place_of_worship"}}, {"type": "Feature", "geometry": {"type": "Point", "coordinates": [120.9904934, 14.598016]}, "properties": {"kind": "place_of_worship"}}, {"type": "Feature", "geometry": {"type": "Point", "coordinates": [120.9827526, 14.6013374]}, "properties": {"kind": "school"}}, {"type": "Feature", "geometry": {"type": "Point", "coordinates": [120.9827226, 14.6025012]}, "properties": {"kind": "school"}}, {"type": "Feature", "geometry": {"type": "Point", "coordinates": [120.9833708, 14.6035073]}, "properties": {"kind": "station"}}, {"type": "Feature", "geometry": {"type": "Point", "coordinates": [120.9831078, 14.6023816]}, "properties": {"kind": "school"}}, {"type": "Feature", "geometry": {"type": "Point", "coordinates": [120.984043, 14.6016948]}, "properties": {"kind": "school"}}, {"type": "Feature", "geometry": {"type": "Point", "coordinates": [120.9906051, 14.6018428]}, "properties": {"kind": "school"}}, {"type": "Feature", "geometry": {"type": "Point", "coordinates": [120.9816199, 14.5927962]}, "properties": {"kind": "station"}}, {"type": "Feature", "geometry": {"type": "Point", "coordinates": [120.9866459, 14.6043622]}, "properties": {"kind": "place_of_worship"}}, {"type": "Feature", "geometry": {"type": "Point", "coordinates": [120.9882698, 14.5907043]}, "properties": {"kind": "place_of_worship"}}, {"type": "Feature", "geometry": {"type": "Point", "coordinates": [120.9851866, 14.5942479]}, "properties": {"kind": "place_of_worship"}}, {"type": "Feature", "geometry": {"type": "Point", "coordinates": [120.9872511, 14.5984405]}, "properties": {"kind": "school"}}, {"type": "Feature", "geometry": {"type": "Point", "coordinates": [120.987042, 14.5992362]}, "properties": {"kind": "school"}}, {"type": "Feature", "geometry": {"type": "Point", "coordinates": [120.9918148, 14.6221887]}, "properties": {"kind": "place_of_worship"}}, {"type": "Feature", "geometry": {"type": "Point", "coordinates": [120.9922464, 14.6017242]}, "properties": {"kind": "marketplace"}}, {"type": "Feature", "geometry": {"type": "Point", "coordinates": [120.9795161, 14.6086064]}, "properties": {"kind": "place_of_worship"}}, {"type": "Feature", "geometry": {"type": "Point", "coordinates": [120.9783547, 14.6060771]}, "properties": {"kind": "place_of_worship"}}, {"type": "Feature", "geometry": {"type": "Point", "coordinates": [120.9772776, 14.6104249]}, "properties": {"kind": "school"}}, {"type": "Feature", "geometry": {"type": "Point", "coordinates": [120.9783596, 14.6083631]}, "properties": {"kind": "place_of_worship"}}, {"type": "Feature", "geometry": {"type": "Point", "coordinates": [120.9747416, 14.6051213]}, "properties": {"kind": "place_of_worship"}}, {"type": "Feature", "geometry": {"type": "Point", "coordinates": [120.9898199, 14.6055427]}, "properties": {"kind": "school"}}, {"type": "Feature", "geometry": {"type": "Point", "coordinates": [120.9899198, 14.6031756]}, "properties": {"kind": "hospital"}}, {"type": "Feature", "geometry": {"type": "Point", "coordinates": [120.9791311, 14.6025035]}, "properties": {"kind": "place_of_worship"}}, {"type": "Feature", "geometry": {"type": "Point", "coordinates": [120.9796718, 14.6039476]}, "properties": {"kind": "marketplace"}}, {"type": "Feature", "geometry": {"type": "Point", "coordinates": [121.0017952, 14.5968966]}, "properties": {"kind": "place_of_worship"}}, {"type": "Feature", "geometry": {"type": "Point", "coordinates": [120.9704649, 14.5981642]}, "properties": {"kind": "place_of_worship"}}, {"type": "Feature", "geometry": {"type": "Point", "coordinates": [120.9763807, 14.6165819]}, "properties": {"kind": "marketplace"}}, {"type": "Feature", "geometry": {"type": "Point", "coordinates": [120.9789138, 14.6017345]}, "properties": {"kind": "place_of_worship"}}, {"type": "Feature", "geometry": {"type": "Point", "coordinates": [120.9996274, 14.5998307]}, "properties": {"kind": "hospital"}}, {"type": "Feature", "geometry": {"type": "Point", "coordinates": [120.9622994, 14.6013427]}, "properties": {"kind": "place_of_worship"}}, {"type": "Feature", "geometry": {"type": "Point", "coordinates": [120.9674646, 14.6017072]}, "properties": {"kind": "place_of_worship"}}, {"type": "Feature", "geometry": {"type": "Point", "coordinates": [120.9858121, 14.6050258]}, "properties": {"kind": "place_of_worship"}}, {"type": "Feature", "geometry": {"type": "Point", "coordinates": [120.982487, 14.6111327]}, "properties": {"kind": "station"}}, {"type": "Feature", "geometry": {"type": "Point", "coordinates": [120.9821205, 14.6116281]}, "properties": {"kind": "place_of_worship"}}, {"type": "Feature", "geometry": {"type": "Point", "coordinates": [121.0260986, 14.6105686]}, "properties": {"kind": "station"}}, {"type": "Feature", "geometry": {"type": "Point", "coordinates": [121.0050939, 14.6016769]}, "properties": {"kind": "station"}}, {"type": "Feature", "geometry": {"type": "Point", "coordinates": [120.9678715, 14.6042979]}, "properties": {"kind": "marketplace"}}, {"type": "Feature", "geometry": {"type": "Point", "coordinates": [120.9875838, 14.6096758]}, "properties": {"kind": "place_of_worship"}}, {"type": "Feature", "geometry": {"type": "Point", "coordinates": [121.0245575, 14.628917]}, "properties": {"kind": "school"}}, {"type": "Feature", "geometry": {"type": "Point", "coordinates": [121.0149916, 14.6174024]}, "properties": {"kind": "place_of_worship"}}, {"type": "Feature", "geometry": {"type": "Point", "coordinates": [121.0176722, 14.647152]}, "properties": {"kind": "place_of_worship"}}, {"type": "Feature", "geometry": {"type": "Point", "coordinates": [120.9728468, 14.6273739]}, "properties": {"kind": "school"}}, {"type": "Feature", "geometry": {"type": "Point", "coordinates": [120.9837495, 14.6631367]}, "properties": {"kind": "school"}}, {"type": "Feature", "geometry": {"type": "Point", "coordinates": [120.9876777, 14.6169483]}, "properties": {"kind": "school"}}, {"type": "Feature", "geometry": {"type": "Point", "coordinates": [120.9851944, 14.6013951]}, "properties": {"kind": "place_of_worship"}}, {"type": "Feature", "geometry": {"type": "Point", "coordinates": [120.9786423, 14.6806632]}, "properties": {"kind": "school"}}, {"type": "Feature", "geometry": {"type": "Point", "coordinates": [121.0260874, 14.660264]}, "properties": {"kind": "place_of_worship"}}, {"type": "Feature", "geometry": {"type": "Point", "coordinates": [120.9799376, 14.6010345]}, "properties": {"kind": "place_of_worship"}}, {"type": "Feature", "geometry": {"type": "Point", "coordinates": [120.9730349, 14.651336]}, "properties": {"kind": "school"}}, {"type": "Feature", "geometry": {"type": "Point", "coordinates": [121.0021488, 14.6646146]}, "properties": {"kind": "place_of_worship"}}, {"type": "Feature", "geometry": {"type": "Point", "coordinates": [121.0137429, 14.649271]}, "properties": {"kind": "place_of_worship"}}, {"type": "Feature", "geometry": {"type": "Point", "coordinates": [120.9843057, 14.6372574]}, "properties": {"kind": "place_of_worship"}}, {"type": "Feature", "geometry": {"type": "Point", "coordinates": [121.0166173, 14.6647398]}, "properties": {"kind": "place_of_worship"}}, {"type": "Feature", "geometry": {"type": "Point", "coordinates": [120.9901943, 14.6112692]}, "properties": {"kind": "hospital"}}, {"type": "Feature", "geometry": {"type": "Point", "coordinates": [121.0284798, 14.6723132]}, "properties": {"kind": "place_of_worship"}}, {"type": "Feature", "geometry": {"type": "Point", "coordinates": [121.0294503, 14.6777782]}, "properties": {"kind": "place_of_worship"}}, {"type": "Feature", "geometry": {"type": "Point", "coordinates": [121.0117142, 14.6016728]}, "properties": {"kind": "school"}}, {"type": "Feature", "geometry": {"type": "Point", "coordinates": [121.0119696, 14.6015479]}, "properties": {"kind": "place_of_worship"}}, {"type": "Feature", "geometry": {"type": "Point", "coordinates": [121.0122225, 14.602844]}, "properties": {"kind": "place_of_worship"}}, {"type": "Feature", "geometry": {"type": "Point", "coordinates": [121.0114404, 14.6026569]}, "properties": {"kind": "place_of_worship"}}, {"type": "Feature", "geometry": {"type": "Point", "coordinates": [121.0099081, 14.6025805]}, "properties": {"kind": "marketplace"}}, {"type": "Feature", "geometry": {"type": "Point", "coordinates": [121.0234751, 14.6066054]}, "properties": {"kind": "hospital"}}, {"type": "Feature", "geometry": {"type": "Point", "coordinates": [121.0225175, 14.6065369]}, "properties": {"kind": "school"}}, {"type": "Feature", "geometry": {"type": "Point", "coordinates": [120.9910246, 14.6241656]}, "properties": {"kind": "school"}}, {"type": "Feature", "geometry": {"type": "Point", "coordinates": [121.0131032, 14.603277]}, "properties": {"kind": "place_of_worship"}}, {"type": "Feature", "geometry": {"type": "Point", "coordinates": [121.0146857, 14.6028901]}, "properties": {"kind": "place_of_worship"}}, {"type": "Feature", "geometry": {"type": "Point", "coordinates": [121.0225611, 14.5948789]}, "properties": {"kind": "hospital"}}, {"type": "Feature", "geometry": {"type": "Point", "coordinates": [120.9735979, 14.6483413]}, "properties": {"kind": "hospital"}}, {"type": "Feature", "geometry": {"type": "Point", "coordinates": [120.9715892, 14.6604988]}, "properties": {"kind": "place_of_worship"}}, {"type": "Feature", "geometry": {"type": "Point", "coordinates": [120.9707053, 14.6604482]}, "properties": {"kind": "place_of_worship"}}, {"type": "Feature", "geometry": {"type": "Point", "coordinates": [121.0161929, 14.6039145]}, "properties": {"kind": "place_of_worship"}}, {"type": "Feature", "geometry": {"type": "Point", "coordinates": [121.0270089, 14.6401562]}, "properties": {"kind": "place_of_worship"}}, {"type": "Feature", "geometry": {"type": "Point", "coordinates": [121.0217482, 14.6431766]}, "properties": {"kind": "place_of_worship"}}, {"type": "Feature", "geometry": {"type": "Point", "coordinates": [121.0284718, 14.6381088]}, "properties": {"kind": "place_of_worship"}}, {"type": "Feature", "geometry": {"type": "Point", "coordinates": [121.0257725, 14.6636774]}, "properties": {"kind": "place_of_worship"}}, {"type": "Feature", "geometry": {"type": "Point", "coordinates": [120.9870998, 14.6577421]}, "properties": {"kind": "hospital"}}, {"type": "Feature", "geometry": {"type": "Point", "coordinates": [120.9867239, 14.657686]}, "properties": {"kind": "hospital"}}, {"type": "Feature", "geometry": {"type": "Point", "coordinates": [120.9852137, 14.6527077]}, "properties": {"kind": "place_of_worship"}}, {"type": "Feature", "geometry": {"type": "Point", "coordinates": [120.9845952, 14.6464535]}, "properties": {"kind": "place_of_worship"}}, {"type": "Feature", "geometry": {"type": "Point", "coordinates": [120.9826375, 14.6461209]}, "properties": {"kind": "place_of_worship"}}, {"type": "Feature", "geometry": {"type": "Point", "coordinates": [120.9799345, 14.6476542]}, "properties": {"kind": "place_of_worship"}}, {"type": "Feature", "geometry": {"type": "Point", "coordinates": [120.9876593, 14.6445366]}, "properties": {"kind": "place_of_worship"}}, {"type": "Feature", "geometry": {"type": "Point", "coordinates": [121.00112, 14.6498787]}, "properties": {"kind": "place_of_worship"}}, {"type": "Feature", "geometry": {"type": "Point", "coordinates": [121.0258593, 14.6853474]}, "properties": {"kind": "place_of_worship"}}, {"type": "Feature", "geometry": {"type": "Point", "coordinates": [120.9643901, 14.6595386]}, "properties": {"kind": "place_of_worship"}}, {"type": "Feature", "geometry": {"type": "Point", "coordinates": [120.972491, 14.6580132]}, "properties": {"kind": "marketplace"}}, {"type": "Feature", "geometry": {"type": "Point", "coordinates": [120.9607106, 14.67732]}, "properties": {"kind": "school"}}, {"type": "Feature", "geometry": {"type": "Point", "coordinates": [120.9783774, 14.6484189]}, "properties": {"kind": "place_of_worship"}}, {"type": "Feature", "geometry": {"type": "Point", "coordinates": [120.9882545, 14.6611784]}, "properties": {"kind": "place_of_worship"}}, {"type": "Feature", "geometry": {"type": "Point", "coordinates": [120.9936553, 14.6621746]}, "properties": {"kind": "marketplace"}}, {"type": "Feature", "geometry": {"type": "Point", "coordinates": [121.007217, 14.6680715]}, "properties": {"kind": "place_of_worship"}}, {"type": "Feature", "geometry": {"type": "Point", "coordinates": [120.9610747, 14.5935482]}, "properties": {"kind": "place_of_worship"}}, {"type": "Feature", "geometry": {"type": "Point", "coordinates": [120.9760698, 14.590189]}, "properties": {"kind": "place_of_worship"}}, {"type": "Feature", "geometry": {"type": "Point", "coordinates": [120.9906594, 14.6376193]}, "properties": {"kind": "place_of_worship"}}, {"type": "Feature", "geometry": {"type": "Point", "coordinates": [120.9643489, 14.6507676]}, "properties": {"kind": "marketplace"}}, {"type": "Feature", "geometry": {"type": "Point", "coordinates": [120.9560302, 14.6502091]}, "properties": {"kind": "place_of_worship"}}, {"type": "Feature", "geometry": {"type": "Point", "coordinates": [120.9963767, 14.596328]}, "properties": {"kind": "school"}}, {"type": "Feature", "geometry": {"type": "Point", "coordinates": [121.0212979, 14.6506047]}, "properties": {"kind": "school"}}, {"type": "Feature", "geometry": {"type": "Point", "coordinates": [120.9956611, 14.6406749]}, "properties": {"kind": "place_of_worship"}}, {"type": "Feature", "geometry": {"type": "Point", "coordinates": [120.9640347, 14.6195381]}, "properties": {"kind": "place_of_worship"}}, {"type": "Feature", "geometry": {"type": "Point", "coordinates": [120.9649316, 14.6216403]}, "properties": {"kind": "place_of_worship"}}, {"type": "Feature", "geometry": {"type": "Point", "coordinates": [121.0041121, 14.5930895]}, "properties": {"kind": "place_of_worship"}}, {"type": "Feature", "geometry": {"type": "Point", "coordinates": [121.0288044, 14.5918644]}, "properties": {"kind": "school"}}, {"type": "Feature", "geometry": {"type": "Point", "coordinates": [120.9983127, 14.6075629]}, "properties": {"kind": "place_of_worship"}}, {"type": "Feature", "geometry": {"type": "Point", "coordinates": [120.9883427, 14.6133919]}, "properties": {"kind": "hospital"}}, {"type": "Feature", "geometry": {"type": "Point", "coordinates": [120.9827226, 14.6167151]}, "properties": {"kind": "station"}}, {"type": "Feature", "geometry": {"type": "Point", "coordinates": [120.9873567, 14.6133623]}, "properties": {"kind": "place_of_worship"}}, {"type": "Feature", "geometry": {"type": "Point", "coordinates": [120.9893293, 14.614298]}, "properties": {"kind": "marketplace"}}, {"type": "Feature", "geometry": {"type": "Point", "coordinates": [120.9828902, 14.6227839]}, "properties": {"kind": "station"}}, {"type": "Feature", "geometry": {"type": "Point", "coordinates": [120.9815337, 14.623782]}, "properties": {"kind": "school"}}, {"type": "Feature", "geometry": {"type": "Point", "coordinates": [120.9814053, 14.6306063]}, "properties": {"kind": "station"}}, {"type": "Feature", "geometry": {"type": "Point", "coordinates": [120.9787867, 14.6320639]}, "properties": {"kind": "place_of_worship"}}, {"type": "Feature", "geometry": {"type": "Point", "coordinates": [120.9835359, 14.6444062]}, "properties": {"kind": "station"}}, {"type": "Feature", "geometry": {"type": "Point", "coordinates": [120.9838745, 14.6543118]}, "properties": {"kind": "station"}}, {"type": "Feature", "geometry": {"type": "Point", "coordinates": [120.9822793, 14.6360145]}, "properties": {"kind": "station"}}, {"type": "Feature", "geometry": {"type": "Point", "coordinates": [120.9813635, 14.5991704]}, "properties": {"kind": "station"}}, {"type": "Feature", "geometry": {"type": "Point", "coordinates": [120.9935669, 14.6093343]}, "properties": {"kind": "place_of_worship"}}, {"type": "Feature", "geometry": {"type": "Point", "coordinates": [120.983196, 14.6173782]}, "properties": {"kind": "place_of_worship"}}, {"type": "Feature", "geometry": {"type": "Point", "coordinates": [120.993888, 14.6289681]}, "properties": {"kind": "place_of_worship"}}, {"type": "Feature", "geometry": {"type": "Point", "coordinates": [120.9948951, 14.6320444]}, "properties": {"kind": "marketplace"}}, {"type": "Feature", "geometry": {"type": "Point", "coordinates": [120.9517519, 14.6607952]}, "properties": {"kind": "place_of_worship"}}, {"type": "Feature", "geometry": {"type": "Point", "coordinates": [120.9514685, 14.65881]}, "properties": {"kind": "place_of_worship"}}, {"type": "Feature", "geometry": {"type": "Point", "coordinates": [120.9502162, 14.6754953]}, "properties": {"kind": "place_of_worship"}}, {"type": "Feature", "geometry": {"type": "Point", "coordinates": [120.9558509, 14.6863768]}, "properties": {"kind": "place_of_worship"}}, {"type": "Feature", "geometry": {"type": "Point", "coordinates": [120.9542055, 14.6873116]}, "properties": {"kind": "school"}}, {"type": "Feature", "geometry": {"type": "Point", "coordinates": [120.9710232, 14.6240871]}, "properties": {"kind": "place_of_worship"}}, {"type": "Feature", "geometry": {"type": "Point", "coordinates": [120.9611587, 14.6166823]}, "properties": {"kind": "place_of_worship"}}, {"type": "Feature", "geometry": {"type": "Point", "coordinates": [121.0218538, 14.6233837]}, "properties": {"kind": "place_of_worship"}}, {"type": "Feature", "geometry": {"type": "Point", "coordinates": [120.9892758, 14.6140317]}, "properties": {"kind": "hospital"}}, {"type": "Feature", "geometry": {"type": "Point", "coordinates": [120.981242, 14.6275088]}, "properties": {"kind": "school"}}, {"type": "Feature", "geometry": {"type": "Point", "coordinates": [120.9715853, 14.6521024]}, "properties": {"kind": "place_of_worship"}}, {"type": "Feature", "geometry": {"type": "Point", "coordinates": [121.0024932, 14.6105754]}, "properties": {"kind": "place_of_worship"}}, {"type": "Feature", "geometry": {"type": "Point", "coordinates": [121.0039577, 14.6089447]}, "properties": {"kind": "hospital"}}, {"type": "Feature", "geometry": {"type": "Point", "coordinates": [121.0118712, 14.6053509]}, "properties": {"kind": "place_of_worship"}}, {"type": "Feature", "geometry": {"type": "Point", "coordinates": [121.0061304, 14.6037484]}, "properties": {"kind": "place_of_worship"}}, {"type": "Feature", "geometry": {"type": "Point", "coordinates": [121.0101383, 14.6070664]}, "properties": {"kind": "place_of_worship"}}, {"type": "Feature", "geometry": {"type": "Point", "coordinates": [121.0249972, 14.6110598]}, "properties": {"kind": "school"}}, {"type": "Feature", "geometry": {"type": "Point", "coordinates": [121.0245404, 14.606934]}, "properties": {"kind": "place_of_worship"}}, {"type": "Feature", "geometry": {"type": "Point", "coordinates": [120.984574, 14.6256194]}, "properties": {"kind": "place_of_worship"}}, {"type": "Feature", "geometry": {"type": "Point", "coordinates": [120.9734955, 14.629286]}, "properties": {"kind": "place_of_worship"}}, {"type": "Feature", "geometry": {"type": "Point", "coordinates": [120.9728545, 14.6293357]}, "properties": {"kind": "marketplace"}}, {"type": "Feature", "geometry": {"type": "Point", "coordinates": [120.9782964, 14.6314178]}, "properties": {"kind": "place_of_worship"}}, {"type": "Feature", "geometry": {"type": "Point", "coordinates": [120.9781213, 14.6312373]}, "properties": {"kind": "school"}}, {"type": "Feature", "geometry": {"type": "Point", "coordinates": [120.9792121, 14.6343853]}, "properties": {"kind": "place_of_worship"}}, {"type": "Feature", "geometry": {"type": "Point", "coordinates": [120.9759068, 14.6385559]}, "properties": {"kind": "hospital"}}, {"type": "Feature", "geometry": {"type": "Point", "coordinates": [120.9992412, 14.6581287]}, "properties": {"kind": "school"}}, {"type": "Feature", "geometry": {"type": "Point", "coordinates": [120.9901559, 14.6634545]}, "properties": {"kind": "school"}}, {"type": "Feature", "geometry": {"type": "Point", "coordinates": [120.9742636, 14.6640945]}, "properties": {"kind": "school"}}, {"type": "Feature", "geometry": {"type": "Point", "coordinates": [120.9788612, 14.6422904]}, "properties": {"kind": "place_of_worship"}}, {"type": "Feature", "geometry": {"type": "Point", "coordinates": [120.9661047, 14.6572715]}, "properties": {"kind": "marketplace"}}, {"type": "Feature", "geometry": {"type": "Point", "coordinates": [120.9602199, 14.6533082]}, "properties": {"kind": "school"}}, {"type": "Feature", "geometry": {"type": "Point", "coordinates": [120.9575373, 14.6491629]}, "properties": {"kind": "hospital"}}, {"type": "Feature", "geometry": {"type": "Point", "coordinates": [120.9527844, 14.6501515]}, "properties": {"kind": "place_of_worship"}}, {"type": "Feature", "geometry": {"type": "Point", "coordinates": [121.0275443, 14.5905788]}, "properties": {"kind": "place_of_worship"}}, {"type": "Feature", "geometry": {"type": "Point", "coordinates": [120.9584895, 14.6520889]}, "properties": {"kind": "school"}}, {"type": "Feature", "geometry": {"type": "Point", "coordinates": [120.9512372, 14.6506648]}, "properties": {"kind": "place_of_worship"}}, {"type": "Feature", "geometry": {"type": "Point", "coordinates": [120.9654268, 14.635356]}, "properties": {"kind": "place_of_worship"}}, {"type": "Feature", "geometry": {"type": "Point", "coordinates": [120.9635229, 14.6328517]}, "properties": {"kind": "place_of_worship"}}, {"type": "Feature", "geometry": {"type": "Point", "coordinates": [120.9634597, 14.6329806]}, "properties": {"kind": "place_of_worship"}}, {"type": "Feature", "geometry": {"type": "Point", "coordinates": [120.961721, 14.6349693]}, "properties": {"kind": "school"}}, {"type": "Feature", "geometry": {"type": "Point", "coordinates": [120.9623016, 14.6339634]}, "properties": {"kind": "place_of_worship"}}, {"type": "Feature", "geometry": {"type": "Point", "coordinates": [120.964422, 14.6316875]}, "properties": {"kind": "place_of_worship"}}, {"type": "Feature", "geometry": {"type": "Point", "coordinates": [120.972456, 14.6422133]}, "properties": {"kind": "place_of_worship"}}, {"type": "Feature", "geometry": {"type": "Point", "coordinates": [120.9558421, 14.6627336]}, "properties": {"kind": "place_of_worship"}}, {"type": "Feature", "geometry": {"type": "Point", "coordinates": [120.9569055, 14.6633006]}, "properties": {"kind": "place_of_worship"}}, {"type": "Feature", "geometry": {"type": "Point", "coordinates": [120.9880993, 14.598777]}, "properties": {"kind": "school"}}, {"type": "Feature", "geometry": {"type": "Point", "coordinates": [120.9701999, 14.6617494]}, "properties": {"kind": "place_of_worship"}}, {"type": "Feature", "geometry": {"type": "Point", "coordinates": [120.9714034, 14.6587095]}, "properties": {"kind": "marketplace"}}, {"type": "Feature", "geometry": {"type": "Point", "coordinates": [120.9708924, 14.6600414]}, "properties": {"kind": "place_of_worship"}}, {"type": "Feature", "geometry": {"type": "Point", "coordinates": [120.9728809, 14.6480644]}, "properties": {"kind": "place_of_worship"}}, {"type": "Feature", "geometry": {"type": "Point", "coordinates": [121.0156951, 14.6117678]}, "properties": {"kind": "place_of_worship"}}, {"type": "Feature", "geometry": {"type": "Point", "coordinates": [120.9832922, 14.6235155]}, "properties": {"kind": "place_of_worship"}}, {"type": "Feature", "geometry": {"type": "Point", "coordinates": [121.011439, 14.5971444]}, "properties": {"kind": "place_of_worship"}}, {"type": "Feature", "geometry": {"type": "Point", "coordinates": [121.0243963, 14.5903716]}, "properties": {"kind": "marketplace"}}, {"type": "Feature", "geometry": {"type": "Point", "coordinates": [120.9736106, 14.5915057]}, "properties": {"kind": "place_of_worship"}}, {"type": "Feature", "geometry": {"type": "Point", "coordinates": [121.0294959, 14.5904888]}, "properties": {"kind": "place_of_worship"}}, {"type": "Feature", "geometry": {"type": "Point", "coordinates": [121.0162299, 14.6007075]}, "properties": {"kind": "hospital"}}, {"type": "Feature", "geometry": {"type": "Point", "coordinates": [120.966839, 14.6095452]}, "properties": {"kind": "school"}}, {"type": "Feature", "geometry": {"type": "Point", "coordinates": [120.9685855, 14.6094784]}, "properties": {"kind": "place_of_worship"}}, {"type": "Feature", "geometry": {"type": "Point", "coordinates": [121.0020323, 14.6696763]}, "properties": {"kind": "place_of_worship"}}, {"type": "Feature", "geometry": {"type": "Point", "coordinates": [121.0239931, 14.6862006]}, "properties": {"kind": "marketplace"}}, {"type": "Feature", "geometry": {"type": "Point", "coordinates": [121.0208377, 14.6743882]}, "properties": {"kind": "place_of_worship"}}, {"type": "Feature", "geometry": {"type": "Point", "coordinates": [121.0264013, 14.6703418]}, "properties": {"kind": "place_of_worship"}}, {"type": "Feature", "geometry": {"type": "Point", "coordinates": [120.9973953, 14.6661285]}, "properties": {"kind": "place_of_worship"}}, {"type": "Feature", "geometry": {"type": "Point", "coordinates": [121.0231081, 14.603145]}, "properties": {"kind": "school"}}, {"type": "Feature", "geometry": {"type": "Point", "coordinates": [120.9997231, 14.6872214]}, "properties": {"kind": "school"}}, {"type": "Feature", "geometry": {"type": "Point", "coordinates": [121.0017563, 14.6877421]}, "properties": {"kind": "school"}}, {"type": "Feature", "geometry": {"type": "Point", "coordinates": [121.0268516, 14.603134]}, "properties": {"kind": "place_of_worship"}}, {"type": "Feature", "geometry": {"type": "Point", "coordinates": [121.0182092, 14.6008843]}, "properties": {"kind": "place_of_worship"}}, {"type": "Feature", "geometry": {"type": "Point", "coordinates": [120.999938, 14.6618169]}, "properties": {"kind": "marketplace"}}, {"type": "Feature", "geometry": {"type": "Point", "coordinates": [120.9694342, 14.6139736]}, "properties": {"kind": "place_of_worship"}}, {"type": "Feature", "geometry": {"type": "Point", "coordinates": [121.0115105, 14.6549574]}, "properties": {"kind": "school"}}, {"type": "Feature", "geometry": {"type": "Point", "coordinates": [121.0104109, 14.6545393]}, "properties": {"kind": "place_of_worship"}}, {"type": "Feature", "geometry": {"type": "Point", "coordinates": [120.9808048, 14.6585734]}, "properties": {"kind": "place_of_worship"}}, {"type": "Feature", "geometry": {"type": "Point", "coordinates": [120.9951073, 14.6530051]}, "properties": {"kind": "school"}}, {"type": "Feature", "geometry": {"type": "Point", "coordinates": [120.9821215, 14.6884533]}, "properties": {"kind": "place_of_worship"}}, {"type": "Feature", "geometry": {"type": "Point", "coordinates": [120.986903, 14.6821414]}, "properties": {"kind": "school"}}, {"type": "Feature", "geometry": {"type": "Point", "coordinates": [120.988933, 14.682315]}, "properties": {"kind": "school"}}, {"type": "Feature", "geometry": {"type": "Point", "coordinates": [120.989737, 14.6875116]}, "properties": {"kind": "school"}}, {"type": "Feature", "geometry": {"type": "Point", "coordinates": [120.990162, 14.6041114]}, "properties": {"kind": "school"}}, {"type": "Feature", "geometry": {"type": "Point", "coordinates": [120.9608298, 14.6231357]}, "properties": {"kind": "place_of_worship"}}, {"type": "Feature", "geometry": {"type": "Point", "coordinates": [121.0280087, 14.5959758]}, "properties": {"kind": "marketplace"}}, {"type": "Feature", "geometry": {"type": "Point", "coordinates": [121.0279447, 14.5960514]}, "properties": {"kind": "marketplace"}}, {"type": "Feature", "geometry": {"type": "Point", "coordinates": [121.0006899, 14.5937241]}, "properties": {"kind": "hospital"}}, {"type": "Feature", "geometry": {"type": "Point", "coordinates": [120.9728542, 14.6134788]}, "properties": {"kind": "place_of_worship"}}, {"type": "Feature", "geometry": {"type": "Point", "coordinates": [120.9756278, 14.6176005]}, "properties": {"kind": "place_of_worship"}}, {"type": "Feature", "geometry": {"type": "Point", "coordinates": [121.012575, 14.6003272]}, "properties": {"kind": "place_of_worship"}}, {"type": "Feature", "geometry": {"type": "Point", "coordinates": [120.9851882, 14.6425035]}, "properties": {"kind": "school"}}, {"type": "Feature", "geometry": {"type": "Point", "coordinates": [121.0122489, 14.6039239]}, "properties": {"kind": "school"}}, {"type": "Feature", "geometry": {"type": "Point", "coordinates": [120.9807571, 14.6138284]}, "properties": {"kind": "hospital"}}, {"type": "Feature", "geometry": {"type": "Point", "coordinates": [121.029247, 14.6058479]}, "properties": {"kind": "school"}}, {"type": "Feature", "geometry": {"type": "Point", "coordinates": [121.0290983, 14.5909061]}, "properties": {"kind": "place_of_worship"}}, {"type": "Feature", "geometry": {"type": "Point", "coordinates": [121.0038959, 14.6574243]}, "properties": {"kind": "station"}}, {"type": "Feature", "geometry": {"type": "Point", "coordinates": [121.0211373, 14.657559]}, "properties": {"kind": "station"}}, {"type": "Feature", "geometry": {"type": "Point", "coordinates": [120.9600526, 14.688039]}, "properties": {"kind": "place_of_worship"}}, {"type": "Feature", "geometry": {"type": "Point", "coordinates": [120.9974903, 14.6023405]}, "properties": {"kind": "place_of_worship"}}, {"type": "Feature", "geometry": {"type": "Point", "coordinates": [121.0022831, 14.6055317]}, "properties": {"kind": "place_of_worship"}}, {"type": "Feature", "geometry": {"type": "Point", "coordinates": [121.0090546, 14.6074944]}, "properties": {"kind": "place_of_worship"}}, {"type": "Feature", "geometry": {"type": "Point", "coordinates": [121.0032543, 14.6023844]}, "properties": {"kind": "place_of_worship"}}, {"type": "Feature", "geometry": {"type": "Point", "coordinates": [120.9722893, 14.6229876]}, "properties": {"kind": "place_of_worship"}}, {"type": "Feature", "geometry": {"type": "Point", "coordinates": [120.9727182, 14.5978004]}, "properties": {"kind": "school"}}, {"type": "Feature", "geometry": {"type": "Point", "coordinates": [120.9912106, 14.6120117]}, "properties": {"kind": "school"}}, {"type": "Feature", "geometry": {"type": "Point", "coordinates": [120.9986619, 14.6583374]}, "properties": {"kind": "school"}}, {"type": "Feature", "geometry": {"type": "Point", "coordinates": [121.0157409, 14.6500833]}, "properties": {"kind": "school"}}, {"type": "Feature", "geometry": {"type": "Point", "coordinates": [121.020402, 14.6630919]}, "properties": {"kind": "school"}}, {"type": "Feature", "geometry": {"type": "Point", "coordinates": [121.0232328, 14.6858913]}, "properties": {"kind": "place_of_worship"}}, {"type": "Feature", "geometry": {"type": "Point", "coordinates": [120.9953247, 14.6488603]}, "properties": {"kind": "place_of_worship"}}, {"type": "Feature", "geometry": {"type": "Point", "coordinates": [121.022345, 14.6429703]}, "properties": {"kind": "school"}}, {"type": "Feature", "geometry": {"type": "Point", "coordinates": [121.01294, 14.5914474]}, "properties": {"kind": "place_of_worship"}}, {"type": "Feature", "geometry": {"type": "Point", "coordinates": [121.0110542, 14.5922599]}, "properties": {"kind": "place_of_worship"}}, {"type": "Feature", "geometry": {"type": "Point", "coordinates": [121.0094669, 14.6811446]}, "properties": {"kind": "place_of_worship"}}, {"type": "Feature", "geometry": {"type": "Point", "coordinates": [120.9670466, 14.6607836]}, "properties": {"kind": "school"}}, {"type": "Feature", "geometry": {"type": "Point", "coordinates": [120.9667635, 14.6601014]}, "properties": {"kind": "school"}}, {"type": "Feature", "geometry": {"type": "Point", "coordinates": [121.0041539, 14.6751388]}, "properties": {"kind": "place_of_worship"}}, {"type": "Feature", "geometry": {"type": "Point", "coordinates": [121.0013239, 14.6455154]}, "properties": {"kind": "place_of_worship"}}, {"type": "Feature", "geometry": {"type": "Point", "coordinates": [121.0177547, 14.6618998]}, "properties": {"kind": "place_of_worship"}}, {"type": "Feature", "geometry": {"type": "Point", "coordinates": [120.9612302, 14.6235053]}, "properties": {"kind": "school"}}, {"type": "Feature", "geometry": {"type": "Point", "coordinates": [120.9609547, 14.5980102]}, "properties": {"kind": "place_of_worship"}}, {"type": "Feature", "geometry": {"type": "Point", "coordinates": [121.0247765, 14.6056219]}, "properties": {"kind": "place_of_worship"}}, {"type": "Feature", "geometry": {"type": "Point", "coordinates": [121.0245853, 14.6112811]}, "properties": {"kind": "school"}}, {"type": "Feature", "geometry": {"type": "Point", "coordinates": [120.9728738, 14.5971365]}, "properties": {"kind": "school"}}, {"type": "Feature", "geometry": {"type": "Point", "coordinates": [121.0211692, 14.627466]}, "properties": {"kind": "school"}}, {"type": "Feature", "geometry": {"type": "Point", "coordinates": [121.0214847, 14.6276388]}, "properties": {"kind": "place_of_worship"}}, {"type": "Feature", "geometry": {"type": "Point", "coordinates": [121.0224094, 14.6278206]}, "properties": {"kind": "school"}}, {"type": "Feature", "geometry": {"type": "Point", "coordinates": [121.0206415, 14.6283689]}, "properties": {"kind": "school"}}, {"type": "Feature", "geometry": {"type": "Point", "coordinates": [121.0194337, 14.6289732]}, "properties": {"kind": "marketplace"}}, {"type": "Feature", "geometry": {"type": "Point", "coordinates": [121.0218, 14.6027083]}, "properties": {"kind": "place_of_worship"}}, {"type": "Feature", "geometry": {"type": "Point", "coordinates": [120.9702329, 14.6464358]}, "properties": {"kind": "marketplace"}}, {"type": "Feature", "geometry": {"type": "Point", "coordinates": [120.9736035, 14.6251073]}, "properties": {"kind": "school"}}, {"type": "Feature", "geometry": {"type": "Point", "coordinates": [120.9546979, 14.6851506]}, "properties": {"kind": "school"}}, {"type": "Feature", "geometry": {"type": "Point", "coordinates": [120.9893892, 14.6157926]}, "properties": {"kind": "hospital"}}, {"type": "Feature", "geometry": {"type": "Point", "coordinates": [120.9748328, 14.6899514]}, "properties": {"kind": "marketplace"}}, {"type": "Feature", "geometry": {"type": "Point", "coordinates": [120.9785351, 14.6107355]}, "properties": {"kind": "school"}}, {"type": "Feature", "geometry": {"type": "Point", "coordinates": [121.0144453, 14.6319906]}, "properties": {"kind": "place_of_worship"}}, {"type": "Feature", "geometry": {"type": "Point", "coordinates": [121.0172027, 14.6321796]}, "properties": {"kind": "place_of_worship"}}, {"type": "Feature", "geometry": {"type": "Point", "coordinates": [121.0234349, 14.6547126]}, "properties": {"kind": "place_of_worship"}}, {"type": "Feature", "geometry": {"type": "Point", "coordinates": [121.0103934, 14.641558]}, "properties": {"kind": "place_of_worship"}}, {"type": "Feature", "geometry": {"type": "Point", "coordinates": [121.0235972, 14.659386]}, "properties": {"kind": "hospital"}}, {"type": "Feature", "geometry": {"type": "Point", "coordinates": [121.0251105, 14.6511195]}, "properties": {"kind": "place_of_worship"}}, {"type": "Feature", "geometry": {"type": "Point", "coordinates": [120.9991049, 14.6563491]}, "properties": {"kind": "place_of_worship"}}, {"type": "Feature", "geometry": {"type": "Point", "coordinates": [120.9751059, 14.6213041]}, "properties": {"kind": "place_of_worship"}}, {"type": "Feature", "geometry": {"type": "Point", "coordinates": [121.0190772, 14.6216547]}, "properties": {"kind": "place_of_worship"}}, {"type": "Feature", "geometry": {"type": "Point", "coordinates": [121.0205964, 14.6793861]}, "properties": {"kind": "hospital"}}, {"type": "Feature", "geometry": {"type": "Point", "coordinates": [121.0112605, 14.6734263]}, "properties": {"kind": "place_of_worship"}}, {"type": "Feature", "geometry": {"type": "Point", "coordinates": [121.015062, 14.6470031]}, "properties": {"kind": "place_of_worship"}}, {"type": "Feature", "geometry": {"type": "Point", "coordinates": [120.9830846, 14.6748666]}, "properties": {"kind": "place_of_worship"}}, {"type": "Feature", "geometry": {"type": "Point", "coordinates": [121.0092291, 14.5997884]}, "properties": {"kind": "place_of_worship"}}, {"type": "Feature", "geometry": {"type": "Point", "coordinates": [120.9688185, 14.6674482]}, "properties": {"kind": "school"}}, {"type": "Feature", "geometry": {"type": "Point", "coordinates": [121.0130189, 14.5906144]}, "properties": {"kind": "school"}}, {"type": "Feature", "geometry": {"type": "Point", "coordinates": [120.950273, 14.6711204]}, "properties": {"kind": "place_of_worship"}}, {"type": "Feature", "geometry": {"type": "Point", "coordinates": [120.9641749, 14.6497856]}, "properties": {"kind": "marketplace"}}, {"type": "Feature", "geometry": {"type": "Point", "coordinates": [121.0198027, 14.5918233]}, "properties": {"kind": "place_of_worship"}}, {"type": "Feature", "geometry": {"type": "Point", "coordinates": [120.9833055, 14.6738751]}, "properties": {"kind": "marketplace"}}, {"type": "Feature", "geometry": {"type": "Point", "coordinates": [120.9576605, 14.64545]}, "properties": {"kind": "school"}}, {"type": "Feature", "geometry": {"type": "Point", "coordinates": [121.0123323, 14.6165134]}, "properties": {"kind": "hospital"}}, {"type": "Feature", "geometry": {"type": "Point", "coordinates": [121.0038287, 14.6629536]}, "properties": {"kind": "school"}}, {"type": "Feature", "geometry": {"type": "Point", "coordinates": [121.0216581, 14.674566]}, "properties": {"kind": "school"}}, {"type": "Feature", "geometry": {"type": "Point", "coordinates": [121.0220982, 14.6755449]}, "properties": {"kind": "school"}}, {"type": "Feature", "geometry": {"type": "Point", "coordinates": [120.9574839, 14.6667889]}, "properties": {"kind": "place_of_worship"}}, {"type": "Feature", "geometry": {"type": "Point", "coordinates": [120.9573985, 14.6866774]}, "properties": {"kind": "marketplace"}}, {"type": "Feature", "geometry": {"type": "Point", "coordinates": [120.9651155, 14.6244226]}, "properties": {"kind": "place_of_worship"}}, {"type": "Feature", "geometry": {"type": "Point", "coordinates": [120.9609177, 14.6157384]}, "properties": {"kind": "school"}}, {"type": "Feature", "geometry": {"type": "Point", "coordinates": [120.9694772, 14.6730631]}, "properties": {"kind": "place_of_worship"}}, {"type": "Feature", "geometry": {"type": "Point", "coordinates": [120.9599381, 14.6704695]}, "properties": {"kind": "place_of_worship"}}, {"type": "Feature", "geometry": {"type": "Point", "coordinates": [120.9591614, 14.6856821]}, "properties": {"kind": "school"}}, {"type": "Feature", "geometry": {"type": "Point", "coordinates": [120.9572547, 14.6869405]}, "properties": {"kind": "marketplace"}}, {"type": "Feature", "geometry": {"type": "Point", "coordinates": [120.9572367, 14.6871991]}, "properties": {"kind": "marketplace"}}, {"type": "Feature", "geometry": {"type": "Point", "coordinates": [120.9573108, 14.686283]}, "properties": {"kind": "marketplace"}}, {"type": "Feature", "geometry": {"type": "Point", "coordinates": [120.957577, 14.6638017]}, "properties": {"kind": "school"}}, {"type": "Feature", "geometry": {"type": "Point", "coordinates": [120.9505826, 14.6571749]}, "properties": {"kind": "hospital"}}, {"type": "Feature", "geometry": {"type": "Point", "coordinates": [120.991383, 14.6856548]}, "properties": {"kind": "place_of_worship"}}, {"type": "Feature", "geometry": {"type": "Point", "coordinates": [120.9499679, 14.6765378]}, "properties": {"kind": "school"}}, {"type": "Feature", "geometry": {"type": "Point", "coordinates": [121.0263806, 14.5936364]}, "properties": {"kind": "place_of_worship"}}, {"type": "Feature", "geometry": {"type": "Point", "coordinates": [120.9630702, 14.6350222]}, "properties": {"kind": "hospital"}}, {"type": "Feature", "geometry": {"type": "Point", "coordinates": [120.9801619, 14.6270575]}, "properties": {"kind": "place_of_worship"}}, {"type": "Feature", "geometry": {"type": "Point", "coordinates": [121.0071024, 14.6395774]}, "properties": {"kind": "school"}}, {"type": "Feature", "geometry": {"type": "Point", "coordinates": [120.9934844, 14.6398263]}, "properties": {"kind": "school"}}, {"type": "Feature", "geometry": {"type": "Point", "coordinates": [120.9825638, 14.6062921]}, "properties": {"kind": "place_of_worship"}}, {"type": "Feature", "geometry": {"type": "Point", "coordinates": [120.9881434, 14.6093465]}, "properties": {"kind": "place_of_worship"}}, {"type": "Feature", "geometry": {"type": "Point", "coordinates": [121.0122225, 14.602844]}, "properties": {"kind": "place_of_worship"}}, {"type": "Feature", "geometry": {"type": "Point", "coordinates": [120.9992886, 14.6612165]}, "properties": {"kind": "place_of_worship"}}, {"type": "Feature", "geometry": {"type": "Point", "coordinates": [120.9720739, 14.663131]}, "properties": {"kind": "place_of_worship"}}, {"type": "Feature", "geometry": {"type": "Point", "coordinates": [120.9566995, 14.661105]}, "properties": {"kind": "place_of_worship"}}, {"type": "Feature", "geometry": {"type": "Point", "coordinates": [120.9531827, 14.6442591]}, "properties": {"kind": "school"}}, {"type": "Feature", "geometry": {"type": "Point", "coordinates": [120.9553473, 14.6678762]}, "properties": {"kind": "place_of_worship"}}, {"type": "Feature", "geometry": {"type": "Point", "coordinates": [120.9613755, 14.6809514]}, "properties": {"kind": "place_of_worship"}}, {"type": "Feature", "geometry": {"type": "Point", "coordinates": [121.0270953, 14.6022109]}, "properties": {"kind": "school"}}, {"type": "Feature", "geometry": {"type": "Point", "coordinates": [120.9632385, 14.6757357]}, "properties": {"kind": "place_of_worship"}}, {"type": "Feature", "geometry": {"type": "Point", "coordinates": [121.0213278, 14.6042002]}, "properties": {"kind": "school"}}, {"type": "Feature", "geometry": {"type": "Point", "coordinates": [121.0128964, 14.6005162]}, "properties": {"kind": "place_of_worship"}}, {"type": "Feature", "geometry": {"type": "Point", "coordinates": [121.0299126, 14.590972]}, "properties": {"kind": "place_of_worship"}}, {"type": "Feature", "geometry": {"type": "Point", "coordinates": [121.0300486, 14.5914635]}, "properties": {"kind": "school"}}, {"type": "Feature", "geometry": {"type": "Point", "coordinates": [121.0088878, 14.5916826]}, "properties": {"kind": "place_of_worship"}}, {"type": "Feature", "geometry": {"type": "Point", "coordinates": [120.9741153, 14.6872792]}, "properties": {"kind": "place_of_worship"}}, {"type": "Feature", "geometry": {"type": "Point", "coordinates": [121.0111259, 14.6377434]}, "properties": {"kind": "school"}}, {"type": "Feature", "geometry": {"type": "Point", "coordinates": [121.0263587, 14.6055207]}, "properties": {"kind": "school"}}, {"type": "Feature", "geometry": {"type": "Point", "coordinates": [121.0280056, 14.604934]}, "properties": {"kind": "place_of_worship"}}, {"type": "Feature", "geometry": {"type": "Point", "coordinates": [120.9791503, 14.6134093]}, "properties": {"kind": "place_of_worship"}}, {"type": "Feature", "geometry": {"type": "Point", "coordinates": [120.9700428, 14.6549001]}, "properties": {"kind": "school"}}, {"type": "Feature", "geometry": {"type": "Point", "coordinates": [120.965638, 14.6504425]}, "properties": {"kind": "school"}}, {"type": "Feature", "geometry": {"type": "Point", "coordinates": [120.9768444, 14.6457864]}, "properties": {"kind": "school"}}, {"type": "Feature", "geometry": {"type": "Point", "coordinates": [121.0099069, 14.6804451]}, "properties": {"kind": "school"}}, {"type": "Feature", "geometry": {"type": "Point", "coordinates": [121.004106, 14.6748649]}, "properties": {"kind": "school"}}, {"type": "Feature", "geometry": {"type": "Point", "coordinates": [121.002146, 14.6739331]}, "properties": {"kind": "place_of_worship"}}, {"type": "Feature", "geometry": {"type": "Point", "coordinates": [120.9967099, 14.6642028]}, "properties": {"kind": "school"}}, {"type": "Feature", "geometry": {"type": "Point", "coordinates": [120.9886102, 14.661579]}, "properties": {"kind": "school"}}, {"type": "Feature", "geometry": {"type": "Point", "coordinates": [120.993125, 14.6482412]}, "properties": {"kind": "school"}}, {"type": "Feature", "geometry": {"type": "Point", "coordinates": [120.9913149, 14.6444702]}, "properties": {"kind": "school"}}, {"type": "Feature", "geometry": {"type": "Point", "coordinates": [120.9836298, 14.6548335]}, "properties": {"kind": "marketplace"}}, {"type": "Feature", "geometry": {"type": "Point", "coordinates": [120.9770585, 14.6268393]}, "properties": {"kind": "school"}}, {"type": "Feature", "geometry": {"type": "Point", "coordinates": [120.9804782, 14.6341343]}, "properties": {"kind": "school"}}, {"type": "Feature", "geometry": {"type": "Point", "coordinates": [120.981003, 14.6345634]}, "properties": {"kind": "place_of_worship"}}, {"type": "Feature", "geometry": {"type": "Point", "coordinates": [120.9747441, 14.607641]}, "properties": {"kind": "place_of_worship"}}, {"type": "Feature", "geometry": {"type": "Point", "coordinates": [121.0227194, 14.5990525]}, "properties": {"kind": "place_of_worship"}}, {"type": "Feature", "geometry": {"type": "Point", "coordinates": [120.9855143, 14.6478041]}, "properties": {"kind": "school"}}, {"type": "Feature", "geometry": {"type": "Point", "coordinates": [120.9855309, 14.6483842]}, "properties": {"kind": "school"}}, {"type": "Feature", "geometry": {"type": "Point", "coordinates": [120.9728276, 14.6516818]}, "properties": {"kind": "place_of_worship"}}, {"type": "Feature", "geometry": {"type": "Point", "coordinates": [120.9556486, 14.5981222]}, "properties": {"kind": "school"}}, {"type": "Feature", "geometry": {"type": "Point", "coordinates": [120.9987436, 14.5917297]}, "properties": {"kind": "school"}}, {"type": "Feature", "geometry": {"type": "Point", "coordinates": [121.0039269, 14.5902935]}, "properties": {"kind": "school"}}, {"type": "Feature", "geometry": {"type": "Point", "coordinates": [120.9768064, 14.61133]}, "properties": {"kind": "school"}}, {"type": "Feature", "geometry": {"type": "Point", "coordinates": [121.0097353, 14.6062207]}, "properties": {"kind": "school"}}, {"type": "Feature", "geometry": {"type": "Point", "coordinates": [120.9988047, 14.6120347]}, "properties": {"kind": "school"}}, {"type": "Feature", "geometry": {"type": "Point", "coordinates": [121.0267301, 14.6469315]}, "properties": {"kind": "place_of_worship"}}, {"type": "Feature", "geometry": {"type": "Point", "coordinates": [120.9932984, 14.6038207]}, "properties": {"kind": "marketplace"}}, {"type": "Feature", "geometry": {"type": "Point", "coordinates": [120.9788361, 14.6316847]}, "properties": {"kind": "school"}}, {"type": "Feature", "geometry": {"type": "Point", "coordinates": [120.9847067, 14.6775655]}, "properties": {"kind": "school"}}, {"type": "Feature", "geometry": {"type": "Point", "coordinates": [120.986852, 14.6800843]}, "properties": {"kind": "school"}}, {"type": "Feature", "geometry": {"type": "Point", "coordinates": [120.9729692, 14.628521]}, "properties": {"kind": "school"}}, {"type": "Feature", "geometry": {"type": "Point", "coordinates": [120.9784854, 14.6353283]}, "properties": {"kind": "school"}}, {"type": "Feature", "geometry": {"type": "Point", "coordinates": [121.0241912, 14.603079]}, "properties": {"kind": "place_of_worship"}}, {"type": "Feature", "geometry": {"type": "Point", "coordinates": [120.9783059, 14.6259948]}, "properties": {"kind": "hospital"}}, {"type": "Feature", "geometry": {"type": "Point", "coordinates": [120.9602047, 14.6302026]}, "properties": {"kind": "school"}}, {"type": "Feature", "geometry": {"type": "Point", "coordinates": [120.9674933, 14.6289345]}, "properties": {"kind": "school"}}, {"type": "Feature", "geometry": {"type": "Point", "coordinates": [120.9708194, 14.6767886]}, "properties": {"kind": "school"}}, {"type": "Feature", "geometry": {"type": "Point", "coordinates": [121.021537, 14.6451408]}, "properties": {"kind": "school"}}, {"type": "Feature", "geometry": {"type": "Point", "coordinates": [121.0249049, 14.6510382]}, "properties": {"kind": "school"}}, {"type": "Feature", "geometry": {"type": "Point", "coordinates": [121.0142035, 14.6407996]}, "properties": {"kind": "school"}}, {"type": "Feature", "geometry": {"type": "Point", "coordinates": [121.0147635, 14.638585]}, "properties": {"kind": "school"}}, {"type": "Feature", "geometry": {"type": "Point", "coordinates": [120.9731671, 14.6440618]}, "properties": {"kind": "school"}}, {"type": "Feature", "geometry": {"type": "Point", "coordinates": [121.0153152, 14.6127781]}, "properties": {"kind": "school"}}, {"type": "Feature", "geometry": {"type": "Point", "coordinates": [120.9820075, 14.6265679]}, "properties": {"kind": "school"}}, {"type": "Feature", "geometry": {"type": "Point", "coordinates": [120.9710668, 14.5974668]}, "properties": {"kind": "school"}}, {"type": "Feature", "geometry": {"type": "Point", "coordinates": [121.0107724, 14.6425362]}, "properties": {"kind": "school"}}, {"type": "Feature", "geometry": {"type": "Point", "coordinates": [120.9917291, 14.6458256]}, "properties": {"kind": "place_of_worship"}}, {"type": "Feature", "geometry": {"type": "Point", "coordinates": [121.0127971, 14.6662174]}, "properties": {"kind": "place_of_worship"}}, {"type": "Feature", "geometry": {"type": "Point", "coordinates": [121.0181414, 14.6483775]}, "properties": {"kind": "place_of_worship"}}, {"type": "Feature", "geometry": {"type": "Point", "coordinates": [120.9969935, 14.6467942]}, "properties": {"kind": "place_of_worship"}}, {"type": "Feature", "geometry": {"type": "Point", "coordinates": [121.0125611, 14.6234623]}, "properties": {"kind": "marketplace"}}, {"type": "Feature", "geometry": {"type": "Point", "coordinates": [121.0190384, 14.6318634]}, "properties": {"kind": "place_of_worship"}}, {"type": "Feature", "geometry": {"type": "Point", "coordinates": [121.0259858, 14.617545]}, "properties": {"kind": "place_of_worship"}}, {"type": "Feature", "geometry": {"type": "Point", "coordinates": [120.9745699, 14.6260614]}, "properties": {"kind": "school"}}, {"type": "Feature", "geometry": {"type": "Point", "coordinates": [120.9739066, 14.626176]}, "properties": {"kind": "school"}}, {"type": "Feature", "geometry": {"type": "Point", "coordinates": [120.9737736, 14.6294585]}, "properties": {"kind": "school"}}, {"type": "Feature", "geometry": {"type": "Point", "coordinates": [120.9968433, 14.6122454]}, "properties": {"kind": "station"}}, {"type": "Feature", "geometry": {"type": "Point", "coordinates": [121.0150818, 14.597341]}, "properties": {"kind": "school"}}, {"type": "Feature", "geometry": {"type": "Point", "coordinates": [121.017806, 14.6653057]}, "properties": {"kind": "place_of_worship"}}, {"type": "Feature", "geometry": {"type": "Point", "coordinates": [120.9647345, 14.6885953]}, "properties": {"kind": "school"}}, {"type": "Feature", "geometry": {"type": "Point", "coordinates": [121.0217948, 14.6396329]}, "properties": {"kind": "place_of_worship"}}, {"type": "Feature", "geometry": {"type": "Point", "coordinates": [120.9784805, 14.6096026]}, "properties": {"kind": "hospital"}}, {"type": "Feature", "geometry": {"type": "Point", "coordinates": [120.9771382, 14.6063994]}, "properties": {"kind": "place_of_worship"}}, {"type": "Feature", "geometry": {"type": "Point", "coordinates": [120.9709393, 14.5981924]}, "properties": {"kind": "place_of_worship"}}, {"type": "Feature", "geometry": {"type": "Point", "coordinates": [120.979304, 14.602097]}, "properties": {"kind": "school"}}, {"type": "Feature", "geometry": {"type": "Point", "coordinates": [120.9799162, 14.6011984]}, "properties": {"kind": "place_of_worship"}}, {"type": "Feature", "geometry": {"type": "Point", "coordinates": [120.9793277, 14.610673]}, "properties": {"kind": "school"}}, {"type": "Feature", "geometry": {"type": "Point", "coordinates": [120.9828271, 14.6091507]}, "properties": {"kind": "place_of_worship"}}, {"type": "Feature", "geometry": {"type": "Point", "coordinates": [120.9998004, 14.6291129]}, "properties": {"kind": "school"}}, {"type": "Feature", "geometry": {"type": "Point", "coordinates": [120.979373, 14.6073555]}, "properties": {"kind": "school"}}, {"type": "Feature", "geometry": {"type": "Point", "coordinates": [120.9678854, 14.6248449]}, "properties": {"kind": "school"}}, {"type": "Feature", "geometry": {"type": "Point", "coordinates": [120.9753971, 14.6178976]}, "properties": {"kind": "school"}}, {"type": "Feature", "geometry": {"type": "Point", "coordinates": [120.9652839, 14.6354096]}, "properties": {"kind": "school"}}, {"type": "Feature", "geometry": {"type": "Point", "coordinates": [120.9946855, 14.6184529]}, "properties": {"kind": "marketplace"}}, {"type": "Feature", "geometry": {"type": "Point", "coordinates": [120.9938944, 14.6401021]}, "properties": {"kind": "school"}}, {"type": "Feature", "geometry": {"type": "Point", "coordinates": [121.023504, 14.6228823]}, "properties": {"kind": "hospital"}}, {"type": "Feature", "geometry": {"type": "Point", "coordinates": [120.9661469, 14.6142122]}, "properties": {"kind": "place_of_worship"}}, {"type": "Feature", "geometry": {"type": "Point", "coordinates": [121.0159845, 14.598499]}, "properties": {"kind": "school"}}, {"type": "Feature", "geometry": {"type": "Point", "coordinates": [120.9713917, 14.6204863]}, "properties": {"kind": "place_of_worship"}}, {"type": "Feature", "geometry": {"type": "Point", "coordinates": [121.0047183, 14.6169187]}, "properties": {"kind": "school"}}, {"type": "Feature", "geometry": {"type": "Point", "coordinates": [120.9884452, 14.6774536]}, "properties": {"kind": "place_of_worship"}}, {"type": "Feature", "geometry": {"type": "Point", "coordinates": [121.0168867, 14.664411]}, "properties": {"kind": "school"}}, {"type": "Feature", "geometry": {"type": "Point", "coordinates": [120.9583834, 14.644979]}, "properties": {"kind": "school"}}, {"type": "Feature", "geometry": {"type": "Point", "coordinates": [121.02252, 14.6340975]}, "properties": {"kind": "hospital"}}, {"type": "Feature", "geometry": {"type": "Point", "coordinates": [121.007758, 14.616237]}, "properties": {"kind": "place_of_worship"}}, {"type": "Feature", "geometry": {"type": "Point", "coordinates": [121.0102358, 14.6266918]}, "properties": {"kind": "place_of_worship"}}, {"type": "Feature", "geometry": {"type": "Point", "coordinates": [120.9843953, 14.6292155]}, "properties": {"kind": "school"}}, {"type": "Feature", "geometry": {"type": "Point", "coordinates": [120.9935119, 14.6363807]}, "properties": {"kind": "marketplace"}}, {"type": "Feature", "geometry": {"type": "Point", "coordinates": [120.9843843, 14.6191452]}, "properties": {"kind": "school"}}, {"type": "Feature", "geometry": {"type": "Point", "coordinates": [121.0185549, 14.6154597]}, "properties": {"kind": "school"}}, {"type": "Feature", "geometry": {"type": "Point", "coordinates": [120.9891225, 14.6391947]}, "properties": {"kind": "school"}}, {"type": "Feature", "geometry": {"type": "Point", "coordinates": [120.9740826, 14.6502706]}, "properties": {"kind": "school"}}, {"type": "Feature", "geometry": {"type": "Point", "coordinates": [120.9592648, 14.5905718]}, "properties": {"kind": "school"}}, {"type": "Feature", "geometry": {"type": "Point", "coordinates": [120.957241, 14.5917096]}, "properties": {"kind": "school"}}, {"type": "Feature", "geometry": {"type": "Point", "coordinates": [120.9575167, 14.5909736]}, "properties": {"kind": "school"}}, {"type": "Feature", "geometry": {"type": "Point", "coordinates": [120.9848274, 14.6755286]}, "properties": {"kind": "school"}}, {"type": "Feature", "geometry": {"type": "Point", "coordinates": [120.9891738, 14.6848642]}, "properties": {"kind": "hospital"}}, {"type": "Feature", "geometry": {"type": "Point", "coordinates": [120.9775781, 14.6571139]}, "properties": {"kind": "school"}}, {"type": "Feature", "geometry": {"type": "Point", "coordinates": [120.9699734, 14.5974858]}, "properties": {"kind": "school"}}, {"type": "Feature", "geometry": {"type": "Point", "coordinates": [121.0249025, 14.6745088]}, "properties": {"kind": "school"}}, {"type": "Feature", "geometry": {"type": "Point", "coordinates": [121.0214206, 14.6712231]}, "properties": {"kind": "school"}}, {"type": "Feature", "geometry": {"type": "Point", "coordinates": [121.0017994, 14.6680127]}, "properties": {"kind": "school"}}, {"type": "Feature", "geometry": {"type": "Point", "coordinates": [121.0093812, 14.6706816]}, "properties": {"kind": "school"}}, {"type": "Feature", "geometry": {"type": "Point", "coordinates": [120.9907236, 14.6789313]}, "properties": {"kind": "place_of_worship"}}, {"type": "Feature", "geometry": {"type": "Point", "coordinates": [120.9906112, 14.6764807]}, "properties": {"kind": "school"}}, {"type": "Feature", "geometry": {"type": "Point", "coordinates": [120.9652526, 14.6012127]}, "properties": {"kind": "place_of_worship"}}, {"type": "Feature", "geometry": {"type": "Point", "coordinates": [120.9622113, 14.6297975]}, "properties": {"kind": "marketplace"}}, {"type": "Feature", "geometry": {"type": "Point", "coordinates": [121.0065483, 14.6042607]}, "properties": {"kind": "school"}}, {"type": "Feature", "geometry": {"type": "Point", "coordinates": [121.011528, 14.6545889]}, "properties": {"kind": "place_of_worship"}}, {"type": "Feature", "geometry": {"type": "Point", "coordinates": [120.9965263, 14.6466195]}, "properties": {"kind": "school"}}, {"type": "Feature", "geometry": {"type": "Point", "coordinates": [121.0042634, 14.6477336]}, "properties": {"kind": "school"}}, {"type": "Feature", "geometry": {"type": "Point", "coordinates": [121.0013096, 14.6522772]}, "properties": {"kind": "school"}}, {"type": "Feature", "geometry": {"type": "Point", "coordinates": [120.9966722, 14.6520777]}, "properties": {"kind": "marketplace"}}, {"type": "Feature", "geometry": {"type": "Point", "coordinates": [121.0231644, 14.686337]}, "properties": {"kind": "school"}}, {"type": "Feature", "geometry": {"type": "Point", "coordinates": [121.0132425, 14.6271261]}, "properties": {"kind": "school"}}, {"type": "Feature", "geometry": {"type": "Point", "coordinates": [120.9960994, 14.6879378]}, "properties": {"kind": "place_of_worship"}}, {"type": "Feature", "geometry": {"type": "Point", "coordinates": [120.97341, 14.6377273]}, "properties": {"kind": "place_of_worship"}}, {"type": "Feature", "geometry": {"type": "Point", "coordinates": [121.0022889, 14.6057337]}, "properties": {"kind": "school"}}, {"type": "Feature", "geometry": {"type": "Point", "coordinates": [121.0222756, 14.6088262]}, "properties": {"kind": "school"}}, {"type": "Feature", "geometry": {"type": "Point", "coordinates": [121.0000701, 14.6821335]}, "properties": {"kind": "school"}}, {"type": "Feature", "geometry": {"type": "Point", "coordinates": [120.9639559, 14.6309885]}, "properties": {"kind": "place_of_worship"}}, {"type": "Feature", "geometry": {"type": "Point", "coordinates": [120.9925667, 14.6643884]}, "properties": {"kind": "school"}}, {"type": "Feature", "geometry": {"type": "Point", "coordinates": [121.0018436, 14.6008221]}, "properties": {"kind": "school"}}, {"type": "Feature", "geometry": {"type": "Point", "coordinates": [120.9528035, 14.6511509]}, "properties": {"kind": "school"}}, {"type": "Feature", "geometry": {"type": "Point", "coordinates": [120.9500624, 14.6775668]}, "properties": {"kind": "place_of_worship"}}, {"type": "Feature", "geometry": {"type": "Point", "coordinates": [120.9622327, 14.6648187]}, "properties": {"kind": "school"}}, {"type": "Feature", "geometry": {"type": "Point", "coordinates": [120.968231, 14.6671392]}, "properties": {"kind": "school"}}, {"type": "Feature", "geometry": {"type": "Point", "coordinates": [120.968182, 14.6641591]}, "properties": {"kind": "place_of_worship"}}, {"type": "Feature", "geometry": {"type": "Point", "coordinates": [120.9527725, 14.6623827]}, "properties": {"kind": "school"}}, {"type": "Feature", "geometry": {"type": "Point", "coordinates": [120.9690173, 14.6813654]}, "properties": {"kind": "school"}}, {"type": "Feature", "geometry": {"type": "Point", "coordinates": [120.9701889, 14.6825668]}, "properties": {"kind": "place_of_worship"}}, {"type": "Feature", "geometry": {"type": "Point", "coordinates": [120.9674395, 14.6868243]}, "properties": {"kind": "school"}}, {"type": "Feature", "geometry": {"type": "Point", "coordinates": [120.9521708, 14.6493639]}, "properties": {"kind": "school"}}, {"type": "Feature", "geometry": {"type": "Point", "coordinates": [120.9724515, 14.6400364]}, "properties": {"kind": "school"}}, {"type": "Feature", "geometry": {"type": "Point", "coordinates": [120.9572199, 14.5914359]}, "properties": {"kind": "hospital"}}, {"type": "Feature", "geometry": {"type": "Point", "coordinates": [120.9569494, 14.5910929]}, "properties": {"kind": "place_of_worship"}}, {"type": "Feature", "geometry": {"type": "Point", "coordinates": [120.9962702, 14.6873011]}, "properties": {"kind": "place_of_worship"}}, {"type": "Feature", "geometry": {"type": "Point", "coordinates": [121.0060234, 14.5902015]}, "properties": {"kind": "marketplace"}}, {"type": "Feature", "geometry": {"type": "Point", "coordinates": [120.9700435, 14.6290095]}, "properties": {"kind": "school"}}, {"type": "Feature", "geometry": {"type": "Point", "coordinates": [120.9911946, 14.5917792]}, "properties": {"kind": "hospital"}}, {"type": "Feature", "geometry": {"type": "Point", "coordinates": [120.9959442, 14.6100425]}, "properties": {"kind": "marketplace"}}, {"type": "Feature", "geometry": {"type": "Point", "coordinates": [121.0018331, 14.6170519]}, "properties": {"kind": "hospital"}}, {"type": "Feature", "geometry": {"type": "Point", "coordinates": [120.9573399, 14.6552934]}, "properties": {"kind": "school"}}, {"type": "Feature", "geometry": {"type": "Point", "coordinates": [120.9616702, 14.6605797]}, "properties": {"kind": "marketplace"}}, {"type": "Feature", "geometry": {"type": "Point", "coordinates": [120.9805118, 14.6156852]}, "properties": {"kind": "hospital"}}, {"type": "Feature", "geometry": {"type": "Point", "coordinates": [120.9985958, 14.659658]}, "properties": {"kind": "school"}}, {"type": "Feature", "geometry": {"type": "Point", "coordinates": [121.019642, 14.6149865]}, "properties": {"kind": "place_of_worship"}}, {"type": "Feature", "geometry": {"type": "Point", "coordinates": [120.9830915, 14.6043487]}, "properties": {"kind": "place_of_worship"}}, {"type": "Feature", "geometry": {"type": "Point", "coordinates": [121.0040851, 14.6146424]}, "properties": {"kind": "school"}}, {"type": "Feature", "geometry": {"type": "Point", "coordinates": [120.9761738, 14.6105592]}, "properties": {"kind": "place_of_worship"}}, {"type": "Feature", "geometry": {"type": "Point", "coordinates": [120.9744885, 14.6201018]}, "properties": {"kind": "place_of_worship"}}, {"type": "Feature", "geometry": {"type": "Point", "coordinates": [120.9760662, 14.6185027]}, "properties": {"kind": "place_of_worship"}}, {"type": "Feature", "geometry": {"type": "Point", "coordinates": [120.9983778, 14.617288]}, "properties": {"kind": "place_of_worship"}}, {"type": "Feature", "geometry": {"type": "Point", "coordinates": [120.9842692, 14.6752302]}, "properties": {"kind": "hospital"}}, {"type": "Feature", "geometry": {"type": "Point", "coordinates": [121.0240198, 14.5908395]}, "properties": {"kind": "marketplace"}}, {"type": "Feature", "geometry": {"type": "Point", "coordinates": [121.0128018, 14.6449808]}, "properties": {"kind": "school"}}, {"type": "Feature", "geometry": {"type": "Point", "coordinates": [121.0123506, 14.6164793]}, "properties": {"kind": "hospital"}}, {"type": "Feature", "geometry": {"type": "Point", "coordinates": [120.9798301, 14.6113754]}, "properties": {"kind": "marketplace"}}, {"type": "Feature", "geometry": {"type": "Point", "coordinates": [120.9692696, 14.6239075]}, "properties": {"kind": "place_of_worship"}}, {"type": "Feature", "geometry": {"type": "Point", "coordinates": [120.9882497, 14.6035543]}, "properties": {"kind": "school"}}, {"type": "Feature", "geometry": {"type": "Point", "coordinates": [120.9878995, 14.6260637]}, "properties": {"kind": "hospital"}}, {"type": "Feature", "geometry": {"type": "Point", "coordinates": [120.9918933, 14.5979741]}, "properties": {"kind": "school"}}, {"type": "Feature", "geometry": {"type": "Point", "coordinates": [120.9842331, 14.6061374]}, "properties": {"kind": "hospital"}}, {"type": "Feature", "geometry": {"type": "Point", "coordinates": [120.9549423, 14.6671457]}, "properties": {"kind": "school"}}, {"type": "Feature", "geometry": {"type": "Point", "coordinates": [120.9803282, 14.6127598]}, "properties": {"kind": "school"}}, {"type": "Feature", "geometry": {"type": "Point", "coordinates": [120.9809077, 14.6127325]}, "properties": {"kind": "school"}}, {"type": "Feature", "geometry": {"type": "Point", "coordinates": [120.9806065, 14.6512559]}, "properties": {"kind": "school"}}, {"type": "Feature", "geometry": {"type": "Point", "coordinates": [120.9816218, 14.6509231]}, "properties": {"kind": "school"}}, {"type": "Feature", "geometry": {"type": "Point", "coordinates": [120.9805889, 14.6506214]}, "properties": {"kind": "school"}}, {"type": "Feature", "geometry": {"type": "Point", "coordinates": [120.9757108, 14.6069426]}, "properties": {"kind": "school"}}, {"type": "Feature", "geometry": {"type": "Point", "coordinates": [120.9755067, 14.6064499]}, "properties": {"kind": "school"}}, {"type": "Feature", "geometry": {"type": "Point", "coordinates": [120.9924532, 14.6474529]}, "properties": {"kind": "school"}}, {"type": "Feature", "geometry": {"type": "Point", "coordinates": [120.9924532, 14.6474529]}, "properties": {"kind": "school"}}, {"type": "Feature", "geometry": {"type": "Point", "coordinates": [121.0124527, 14.6377914]}, "properties": {"kind": "place_of_worship"}}, {"type": "Feature", "geometry": {"type": "Point", "coordinates": [120.9777901, 14.6084565]}, "properties": {"kind": "school"}}, {"type": "Feature", "geometry": {"type": "Point", "coordinates": [120.9690892, 14.6415693]}, "properties": {"kind": "school"}}, {"type": "Feature", "geometry": {"type": "Point", "coordinates": [120.9691186, 14.6420361]}, "properties": {"kind": "school"}}, {"type": "Feature", "geometry": {"type": "Point", "coordinates": [120.9611494, 14.6548099]}, "properties": {"kind": "school"}}, {"type": "Feature", "geometry": {"type": "Point", "coordinates": [120.9606588, 14.6545413]}, "properties": {"kind": "school"}}, {"type": "Feature", "geometry": {"type": "Point", "coordinates": [120.9788252, 14.6073436]}, "properties": {"kind": "school"}}, {"type": "Feature", "geometry": {"type": "Point", "coordinates": [121.0227481, 14.6219792]}, "properties": {"kind": "place_of_worship"}}, {"type": "Feature", "geometry": {"type": "Point", "coordinates": [120.9835619, 14.618545]}, "properties": {"kind": "school"}}, {"type": "Feature", "geometry": {"type": "Point", "coordinates": [121.0171136, 14.6040903]}, "properties": {"kind": "station"}}, {"type": "Feature", "geometry": {"type": "Point", "coordinates": [121.0016754, 14.6737213]}, "properties": {"kind": "school"}}, {"type": "Feature", "geometry": {"type": "Point", "coordinates": [121.0011897, 14.6740967]}, "properties": {"kind": "school"}}, {"type": "Feature", "geometry": {"type": "Point", "coordinates": [120.9985809, 14.6290493]}, "properties": {"kind": "school"}}, {"type": "Feature", "geometry": {"type": "Point", "coordinates": [120.9995483, 14.6289869]}, "properties": {"kind": "school"}}, {"type": "Feature", "geometry": {"type": "Point", "coordinates": [120.9992752, 14.629602]}, "properties": {"kind": "school"}}, {"type": "Feature", "geometry": {"type": "Point", "coordinates": [120.9612845, 14.5938664]}, "properties": {"kind": "school"}}, {"type": "Feature", "geometry": {"type": "Point", "coordinates": [120.9509937, 14.6650866]}, "properties": {"kind": "school"}}, {"type": "Feature", "geometry": {"type": "Point", "coordinates": [120.9505784, 14.6656992]}, "properties": {"kind": "school"}}, {"type": "Feature", "geometry": {"type": "Point", "coordinates": [121.0288, 14.6045359]}, "properties": {"kind": "school"}}, {"type": "Feature", "geometry": {"type": "Point", "coordinates": [121.0295748, 14.603824]}, "properties": {"kind": "school"}}, {"type": "Feature", "geometry": {"type": "Point", "coordinates": [121.0040838, 14.600518]}, "properties": {"kind": "school"}}, {"type": "Feature", "geometry": {"type": "Point", "coordinates": [121.0116778, 14.603539]}, "properties": {"kind": "school"}}, {"type": "Feature", "geometry": {"type": "Point", "coordinates": [121.0106644, 14.6035207]}, "properties": {"kind": "school"}}, {"type": "Feature", "geometry": {"type": "Point", "coordinates": [120.9807038, 14.6818605]}, "properties": {"kind": "school"}}, {"type": "Feature", "geometry": {"type": "Point", "coordinates": [120.9794609, 14.6269245]}, "properties": {"kind": "place_of_worship"}}, {"type": "Feature", "geometry": {"type": "Point", "coordinates": [121.0210943, 14.6203355]}, "properties": {"kind": "hospital"}}, {"type": "Feature", "geometry": {"type": "Point", "coordinates": [121.0202364, 14.6198381]}, "properties": {"kind": "school"}}, {"type": "Feature", "geometry": {"type": "Point", "coordinates": [120.9496874, 14.6616863]}, "properties": {"kind": "school"}}, {"type": "Feature", "geometry": {"type": "Point", "coordinates": [121.0179596, 14.6615057]}, "properties": {"kind": "hospital"}}, {"type": "Feature", "geometry": {"type": "Point", "coordinates": [121.0299714, 14.6586328]}, "properties": {"kind": "school"}}, {"type": "Feature", "geometry": {"type": "Point", "coordinates": [121.0278364, 14.6578854]}, "properties": {"kind": "school"}}, {"type": "Feature", "geometry": {"type": "Point", "coordinates": [121.009087, 14.6670515]}, "properties": {"kind": "hospital"}}, {"type": "Feature", "geometry": {"type": "Point", "coordinates": [121.0186524, 14.6866386]}, "properties": {"kind": "school"}}, {"type": "Feature", "geometry": {"type": "Point", "coordinates": [121.0258022, 14.6869414]}, "properties": {"kind": "school"}}, {"type": "Feature", "geometry": {"type": "Point", "coordinates": [121.029989, 14.6884557]}, "properties": {"kind": "hospital"}}, {"type": "Feature", "geometry": {"type": "Point", "coordinates": [121.0027274, 14.6107291]}, "properties": {"kind": "school"}}, {"type": "Feature", "geometry": {"type": "Point", "coordinates": [121.0028274, 14.5949028]}, "properties": {"kind": "school"}}, {"type": "Feature", "geometry": {"type": "Point", "coordinates": [120.9752742, 14.6278593]}, "properties": {"kind": "school"}}, {"type": "Feature", "geometry": {"type": "Point", "coordinates": [121.0083333, 14.6163838]}, "properties": {"kind": "school"}}, {"type": "Feature", "geometry": {"type": "Point", "coordinates": [121.0151787, 14.6393632]}, "properties": {"kind": "marketplace"}}, {"type": "Feature", "geometry": {"type": "Point", "coordinates": [121.0091864, 14.6900919]}, "properties": {"kind": "school"}}, {"type": "Feature", "geometry": {"type": "Point", "coordinates": [120.9785367, 14.6648347]}, "properties": {"kind": "school"}}, {"type": "Feature", "geometry": {"type": "Point", "coordinates": [120.978885, 14.6646516]}, "properties": {"kind": "school"}}, {"type": "Feature", "geometry": {"type": "Point", "coordinates": [120.9726329, 14.6375883]}, "properties": {"kind": "school"}}, {"type": "Feature", "geometry": {"type": "Point", "coordinates": [120.9884071, 14.6776811]}, "properties": {"kind": "school"}}, {"type": "Feature", "geometry": {"type": "Point", "coordinates": [120.9740183, 14.6811036]}, "properties": {"kind": "school"}}, {"type": "Feature", "geometry": {"type": "Point", "coordinates": [120.9743718, 14.6811517]}, "properties": {"kind": "school"}}, {"type": "Feature", "geometry": {"type": "Point", "coordinates": [121.0115541, 14.6867791]}, "properties": {"kind": "school"}}, {"type": "Feature", "geometry": {"type": "Point", "coordinates": [120.9634356, 14.6486854]}, "properties": {"kind": "school"}}, {"type": "Feature", "geometry": {"type": "Point", "coordinates": [121.0088989, 14.6548564]}, "properties": {"kind": "school"}}, {"type": "Feature", "geometry": {"type": "Point", "coordinates": [120.9528865, 14.6535402]}, "properties": {"kind": "school"}}, {"type": "Feature", "geometry": {"type": "Point", "coordinates": [120.9523185, 14.6533709]}, "properties": {"kind": "school"}}, {"type": "Feature", "geometry": {"type": "Point", "coordinates": [120.9518335, 14.6590046]}, "properties": {"kind": "school"}}, {"type": "Feature", "geometry": {"type": "Point", "coordinates": [120.9778744, 14.6899018]}, "properties": {"kind": "hospital"}}, {"type": "Feature", "geometry": {"type": "Point", "coordinates": [121.028287, 14.6046476]}, "properties": {"kind": "school"}}, {"type": "Feature", "geometry": {"type": "Point", "coordinates": [121.0277899, 14.6828414]}, "properties": {"kind": "school"}}, {"type": "Feature", "geometry": {"type": "Point", "coordinates": [121.0236607, 14.6541562]}, "properties": {"kind": "school"}}, {"type": "Feature", "geometry": {"type": "Point", "coordinates": [121.0244653, 14.6542901]}, "properties": {"kind": "school"}}, {"type": "Feature", "geometry": {"type": "Point", "coordinates": [120.9649727, 14.6369038]}, "properties": {"kind": "school"}}, {"type": "Feature", "geometry": {"type": "Point", "coordinates": [120.9645441, 14.6370728]}, "properties": {"kind": "school"}}, {"type": "Feature", "geometry": {"type": "Point", "coordinates": [120.9829567, 14.6230628]}, "properties": {"kind": "school"}}, {"type": "Feature", "geometry": {"type": "Point", "coordinates": [120.9974089, 14.6298705]}, "properties": {"kind": "school"}}, {"type": "Feature", "geometry": {"type": "Point", "coordinates": [120.9503593, 14.6481148]}, "properties": {"kind": "school"}}, {"type": "Feature", "geometry": {"type": "Point", "coordinates": [121.0260661, 14.660517]}, "properties": {"kind": "school"}}, {"type": "Feature", "geometry": {"type": "Point", "coordinates": [120.9997977, 14.6226596]}, "properties": {"kind": "marketplace"}}, {"type": "Feature", "geometry": {"type": "Point", "coordinates": [121.0130216, 14.6754561]}, "properties": {"kind": "school"}}, {"type": "Feature", "geometry": {"type": "Point", "coordinates": [121.0295436, 14.6033618]}, "properties": {"kind": "school"}}, {"type": "Feature", "geometry": {"type": "Point", "coordinates": [121.0295738, 14.6028258]}, "properties": {"kind": "school"}}, {"type": "Feature", "geometry": {"type": "Point", "coordinates": [121.0018592, 14.6282006]}, "properties": {"kind": "school"}}, {"type": "Feature", "geometry": {"type": "Point", "coordinates": [121.0203093, 14.6648911]}, "properties": {"kind": "school"}}, {"type": "Feature", "geometry": {"type": "Point", "coordinates": [121.0207435, 14.66512]}, "properties": {"kind": "school"}}, {"type": "Feature", "geometry": {"type": "Point", "coordinates": [121.0161033, 14.5957358]}, "properties": {"kind": "school"}}, {"type": "Feature", "geometry": {"type": "Point", "coordinates": [121.0168479, 14.5952505]}, "properties": {"kind": "school"}}, {"type": "Feature", "geometry": {"type": "Point", "coordinates": [120.9729368, 14.6376864]}, "properties": {"kind": "school"}}, {"type": "Feature", "geometry": {"type": "Point", "coordinates": [120.9609322, 14.6484408]}, "properties": {"kind": "school"}}, {"type": "Feature", "geometry": {"type": "Point", "coordinates": [120.9612824, 14.648074]}, "properties": {"kind": "school"}}, {"type": "Feature", "geometry": {"type": "Point", "coordinates": [121.0045966, 14.5930715]}, "properties": {"kind": "school"}}, {"type": "Feature", "geometry": {"type": "Point", "coordinates": [120.9707454, 14.6703412]}, "properties": {"kind": "place_of_worship"}}, {"type": "Feature", "geometry": {"type": "Point", "coordinates": [120.9733127, 14.6564021]}, "properties": {"kind": "school"}}, {"type": "Feature", "geometry": {"type": "Point", "coordinates": [121.0944032, 14.6218221]}, "properties": {"kind": "school"}}, {"type": "Feature", "geometry": {"type": "Point", "coordinates": [121.0366059, 14.6629999]}, "properties": {"kind": "marketplace"}}, {"type": "Feature", "geometry": {"type": "Point", "coordinates": [121.0991363, 14.6898669]}, "properties": {"kind": "school"}}, {"type": "Feature", "geometry": {"type": "Point", "coordinates": [121.060121, 14.6788601]}, "properties": {"kind": "place_of_worship"}}, {"type": "Feature", "geometry": {"type": "Point", "coordinates": [121.0364804, 14.6153858]}, "properties": {"kind": "place_of_worship"}}, {"type": "Feature", "geometry": {"type": "Point", "coordinates": [121.0480102, 14.6333118]}, "properties": {"kind": "place_of_worship"}}, {"type": "Feature", "geometry": {"type": "Point", "coordinates": [121.0636288, 14.614724]}, "properties": {"kind": "school"}}, {"type": "Feature", "geometry": {"type": "Point", "coordinates": [121.0403063, 14.6247828]}, "properties": {"kind": "place_of_worship"}}, {"type": "Feature", "geometry": {"type": "Point", "coordinates": [121.0383706, 14.6279232]}, "properties": {"kind": "place_of_worship"}}, {"type": "Feature", "geometry": {"type": "Point", "coordinates": [121.0811899, 14.634865]}, "properties": {"kind": "place_of_worship"}}, {"type": "Feature", "geometry": {"type": "Point", "coordinates": [121.0484866, 14.6261952]}, "properties": {"kind": "school"}}, {"type": "Feature", "geometry": {"type": "Point", "coordinates": [121.0324867, 14.646841]}, "properties": {"kind": "place_of_worship"}}, {"type": "Feature", "geometry": {"type": "Point", "coordinates": [121.1038309, 14.645519]}, "properties": {"kind": "place_of_worship"}}, {"type": "Feature", "geometry": {"type": "Point", "coordinates": [121.0596932, 14.6667541]}, "properties": {"kind": "school"}}, {"type": "Feature", "geometry": {"type": "Point", "coordinates": [121.0712456, 14.6178997]}, "properties": {"kind": "place_of_worship"}}, {"type": "Feature", "geometry": {"type": "Point", "coordinates": [121.079751, 14.6325208]}, "properties": {"kind": "place_of_worship"}}, {"type": "Feature", "geometry": {"type": "Point", "coordinates": [121.0399655, 14.6011649]}, "properties": {"kind": "place_of_worship"}}, {"type": "Feature", "geometry": {"type": "Point", "coordinates": [121.0702585, 14.6393842]}, "properties": {"kind": "place_of_worship"}}, {"type": "Feature", "geometry": {"type": "Point", "coordinates": [121.0570709, 14.6285374]}, "properties": {"kind": "school"}}, {"type": "Feature", "geometry": {"type": "Point", "coordinates": [121.0605194, 14.6366287]}, "properties": {"kind": "place_of_worship"}}, {"type": "Feature", "geometry": {"type": "Point", "coordinates": [121.091808, 14.6356703]}, "properties": {"kind": "place_of_worship"}}, {"type": "Feature", "geometry": {"type": "Point", "coordinates": [121.0380231, 14.6767118]}, "properties": {"kind": "place_of_worship"}}, {"type": "Feature", "geometry": {"type": "Point", "coordinates": [121.086122, 14.6885422]}, "properties": {"kind": "place_of_worship"}}, {"type": "Feature", "geometry": {"type": "Point", "coordinates": [121.094467, 14.6376]}, "properties": {"kind": "place_of_worship"}}, {"type": "Feature", "geometry": {"type": "Point", "coordinates": [121.0743731, 14.6654706]}, "properties": {"kind": "school"}}, {"type": "Feature", "geometry": {"type": "Point", "coordinates": [121.0850666, 14.5904488]}, "properties": {"kind": "marketplace"}}, {"type": "Feature", "geometry": {"type": "Point", "coordinates": [121.0447884, 14.6322859]}, "properties": {"kind": "place_of_worship"}}, {"type": "Feature", "geometry": {"type": "Point", "coordinates": [121.0562332, 14.6278261]}, "properties": {"kind": "place_of_worship"}}, {"type": "Feature", "geometry": {"type": "Point", "coordinates": [121.092028, 14.6205949]}, "properties": {"kind": "place_of_worship"}}, {"type": "Feature", "geometry": {"type": "Point", "coordinates": [121.077382, 14.6338163]}, "properties": {"kind": "place_of_worship"}}, {"type": "Feature", "geometry": {"type": "Point", "coordinates": [121.0726636, 14.687371]}, "properties": {"kind": "school"}}, {"type": "Feature", "geometry": {"type": "Point", "coordinates": [121.0461779, 14.6492513]}, "properties": {"kind": "bus_stop"}}, {"type": "Feature", "geometry": {"type": "Point", "coordinates": [121.0772785, 14.684968]}, "properties": {"kind": "marketplace"}}, {"type": "Feature", "geometry": {"type": "Point", "coordinates": [121.1013148, 14.6618521]}, "properties": {"kind": "school"}}, {"type": "Feature", "geometry": {"type": "Point", "coordinates": [121.1022128, 14.6539361]}, "properties": {"kind": "marketplace"}}, {"type": "Feature", "geometry": {"type": "Point", "coordinates": [121.0742293, 14.6388723]}, "properties": {"kind": "school"}}, {"type": "Feature", "geometry": {"type": "Point", "coordinates": [121.0349943, 14.6687738]}, "properties": {"kind": "bus_stop"}}, {"type": "Feature", "geometry": {"type": "Point", "coordinates": [121.1067324, 14.6033028]}, "properties": {"kind": "school"}}, {"type": "Feature", "geometry": {"type": "Point", "coordinates": [121.0639623, 14.6215202]}, "properties": {"kind": "bus_stop"}}, {"type": "Feature", "geometry": {"type": "Point", "coordinates": [121.078415, 14.6390157]}, "properties": {"kind": "place_of_worship"}}, {"type": "Feature", "geometry": {"type": "Point", "coordinates": [121.0546806, 14.624365]}, "properties": {"kind": "place_of_worship"}}, {"type": "Feature", "geometry": {"type": "Point", "coordinates": [121.0568, 14.6259156]}, "properties": {"kind": "school"}}, {"type": "Feature", "geometry": {"type": "Point", "coordinates": [121.0812925, 14.6284279]}, "properties": {"kind": "place_of_worship"}}, {"type": "Feature", "geometry": {"type": "Point", "coordinates": [121.0664621, 14.6235648]}, "properties": {"kind": "place_of_worship"}}, {"type": "Feature", "geometry": {"type": "Point", "coordinates": [121.06644, 14.6239825]}, "properties": {"kind": "place_of_worship"}}, {"type": "Feature", "geometry": {"type": "Point", "coordinates": [121.065165, 14.6232824]}, "properties": {"kind": "school"}}, {"type": "Feature", "geometry": {"type": "Point", "coordinates": [121.0970863, 14.627766]}, "properties": {"kind": "place_of_worship"}}, {"type": "Feature", "geometry": {"type": "Point", "coordinates": [121.0945293, 14.6296995]}, "properties": {"kind": "place_of_worship"}}, {"type": "Feature", "geometry": {"type": "Point", "coordinates": [121.0969846, 14.6358555]}, "properties": {"kind": "place_of_worship"}}, {"type": "Feature", "geometry": {"type": "Point", "coordinates": [121.0868638, 14.6220685]}, "properties": {"kind": "bus_stop"}}, {"type": "Feature", "geometry": {"type": "Point", "coordinates": [121.085381, 14.6236186]}, "properties": {"kind": "school"}}, {"type": "Feature", "geometry": {"type": "Point", "coordinates": [121.092248, 14.6188789]}, "properties": {"kind": "bus_stop"}}, {"type": "Feature", "geometry": {"type": "Point", "coordinates": [121.0959143, 14.6198418]}, "properties": {"kind": "place_of_worship"}}, {"type": "Feature", "geometry": {"type": "Point", "coordinates": [121.097582, 14.620051]}, "properties": {"kind": "place_of_worship"}}, {"type": "Feature", "geometry": {"type": "Point", "coordinates": [121.103799, 14.6208429]}, "properties": {"kind": "school"}}, {"type": "Feature", "geometry": {"type": "Point", "coordinates": [121.1030727, 14.6212618]}, "properties": {"kind": "school"}}, {"type": "Feature", "geometry": {"type": "Point", "coordinates": [121.1056293, 14.6211161]}, "properties": {"kind": "place_of_worship"}}, {"type": "Feature", "geometry": {"type": "Point", "coordinates": [121.1095877, 14.6220688]}, "properties": {"kind": "place_of_worship"}}, {"type": "Feature", "geometry": {"type": "Point", "coordinates": [121.0553686, 14.6364265]}, "properties": {"kind": "place_of_worship"}}, {"type": "Feature", "geometry": {"type": "Point", "coordinates": [121.0552514, 14.6364422]}, "properties": {"kind": "school"}}, {"type": "Feature", "geometry": {"type": "Point", "coordinates": [121.10983, 14.635583]}, "properties": {"kind": "hospital"}}, {"type": "Feature", "geometry": {"type": "Point", "coordinates": [121.1091555, 14.6361487]}, "properties": {"kind": "place_of_worship"}}, {"type": "Feature", "geometry": {"type": "Point", "coordinates": [121.0716456, 14.6149195]}, "properties": {"kind": "school"}}, {"type": "Feature", "geometry": {"type": "Point", "coordinates": [121.0793486, 14.6069356]}, "properties": {"kind": "place_of_worship"}}, {"type": "Feature", "geometry": {"type": "Point", "coordinates": [121.0510901, 14.6199722]}, "properties": {"kind": "bus_stop"}}, {"type": "Feature", "geometry": {"type": "Point", "coordinates": [121.0421965, 14.6416755]}, "properties": {"kind": "bus_stop"}}, {"type": "Feature", "geometry": {"type": "Point", "coordinates": [121.1014681, 14.6246456]}, "properties": {"kind": "place_of_worship"}}, {"type": "Feature", "geometry": {"type": "Point", "coordinates": [121.0310174, 14.6425774]}, "properties": {"kind": "school"}}, {"type": "Feature", "geometry": {"type": "Point", "coordinates": [121.0667298, 14.6819704]}, "properties": {"kind": "place_of_worship"}}, {"type": "Feature", "geometry": {"type": "Point", "coordinates": [121.0441384, 14.6611841]}, "properties": {"kind": "school"}}, {"type": "Feature", "geometry": {"type": "Point", "coordinates": [121.0330038, 14.6739359]}, "properties": {"kind": "place_of_worship"}}, {"type": "Feature", "geometry": {"type": "Point", "coordinates": [121.0583605, 14.66764]}, "properties": {"kind": "school"}}, {"type": "Feature", "geometry": {"type": "Point", "coordinates": [121.0787995, 14.6040139]}, "properties": {"kind": "place_of_worship"}}, {"type": "Feature", "geometry": {"type": "Point", "coordinates": [121.0486791, 14.6006233]}, "properties": {"kind": "bus_stop"}}, {"type": "Feature", "geometry": {"type": "Point", "coordinates": [121.0428821, 14.6046172]}, "properties": {"kind": "bus_stop"}}, {"type": "Feature", "geometry": {"type": "Point", "coordinates": [121.0396382, 14.6071187]}, "properties": {"kind": "bus_stop"}}, {"type": "Feature", "geometry": {"type": "Point", "coordinates": [121.1053379, 14.6151281]}, "properties": {"kind": "school"}}, {"type": "Feature", "geometry": {"type": "Point", "coordinates": [121.0488711, 14.6737202]}, "properties": {"kind": "marketplace"}}, {"type": "Feature", "geometry": {"type": "Point", "coordinates": [121.0554242, 14.6810189]}, "properties": {"kind": "place_of_worship"}}, {"type": "Feature", "geometry": {"type": "Point", "coordinates": [121.0587815, 14.6811402]}, "properties": {"kind": "place_of_worship"}}, {"type": "Feature", "geometry": {"type": "Point", "coordinates": [121.0537439, 14.6808634]}, "properties": {"kind": "place_of_worship"}}, {"type": "Feature", "geometry": {"type": "Point", "coordinates": [121.0568582, 14.6798741]}, "properties": {"kind": "place_of_worship"}}, {"type": "Feature", "geometry": {"type": "Point", "coordinates": [121.0538301, 14.675912]}, "properties": {"kind": "place_of_worship"}}, {"type": "Feature", "geometry": {"type": "Point", "coordinates": [121.0338979, 14.6874222]}, "properties": {"kind": "school"}}, {"type": "Feature", "geometry": {"type": "Point", "coordinates": [121.0507263, 14.6834827]}, "properties": {"kind": "place_of_worship"}}, {"type": "Feature", "geometry": {"type": "Point", "coordinates": [121.0465302, 14.6762824]}, "properties": {"kind": "place_of_worship"}}, {"type": "Feature", "geometry": {"type": "Point", "coordinates": [121.0478187, 14.6823045]}, "properties": {"kind": "place_of_worship"}}, {"type": "Feature", "geometry": {"type": "Point", "coordinates": [121.0488529, 14.6234058]}, "properties": {"kind": "bus_stop"}}, {"type": "Feature", "geometry": {"type": "Point", "coordinates": [121.0632003, 14.6861984]}, "properties": {"kind": "school"}}, {"type": "Feature", "geometry": {"type": "Point", "coordinates": [121.0717655, 14.6471533]}, "properties": {"kind": "school"}}, {"type": "Feature", "geometry": {"type": "Point", "coordinates": [121.0483694, 14.6246822]}, "properties": {"kind": "bus_stop"}}, {"type": "Feature", "geometry": {"type": "Point", "coordinates": [121.0637453, 14.6604134]}, "properties": {"kind": "bus_stop"}}, {"type": "Feature", "geometry": {"type": "Point", "coordinates": [121.0350371, 14.6664348]}, "properties": {"kind": "bus_stop"}}, {"type": "Feature", "geometry": {"type": "Point", "coordinates": [121.0320231, 14.6234185]}, "properties": {"kind": "school"}}, {"type": "Feature", "geometry": {"type": "Point", "coordinates": [121.0893323, 14.6346102]}, "properties": {"kind": "marketplace"}}, {"type": "Feature", "geometry": {"type": "Point", "coordinates": [121.0710333, 14.6645609]}, "properties": {"kind": "school"}}, {"type": "Feature", "geometry": {"type": "Point", "coordinates": [121.0578373, 14.6170068]}, "properties": {"kind": "school"}}, {"type": "Feature", "geometry": {"type": "Point", "coordinates": [121.0729638, 14.6541777]}, "properties": {"kind": "bus_stop"}}, {"type": "Feature", "geometry": {"type": "Point", "coordinates": [121.0731022, 14.6544042]}, "properties": {"kind": "bus_stop"}}, {"type": "Feature", "geometry": {"type": "Point", "coordinates": [121.0687215, 14.6524651]}, "properties": {"kind": "bus_stop"}}, {"type": "Feature", "geometry": {"type": "Point", "coordinates": [121.0713689, 14.6538598]}, "properties": {"kind": "bus_stop"}}, {"type": "Feature", "geometry": {"type": "Point", "coordinates": [121.0652678, 14.6538142]}, "properties": {"kind": "bus_stop"}}, {"type": "Feature", "geometry": {"type": "Point", "coordinates": [121.0684896, 14.6588589]}, "properties": {"kind": "bus_stop"}}, {"type": "Feature", "geometry": {"type": "Point", "coordinates": [121.0688691, 14.6594936]}, "properties": {"kind": "bus_stop"}}, {"type": "Feature", "geometry": {"type": "Point", "coordinates": [121.0702326, 14.6594692]}, "properties": {"kind": "bus_stop"}}, {"type": "Feature", "geometry": {"type": "Point", "coordinates": [121.0717715, 14.659481]}, "properties": {"kind": "bus_stop"}}, {"type": "Feature", "geometry": {"type": "Point", "coordinates": [121.072802, 14.6567934]}, "properties": {"kind": "bus_stop"}}, {"type": "Feature", "geometry": {"type": "Point", "coordinates": [121.0732758, 14.6555453]}, "properties": {"kind": "bus_stop"}}, {"type": "Feature", "geometry": {"type": "Point", "coordinates": [121.0622635, 14.6546398]}, "properties": {"kind": "bus_stop"}}, {"type": "Feature", "geometry": {"type": "Point", "coordinates": [121.0623932, 14.6569931]}, "properties": {"kind": "bus_stop"}}, {"type": "Feature", "geometry": {"type": "Point", "coordinates": [121.0697618, 14.6497861]}, "properties": {"kind": "bus_stop"}}, {"type": "Feature", "geometry": {"type": "Point", "coordinates": [121.0624813, 14.6576263]}, "properties": {"kind": "bus_stop"}}, {"type": "Feature", "geometry": {"type": "Point", "coordinates": [121.0649407, 14.657466]}, "properties": {"kind": "bus_stop"}}, {"type": "Feature", "geometry": {"type": "Point", "coordinates": [121.0663743, 14.6574608]}, "properties": {"kind": "bus_stop"}}, {"type": "Feature", "geometry": {"type": "Point", "coordinates": [121.0727779, 14.6539116]}, "properties": {"kind": "bus_stop"}}, {"type": "Feature", "geometry": {"type": "Point", "coordinates": [121.0343845, 14.6611452]}, "properties": {"kind": "marketplace"}}, {"type": "Feature", "geometry": {"type": "Point", "coordinates": [121.0479737, 14.6687078]}, "properties": {"kind": "place_of_worship"}}, {"type": "Feature", "geometry": {"type": "Point", "coordinates": [121.0738606, 14.6463479]}, "properties": {"kind": "place_of_worship"}}, {"type": "Feature", "geometry": {"type": "Point", "coordinates": [121.0720459, 14.6403381]}, "properties": {"kind": "place_of_worship"}}, {"type": "Feature", "geometry": {"type": "Point", "coordinates": [121.073205, 14.6411656]}, "properties": {"kind": "school"}}, {"type": "Feature", "geometry": {"type": "Point", "coordinates": [121.0986964, 14.638691]}, "properties": {"kind": "place_of_worship"}}, {"type": "Feature", "geometry": {"type": "Point", "coordinates": [121.0938242, 14.6362568]}, "properties": {"kind": "place_of_worship"}}, {"type": "Feature", "geometry": {"type": "Point", "coordinates": [121.0976653, 14.6379132]}, "properties": {"kind": "place_of_worship"}}, {"type": "Feature", "geometry": {"type": "Point", "coordinates": [121.0971858, 14.6351827]}, "properties": {"kind": "school"}}, {"type": "Feature", "geometry": {"type": "Point", "coordinates": [121.0944852, 14.6351989]}, "properties": {"kind": "place_of_worship"}}, {"type": "Feature", "geometry": {"type": "Point", "coordinates": [121.0685916, 14.6573523]}, "properties": {"kind": "bus_stop"}}, {"type": "Feature", "geometry": {"type": "Point", "coordinates": [121.06853, 14.6577089]}, "properties": {"kind": "bus_stop"}}, {"type": "Feature", "geometry": {"type": "Point", "coordinates": [121.0622843, 14.6498085]}, "properties": {"kind": "bus_stop"}}, {"type": "Feature", "geometry": {"type": "Point", "coordinates": [121.0691107, 14.6593612]}, "properties": {"kind": "bus_stop"}}, {"type": "Feature", "geometry": {"type": "Point", "coordinates": [121.0633697, 14.6530318]}, "properties": {"kind": "bus_stop"}}, {"type": "Feature", "geometry": {"type": "Point", "coordinates": [121.0647152, 14.6573545]}, "properties": {"kind": "bus_stop"}}, {"type": "Feature", "geometry": {"type": "Point", "coordinates": [121.0622682, 14.652884]}, "properties": {"kind": "bus_stop"}}, {"type": "Feature", "geometry": {"type": "Point", "coordinates": [121.062276, 14.6505865]}, "properties": {"kind": "bus_stop"}}, {"type": "Feature", "geometry": {"type": "Point", "coordinates": [121.0624567, 14.6577643]}, "properties": {"kind": "bus_stop"}}, {"type": "Feature", "geometry": {"type": "Point", "coordinates": [121.0622295, 14.6545454]}, "properties": {"kind": "bus_stop"}}, {"type": "Feature", "geometry": {"type": "Point", "coordinates": [121.0620023, 14.6546684]}, "properties": {"kind": "bus_stop"}}, {"type": "Feature", "geometry": {"type": "Point", "coordinates": [121.0656396, 14.6513855]}, "properties": {"kind": "bus_stop"}}, {"type": "Feature", "geometry": {"type": "Point", "coordinates": [121.0650081, 14.6576696]}, "properties": {"kind": "bus_stop"}}, {"type": "Feature", "geometry": {"type": "Point", "coordinates": [121.0688559, 14.6524213]}, "properties": {"kind": "bus_stop"}}, {"type": "Feature", "geometry": {"type": "Point", "coordinates": [121.0730894, 14.6555749]}, "properties": {"kind": "bus_stop"}}, {"type": "Feature", "geometry": {"type": "Point", "coordinates": [121.0730597, 14.6559227]}, "properties": {"kind": "bus_stop"}}, {"type": "Feature", "geometry": {"type": "Point", "coordinates": [121.0656754, 14.6478553]}, "properties": {"kind": "bus_stop"}}, {"type": "Feature", "geometry": {"type": "Point", "coordinates": [121.0477736, 14.6163106]}, "properties": {"kind": "place_of_worship"}}, {"type": "Feature", "geometry": {"type": "Point", "coordinates": [121.0817814, 14.6786141]}, "properties": {"kind": "school"}}, {"type": "Feature", "geometry": {"type": "Point", "coordinates": [121.0670615, 14.6561658]}, "properties": {"kind": "bus_stop"}}, {"type": "Feature", "geometry": {"type": "Point", "coordinates": [121.0679105, 14.6574873]}, "properties": {"kind": "shelter"}}, {"type": "Feature", "geometry": {"type": "Point", "coordinates": [121.0736863, 14.6498525]}, "properties": {"kind": "bus_stop"}}, {"type": "Feature", "geometry": {"type": "Point", "coordinates": [121.0812808, 14.6789239]}, "properties": {"kind": "school"}}, {"type": "Feature", "geometry": {"type": "Point", "coordinates": [121.0842628, 14.6795249]}, "properties": {"kind": "bus_stop"}}, {"type": "Feature", "geometry": {"type": "Point", "coordinates": [121.0857895, 14.677062]}, "properties": {"kind": "school"}}, {"type": "Feature", "geometry": {"type": "Point", "coordinates": [121.0734642, 14.6679422]}, "properties": {"kind": "school"}}, {"type": "Feature", "geometry": {"type": "Point", "coordinates": [121.0802348, 14.6393218]}, "properties": {"kind": "place_of_worship"}}, {"type": "Feature", "geometry": {"type": "Point", "coordinates": [121.0802579, 14.6387405]}, "properties": {"kind": "place_of_worship"}}, {"type": "Feature", "geometry": {"type": "Point", "coordinates": [121.0809727, 14.636468]}, "properties": {"kind": "bus_stop"}}, {"type": "Feature", "geometry": {"type": "Point", "coordinates": [121.0807117, 14.6361518]}, "properties": {"kind": "shelter"}}, {"type": "Feature", "geometry": {"type": "Point", "coordinates": [121.0724199, 14.6430246]}, "properties": {"kind": "place_of_worship"}}, {"type": "Feature", "geometry": {"type": "Point", "coordinates": [121.0692535, 14.6400488]}, "properties": {"kind": "place_of_worship"}}, {"type": "Feature", "geometry": {"type": "Point", "coordinates": [121.0694681, 14.6404926]}, "properties": {"kind": "place_of_worship"}}, {"type": "Feature", "geometry": {"type": "Point", "coordinates": [121.0484005, 14.6008803]}, "properties": {"kind": "bus_stop"}}, {"type": "Feature", "geometry": {"type": "Point", "coordinates": [121.0912916, 14.5901345]}, "properties": {"kind": "bus_stop"}}, {"type": "Feature", "geometry": {"type": "Point", "coordinates": [121.0913041, 14.590313]}, "properties": {"kind": "bus_stop"}}, {"type": "Feature", "geometry": {"type": "Point", "coordinates": [121.0741892, 14.6368582]}, "properties": {"kind": "bus_stop"}}, {"type": "Feature", "geometry": {"type": "Point", "coordinates": [121.0399225, 14.671291]}, "properties": {"kind": "bus_stop"}}, {"type": "Feature", "geometry": {"type": "Point", "coordinates": [121.0497951, 14.6732977]}, "properties": {"kind": "bus_stop"}}, {"type": "Feature", "geometry": {"type": "Point", "coordinates": [121.0482442, 14.673198]}, "properties": {"kind": "bus_stop"}}, {"type": "Feature", "geometry": {"type": "Point", "coordinates": [121.0420471, 14.6717876]}, "properties": {"kind": "bus_stop"}}, {"type": "Feature", "geometry": {"type": "Point", "coordinates": [121.0744447, 14.6415067]}, "properties": {"kind": "bus_stop"}}, {"type": "Feature", "geometry": {"type": "Point", "coordinates": [121.0745984, 14.6570347]}, "properties": {"kind": "bus_stop"}}, {"type": "Feature", "geometry": {"type": "Point", "coordinates": [121.0741532, 14.6569711]}, "properties": {"kind": "bus_stop"}}, {"type": "Feature", "geometry": {"type": "Point", "coordinates": [121.0617319, 14.6728333]}, "properties": {"kind": "bus_stop"}}, {"type": "Feature", "geometry": {"type": "Point", "coordinates": [121.0389452, 14.6707938]}, "properties": {"kind": "bus_stop"}}, {"type": "Feature", "geometry": {"type": "Point", "coordinates": [121.0680367, 14.6717579]}, "properties": {"kind": "bus_stop"}}, {"type": "Feature", "geometry": {"type": "Point", "coordinates": [121.0680076, 14.6720016]}, "properties": {"kind": "bus_stop"}}, {"type": "Feature", "geometry": {"type": "Point", "coordinates": [121.0619263, 14.6725336]}, "properties": {"kind": "bus_stop"}}, {"type": "Feature", "geometry": {"type": "Point", "coordinates": [121.053238, 14.6740048]}, "properties": {"kind": "bus_stop"}}, {"type": "Feature", "geometry": {"type": "Point", "coordinates": [121.0541399, 14.6737013]}, "properties": {"kind": "bus_stop"}}, {"type": "Feature", "geometry": {"type": "Point", "coordinates": [121.0745569, 14.6497039]}, "properties": {"kind": "bus_stop"}}, {"type": "Feature", "geometry": {"type": "Point", "coordinates": [121.0687035, 14.6144016]}, "properties": {"kind": "place_of_worship"}}, {"type": "Feature", "geometry": {"type": "Point", "coordinates": [121.0446829, 14.6473315]}, "properties": {"kind": "hospital"}}, {"type": "Feature", "geometry": {"type": "Point", "coordinates": [121.0458499, 14.6485146]}, "properties": {"kind": "marketplace"}}, {"type": "Feature", "geometry": {"type": "Point", "coordinates": [121.0359582, 14.6418693]}, "properties": {"kind": "place_of_worship"}}, {"type": "Feature", "geometry": {"type": "Point", "coordinates": [121.103484, 14.6500946]}, "properties": {"kind": "place_of_worship"}}, {"type": "Feature", "geometry": {"type": "Point", "coordinates": [121.0959876, 14.644827]}, "properties": {"kind": "school"}}, {"type": "Feature", "geometry": {"type": "Point", "coordinates": [121.0603015, 14.6425605]}, "properties": {"kind": "place_of_worship"}}, {"type": "Feature", "geometry": {"type": "Point", "coordinates": [121.0760779, 14.6407744]}, "properties": {"kind": "bus_stop"}}, {"type": "Feature", "geometry": {"type": "Point", "coordinates": [121.0347118, 14.6023819]}, "properties": {"kind": "school"}}, {"type": "Feature", "geometry": {"type": "Point", "coordinates": [121.0623234, 14.6578376]}, "properties": {"kind": "bus_stop"}}, {"type": "Feature", "geometry": {"type": "Point", "coordinates": [121.1047634, 14.5916871]}, "properties": {"kind": "school"}}, {"type": "Feature", "geometry": {"type": "Point", "coordinates": [121.0515461, 14.6180441]}, "properties": {"kind": "bus_stop"}}, {"type": "Feature", "geometry": {"type": "Point", "coordinates": [121.0689998, 14.6485158]}, "properties": {"kind": "bus_stop"}}, {"type": "Feature", "geometry": {"type": "Point", "coordinates": [121.0648402, 14.6476482]}, "properties": {"kind": "bus_stop"}}, {"type": "Feature", "geometry": {"type": "Point", "coordinates": [121.0622878, 14.6478354]}, "properties": {"kind": "bus_stop"}}, {"type": "Feature", "geometry": {"type": "Point", "coordinates": [121.0630688, 14.6765305]}, "properties": {"kind": "place_of_worship"}}, {"type": "Feature", "geometry": {"type": "Point", "coordinates": [121.0454249, 14.6779035]}, "properties": {"kind": "school"}}, {"type": "Feature", "geometry": {"type": "Point", "coordinates": [121.0389755, 14.5975242]}, "properties": {"kind": "bus_stop"}}, {"type": "Feature", "geometry": {"type": "Point", "coordinates": [121.0822192, 14.6781455]}, "properties": {"kind": "school"}}, {"type": "Feature", "geometry": {"type": "Point", "coordinates": [121.0770857, 14.683502]}, "properties": {"kind": "school"}}, {"type": "Feature", "geometry": {"type": "Point", "coordinates": [121.1085757, 14.6574295]}, "properties": {"kind": "bus_stop"}}, {"type": "Feature", "geometry": {"type": "Point", "coordinates": [121.0862431, 14.5910252]}, "properties": {"kind": "place_of_worship"}}, {"type": "Feature", "geometry": {"type": "Point", "coordinates": [121.0302026, 14.6839168]}, "properties": {"kind": "place_of_worship"}}, {"type": "Feature", "geometry": {"type": "Point", "coordinates": [121.0470638, 14.6836627]}, "properties": {"kind": "school"}}, {"type": "Feature", "geometry": {"type": "Point", "coordinates": [121.0560848, 14.6357246]}, "properties": {"kind": "place_of_worship"}}, {"type": "Feature", "geometry": {"type": "Point", "coordinates": [121.0733752, 14.638707]}, "properties": {"kind": "school"}}, {"type": "Feature", "geometry": {"type": "Point", "coordinates": [121.049707, 14.6425032]}, "properties": {"kind": "school"}}, {"type": "Feature", "geometry": {"type": "Point", "coordinates": [121.0465077, 14.6398517]}, "properties": {"kind": "bus_stop"}}, {"type": "Feature", "geometry": {"type": "Point", "coordinates": [121.0532557, 14.6526844]}, "properties": {"kind": "bus_stop"}}, {"type": "Feature", "geometry": {"type": "Point", "coordinates": [121.0473375, 14.6424991]}, "properties": {"kind": "bus_stop"}}, {"type": "Feature", "geometry": {"type": "Point", "coordinates": [121.0620271, 14.6550334]}, "properties": {"kind": "bus_stop"}}, {"type": "Feature", "geometry": {"type": "Point", "coordinates": [121.0708236, 14.6524505]}, "properties": {"kind": "bus_stop"}}, {"type": "Feature", "geometry": {"type": "Point", "coordinates": [121.071529, 14.652479]}, "properties": {"kind": "bus_stop"}}, {"type": "Feature", "geometry": {"type": "Point", "coordinates": [121.0717036, 14.65359]}, "properties": {"kind": "bus_stop"}}, {"type": "Feature", "geometry": {"type": "Point", "coordinates": [121.0314757, 14.6366096]}, "properties": {"kind": "place_of_worship"}}, {"type": "Feature", "geometry": {"type": "Point", "coordinates": [121.0730471, 14.6544429]}, "properties": {"kind": "bus_stop"}}, {"type": "Feature", "geometry": {"type": "Point", "coordinates": [121.0521391, 14.6502384]}, "properties": {"kind": "bus_stop"}}, {"type": "Feature", "geometry": {"type": "Point", "coordinates": [121.0809889, 14.6739732]}, "properties": {"kind": "bus_stop"}}, {"type": "Feature", "geometry": {"type": "Point", "coordinates": [121.0839494, 14.624545]}, "properties": {"kind": "bus_stop"}}, {"type": "Feature", "geometry": {"type": "Point", "coordinates": [121.0443313, 14.6305797]}, "properties": {"kind": "place_of_worship"}}, {"type": "Feature", "geometry": {"type": "Point", "coordinates": [121.0573344, 14.5905907]}, "properties": {"kind": "bus_stop"}}, {"type": "Feature", "geometry": {"type": "Point", "coordinates": [121.10049, 14.677976]}, "properties": {"kind": "place_of_worship"}}, {"type": "Feature", "geometry": {"type": "Point", "coordinates": [121.0413124, 14.6315167]}, "properties": {"kind": "school"}}, {"type": "Feature", "geometry": {"type": "Point", "coordinates": [121.056532, 14.6631347]}, "properties": {"kind": "place_of_worship"}}, {"type": "Feature", "geometry": {"type": "Point", "coordinates": [121.0983939, 14.6805642]}, "properties": {"kind": "school"}}, {"type": "Feature", "geometry": {"type": "Point", "coordinates": [121.0743978, 14.644302]}, "properties": {"kind": "place_of_worship"}}, {"type": "Feature", "geometry": {"type": "Point", "coordinates": [121.0698315, 14.6298929]}, "properties": {"kind": "place_of_worship"}}, {"type": "Feature", "geometry": {"type": "Point", "coordinates": [121.0810515, 14.6791679]}, "properties": {"kind": "school"}}, {"type": "Feature", "geometry": {"type": "Point", "coordinates": [121.0537609, 14.6465121]}, "properties": {"kind": "school"}}, {"type": "Feature", "geometry": {"type": "Point", "coordinates": [121.0868949, 14.6227444]}, "properties": {"kind": "bus_stop"}}, {"type": "Feature", "geometry": {"type": "Point", "coordinates": [121.0564711, 14.6485736]}, "properties": {"kind": "place_of_worship"}}, {"type": "Feature", "geometry": {"type": "Point", "coordinates": [121.0467256, 14.6628096]}, "properties": {"kind": "school"}}, {"type": "Feature", "geometry": {"type": "Point", "coordinates": [121.0947212, 14.64849]}, "properties": {"kind": "place_of_worship"}}, {"type": "Feature", "geometry": {"type": "Point", "coordinates": [121.0710342, 14.6856879]}, "properties": {"kind": "school"}}, {"type": "Feature", "geometry": {"type": "Point", "coordinates": [121.0559116, 14.6010223]}, "properties": {"kind": "school"}}, {"type": "Feature", "geometry": {"type": "Point", "coordinates": [121.0427967, 14.6767586]}, "properties": {"kind": "school"}}, {"type": "Feature", "geometry": {"type": "Point", "coordinates": [121.034316, 14.6768756]}, "properties": {"kind": "place_of_worship"}}, {"type": "Feature", "geometry": {"type": "Point", "coordinates": [121.0839245, 14.6810911]}, "properties": {"kind": "place_of_worship"}}, {"type": "Feature", "geometry": {"type": "Point", "coordinates": [121.0342039, 14.6349405]}, "properties": {"kind": "place_of_worship"}}, {"type": "Feature", "geometry": {"type": "Point", "coordinates": [121.0750289, 14.6585681]}, "properties": {"kind": "place_of_worship"}}, {"type": "Feature", "geometry": {"type": "Point", "coordinates": [121.0308949, 14.6879324]}, "properties": {"kind": "bus_stop"}}, {"type": "Feature", "geometry": {"type": "Point", "coordinates": [121.0717027, 14.6218375]}, "properties": {"kind": "school"}}, {"type": "Feature", "geometry": {"type": "Point", "coordinates": [121.0844403, 14.6791265]}, "properties": {"kind": "place_of_worship"}}, {"type": "Feature", "geometry": {"type": "Point", "coordinates": [121.0416861, 14.6326983]}, "properties": {"kind": "place_of_worship"}}, {"type": "Feature", "geometry": {"type": "Point", "coordinates": [121.0381079, 14.6150831]}, "properties": {"kind": "marketplace"}}, {"type": "Feature", "geometry": {"type": "Point", "coordinates": [121.0309448, 14.6883578]}, "properties": {"kind": "bus_stop"}}, {"type": "Feature", "geometry": {"type": "Point", "coordinates": [121.0346234, 14.6539791]}, "properties": {"kind": "place_of_worship"}}, {"type": "Feature", "geometry": {"type": "Point", "coordinates": [121.0981418, 14.6540946]}, "properties": {"kind": "school"}}, {"type": "Feature", "geometry": {"type": "Point", "coordinates": [121.0371494, 14.6437772]}, "properties": {"kind": "bus_stop"}}, {"type": "Feature", "geometry": {"type": "Point", "coordinates": [121.0321987, 14.6747123]}, "properties": {"kind": "station"}}, {"type": "Feature", "geometry": {"type": "Point", "coordinates": [121.0578073, 14.6573573]}, "properties": {"kind": "bus_stop"}}, {"type": "Feature", "geometry": {"type": "Point", "coordinates": [121.051803, 14.6493645]}, "properties": {"kind": "bus_stop"}}, {"type": "Feature", "geometry": {"type": "Point", "coordinates": [121.0686282, 14.649896]}, "properties": {"kind": "bus_stop"}}, {"type": "Feature", "geometry": {"type": "Point", "coordinates": [121.0479797, 14.6297297]}, "properties": {"kind": "place_of_worship"}}, {"type": "Feature", "geometry": {"type": "Point", "coordinates": [121.0532179, 14.6526736]}, "properties": {"kind": "bus_stop"}}, {"type": "Feature", "geometry": {"type": "Point", "coordinates": [121.0727741, 14.6310644]}, "properties": {"kind": "station"}}, {"type": "Feature", "geometry": {"type": "Point", "coordinates": [121.0521726, 14.6508855]}, "properties": {"kind": "bus_stop"}}, {"type": "Feature", "geometry": {"type": "Point", "coordinates": [121.0996436, 14.6436613]}, "properties": {"kind": "place_of_worship"}}, {"type": "Feature", "geometry": {"type": "Point", "coordinates": [121.0857304, 14.6128239]}, "properties": {"kind": "place_of_worship"}}, {"type": "Feature", "geometry": {"type": "Point", "coordinates": [121.0357359, 14.6651111]}, "properties": {"kind": "place_of_worship"}}, {"type": "Feature", "geometry": {"type": "Point", "coordinates": [121.0590445, 14.6191893]}, "properties": {"kind": "school"}}, {"type": "Feature", "geometry": {"type": "Point", "coordinates": [121.1084321, 14.6699593]}, "properties": {"kind": "bus_stop"}}, {"type": "Feature", "geometry": {"type": "Point", "coordinates": [121.0797309, 14.6716659]}, "properties": {"kind": "place_of_worship"}}, {"type": "Feature", "geometry": {"type": "Point", "coordinates": [121.0614192, 14.6351452]}, "properties": {"kind": "school"}}, {"type": "Feature", "geometry": {"type": "Point", "coordinates": [121.0880011, 14.5907569]}, "properties": {"kind": "place_of_worship"}}, {"type": "Feature", "geometry": {"type": "Point", "coordinates": [121.1041739, 14.6561413]}, "properties": {"kind": "place_of_worship"}}, {"type": "Feature", "geometry": {"type": "Point", "coordinates": [121.1039096, 14.5918146]}, "properties": {"kind": "school"}}, {"type": "Feature", "geometry": {"type": "Point", "coordinates": [121.065873, 14.6561369]}, "properties": {"kind": "bus_stop"}}, {"type": "Feature", "geometry": {"type": "Point", "coordinates": [121.0625342, 14.6340514]}, "properties": {"kind": "school"}}, {"type": "Feature", "geometry": {"type": "Point", "coordinates": [121.1038882, 14.59047]}, "properties": {"kind": "place_of_worship"}}, {"type": "Feature", "geometry": {"type": "Point", "coordinates": [121.0603443, 14.6281051]}, "properties": {"kind": "school"}}, {"type": "Feature", "geometry": {"type": "Point", "coordinates": [121.0581887, 14.5915874]}, "properties": {"kind": "bus_stop"}}, {"type": "Feature", "geometry": {"type": "Point", "coordinates": [121.0695129, 14.6129634]}, "properties": {"kind": "station"}}, {"type": "Feature", "geometry": {"type": "Point", "coordinates": [121.0350077, 14.598562]}, "properties": {"kind": "place_of_worship"}}, {"type": "Feature", "geometry": {"type": "Point", "coordinates": [121.0917713, 14.6187861]}, "properties": {"kind": "bus_stop"}}, {"type": "Feature", "geometry": {"type": "Point", "coordinates": [121.081171, 14.6292993]}, "properties": {"kind": "place_of_worship"}}, {"type": "Feature", "geometry": {"type": "Point", "coordinates": [121.0364169, 14.6417964]}, "properties": {"kind": "place_of_worship"}}, {"type": "Feature", "geometry": {"type": "Point", "coordinates": [121.048589, 14.6545614]}, "properties": {"kind": "bus_stop"}}, {"type": "Feature", "geometry": {"type": "Point", "coordinates": [121.0815046, 14.6136396]}, "properties": {"kind": "marketplace"}}, {"type": "Feature", "geometry": {"type": "Point", "coordinates": [121.0823573, 14.612585]}, "properties": {"kind": "marketplace"}}, {"type": "Feature", "geometry": {"type": "Point", "coordinates": [121.0817081, 14.6123703]}, "properties": {"kind": "marketplace"}}, {"type": "Feature", "geometry": {"type": "Point", "coordinates": [121.0867429, 14.6098545]}, "properties": {"kind": "marketplace"}}, {"type": "Feature", "geometry": {"type": "Point", "coordinates": [121.0891335, 14.5948933]}, "properties": {"kind": "marketplace"}}, {"type": "Feature", "geometry": {"type": "Point", "coordinates": [121.0923582, 14.6104247]}, "properties": {"kind": "marketplace"}}, {"type": "Feature", "geometry": {"type": "Point", "coordinates": [121.0949554, 14.6189343]}, "properties": {"kind": "bus_stop"}}, {"type": "Feature", "geometry": {"type": "Point", "coordinates": [121.0411234, 14.6302525]}, "properties": {"kind": "school"}}, {"type": "Feature", "geometry": {"type": "Point", "coordinates": [121.0417789, 14.6452223]}, "properties": {"kind": "bus_stop"}}, {"type": "Feature", "geometry": {"type": "Point", "coordinates": [121.0713871, 14.6143035]}, "properties": {"kind": "bus_stop"}}, {"type": "Feature", "geometry": {"type": "Point", "coordinates": [121.0576112, 14.6245426]}, "properties": {"kind": "place_of_worship"}}, {"type": "Feature", "geometry": {"type": "Point", "coordinates": [121.0577506, 14.6244258]}, "properties": {"kind": "place_of_worship"}}, {"type": "Feature", "geometry": {"type": "Point", "coordinates": [121.0423159, 14.6599678]}, "properties": {"kind": "school"}}, {"type": "Feature", "geometry": {"type": "Point", "coordinates": [121.0375269, 14.6339766]}, "properties": {"kind": "school"}}, {"type": "Feature", "geometry": {"type": "Point", "coordinates": [121.075141, 14.6756455]}, "properties": {"kind": "place_of_worship"}}, {"type": "Feature", "geometry": {"type": "Point", "coordinates": [121.0606317, 14.6256896]}, "properties": {"kind": "place_of_worship"}}, {"type": "Feature", "geometry": {"type": "Point", "coordinates": [121.0314657, 14.6618885]}, "properties": {"kind": "school"}}, {"type": "Feature", "geometry": {"type": "Point", "coordinates": [121.0756618, 14.6758569]}, "properties": {"kind": "school"}}, {"type": "Feature", "geometry": {"type": "Point", "coordinates": [121.0780781, 14.6758621]}, "properties": {"kind": "school"}}, {"type": "Feature", "geometry": {"type": "Point", "coordinates": [121.0432019, 14.6298712]}, "properties": {"kind": "place_of_worship"}}, {"type": "Feature", "geometry": {"type": "Point", "coordinates": [121.042189, 14.6894279]}, "properties": {"kind": "place_of_worship"}}, {"type": "Feature", "geometry": {"type": "Point", "coordinates": [121.0767901, 14.6731404]}, "properties": {"kind": "place_of_worship"}}, {"type": "Feature", "geometry": {"type": "Point", "coordinates": [121.0500702, 14.6098858]}, "properties": {"kind": "school"}}, {"type": "Feature", "geometry": {"type": "Point", "coordinates": [121.0497242, 14.6091798]}, "properties": {"kind": "place_of_worship"}}, {"type": "Feature", "geometry": {"type": "Point", "coordinates": [121.0314065, 14.6224919]}, "properties": {"kind": "place_of_worship"}}, {"type": "Feature", "geometry": {"type": "Point", "coordinates": [121.0812141, 14.6835795]}, "properties": {"kind": "place_of_worship"}}, {"type": "Feature", "geometry": {"type": "Point", "coordinates": [121.0613367, 14.6141698]}, "properties": {"kind": "place_of_worship"}}, {"type": "Feature", "geometry": {"type": "Point", "coordinates": [121.0594932, 14.5921933]}, "properties": {"kind": "bus_stop"}}, {"type": "Feature", "geometry": {"type": "Point", "coordinates": [121.0772249, 14.6389506]}, "properties": {"kind": "school"}}, {"type": "Feature", "geometry": {"type": "Point", "coordinates": [121.0793121, 14.6647611]}, "properties": {"kind": "school"}}, {"type": "Feature", "geometry": {"type": "Point", "coordinates": [121.0727204, 14.6311738]}, "properties": {"kind": "bus_stop"}}, {"type": "Feature", "geometry": {"type": "Point", "coordinates": [121.046641, 14.6585488]}, "properties": {"kind": "school"}}, {"type": "Feature", "geometry": {"type": "Point", "coordinates": [121.0708706, 14.6346962]}, "properties": {"kind": "marketplace"}}, {"type": "Feature", "geometry": {"type": "Point", "coordinates": [121.0482899, 14.6003964]}, "properties": {"kind": "bus_stop"}}, {"type": "Feature", "geometry": {"type": "Point", "coordinates": [121.0444417, 14.6036876]}, "properties": {"kind": "bus_stop"}}, {"type": "Feature", "geometry": {"type": "Point", "coordinates": [121.0442848, 14.6035585]}, "properties": {"kind": "bus_stop"}}, {"type": "Feature", "geometry": {"type": "Point", "coordinates": [121.0424085, 14.6052455]}, "properties": {"kind": "bus_stop"}}, {"type": "Feature", "geometry": {"type": "Point", "coordinates": [121.0462978, 14.6019954]}, "properties": {"kind": "bus_stop"}}, {"type": "Feature", "geometry": {"type": "Point", "coordinates": [121.0464983, 14.6021646]}, "properties": {"kind": "bus_stop"}}, {"type": "Feature", "geometry": {"type": "Point", "coordinates": [121.0476989, 14.6013581]}, "properties": {"kind": "bus_stop"}}, {"type": "Feature", "geometry": {"type": "Point", "coordinates": [121.0542914, 14.5961233]}, "properties": {"kind": "bus_stop"}}, {"type": "Feature", "geometry": {"type": "Point", "coordinates": [121.0533969, 14.5970474]}, "properties": {"kind": "bus_stop"}}, {"type": "Feature", "geometry": {"type": "Point", "coordinates": [121.0356196, 14.6475776]}, "properties": {"kind": "bus_stop"}}, {"type": "Feature", "geometry": {"type": "Point", "coordinates": [121.0572022, 14.6190681]}, "properties": {"kind": "bus_stop"}}, {"type": "Feature", "geometry": {"type": "Point", "coordinates": [121.0420314, 14.646709]}, "properties": {"kind": "bus_stop"}}, {"type": "Feature", "geometry": {"type": "Point", "coordinates": [121.036738, 14.6149253]}, "properties": {"kind": "bus_stop"}}, {"type": "Feature", "geometry": {"type": "Point", "coordinates": [121.03531, 14.6126943]}, "properties": {"kind": "bus_stop"}}, {"type": "Feature", "geometry": {"type": "Point", "coordinates": [121.0792347, 14.6004191]}, "properties": {"kind": "bus_stop"}}, {"type": "Feature", "geometry": {"type": "Point", "coordinates": [121.0738722, 14.6231804]}, "properties": {"kind": "bus_stop"}}, {"type": "Feature", "geometry": {"type": "Point", "coordinates": [121.074239, 14.6503968]}, "properties": {"kind": "bus_stop"}}, {"type": "Feature", "geometry": {"type": "Point", "coordinates": [121.0740616, 14.6270983]}, "properties": {"kind": "bus_stop"}}, {"type": "Feature", "geometry": {"type": "Point", "coordinates": [121.0315165, 14.5916114]}, "properties": {"kind": "bus_stop"}}, {"type": "Feature", "geometry": {"type": "Point", "coordinates": [121.0343063, 14.5901883]}, "properties": {"kind": "bus_stop"}}, {"type": "Feature", "geometry": {"type": "Point", "coordinates": [121.0324462, 14.5910631]}, "properties": {"kind": "bus_stop"}}, {"type": "Feature", "geometry": {"type": "Point", "coordinates": [121.0344954, 14.5902104]}, "properties": {"kind": "bus_stop"}}, {"type": "Feature", "geometry": {"type": "Point", "coordinates": [121.0307094, 14.5918133]}, "properties": {"kind": "bus_stop"}}, {"type": "Feature", "geometry": {"type": "Point", "coordinates": [121.0991531, 14.6395895]}, "properties": {"kind": "place_of_worship"}}, {"type": "Feature", "geometry": {"type": "Point", "coordinates": [121.093962, 14.6193084]}, "properties": {"kind": "bus_stop"}}, {"type": "Feature", "geometry": {"type": "Point", "coordinates": [121.1009711, 14.6206991]}, "properties": {"kind": "bus_stop"}}, {"type": "Feature", "geometry": {"type": "Point", "coordinates": [121.0467289, 14.6398829]}, "properties": {"kind": "bus_stop"}}, {"type": "Feature", "geometry": {"type": "Point", "coordinates": [121.0477797, 14.63125]}, "properties": {"kind": "bus_stop"}}, {"type": "Feature", "geometry": {"type": "Point", "coordinates": [121.0444719, 14.630426]}, "properties": {"kind": "bus_stop"}}, {"type": "Feature", "geometry": {"type": "Point", "coordinates": [121.0678909, 14.6328357]}, "properties": {"kind": "bus_stop"}}, {"type": "Feature", "geometry": {"type": "Point", "coordinates": [121.0548835, 14.6332897]}, "properties": {"kind": "bus_stop"}}, {"type": "Feature", "geometry": {"type": "Point", "coordinates": [121.0548425, 14.6367902]}, "properties": {"kind": "bus_stop"}}, {"type": "Feature", "geometry": {"type": "Point", "coordinates": [121.0541404, 14.6259576]}, "properties": {"kind": "bus_stop"}}, {"type": "Feature", "geometry": {"type": "Point", "coordinates": [121.0574109, 14.6243181]}, "properties": {"kind": "bus_stop"}}, {"type": "Feature", "geometry": {"type": "Point", "coordinates": [121.0541385, 14.633611]}, "properties": {"kind": "bus_stop"}}, {"type": "Feature", "geometry": {"type": "Point", "coordinates": [121.0546891, 14.6408937]}, "properties": {"kind": "bus_stop"}}, {"type": "Feature", "geometry": {"type": "Point", "coordinates": [121.079772, 14.5955518]}, "properties": {"kind": "shelter"}}, {"type": "Feature", "geometry": {"type": "Point", "coordinates": [121.0375111, 14.6625378]}, "properties": {"kind": "school"}}, {"type": "Feature", "geometry": {"type": "Point", "coordinates": [121.0381429, 14.6614291]}, "properties": {"kind": "place_of_worship"}}, {"type": "Feature", "geometry": {"type": "Point", "coordinates": [121.0826929, 14.6374121]}, "properties": {"kind": "place_of_worship"}}, {"type": "Feature", "geometry": {"type": "Point", "coordinates": [121.0969895, 14.647816]}, "properties": {"kind": "bus_stop"}}, {"type": "Feature", "geometry": {"type": "Point", "coordinates": [121.0578628, 14.6251395]}, "properties": {"kind": "bus_stop"}}, {"type": "Feature", "geometry": {"type": "Point", "coordinates": [121.065046, 14.6279557]}, "properties": {"kind": "bus_stop"}}, {"type": "Feature", "geometry": {"type": "Point", "coordinates": [121.0638974, 14.6279652]}, "properties": {"kind": "bus_stop"}}, {"type": "Feature", "geometry": {"type": "Point", "coordinates": [121.0686587, 14.6292168]}, "properties": {"kind": "bus_stop"}}, {"type": "Feature", "geometry": {"type": "Point", "coordinates": [121.0688174, 14.6290193]}, "properties": {"kind": "bus_stop"}}, {"type": "Feature", "geometry": {"type": "Point", "coordinates": [121.0832204, 14.6330719]}, "properties": {"kind": "bus_stop"}}, {"type": "Feature", "geometry": {"type": "Point", "coordinates": [121.0864042, 14.6342799]}, "properties": {"kind": "bus_stop"}}, {"type": "Feature", "geometry": {"type": "Point", "coordinates": [121.0941112, 14.6407107]}, "properties": {"kind": "bus_stop"}}, {"type": "Feature", "geometry": {"type": "Point", "coordinates": [121.0971565, 14.6478705]}, "properties": {"kind": "bus_stop"}}, {"type": "Feature", "geometry": {"type": "Point", "coordinates": [121.0747688, 14.6318845]}, "properties": {"kind": "bus_stop"}}, {"type": "Feature", "geometry": {"type": "Point", "coordinates": [121.1030835, 14.652524]}, "properties": {"kind": "bus_stop"}}, {"type": "Feature", "geometry": {"type": "Point", "coordinates": [121.1031693, 14.6526998]}, "properties": {"kind": "bus_stop"}}, {"type": "Feature", "geometry": {"type": "Point", "coordinates": [121.1031143, 14.6515308]}, "properties": {"kind": "bus_stop"}}, {"type": "Feature", "geometry": {"type": "Point", "coordinates": [121.1026865, 14.6512311]}, "properties": {"kind": "bus_stop"}}, {"type": "Feature", "geometry": {"type": "Point", "coordinates": [121.0941524, 14.6413219]}, "properties": {"kind": "bus_stop"}}, {"type": "Feature", "geometry": {"type": "Point", "coordinates": [121.0944112, 14.6365744]}, "properties": {"kind": "bus_stop"}}, {"type": "Feature", "geometry": {"type": "Point", "coordinates": [121.0865081, 14.6342235]}, "properties": {"kind": "bus_stop"}}, {"type": "Feature", "geometry": {"type": "Point", "coordinates": [121.0824942, 14.632752]}, "properties": {"kind": "bus_stop"}}, {"type": "Feature", "geometry": {"type": "Point", "coordinates": [121.044531, 14.6758246]}, "properties": {"kind": "bus_stop"}}, {"type": "Feature", "geometry": {"type": "Point", "coordinates": [121.0319279, 14.6782023]}, "properties": {"kind": "bus_stop"}}, {"type": "Feature", "geometry": {"type": "Point", "coordinates": [121.0490323, 14.6194193]}, "properties": {"kind": "bus_stop"}}, {"type": "Feature", "geometry": {"type": "Point", "coordinates": [121.0451377, 14.6173946]}, "properties": {"kind": "bus_stop"}}, {"type": "Feature", "geometry": {"type": "Point", "coordinates": [121.0474411, 14.6195718]}, "properties": {"kind": "bus_stop"}}, {"type": "Feature", "geometry": {"type": "Point", "coordinates": [121.0478286, 14.6162037]}, "properties": {"kind": "bus_stop"}}, {"type": "Feature", "geometry": {"type": "Point", "coordinates": [121.0456198, 14.6195141]}, "properties": {"kind": "bus_stop"}}, {"type": "Feature", "geometry": {"type": "Point", "coordinates": [121.0394333, 14.633574]}, "properties": {"kind": "bus_stop"}}, {"type": "Feature", "geometry": {"type": "Point", "coordinates": [121.0457432, 14.6365831]}, "properties": {"kind": "bus_stop"}}, {"type": "Feature", "geometry": {"type": "Point", "coordinates": [121.0439542, 14.6386028]}, "properties": {"kind": "bus_stop"}}, {"type": "Feature", "geometry": {"type": "Point", "coordinates": [121.0418241, 14.6418933]}, "properties": {"kind": "bus_stop"}}, {"type": "Feature", "geometry": {"type": "Point", "coordinates": [121.043063, 14.643965]}, "properties": {"kind": "bus_stop"}}, {"type": "Feature", "geometry": {"type": "Point", "coordinates": [121.0461519, 14.6417688]}, "properties": {"kind": "bus_stop"}}, {"type": "Feature", "geometry": {"type": "Point", "coordinates": [121.0507198, 14.6295565]}, "properties": {"kind": "bus_stop"}}, {"type": "Feature", "geometry": {"type": "Point", "coordinates": [121.0518483, 14.6276098]}, "properties": {"kind": "bus_stop"}}, {"type": "Feature", "geometry": {"type": "Point", "coordinates": [121.0527899, 14.6256526]}, "properties": {"kind": "bus_stop"}}, {"type": "Feature", "geometry": {"type": "Point", "coordinates": [121.0595811, 14.6197429]}, "properties": {"kind": "bus_stop"}}, {"type": "Feature", "geometry": {"type": "Point", "coordinates": [121.0555356, 14.6282703]}, "properties": {"kind": "bus_stop"}}, {"type": "Feature", "geometry": {"type": "Point", "coordinates": [121.0523133, 14.6367395]}, "properties": {"kind": "bus_stop"}}, {"type": "Feature", "geometry": {"type": "Point", "coordinates": [121.0495614, 14.637328]}, "properties": {"kind": "bus_stop"}}, {"type": "Feature", "geometry": {"type": "Point", "coordinates": [121.0502225, 14.6370788]}, "properties": {"kind": "bus_stop"}}, {"type": "Feature", "geometry": {"type": "Point", "coordinates": [121.0467443, 14.6378194]}, "properties": {"kind": "bus_stop"}}, {"type": "Feature", "geometry": {"type": "Point", "coordinates": [121.0529009, 14.6540891]}, "properties": {"kind": "bus_stop"}}, {"type": "Feature", "geometry": {"type": "Point", "coordinates": [121.0528243, 14.6541083]}, "properties": {"kind": "bus_stop"}}, {"type": "Feature", "geometry": {"type": "Point", "coordinates": [121.0542855, 14.6336446]}, "properties": {"kind": "bus_stop"}}, {"type": "Feature", "geometry": {"type": "Point", "coordinates": [121.049898, 14.6314408]}, "properties": {"kind": "bus_stop"}}, {"type": "Feature", "geometry": {"type": "Point", "coordinates": [121.0345008, 14.635132]}, "properties": {"kind": "bus_stop"}}, {"type": "Feature", "geometry": {"type": "Point", "coordinates": [121.0358643, 14.6279716]}, "properties": {"kind": "bus_stop"}}, {"type": "Feature", "geometry": {"type": "Point", "coordinates": [121.0432419, 14.6300743]}, "properties": {"kind": "bus_stop"}}, {"type": "Feature", "geometry": {"type": "Point", "coordinates": [121.0469853, 14.6311765]}, "properties": {"kind": "bus_stop"}}, {"type": "Feature", "geometry": {"type": "Point", "coordinates": [121.0515717, 14.6324905]}, "properties": {"kind": "bus_stop"}}, {"type": "Feature", "geometry": {"type": "Point", "coordinates": [121.053851, 14.6331563]}, "properties": {"kind": "bus_stop"}}, {"type": "Feature", "geometry": {"type": "Point", "coordinates": [121.0562605, 14.6338449]}, "properties": {"kind": "bus_stop"}}, {"type": "Feature", "geometry": {"type": "Point", "coordinates": [121.0583597, 14.6342877]}, "properties": {"kind": "bus_stop"}}, {"type": "Feature", "geometry": {"type": "Point", "coordinates": [121.06026, 14.6322031]}, "properties": {"kind": "bus_stop"}}, {"type": "Feature", "geometry": {"type": "Point", "coordinates": [121.0580047, 14.6343359]}, "properties": {"kind": "bus_stop"}}, {"type": "Feature", "geometry": {"type": "Point", "coordinates": [121.0602567, 14.6323653]}, "properties": {"kind": "bus_stop"}}, {"type": "Feature", "geometry": {"type": "Point", "coordinates": [121.0611304, 14.6310382]}, "properties": {"kind": "bus_stop"}}, {"type": "Feature", "geometry": {"type": "Point", "coordinates": [121.0618224, 14.6298226]}, "properties": {"kind": "bus_stop"}}, {"type": "Feature", "geometry": {"type": "Point", "coordinates": [121.0644852, 14.6296332]}, "properties": {"kind": "bus_stop"}}, {"type": "Feature", "geometry": {"type": "Point", "coordinates": [121.0617051, 14.6297532]}, "properties": {"kind": "bus_stop"}}, {"type": "Feature", "geometry": {"type": "Point", "coordinates": [121.0634036, 14.6286223]}, "properties": {"kind": "bus_stop"}}, {"type": "Feature", "geometry": {"type": "Point", "coordinates": [121.0569143, 14.6338919]}, "properties": {"kind": "bus_stop"}}, {"type": "Feature", "geometry": {"type": "Point", "coordinates": [121.0524359, 14.6325657]}, "properties": {"kind": "bus_stop"}}, {"type": "Feature", "geometry": {"type": "Point", "coordinates": [121.0503231, 14.6319825]}, "properties": {"kind": "bus_stop"}}, {"type": "Feature", "geometry": {"type": "Point", "coordinates": [121.0452745, 14.6305052]}, "properties": {"kind": "bus_stop"}}, {"type": "Feature", "geometry": {"type": "Point", "coordinates": [121.0433285, 14.6299448]}, "properties": {"kind": "bus_stop"}}, {"type": "Feature", "geometry": {"type": "Point", "coordinates": [121.040413, 14.6292776]}, "properties": {"kind": "bus_stop"}}, {"type": "Feature", "geometry": {"type": "Point", "coordinates": [121.0414512, 14.6294166]}, "properties": {"kind": "bus_stop"}}, {"type": "Feature", "geometry": {"type": "Point", "coordinates": [121.0381113, 14.6286334]}, "properties": {"kind": "bus_stop"}}, {"type": "Feature", "geometry": {"type": "Point", "coordinates": [121.0308135, 14.6292791]}, "properties": {"kind": "bus_stop"}}, {"type": "Feature", "geometry": {"type": "Point", "coordinates": [121.03365, 14.6279594]}, "properties": {"kind": "bus_stop"}}, {"type": "Feature", "geometry": {"type": "Point", "coordinates": [121.0524481, 14.6227381]}, "properties": {"kind": "bus_stop"}}, {"type": "Feature", "geometry": {"type": "Point", "coordinates": [121.0528647, 14.6226526]}, "properties": {"kind": "bus_stop"}}, {"type": "Feature", "geometry": {"type": "Point", "coordinates": [121.0391658, 14.632037]}, "properties": {"kind": "bus_stop"}}, {"type": "Feature", "geometry": {"type": "Point", "coordinates": [121.0389774, 14.6315498]}, "properties": {"kind": "bus_stop"}}, {"type": "Feature", "geometry": {"type": "Point", "coordinates": [121.0387849, 14.6277231]}, "properties": {"kind": "bus_stop"}}, {"type": "Feature", "geometry": {"type": "Point", "coordinates": [121.0387306, 14.6285263]}, "properties": {"kind": "bus_stop"}}, {"type": "Feature", "geometry": {"type": "Point", "coordinates": [121.0390921, 14.6287227]}, "properties": {"kind": "bus_stop"}}, {"type": "Feature", "geometry": {"type": "Point", "coordinates": [121.0368866, 14.6281111]}, "properties": {"kind": "bus_stop"}}, {"type": "Feature", "geometry": {"type": "Point", "coordinates": [121.0343839, 14.6270643]}, "properties": {"kind": "bus_stop"}}, {"type": "Feature", "geometry": {"type": "Point", "coordinates": [121.0348669, 14.6260757]}, "properties": {"kind": "bus_stop"}}, {"type": "Feature", "geometry": {"type": "Point", "coordinates": [121.0446382, 14.623409]}, "properties": {"kind": "bus_stop"}}, {"type": "Feature", "geometry": {"type": "Point", "coordinates": [121.0454455, 14.6228454]}, "properties": {"kind": "bus_stop"}}, {"type": "Feature", "geometry": {"type": "Point", "coordinates": [121.0472141, 14.6221175]}, "properties": {"kind": "bus_stop"}}, {"type": "Feature", "geometry": {"type": "Point", "coordinates": [121.0477074, 14.6216818]}, "properties": {"kind": "bus_stop"}}, {"type": "Feature", "geometry": {"type": "Point", "coordinates": [121.0413746, 14.6247579]}, "properties": {"kind": "bus_stop"}}, {"type": "Feature", "geometry": {"type": "Point", "coordinates": [121.042078, 14.6245205]}, "properties": {"kind": "bus_stop"}}, {"type": "Feature", "geometry": {"type": "Point", "coordinates": [121.0389371, 14.6245075]}, "properties": {"kind": "bus_stop"}}, {"type": "Feature", "geometry": {"type": "Point", "coordinates": [121.0338436, 14.6278995]}, "properties": {"kind": "bus_stop"}}, {"type": "Feature", "geometry": {"type": "Point", "coordinates": [121.0341519, 14.6293957]}, "properties": {"kind": "bus_stop"}}, {"type": "Feature", "geometry": {"type": "Point", "coordinates": [121.0364816, 14.6260128]}, "properties": {"kind": "bus_stop"}}, {"type": "Feature", "geometry": {"type": "Point", "coordinates": [121.0384838, 14.6281138]}, "properties": {"kind": "bus_stop"}}, {"type": "Feature", "geometry": {"type": "Point", "coordinates": [121.0395741, 14.6257695]}, "properties": {"kind": "bus_stop"}}, {"type": "Feature", "geometry": {"type": "Point", "coordinates": [121.0486186, 14.6193142]}, "properties": {"kind": "bus_stop"}}, {"type": "Feature", "geometry": {"type": "Point", "coordinates": [121.0491939, 14.6317963]}, "properties": {"kind": "bus_stop"}}, {"type": "Feature", "geometry": {"type": "Point", "coordinates": [121.0394199, 14.641741]}, "properties": {"kind": "bus_stop"}}, {"type": "Feature", "geometry": {"type": "Point", "coordinates": [121.0635371, 14.6611689]}, "properties": {"kind": "bus_stop"}}, {"type": "Feature", "geometry": {"type": "Point", "coordinates": [121.063559, 14.6611199]}, "properties": {"kind": "bus_stop"}}, {"type": "Feature", "geometry": {"type": "Point", "coordinates": [121.0637087, 14.6604541]}, "properties": {"kind": "bus_stop"}}, {"type": "Feature", "geometry": {"type": "Point", "coordinates": [121.0668576, 14.6518227]}, "properties": {"kind": "bus_stop"}}, {"type": "Feature", "geometry": {"type": "Point", "coordinates": [121.0390102, 14.6448327]}, "properties": {"kind": "bus_stop"}}, {"type": "Feature", "geometry": {"type": "Point", "coordinates": [121.0454096, 14.6493695]}, "properties": {"kind": "bus_stop"}}, {"type": "Feature", "geometry": {"type": "Point", "coordinates": [121.0363546, 14.6437755]}, "properties": {"kind": "bus_stop"}}, {"type": "Feature", "geometry": {"type": "Point", "coordinates": [121.0573887, 14.6562523]}, "properties": {"kind": "bus_stop"}}, {"type": "Feature", "geometry": {"type": "Point", "coordinates": [121.0574115, 14.6562121]}, "properties": {"kind": "bus_stop"}}, {"type": "Feature", "geometry": {"type": "Point", "coordinates": [121.0687432, 14.6646704]}, "properties": {"kind": "bus_stop"}}, {"type": "Feature", "geometry": {"type": "Point", "coordinates": [121.0578192, 14.6573331]}, "properties": {"kind": "bus_stop"}}, {"type": "Feature", "geometry": {"type": "Point", "coordinates": [121.0577978, 14.6573701]}, "properties": {"kind": "bus_stop"}}, {"type": "Feature", "geometry": {"type": "Point", "coordinates": [121.0472084, 14.6429393]}, "properties": {"kind": "bus_stop"}}, {"type": "Feature", "geometry": {"type": "Point", "coordinates": [121.053822, 14.6539097]}, "properties": {"kind": "bus_stop"}}, {"type": "Feature", "geometry": {"type": "Point", "coordinates": [121.09317, 14.5904272]}, "properties": {"kind": "bus_stop"}}, {"type": "Feature", "geometry": {"type": "Point", "coordinates": [121.0399451, 14.6473573]}, "properties": {"kind": "bus_stop"}}, {"type": "Feature", "geometry": {"type": "Point", "coordinates": [121.0417762, 14.6470933]}, "properties": {"kind": "bus_stop"}}, {"type": "Feature", "geometry": {"type": "Point", "coordinates": [121.072667, 14.6307497]}, "properties": {"kind": "bus_stop"}}, {"type": "Feature", "geometry": {"type": "Point", "coordinates": [121.0346847, 14.6490283]}, "properties": {"kind": "bus_stop"}}, {"type": "Feature", "geometry": {"type": "Point", "coordinates": [121.0517181, 14.6492632]}, "properties": {"kind": "bus_stop"}}, {"type": "Feature", "geometry": {"type": "Point", "coordinates": [121.0539904, 14.596786]}, "properties": {"kind": "bus_stop"}}, {"type": "Feature", "geometry": {"type": "Point", "coordinates": [121.0332421, 14.6550742]}, "properties": {"kind": "bus_stop"}}, {"type": "Feature", "geometry": {"type": "Point", "coordinates": [121.056335, 14.6243512]}, "properties": {"kind": "bus_stop"}}, {"type": "Feature", "geometry": {"type": "Point", "coordinates": [121.0328416, 14.6514052]}, "properties": {"kind": "bus_stop"}}, {"type": "Feature", "geometry": {"type": "Point", "coordinates": [121.0534683, 14.6142531]}, "properties": {"kind": "bus_stop"}}, {"type": "Feature", "geometry": {"type": "Point", "coordinates": [121.0329753, 14.6511994]}, "properties": {"kind": "bus_stop"}}, {"type": "Feature", "geometry": {"type": "Point", "coordinates": [121.0367967, 14.6412146]}, "properties": {"kind": "school"}}, {"type": "Feature", "geometry": {"type": "Point", "coordinates": [121.0545526, 14.6178319]}, "properties": {"kind": "bus_stop"}}, {"type": "Feature", "geometry": {"type": "Point", "coordinates": [121.0545174, 14.6178047]}, "properties": {"kind": "bus_stop"}}, {"type": "Feature", "geometry": {"type": "Point", "coordinates": [121.0544832, 14.6177791]}, "properties": {"kind": "bus_stop"}}, {"type": "Feature", "geometry": {"type": "Point", "coordinates": [121.054445, 14.6177489]}, "properties": {"kind": "bus_stop"}}, {"type": "Feature", "geometry": {"type": "Point", "coordinates": [121.0544014, 14.6177194]}, "properties": {"kind": "bus_stop"}}, {"type": "Feature", "geometry": {"type": "Point", "coordinates": [121.0543679, 14.6176941]}, "properties": {"kind": "bus_stop"}}, {"type": "Feature", "geometry": {"type": "Point", "coordinates": [121.0446352, 14.6760665]}, "properties": {"kind": "marketplace"}}, {"type": "Feature", "geometry": {"type": "Point", "coordinates": [121.0663195, 14.6273065]}, "properties": {"kind": "place_of_worship"}}, {"type": "Feature", "geometry": {"type": "Point", "coordinates": [121.0720037, 14.6862781]}, "properties": {"kind": "school"}}, {"type": "Feature", "geometry": {"type": "Point", "coordinates": [121.0486714, 14.6030016]}, "properties": {"kind": "place_of_worship"}}, {"type": "Feature", "geometry": {"type": "Point", "coordinates": [121.036223, 14.6313451]}, "properties": {"kind": "school"}}, {"type": "Feature", "geometry": {"type": "Point", "coordinates": [121.1030526, 14.6852883]}, "properties": {"kind": "place_of_worship"}}, {"type": "Feature", "geometry": {"type": "Point", "coordinates": [121.0557965, 14.6010784]}, "properties": {"kind": "marketplace"}}, {"type": "Feature", "geometry": {"type": "Point", "coordinates": [121.0307926, 14.6359551]}, "properties": {"kind": "bus_stop"}}, {"type": "Feature", "geometry": {"type": "Point", "coordinates": [121.0317367, 14.6355529]}, "properties": {"kind": "bus_stop"}}, {"type": "Feature", "geometry": {"type": "Point", "coordinates": [121.036153, 14.6345926]}, "properties": {"kind": "bus_stop"}}, {"type": "Feature", "geometry": {"type": "Point", "coordinates": [121.0402755, 14.6336934]}, "properties": {"kind": "bus_stop"}}, {"type": "Feature", "geometry": {"type": "Point", "coordinates": [121.0438719, 14.633071]}, "properties": {"kind": "bus_stop"}}, {"type": "Feature", "geometry": {"type": "Point", "coordinates": [121.045298, 14.6337122]}, "properties": {"kind": "bus_stop"}}, {"type": "Feature", "geometry": {"type": "Point", "coordinates": [121.0387638, 14.6080079]}, "properties": {"kind": "bus_stop"}}, {"type": "Feature", "geometry": {"type": "Point", "coordinates": [121.0346956, 14.6274669]}, "properties": {"kind": "bus_stop"}}, {"type": "Feature", "geometry": {"type": "Point", "coordinates": [121.0363516, 14.6118271]}, "properties": {"kind": "bus_stop"}}, {"type": "Feature", "geometry": {"type": "Point", "coordinates": [121.0355984, 14.6242311]}, "properties": {"kind": "bus_stop"}}, {"type": "Feature", "geometry": {"type": "Point", "coordinates": [121.0387536, 14.6071018]}, "properties": {"kind": "bus_stop"}}, {"type": "Feature", "geometry": {"type": "Point", "coordinates": [121.0384322, 14.6245698]}, "properties": {"kind": "bus_stop"}}, {"type": "Feature", "geometry": {"type": "Point", "coordinates": [121.0354235, 14.6117656]}, "properties": {"kind": "bus_stop"}}, {"type": "Feature", "geometry": {"type": "Point", "coordinates": [121.0384619, 14.6070266]}, "properties": {"kind": "bus_stop"}}, {"type": "Feature", "geometry": {"type": "Point", "coordinates": [121.033094, 14.6246125]}, "properties": {"kind": "bus_stop"}}, {"type": "Feature", "geometry": {"type": "Point", "coordinates": [121.0344961, 14.6242973]}, "properties": {"kind": "bus_stop"}}, {"type": "Feature", "geometry": {"type": "Point", "coordinates": [121.0363931, 14.6634517]}, "properties": {"kind": "bus_stop"}}, {"type": "Feature", "geometry": {"type": "Point", "coordinates": [121.0355478, 14.6556211]}, "properties": {"kind": "bus_stop"}}, {"type": "Feature", "geometry": {"type": "Point", "coordinates": [121.0741997, 14.6470455]}, "properties": {"kind": "bus_stop"}}, {"type": "Feature", "geometry": {"type": "Point", "coordinates": [121.0340515, 14.6294246]}, "properties": {"kind": "bus_stop"}}, {"type": "Feature", "geometry": {"type": "Point", "coordinates": [121.0318871, 14.6234343]}, "properties": {"kind": "bus_stop"}}, {"type": "Feature", "geometry": {"type": "Point", "coordinates": [121.0563399, 14.6265677]}, "properties": {"kind": "bus_stop"}}, {"type": "Feature", "geometry": {"type": "Point", "coordinates": [121.0321157, 14.6714982]}, "properties": {"kind": "bus_stop"}}, {"type": "Feature", "geometry": {"type": "Point", "coordinates": [121.0318368, 14.6817809]}, "properties": {"kind": "bus_stop"}}, {"type": "Feature", "geometry": {"type": "Point", "coordinates": [121.0720494, 14.6185822]}, "properties": {"kind": "bus_stop"}}, {"type": "Feature", "geometry": {"type": "Point", "coordinates": [121.0847114, 14.6822943]}, "properties": {"kind": "bus_stop"}}, {"type": "Feature", "geometry": {"type": "Point", "coordinates": [121.0300103, 14.6236752]}, "properties": {"kind": "bus_stop"}}, {"type": "Feature", "geometry": {"type": "Point", "coordinates": [121.0937731, 14.6895283]}, "properties": {"kind": "bus_stop"}}, {"type": "Feature", "geometry": {"type": "Point", "coordinates": [121.0764574, 14.6099467]}, "properties": {"kind": "bus_stop"}}, {"type": "Feature", "geometry": {"type": "Point", "coordinates": [121.043275, 14.6474982]}, "properties": {"kind": "bus_stop"}}, {"type": "Feature", "geometry": {"type": "Point", "coordinates": [121.0742593, 14.623282]}, "properties": {"kind": "bus_stop"}}, {"type": "Feature", "geometry": {"type": "Point", "coordinates": [121.0943259, 14.6895382]}, "properties": {"kind": "bus_stop"}}, {"type": "Feature", "geometry": {"type": "Point", "coordinates": [121.0560215, 14.6291595]}, "properties": {"kind": "bus_stop"}}, {"type": "Feature", "geometry": {"type": "Point", "coordinates": [121.0797965, 14.5919285]}, "properties": {"kind": "bus_stop"}}, {"type": "Feature", "geometry": {"type": "Point", "coordinates": [121.0745713, 14.6469685]}, "properties": {"kind": "bus_stop"}}, {"type": "Feature", "geometry": {"type": "Point", "coordinates": [121.0322812, 14.6773629]}, "properties": {"kind": "bus_stop"}}, {"type": "Feature", "geometry": {"type": "Point", "coordinates": [121.0429745, 14.6478578]}, "properties": {"kind": "bus_stop"}}, {"type": "Feature", "geometry": {"type": "Point", "coordinates": [121.074608, 14.6370634]}, "properties": {"kind": "bus_stop"}}, {"type": "Feature", "geometry": {"type": "Point", "coordinates": [121.0301818, 14.6235269]}, "properties": {"kind": "bus_stop"}}, {"type": "Feature", "geometry": {"type": "Point", "coordinates": [121.0709837, 14.616956]}, "properties": {"kind": "bus_stop"}}, {"type": "Feature", "geometry": {"type": "Point", "coordinates": [121.0559162, 14.6290901]}, "properties": {"kind": "bus_stop"}}, {"type": "Feature", "geometry": {"type": "Point", "coordinates": [121.0391589, 14.6537816]}, "properties": {"kind": "bus_stop"}}, {"type": "Feature", "geometry": {"type": "Point", "coordinates": [121.0352065, 14.6557483]}, "properties": {"kind": "bus_stop"}}, {"type": "Feature", "geometry": {"type": "Point", "coordinates": [121.0321458, 14.6820965]}, "properties": {"kind": "bus_stop"}}, {"type": "Feature", "geometry": {"type": "Point", "coordinates": [121.0477191, 14.6490922]}, "properties": {"kind": "bus_stop"}}, {"type": "Feature", "geometry": {"type": "Point", "coordinates": [121.036506, 14.6643013]}, "properties": {"kind": "bus_stop"}}, {"type": "Feature", "geometry": {"type": "Point", "coordinates": [121.0910098, 14.68653]}, "properties": {"kind": "bus_stop"}}, {"type": "Feature", "geometry": {"type": "Point", "coordinates": [121.076207, 14.6097471]}, "properties": {"kind": "bus_stop"}}, {"type": "Feature", "geometry": {"type": "Point", "coordinates": [121.0794329, 14.6018773]}, "properties": {"kind": "bus_stop"}}, {"type": "Feature", "geometry": {"type": "Point", "coordinates": [121.0349332, 14.6276686]}, "properties": {"kind": "bus_stop"}}, {"type": "Feature", "geometry": {"type": "Point", "coordinates": [121.0911505, 14.6869469]}, "properties": {"kind": "bus_stop"}}, {"type": "Feature", "geometry": {"type": "Point", "coordinates": [121.0335647, 14.6685832]}, "properties": {"kind": "bus_stop"}}, {"type": "Feature", "geometry": {"type": "Point", "coordinates": [121.0649721, 14.6477929]}, "properties": {"kind": "bus_stop"}}, {"type": "Feature", "geometry": {"type": "Point", "coordinates": [121.0378551, 14.6136664]}, "properties": {"kind": "bus_stop"}}, {"type": "Feature", "geometry": {"type": "Point", "coordinates": [121.0754302, 14.6690943]}, "properties": {"kind": "bus_stop"}}, {"type": "Feature", "geometry": {"type": "Point", "coordinates": [121.0672906, 14.6627544]}, "properties": {"kind": "bus_stop"}}, {"type": "Feature", "geometry": {"type": "Point", "coordinates": [121.0475859, 14.6445917]}, "properties": {"kind": "bus_stop"}}, {"type": "Feature", "geometry": {"type": "Point", "coordinates": [121.0731883, 14.6637402]}, "properties": {"kind": "bus_stop"}}, {"type": "Feature", "geometry": {"type": "Point", "coordinates": [121.0662802, 14.6620982]}, "properties": {"kind": "bus_stop"}}, {"type": "Feature", "geometry": {"type": "Point", "coordinates": [121.0719054, 14.6658778]}, "properties": {"kind": "bus_stop"}}, {"type": "Feature", "geometry": {"type": "Point", "coordinates": [121.0831735, 14.6787902]}, "properties": {"kind": "bus_stop"}}, {"type": "Feature", "geometry": {"type": "Point", "coordinates": [121.0664914, 14.6631194]}, "properties": {"kind": "bus_stop"}}, {"type": "Feature", "geometry": {"type": "Point", "coordinates": [121.0868066, 14.68776]}, "properties": {"kind": "bus_stop"}}, {"type": "Feature", "geometry": {"type": "Point", "coordinates": [121.0757656, 14.6603317]}, "properties": {"kind": "bus_stop"}}, {"type": "Feature", "geometry": {"type": "Point", "coordinates": [121.0763434, 14.669011]}, "properties": {"kind": "bus_stop"}}, {"type": "Feature", "geometry": {"type": "Point", "coordinates": [121.0480043, 14.6454636]}, "properties": {"kind": "bus_stop"}}, {"type": "Feature", "geometry": {"type": "Point", "coordinates": [121.0732947, 14.6639826]}, "properties": {"kind": "bus_stop"}}, {"type": "Feature", "geometry": {"type": "Point", "coordinates": [121.0760582, 14.6604664]}, "properties": {"kind": "bus_stop"}}, {"type": "Feature", "geometry": {"type": "Point", "coordinates": [121.0712323, 14.6662935]}, "properties": {"kind": "bus_stop"}}, {"type": "Feature", "geometry": {"type": "Point", "coordinates": [121.0869005, 14.6885266]}, "properties": {"kind": "bus_stop"}}, {"type": "Feature", "geometry": {"type": "Point", "coordinates": [121.0709256, 14.6661151]}, "properties": {"kind": "bus_stop"}}, {"type": "Feature", "geometry": {"type": "Point", "coordinates": [121.0505457, 14.6538815]}, "properties": {"kind": "bus_stop"}}, {"type": "Feature", "geometry": {"type": "Point", "coordinates": [121.0746453, 14.6515373]}, "properties": {"kind": "bus_stop"}}, {"type": "Feature", "geometry": {"type": "Point", "coordinates": [121.0888931, 14.5905852]}, "properties": {"kind": "bus_stop"}}, {"type": "Feature", "geometry": {"type": "Point", "coordinates": [121.0842305, 14.5903155]}, "properties": {"kind": "bus_stop"}}, {"type": "Feature", "geometry": {"type": "Point", "coordinates": [121.0841247, 14.5906428]}, "properties": {"kind": "bus_stop"}}, {"type": "Feature", "geometry": {"type": "Point", "coordinates": [121.0883467, 14.5903363]}, "properties": {"kind": "bus_stop"}}, {"type": "Feature", "geometry": {"type": "Point", "coordinates": [121.08486, 14.590063]}, "properties": {"kind": "bus_stop"}}, {"type": "Feature", "geometry": {"type": "Point", "coordinates": [121.0807956, 14.5900279]}, "properties": {"kind": "bus_stop"}}, {"type": "Feature", "geometry": {"type": "Point", "coordinates": [121.0545168, 14.6425303]}, "properties": {"kind": "bus_stop"}}, {"type": "Feature", "geometry": {"type": "Point", "coordinates": [121.053803, 14.6438867]}, "properties": {"kind": "bus_stop"}}, {"type": "Feature", "geometry": {"type": "Point", "coordinates": [121.0605847, 14.6115947]}, "properties": {"kind": "school"}}, {"type": "Feature", "geometry": {"type": "Point", "coordinates": [121.0663172, 14.6279467]}, "properties": {"kind": "bus_stop"}}, {"type": "Feature", "geometry": {"type": "Point", "coordinates": [121.0848694, 14.6810292]}, "properties": {"kind": "shelter"}}, {"type": "Feature", "geometry": {"type": "Point", "coordinates": [121.0341437, 14.6136634]}, "properties": {"kind": "bus_stop"}}, {"type": "Feature", "geometry": {"type": "Point", "coordinates": [121.0669643, 14.6136211]}, "properties": {"kind": "bus_stop"}}, {"type": "Feature", "geometry": {"type": "Point", "coordinates": [121.0659084, 14.6283186]}, "properties": {"kind": "bus_stop"}}, {"type": "Feature", "geometry": {"type": "Point", "coordinates": [121.0671288, 14.6282987]}, "properties": {"kind": "bus_stop"}}, {"type": "Feature", "geometry": {"type": "Point", "coordinates": [121.0632251, 14.6207895]}, "properties": {"kind": "bus_stop"}}, {"type": "Feature", "geometry": {"type": "Point", "coordinates": [121.0620826, 14.6208204]}, "properties": {"kind": "bus_stop"}}, {"type": "Feature", "geometry": {"type": "Point", "coordinates": [121.0344072, 14.6135791]}, "properties": {"kind": "bus_stop"}}, {"type": "Feature", "geometry": {"type": "Point", "coordinates": [121.0398787, 14.6169976]}, "properties": {"kind": "bus_stop"}}, {"type": "Feature", "geometry": {"type": "Point", "coordinates": [121.0614514, 14.6241937]}, "properties": {"kind": "bus_stop"}}, {"type": "Feature", "geometry": {"type": "Point", "coordinates": [121.0467688, 14.6201572]}, "properties": {"kind": "bus_stop"}}, {"type": "Feature", "geometry": {"type": "Point", "coordinates": [121.0318641, 14.6123819]}, "properties": {"kind": "bus_stop"}}, {"type": "Feature", "geometry": {"type": "Point", "coordinates": [121.0428885, 14.6185681]}, "properties": {"kind": "bus_stop"}}, {"type": "Feature", "geometry": {"type": "Point", "coordinates": [121.0589185, 14.619961]}, "properties": {"kind": "bus_stop"}}, {"type": "Feature", "geometry": {"type": "Point", "coordinates": [121.0713981, 14.6146176]}, "properties": {"kind": "bus_stop"}}, {"type": "Feature", "geometry": {"type": "Point", "coordinates": [121.0463094, 14.6202156]}, "properties": {"kind": "bus_stop"}}, {"type": "Feature", "geometry": {"type": "Point", "coordinates": [121.0578813, 14.6253621]}, "properties": {"kind": "bus_stop"}}, {"type": "Feature", "geometry": {"type": "Point", "coordinates": [121.0610316, 14.6266834]}, "properties": {"kind": "bus_stop"}}, {"type": "Feature", "geometry": {"type": "Point", "coordinates": [121.060005, 14.6201897]}, "properties": {"kind": "bus_stop"}}, {"type": "Feature", "geometry": {"type": "Point", "coordinates": [121.0316482, 14.6124922]}, "properties": {"kind": "bus_stop"}}, {"type": "Feature", "geometry": {"type": "Point", "coordinates": [121.0622404, 14.6210268]}, "properties": {"kind": "bus_stop"}}, {"type": "Feature", "geometry": {"type": "Point", "coordinates": [121.0400834, 14.6168925]}, "properties": {"kind": "bus_stop"}}, {"type": "Feature", "geometry": {"type": "Point", "coordinates": [121.0614788, 14.6245052]}, "properties": {"kind": "bus_stop"}}, {"type": "Feature", "geometry": {"type": "Point", "coordinates": [121.0737576, 14.6159379]}, "properties": {"kind": "bus_stop"}}, {"type": "Feature", "geometry": {"type": "Point", "coordinates": [121.0667337, 14.6137781]}, "properties": {"kind": "bus_stop"}}, {"type": "Feature", "geometry": {"type": "Point", "coordinates": [121.0605746, 14.6260116]}, "properties": {"kind": "bus_stop"}}, {"type": "Feature", "geometry": {"type": "Point", "coordinates": [121.0426893, 14.6187049]}, "properties": {"kind": "bus_stop"}}, {"type": "Feature", "geometry": {"type": "Point", "coordinates": [121.0632156, 14.620448]}, "properties": {"kind": "bus_stop"}}, {"type": "Feature", "geometry": {"type": "Point", "coordinates": [121.0740897, 14.6160083]}, "properties": {"kind": "bus_stop"}}, {"type": "Feature", "geometry": {"type": "Point", "coordinates": [121.0364467, 14.6149483]}, "properties": {"kind": "bus_stop"}}, {"type": "Feature", "geometry": {"type": "Point", "coordinates": [121.0597026, 14.6262603]}, "properties": {"kind": "bus_stop"}}, {"type": "Feature", "geometry": {"type": "Point", "coordinates": [121.0556238, 14.6388044]}, "properties": {"kind": "school"}}, {"type": "Feature", "geometry": {"type": "Point", "coordinates": [121.0987011, 14.6464472]}, "properties": {"kind": "place_of_worship"}}, {"type": "Feature", "geometry": {"type": "Point", "coordinates": [121.0685288, 14.6577132]}, "properties": {"kind": "bus_stop"}}, {"type": "Feature", "geometry": {"type": "Point", "coordinates": [121.0685789, 14.6580892]}, "properties": {"kind": "bus_stop"}}, {"type": "Feature", "geometry": {"type": "Point", "coordinates": [121.0685364, 14.6577342]}, "properties": {"kind": "bus_stop"}}, {"type": "Feature", "geometry": {"type": "Point", "coordinates": [121.0353842, 14.5951373]}, "properties": {"kind": "place_of_worship"}}, {"type": "Feature", "geometry": {"type": "Point", "coordinates": [121.0371741, 14.6858595]}, "properties": {"kind": "marketplace"}}, {"type": "Feature", "geometry": {"type": "Point", "coordinates": [121.0393136, 14.6386021]}, "properties": {"kind": "place_of_worship"}}, {"type": "Feature", "geometry": {"type": "Point", "coordinates": [121.0580892, 14.6640112]}, "properties": {"kind": "school"}}, {"type": "Feature", "geometry": {"type": "Point", "coordinates": [121.0484348, 14.6242311]}, "properties": {"kind": "bus_stop"}}, {"type": "Feature", "geometry": {"type": "Point", "coordinates": [121.0362294, 14.6513571]}, "properties": {"kind": "bus_stop"}}, {"type": "Feature", "geometry": {"type": "Point", "coordinates": [121.0510726, 14.6194837]}, "properties": {"kind": "station"}}, {"type": "Feature", "geometry": {"type": "Point", "coordinates": [121.1078275, 14.6135596]}, "properties": {"kind": "school"}}, {"type": "Feature", "geometry": {"type": "Point", "coordinates": [121.0619525, 14.6469202]}, "properties": {"kind": "marketplace"}}, {"type": "Feature", "geometry": {"type": "Point", "coordinates": [121.0631974, 14.6457214]}, "properties": {"kind": "place_of_worship"}}, {"type": "Feature", "geometry": {"type": "Point", "coordinates": [121.0636918, 14.5902468]}, "properties": {"kind": "bus_stop"}}, {"type": "Feature", "geometry": {"type": "Point", "coordinates": [121.0541474, 14.6815017]}, "properties": {"kind": "place_of_worship"}}, {"type": "Feature", "geometry": {"type": "Point", "coordinates": [121.0382447, 14.6624942]}, "properties": {"kind": "place_of_worship"}}, {"type": "Feature", "geometry": {"type": "Point", "coordinates": [121.0706745, 14.6311219]}, "properties": {"kind": "place_of_worship"}}, {"type": "Feature", "geometry": {"type": "Point", "coordinates": [121.0891005, 14.5948457]}, "properties": {"kind": "place_of_worship"}}, {"type": "Feature", "geometry": {"type": "Point", "coordinates": [121.1008787, 14.6037895]}, "properties": {"kind": "school"}}, {"type": "Feature", "geometry": {"type": "Point", "coordinates": [121.0793359, 14.6040555]}, "properties": {"kind": "shelter"}}, {"type": "Feature", "geometry": {"type": "Point", "coordinates": [121.075742, 14.6115455]}, "properties": {"kind": "shelter"}}, {"type": "Feature", "geometry": {"type": "Point", "coordinates": [121.0633847, 14.6285631]}, "properties": {"kind": "place_of_worship"}}, {"type": "Feature", "geometry": {"type": "Point", "coordinates": [121.0640616, 14.6286797]}, "properties": {"kind": "school"}}, {"type": "Feature", "geometry": {"type": "Point", "coordinates": [121.0611304, 14.617044]}, "properties": {"kind": "school"}}, {"type": "Feature", "geometry": {"type": "Point", "coordinates": [121.0743637, 14.6269289]}, "properties": {"kind": "bus_stop"}}, {"type": "Feature", "geometry": {"type": "Point", "coordinates": [121.030997, 14.6619942]}, "properties": {"kind": "school"}}, {"type": "Feature", "geometry": {"type": "Point", "coordinates": [121.0483969, 14.6277101]}, "properties": {"kind": "marketplace"}}, {"type": "Feature", "geometry": {"type": "Point", "coordinates": [121.079531, 14.6300575]}, "properties": {"kind": "bus_stop"}}, {"type": "Feature", "geometry": {"type": "Point", "coordinates": [121.0377746, 14.6362985]}, "properties": {"kind": "marketplace"}}, {"type": "Feature", "geometry": {"type": "Point", "coordinates": [121.0741974, 14.6539662]}, "properties": {"kind": "bus_stop"}}, {"type": "Feature", "geometry": {"type": "Point", "coordinates": [121.052607, 14.6365611]}, "properties": {"kind": "bus_stop"}}, {"type": "Feature", "geometry": {"type": "Point", "coordinates": [121.0929555, 14.6874882]}, "properties": {"kind": "place_of_worship"}}, {"type": "Feature", "geometry": {"type": "Point", "coordinates": [121.0880689, 14.6832912]}, "properties": {"kind": "place_of_worship"}}, {"type": "Feature", "geometry": {"type": "Point", "coordinates": [121.0844548, 14.6383032]}, "properties": {"kind": "school"}}, {"type": "Feature", "geometry": {"type": "Point", "coordinates": [121.0683415, 14.6224747]}, "properties": {"kind": "bus_stop"}}, {"type": "Feature", "geometry": {"type": "Point", "coordinates": [121.0538249, 14.6535474]}, "properties": {"kind": "bus_stop"}}, {"type": "Feature", "geometry": {"type": "Point", "coordinates": [121.0790883, 14.6064249]}, "properties": {"kind": "bus_stop"}}, {"type": "Feature", "geometry": {"type": "Point", "coordinates": [121.0380337, 14.6705156]}, "properties": {"kind": "bus_stop"}}, {"type": "Feature", "geometry": {"type": "Point", "coordinates": [121.0377419, 14.6706638]}, "properties": {"kind": "bus_stop"}}, {"type": "Feature", "geometry": {"type": "Point", "coordinates": [121.0749014, 14.6431498]}, "properties": {"kind": "bus_stop"}}, {"type": "Feature", "geometry": {"type": "Point", "coordinates": [121.0796875, 14.5983103]}, "properties": {"kind": "bus_stop"}}, {"type": "Feature", "geometry": {"type": "Point", "coordinates": [121.0513303, 14.6479899]}, "properties": {"kind": "bus_stop"}}, {"type": "Feature", "geometry": {"type": "Point", "coordinates": [121.0685514, 14.668395]}, "properties": {"kind": "bus_stop"}}, {"type": "Feature", "geometry": {"type": "Point", "coordinates": [121.0747925, 14.6444783]}, "properties": {"kind": "bus_stop"}}, {"type": "Feature", "geometry": {"type": "Point", "coordinates": [121.0847112, 14.6806448]}, "properties": {"kind": "shelter"}}, {"type": "Feature", "geometry": {"type": "Point", "coordinates": [121.0433515, 14.6670744]}, "properties": {"kind": "bus_stop"}}, {"type": "Feature", "geometry": {"type": "Point", "coordinates": [121.0440233, 14.662085]}, "properties": {"kind": "bus_stop"}}, {"type": "Feature", "geometry": {"type": "Point", "coordinates": [121.0442725, 14.6622362]}, "properties": {"kind": "bus_stop"}}, {"type": "Feature", "geometry": {"type": "Point", "coordinates": [121.0430275, 14.6669018]}, "properties": {"kind": "bus_stop"}}, {"type": "Feature", "geometry": {"type": "Point", "coordinates": [121.0465033, 14.6511892]}, "properties": {"kind": "bus_stop"}}, {"type": "Feature", "geometry": {"type": "Point", "coordinates": [121.0330027, 14.6688231]}, "properties": {"kind": "bus_stop"}}, {"type": "Feature", "geometry": {"type": "Point", "coordinates": [121.0521497, 14.6512577]}, "properties": {"kind": "bus_stop"}}, {"type": "Feature", "geometry": {"type": "Point", "coordinates": [121.0845669, 14.6819407]}, "properties": {"kind": "bus_stop"}}, {"type": "Feature", "geometry": {"type": "Point", "coordinates": [121.0557801, 14.6232617]}, "properties": {"kind": "bus_stop"}}, {"type": "Feature", "geometry": {"type": "Point", "coordinates": [121.0326794, 14.6562084]}, "properties": {"kind": "place_of_worship"}}, {"type": "Feature", "geometry": {"type": "Point", "coordinates": [121.0321844, 14.6536375]}, "properties": {"kind": "place_of_worship"}}, {"type": "Feature", "geometry": {"type": "Point", "coordinates": [121.0423341, 14.6374655]}, "properties": {"kind": "bus_stop"}}, {"type": "Feature", "geometry": {"type": "Point", "coordinates": [121.0863641, 14.6652805]}, "properties": {"kind": "place_of_worship"}}, {"type": "Feature", "geometry": {"type": "Point", "coordinates": [121.1073634, 14.6134728]}, "properties": {"kind": "school"}}, {"type": "Feature", "geometry": {"type": "Point", "coordinates": [121.0948529, 14.6199675]}, "properties": {"kind": "place_of_worship"}}, {"type": "Feature", "geometry": {"type": "Point", "coordinates": [121.0542728, 14.6201196]}, "properties": {"kind": "place_of_worship"}}, {"type": "Feature", "geometry": {"type": "Point", "coordinates": [121.0526032, 14.6204109]}, "properties": {"kind": "place_of_worship"}}, {"type": "Feature", "geometry": {"type": "Point", "coordinates": [121.0320561, 14.6554046]}, "properties": {"kind": "bus_stop"}}, {"type": "Feature", "geometry": {"type": "Point", "coordinates": [121.0647339, 14.6721061]}, "properties": {"kind": "bus_stop"}}, {"type": "Feature", "geometry": {"type": "Point", "coordinates": [121.0423603, 14.6716204]}, "properties": {"kind": "bus_stop"}}, {"type": "Feature", "geometry": {"type": "Point", "coordinates": [121.0545248, 14.6234862]}, "properties": {"kind": "bus_stop"}}, {"type": "Feature", "geometry": {"type": "Point", "coordinates": [121.0329886, 14.6773052]}, "properties": {"kind": "school"}}, {"type": "Feature", "geometry": {"type": "Point", "coordinates": [121.0451934, 14.6342086]}, "properties": {"kind": "bus_stop"}}, {"type": "Feature", "geometry": {"type": "Point", "coordinates": [121.0581961, 14.6226882]}, "properties": {"kind": "bus_stop"}}, {"type": "Feature", "geometry": {"type": "Point", "coordinates": [121.0681962, 14.6225879]}, "properties": {"kind": "bus_stop"}}, {"type": "Feature", "geometry": {"type": "Point", "coordinates": [121.0794551, 14.5961401]}, "properties": {"kind": "bus_stop"}}, {"type": "Feature", "geometry": {"type": "Point", "coordinates": [121.0796217, 14.5920795]}, "properties": {"kind": "bus_stop"}}, {"type": "Feature", "geometry": {"type": "Point", "coordinates": [121.0798242, 14.5944501]}, "properties": {"kind": "bus_stop"}}, {"type": "Feature", "geometry": {"type": "Point", "coordinates": [121.1092952, 14.675229]}, "properties": {"kind": "school"}}, {"type": "Feature", "geometry": {"type": "Point", "coordinates": [121.0788517, 14.6099689]}, "properties": {"kind": "bus_stop"}}, {"type": "Feature", "geometry": {"type": "Point", "coordinates": [121.0794457, 14.6091539]}, "properties": {"kind": "bus_stop"}}, {"type": "Feature", "geometry": {"type": "Point", "coordinates": [121.0799709, 14.6088021]}, "properties": {"kind": "bus_stop"}}, {"type": "Feature", "geometry": {"type": "Point", "coordinates": [121.0561658, 14.619488]}, "properties": {"kind": "bus_stop"}}, {"type": "Feature", "geometry": {"type": "Point", "coordinates": [121.0530653, 14.619541]}, "properties": {"kind": "bus_stop"}}, {"type": "Feature", "geometry": {"type": "Point", "coordinates": [121.0735919, 14.623731]}, "properties": {"kind": "bus_stop"}}, {"type": "Feature", "geometry": {"type": "Point", "coordinates": [121.0379094, 14.6734642]}, "properties": {"kind": "school"}}, {"type": "Feature", "geometry": {"type": "Point", "coordinates": [121.0322511, 14.6412057]}, "properties": {"kind": "bus_stop"}}, {"type": "Feature", "geometry": {"type": "Point", "coordinates": [121.0788928, 14.610713]}, "properties": {"kind": "bus_stop"}}, {"type": "Feature", "geometry": {"type": "Point", "coordinates": [121.0797815, 14.6077391]}, "properties": {"kind": "bus_stop"}}, {"type": "Feature", "geometry": {"type": "Point", "coordinates": [121.0806728, 14.6099188]}, "properties": {"kind": "bus_stop"}}, {"type": "Feature", "geometry": {"type": "Point", "coordinates": [121.0795235, 14.6078218]}, "properties": {"kind": "bus_stop"}}, {"type": "Feature", "geometry": {"type": "Point", "coordinates": [121.0798088, 14.6110189]}, "properties": {"kind": "bus_stop"}}, {"type": "Feature", "geometry": {"type": "Point", "coordinates": [121.0800247, 14.6111338]}, "properties": {"kind": "bus_stop"}}, {"type": "Feature", "geometry": {"type": "Point", "coordinates": [121.0870618, 14.5907414]}, "properties": {"kind": "bus_stop"}}, {"type": "Feature", "geometry": {"type": "Point", "coordinates": [121.0423192, 14.6094418]}, "properties": {"kind": "bus_stop"}}, {"type": "Feature", "geometry": {"type": "Point", "coordinates": [121.0362598, 14.6109002]}, "properties": {"kind": "bus_stop"}}, {"type": "Feature", "geometry": {"type": "Point", "coordinates": [121.0404439, 14.6086017]}, "properties": {"kind": "bus_stop"}}, {"type": "Feature", "geometry": {"type": "Point", "coordinates": [121.0407367, 14.6153561]}, "properties": {"kind": "bus_stop"}}, {"type": "Feature", "geometry": {"type": "Point", "coordinates": [121.0406529, 14.6085609]}, "properties": {"kind": "bus_stop"}}, {"type": "Feature", "geometry": {"type": "Point", "coordinates": [121.040961, 14.6153981]}, "properties": {"kind": "bus_stop"}}, {"type": "Feature", "geometry": {"type": "Point", "coordinates": [121.0387813, 14.6130211]}, "properties": {"kind": "bus_stop"}}, {"type": "Feature", "geometry": {"type": "Point", "coordinates": [121.0748189, 14.6522103]}, "properties": {"kind": "place_of_worship"}}, {"type": "Feature", "geometry": {"type": "Point", "coordinates": [121.0925819, 14.6194212]}, "properties": {"kind": "bus_stop"}}, {"type": "Feature", "geometry": {"type": "Point", "coordinates": [121.0555174, 14.620978]}, "properties": {"kind": "bus_stop"}}, {"type": "Feature", "geometry": {"type": "Point", "coordinates": [121.0555349, 14.6209417]}, "properties": {"kind": "bus_stop"}}, {"type": "Feature", "geometry": {"type": "Point", "coordinates": [121.0552854, 14.621476]}, "properties": {"kind": "bus_stop"}}, {"type": "Feature", "geometry": {"type": "Point", "coordinates": [121.0552521, 14.6215487]}, "properties": {"kind": "bus_stop"}}, {"type": "Feature", "geometry": {"type": "Point", "coordinates": [121.0556218, 14.6207613]}, "properties": {"kind": "bus_stop"}}, {"type": "Feature", "geometry": {"type": "Point", "coordinates": [121.0551568, 14.6217483]}, "properties": {"kind": "bus_stop"}}, {"type": "Feature", "geometry": {"type": "Point", "coordinates": [121.055131, 14.6218027]}, "properties": {"kind": "bus_stop"}}, {"type": "Feature", "geometry": {"type": "Point", "coordinates": [121.055606, 14.620794]}, "properties": {"kind": "bus_stop"}}, {"type": "Feature", "geometry": {"type": "Point", "coordinates": [121.0552661, 14.6215172]}, "properties": {"kind": "bus_stop"}}, {"type": "Feature", "geometry": {"type": "Point", "coordinates": [121.0555702, 14.6208685]}, "properties": {"kind": "bus_stop"}}, {"type": "Feature", "geometry": {"type": "Point", "coordinates": [121.0551723, 14.621714]}, "properties": {"kind": "bus_stop"}}, {"type": "Feature", "geometry": {"type": "Point", "coordinates": [121.0555895, 14.6208284]}, "properties": {"kind": "bus_stop"}}, {"type": "Feature", "geometry": {"type": "Point", "coordinates": [121.0553217, 14.6213912]}, "properties": {"kind": "bus_stop"}}, {"type": "Feature", "geometry": {"type": "Point", "coordinates": [121.0554798, 14.6210561]}, "properties": {"kind": "bus_stop"}}, {"type": "Feature", "geometry": {"type": "Point", "coordinates": [121.0550837, 14.6218951]}, "properties": {"kind": "bus_stop"}}, {"type": "Feature", "geometry": {"type": "Point", "coordinates": [121.0551424, 14.6217764]}, "properties": {"kind": "bus_stop"}}, {"type": "Feature", "geometry": {"type": "Point", "coordinates": [121.0552363, 14.6215841]}, "properties": {"kind": "bus_stop"}}, {"type": "Feature", "geometry": {"type": "Point", "coordinates": [121.0551894, 14.6216816]}, "properties": {"kind": "bus_stop"}}, {"type": "Feature", "geometry": {"type": "Point", "coordinates": [121.0552215, 14.6216163]}, "properties": {"kind": "bus_stop"}}, {"type": "Feature", "geometry": {"type": "Point", "coordinates": [121.0553018, 14.6214321]}, "properties": {"kind": "bus_stop"}}, {"type": "Feature", "geometry": {"type": "Point", "coordinates": [121.0555525, 14.6209051]}, "properties": {"kind": "bus_stop"}}, {"type": "Feature", "geometry": {"type": "Point", "coordinates": [121.0552035, 14.6216509]}, "properties": {"kind": "bus_stop"}}, {"type": "Feature", "geometry": {"type": "Point", "coordinates": [121.0554979, 14.6210186]}, "properties": {"kind": "bus_stop"}}, {"type": "Feature", "geometry": {"type": "Point", "coordinates": [121.0928944, 14.6434258]}, "properties": {"kind": "school"}}, {"type": "Feature", "geometry": {"type": "Point", "coordinates": [121.0744908, 14.6439926]}, "properties": {"kind": "bus_stop"}}, {"type": "Feature", "geometry": {"type": "Point", "coordinates": [121.0344297, 14.627254]}, "properties": {"kind": "bus_stop"}}, {"type": "Feature", "geometry": {"type": "Point", "coordinates": [121.0368986, 14.6272001]}, "properties": {"kind": "bus_stop"}}, {"type": "Feature", "geometry": {"type": "Point", "coordinates": [121.0365097, 14.6259116]}, "properties": {"kind": "bus_stop"}}, {"type": "Feature", "geometry": {"type": "Point", "coordinates": [121.0346912, 14.6264079]}, "properties": {"kind": "bus_stop"}}, {"type": "Feature", "geometry": {"type": "Point", "coordinates": [121.0365533, 14.6273286]}, "properties": {"kind": "bus_stop"}}, {"type": "Feature", "geometry": {"type": "Point", "coordinates": [121.0396908, 14.6253309]}, "properties": {"kind": "bus_stop"}}, {"type": "Feature", "geometry": {"type": "Point", "coordinates": [121.0471031, 14.6231261]}, "properties": {"kind": "bus_stop"}}, {"type": "Feature", "geometry": {"type": "Point", "coordinates": [121.0448219, 14.6229477]}, "properties": {"kind": "bus_stop"}}, {"type": "Feature", "geometry": {"type": "Point", "coordinates": [121.0440628, 14.6220601]}, "properties": {"kind": "bus_stop"}}, {"type": "Feature", "geometry": {"type": "Point", "coordinates": [121.0387024, 14.6283589]}, "properties": {"kind": "bus_stop"}}, {"type": "Feature", "geometry": {"type": "Point", "coordinates": [121.046704, 14.6379491]}, "properties": {"kind": "bus_stop"}}, {"type": "Feature", "geometry": {"type": "Point", "coordinates": [121.0492703, 14.6399387]}, "properties": {"kind": "bus_stop"}}, {"type": "Feature", "geometry": {"type": "Point", "coordinates": [121.0483715, 14.6404499]}, "properties": {"kind": "bus_stop"}}, {"type": "Feature", "geometry": {"type": "Point", "coordinates": [121.0461489, 14.6373331]}, "properties": {"kind": "bus_stop"}}, {"type": "Feature", "geometry": {"type": "Point", "coordinates": [121.0436712, 14.6329577]}, "properties": {"kind": "bus_stop"}}, {"type": "Feature", "geometry": {"type": "Point", "coordinates": [121.0392556, 14.6265477]}, "properties": {"kind": "bus_stop"}}, {"type": "Feature", "geometry": {"type": "Point", "coordinates": [121.03921, 14.626962]}, "properties": {"kind": "bus_stop"}}, {"type": "Feature", "geometry": {"type": "Point", "coordinates": [121.0447602, 14.6183358]}, "properties": {"kind": "bus_stop"}}, {"type": "Feature", "geometry": {"type": "Point", "coordinates": [121.043641, 14.6219067]}, "properties": {"kind": "bus_stop"}}, {"type": "Feature", "geometry": {"type": "Point", "coordinates": [121.0449084, 14.6176415]}, "properties": {"kind": "bus_stop"}}, {"type": "Feature", "geometry": {"type": "Point", "coordinates": [121.0703791, 14.6575733]}, "properties": {"kind": "bus_stop"}}, {"type": "Feature", "geometry": {"type": "Point", "coordinates": [121.0441755, 14.6760404]}, "properties": {"kind": "bus_stop"}}, {"type": "Feature", "geometry": {"type": "Point", "coordinates": [121.0423408, 14.676488]}, "properties": {"kind": "bus_stop"}}, {"type": "Feature", "geometry": {"type": "Point", "coordinates": [121.0316804, 14.6772365]}, "properties": {"kind": "bus_stop"}}, {"type": "Feature", "geometry": {"type": "Point", "coordinates": [121.037521, 14.6765457]}, "properties": {"kind": "bus_stop"}}, {"type": "Feature", "geometry": {"type": "Point", "coordinates": [121.0484113, 14.6737897]}, "properties": {"kind": "bus_stop"}}, {"type": "Feature", "geometry": {"type": "Point", "coordinates": [121.0326144, 14.6768599]}, "properties": {"kind": "bus_stop"}}, {"type": "Feature", "geometry": {"type": "Point", "coordinates": [121.0456902, 14.675375]}, "properties": {"kind": "bus_stop"}}, {"type": "Feature", "geometry": {"type": "Point", "coordinates": [121.0676459, 14.6644894]}, "properties": {"kind": "bus_stop"}}, {"type": "Feature", "geometry": {"type": "Point", "coordinates": [121.0352973, 14.6766798]}, "properties": {"kind": "bus_stop"}}, {"type": "Feature", "geometry": {"type": "Point", "coordinates": [121.0559432, 14.6680008]}, "properties": {"kind": "bus_stop"}}, {"type": "Feature", "geometry": {"type": "Point", "coordinates": [121.0618561, 14.6666168]}, "properties": {"kind": "bus_stop"}}, {"type": "Feature", "geometry": {"type": "Point", "coordinates": [121.0473286, 14.6742135]}, "properties": {"kind": "bus_stop"}}, {"type": "Feature", "geometry": {"type": "Point", "coordinates": [121.042555, 14.6763325]}, "properties": {"kind": "bus_stop"}}, {"type": "Feature", "geometry": {"type": "Point", "coordinates": [121.0471641, 14.6743919]}, "properties": {"kind": "bus_stop"}}, {"type": "Feature", "geometry": {"type": "Point", "coordinates": [121.0625361, 14.6662859]}, "properties": {"kind": "bus_stop"}}, {"type": "Feature", "geometry": {"type": "Point", "coordinates": [121.048693, 14.6735565]}, "properties": {"kind": "bus_stop"}}, {"type": "Feature", "geometry": {"type": "Point", "coordinates": [121.0581948, 14.6676084]}, "properties": {"kind": "bus_stop"}}, {"type": "Feature", "geometry": {"type": "Point", "coordinates": [121.0500555, 14.6724806]}, "properties": {"kind": "bus_stop"}}, {"type": "Feature", "geometry": {"type": "Point", "coordinates": [121.0349174, 14.6767994]}, "properties": {"kind": "bus_stop"}}, {"type": "Feature", "geometry": {"type": "Point", "coordinates": [121.0458608, 14.6751795]}, "properties": {"kind": "bus_stop"}}, {"type": "Feature", "geometry": {"type": "Point", "coordinates": [121.055821, 14.6681935]}, "properties": {"kind": "bus_stop"}}, {"type": "Feature", "geometry": {"type": "Point", "coordinates": [121.0314019, 14.6774361]}, "properties": {"kind": "bus_stop"}}, {"type": "Feature", "geometry": {"type": "Point", "coordinates": [121.0383322, 14.6765446]}, "properties": {"kind": "bus_stop"}}, {"type": "Feature", "geometry": {"type": "Point", "coordinates": [121.0506179, 14.6718505]}, "properties": {"kind": "bus_stop"}}, {"type": "Feature", "geometry": {"type": "Point", "coordinates": [121.057987, 14.6674929]}, "properties": {"kind": "bus_stop"}}, {"type": "Feature", "geometry": {"type": "Point", "coordinates": [121.0794546, 14.5960273]}, "properties": {"kind": "shelter"}}, {"type": "Feature", "geometry": {"type": "Point", "coordinates": [121.0312285, 14.6400541]}, "properties": {"kind": "bus_stop"}}, {"type": "Feature", "geometry": {"type": "Point", "coordinates": [121.0338087, 14.6416592]}, "properties": {"kind": "bus_stop"}}, {"type": "Feature", "geometry": {"type": "Point", "coordinates": [121.0591449, 14.6337635]}, "properties": {"kind": "bus_stop"}}, {"type": "Feature", "geometry": {"type": "Point", "coordinates": [121.0678854, 14.6296598]}, "properties": {"kind": "bus_stop"}}, {"type": "Feature", "geometry": {"type": "Point", "coordinates": [121.0659181, 14.6320909]}, "properties": {"kind": "bus_stop"}}, {"type": "Feature", "geometry": {"type": "Point", "coordinates": [121.0691395, 14.6321058]}, "properties": {"kind": "bus_stop"}}, {"type": "Feature", "geometry": {"type": "Point", "coordinates": [121.0695519, 14.6304533]}, "properties": {"kind": "bus_stop"}}, {"type": "Feature", "geometry": {"type": "Point", "coordinates": [121.0594875, 14.6329499]}, "properties": {"kind": "bus_stop"}}, {"type": "Feature", "geometry": {"type": "Point", "coordinates": [121.0612397, 14.6305876]}, "properties": {"kind": "bus_stop"}}, {"type": "Feature", "geometry": {"type": "Point", "coordinates": [121.0346375, 14.6314038]}, "properties": {"kind": "bus_stop"}}, {"type": "Feature", "geometry": {"type": "Point", "coordinates": [121.0345115, 14.6313863]}, "properties": {"kind": "bus_stop"}}, {"type": "Feature", "geometry": {"type": "Point", "coordinates": [121.0484335, 14.6473775]}, "properties": {"kind": "bus_stop"}}, {"type": "Feature", "geometry": {"type": "Point", "coordinates": [121.0480694, 14.6467105]}, "properties": {"kind": "bus_stop"}}, {"type": "Feature", "geometry": {"type": "Point", "coordinates": [121.0389532, 14.6341424]}, "properties": {"kind": "bus_stop"}}, {"type": "Feature", "geometry": {"type": "Point", "coordinates": [121.0351767, 14.6337544]}, "properties": {"kind": "bus_stop"}}, {"type": "Feature", "geometry": {"type": "Point", "coordinates": [121.034887, 14.6330083]}, "properties": {"kind": "bus_stop"}}, {"type": "Feature", "geometry": {"type": "Point", "coordinates": [121.0326205, 14.6355567]}, "properties": {"kind": "bus_stop"}}, {"type": "Feature", "geometry": {"type": "Point", "coordinates": [121.0338047, 14.6351247]}, "properties": {"kind": "bus_stop"}}, {"type": "Feature", "geometry": {"type": "Point", "coordinates": [121.0544047, 14.6357688]}, "properties": {"kind": "bus_stop"}}, {"type": "Feature", "geometry": {"type": "Point", "coordinates": [121.0550034, 14.6397031]}, "properties": {"kind": "bus_stop"}}, {"type": "Feature", "geometry": {"type": "Point", "coordinates": [121.054827, 14.6388752]}, "properties": {"kind": "bus_stop"}}, {"type": "Feature", "geometry": {"type": "Point", "coordinates": [121.0308538, 14.629454]}, "properties": {"kind": "bus_stop"}}, {"type": "Feature", "geometry": {"type": "Point", "coordinates": [121.0431596, 14.6030421]}, "properties": {"kind": "place_of_worship"}}, {"type": "Feature", "geometry": {"type": "Point", "coordinates": [121.068711, 14.614381]}, "properties": {"kind": "school"}}, {"type": "Feature", "geometry": {"type": "Point", "coordinates": [121.0496995, 14.6369562]}, "properties": {"kind": "station"}}, {"type": "Feature", "geometry": {"type": "Point", "coordinates": [121.0644826, 14.6266989]}, "properties": {"kind": "station"}}, {"type": "Feature", "geometry": {"type": "Point", "coordinates": [121.0355208, 14.6510514]}, "properties": {"kind": "bus_stop"}}, {"type": "Feature", "geometry": {"type": "Point", "coordinates": [121.0379061, 14.6480635]}, "properties": {"kind": "bus_stop"}}, {"type": "Feature", "geometry": {"type": "Point", "coordinates": [121.0342637, 14.651404]}, "properties": {"kind": "bus_stop"}}, {"type": "Feature", "geometry": {"type": "Point", "coordinates": [121.0362278, 14.6471087]}, "properties": {"kind": "bus_stop"}}, {"type": "Feature", "geometry": {"type": "Point", "coordinates": [121.0373918, 14.6469947]}, "properties": {"kind": "bus_stop"}}, {"type": "Feature", "geometry": {"type": "Point", "coordinates": [121.0385755, 14.6481331]}, "properties": {"kind": "bus_stop"}}, {"type": "Feature", "geometry": {"type": "Point", "coordinates": [121.0362911, 14.6576297]}, "properties": {"kind": "station"}}, {"type": "Feature", "geometry": {"type": "Point", "coordinates": [121.0369547, 14.6458965]}, "properties": {"kind": "station"}}, {"type": "Feature", "geometry": {"type": "Point", "coordinates": [121.0549904, 14.6550681]}, "properties": {"kind": "station"}}, {"type": "Feature", "geometry": {"type": "Point", "coordinates": [121.0674956, 14.6633536]}, "properties": {"kind": "station"}}, {"type": "Feature", "geometry": {"type": "Point", "coordinates": [121.0826781, 14.6770384]}, "properties": {"kind": "station"}}, {"type": "Feature", "geometry": {"type": "Point", "coordinates": [121.086309, 14.6851193]}, "properties": {"kind": "station"}}, {"type": "Feature", "geometry": {"type": "Point", "coordinates": [121.0516391, 14.649169]}, "properties": {"kind": "bus_stop"}}, {"type": "Feature", "geometry": {"type": "Point", "coordinates": [121.0365258, 14.6432889]}, "properties": {"kind": "bus_stop"}}, {"type": "Feature", "geometry": {"type": "Point", "coordinates": [121.036477, 14.6051055]}, "properties": {"kind": "bus_stop"}}, {"type": "Feature", "geometry": {"type": "Point", "coordinates": [121.0310691, 14.6106883]}, "properties": {"kind": "bus_stop"}}, {"type": "Feature", "geometry": {"type": "Point", "coordinates": [121.0331671, 14.604897]}, "properties": {"kind": "bus_stop"}}, {"type": "Feature", "geometry": {"type": "Point", "coordinates": [121.0311936, 14.6106258]}, "properties": {"kind": "bus_stop"}}, {"type": "Feature", "geometry": {"type": "Point", "coordinates": [121.0300417, 14.6042705]}, "properties": {"kind": "bus_stop"}}, {"type": "Feature", "geometry": {"type": "Point", "coordinates": [121.0327978, 14.604707]}, "properties": {"kind": "bus_stop"}}, {"type": "Feature", "geometry": {"type": "Point", "coordinates": [121.0367737, 14.6051603]}, "properties": {"kind": "bus_stop"}}, {"type": "Feature", "geometry": {"type": "Point", "coordinates": [121.0493012, 14.6729942]}, "properties": {"kind": "bus_stop"}}, {"type": "Feature", "geometry": {"type": "Point", "coordinates": [121.0552061, 14.6245166]}, "properties": {"kind": "bus_stop"}}, {"type": "Feature", "geometry": {"type": "Point", "coordinates": [121.0547394, 14.626151]}, "properties": {"kind": "bus_stop"}}, {"type": "Feature", "geometry": {"type": "Point", "coordinates": [121.0507978, 14.6295761]}, "properties": {"kind": "bus_stop"}}, {"type": "Feature", "geometry": {"type": "Point", "coordinates": [121.0520625, 14.6270236]}, "properties": {"kind": "bus_stop"}}, {"type": "Feature", "geometry": {"type": "Point", "coordinates": [121.0532078, 14.6254515]}, "properties": {"kind": "bus_stop"}}, {"type": "Feature", "geometry": {"type": "Point", "coordinates": [121.0548601, 14.6410766]}, "properties": {"kind": "bus_stop"}}, {"type": "Feature", "geometry": {"type": "Point", "coordinates": [121.0542566, 14.6338024]}, "properties": {"kind": "bus_stop"}}, {"type": "Feature", "geometry": {"type": "Point", "coordinates": [121.0520654, 14.6473866]}, "properties": {"kind": "bus_stop"}}, {"type": "Feature", "geometry": {"type": "Point", "coordinates": [121.0528269, 14.646198]}, "properties": {"kind": "bus_stop"}}, {"type": "Feature", "geometry": {"type": "Point", "coordinates": [121.0542847, 14.643263]}, "properties": {"kind": "bus_stop"}}, {"type": "Feature", "geometry": {"type": "Point", "coordinates": [121.0543276, 14.6424897]}, "properties": {"kind": "bus_stop"}}, {"type": "Feature", "geometry": {"type": "Point", "coordinates": [121.05335, 14.6449368]}, "properties": {"kind": "bus_stop"}}, {"type": "Feature", "geometry": {"type": "Point", "coordinates": [121.0510929, 14.6484401]}, "properties": {"kind": "bus_stop"}}, {"type": "Feature", "geometry": {"type": "Point", "coordinates": [121.0523012, 14.6466327]}, "properties": {"kind": "bus_stop"}}, {"type": "Feature", "geometry": {"type": "Point", "coordinates": [121.0571989, 14.6351649]}, "properties": {"kind": "bus_stop"}}, {"type": "Feature", "geometry": {"type": "Point", "coordinates": [121.0551283, 14.6360018]}, "properties": {"kind": "bus_stop"}}, {"type": "Feature", "geometry": {"type": "Point", "coordinates": [121.0540849, 14.6363574]}, "properties": {"kind": "bus_stop"}}, {"type": "Feature", "geometry": {"type": "Point", "coordinates": [121.0858396, 14.6830083]}, "properties": {"kind": "bus_stop"}}, {"type": "Feature", "geometry": {"type": "Point", "coordinates": [121.0570977, 14.6353264]}, "properties": {"kind": "bus_stop"}}, {"type": "Feature", "geometry": {"type": "Point", "coordinates": [121.058646, 14.6348638]}, "properties": {"kind": "bus_stop"}}, {"type": "Feature", "geometry": {"type": "Point", "coordinates": [121.0587372, 14.6352479]}, "properties": {"kind": "bus_stop"}}, {"type": "Feature", "geometry": {"type": "Point", "coordinates": [121.0305082, 14.6886911]}, "properties": {"kind": "bus_stop"}}, {"type": "Feature", "geometry": {"type": "Point", "coordinates": [121.0319614, 14.6775509]}, "properties": {"kind": "bus_stop"}}, {"type": "Feature", "geometry": {"type": "Point", "coordinates": [121.0352639, 14.6559516]}, "properties": {"kind": "bus_stop"}}, {"type": "Feature", "geometry": {"type": "Point", "coordinates": [121.0331436, 14.6691536]}, "properties": {"kind": "bus_stop"}}, {"type": "Feature", "geometry": {"type": "Point", "coordinates": [121.0322625, 14.6775326]}, "properties": {"kind": "bus_stop"}}, {"type": "Feature", "geometry": {"type": "Point", "coordinates": [121.0318454, 14.6815934]}, "properties": {"kind": "bus_stop"}}, {"type": "Feature", "geometry": {"type": "Point", "coordinates": [121.0327804, 14.6691649]}, "properties": {"kind": "bus_stop"}}, {"type": "Feature", "geometry": {"type": "Point", "coordinates": [121.0311852, 14.6874968]}, "properties": {"kind": "bus_stop"}}, {"type": "Feature", "geometry": {"type": "Point", "coordinates": [121.0321475, 14.6820225]}, "properties": {"kind": "bus_stop"}}, {"type": "Feature", "geometry": {"type": "Point", "coordinates": [121.0356145, 14.6558796]}, "properties": {"kind": "bus_stop"}}, {"type": "Feature", "geometry": {"type": "Point", "coordinates": [121.0380492, 14.6156928]}, "properties": {"kind": "bus_stop"}}, {"type": "Feature", "geometry": {"type": "Point", "coordinates": [121.0380558, 14.6159015]}, "properties": {"kind": "bus_stop"}}, {"type": "Feature", "geometry": {"type": "Point", "coordinates": [121.0869708, 14.5926738]}, "properties": {"kind": "bus_stop"}}, {"type": "Feature", "geometry": {"type": "Point", "coordinates": [121.092565, 14.6181357]}, "properties": {"kind": "bus_stop"}}, {"type": "Feature", "geometry": {"type": "Point", "coordinates": [121.0921809, 14.6070939]}, "properties": {"kind": "bus_stop"}}, {"type": "Feature", "geometry": {"type": "Point", "coordinates": [121.092219, 14.6031726]}, "properties": {"kind": "bus_stop"}}, {"type": "Feature", "geometry": {"type": "Point", "coordinates": [121.0924237, 14.6158294]}, "properties": {"kind": "bus_stop"}}, {"type": "Feature", "geometry": {"type": "Point", "coordinates": [121.0909497, 14.594774]}, "properties": {"kind": "bus_stop"}}, {"type": "Feature", "geometry": {"type": "Point", "coordinates": [121.0919986, 14.6011071]}, "properties": {"kind": "bus_stop"}}, {"type": "Feature", "geometry": {"type": "Point", "coordinates": [121.0922877, 14.6156495]}, "properties": {"kind": "bus_stop"}}, {"type": "Feature", "geometry": {"type": "Point", "coordinates": [121.0920432, 14.6007739]}, "properties": {"kind": "bus_stop"}}, {"type": "Feature", "geometry": {"type": "Point", "coordinates": [121.0879347, 14.5943367]}, "properties": {"kind": "bus_stop"}}, {"type": "Feature", "geometry": {"type": "Point", "coordinates": [121.0920592, 14.6101007]}, "properties": {"kind": "bus_stop"}}, {"type": "Feature", "geometry": {"type": "Point", "coordinates": [121.0921453, 14.6028799]}, "properties": {"kind": "bus_stop"}}, {"type": "Feature", "geometry": {"type": "Point", "coordinates": [121.0922098, 14.612491]}, "properties": {"kind": "bus_stop"}}, {"type": "Feature", "geometry": {"type": "Point", "coordinates": [121.0920346, 14.6117545]}, "properties": {"kind": "bus_stop"}}, {"type": "Feature", "geometry": {"type": "Point", "coordinates": [121.0919949, 14.6089903]}, "properties": {"kind": "bus_stop"}}, {"type": "Feature", "geometry": {"type": "Point", "coordinates": [121.089095, 14.5962779]}, "properties": {"kind": "bus_stop"}}, {"type": "Feature", "geometry": {"type": "Point", "coordinates": [121.0924118, 14.6179746]}, "properties": {"kind": "bus_stop"}}, {"type": "Feature", "geometry": {"type": "Point", "coordinates": [121.0921404, 14.6051061]}, "properties": {"kind": "bus_stop"}}, {"type": "Feature", "geometry": {"type": "Point", "coordinates": [121.0900749, 14.5968732]}, "properties": {"kind": "bus_stop"}}, {"type": "Feature", "geometry": {"type": "Point", "coordinates": [121.0859747, 14.591007]}, "properties": {"kind": "bus_stop"}}, {"type": "Feature", "geometry": {"type": "Point", "coordinates": [121.0918993, 14.5912915]}, "properties": {"kind": "bus_stop"}}, {"type": "Feature", "geometry": {"type": "Point", "coordinates": [121.0922892, 14.6070709]}, "properties": {"kind": "bus_stop"}}, {"type": "Feature", "geometry": {"type": "Point", "coordinates": [121.0919933, 14.6050805]}, "properties": {"kind": "bus_stop"}}, {"type": "Feature", "geometry": {"type": "Point", "coordinates": [121.0562608, 14.6245283]}, "properties": {"kind": "bus_stop"}}, {"type": "Feature", "geometry": {"type": "Point", "coordinates": [121.0658289, 14.6224103]}, "properties": {"kind": "bus_stop"}}, {"type": "Feature", "geometry": {"type": "Point", "coordinates": [121.0657299, 14.6222363]}, "properties": {"kind": "bus_stop"}}, {"type": "Feature", "geometry": {"type": "Point", "coordinates": [121.0641213, 14.6216937]}, "properties": {"kind": "bus_stop"}}, {"type": "Feature", "geometry": {"type": "Point", "coordinates": [121.0606252, 14.6262387]}, "properties": {"kind": "bus_stop"}}, {"type": "Feature", "geometry": {"type": "Point", "coordinates": [121.0651472, 14.6131913]}, "properties": {"kind": "bus_stop"}}, {"type": "Feature", "geometry": {"type": "Point", "coordinates": [121.0582759, 14.6117417]}, "properties": {"kind": "bus_stop"}}, {"type": "Feature", "geometry": {"type": "Point", "coordinates": [121.0697713, 14.6142898]}, "properties": {"kind": "bus_stop"}}, {"type": "Feature", "geometry": {"type": "Point", "coordinates": [121.0585088, 14.611595]}, "properties": {"kind": "bus_stop"}}, {"type": "Feature", "geometry": {"type": "Point", "coordinates": [121.0621546, 14.6126633]}, "properties": {"kind": "bus_stop"}}, {"type": "Feature", "geometry": {"type": "Point", "coordinates": [121.062361, 14.612518]}, "properties": {"kind": "bus_stop"}}, {"type": "Feature", "geometry": {"type": "Point", "coordinates": [121.064915, 14.6133201]}, "properties": {"kind": "bus_stop"}}, {"type": "Feature", "geometry": {"type": "Point", "coordinates": [121.0695469, 14.6144623]}, "properties": {"kind": "bus_stop"}}, {"type": "Feature", "geometry": {"type": "Point", "coordinates": [121.0468664, 14.6088596]}, "properties": {"kind": "bus_stop"}}, {"type": "Feature", "geometry": {"type": "Point", "coordinates": [121.0467855, 14.608963]}, "properties": {"kind": "bus_stop"}}, {"type": "Feature", "geometry": {"type": "Point", "coordinates": [121.0449546, 14.608728]}, "properties": {"kind": "bus_stop"}}, {"type": "Feature", "geometry": {"type": "Point", "coordinates": [121.0448323, 14.6088646]}, "properties": {"kind": "bus_stop"}}, {"type": "Feature", "geometry": {"type": "Point", "coordinates": [121.0524192, 14.6103309]}, "properties": {"kind": "bus_stop"}}, {"type": "Feature", "geometry": {"type": "Point", "coordinates": [121.0542313, 14.6107756]}, "properties": {"kind": "bus_stop"}}, {"type": "Feature", "geometry": {"type": "Point", "coordinates": [121.0504784, 14.6098426]}, "properties": {"kind": "bus_stop"}}, {"type": "Feature", "geometry": {"type": "Point", "coordinates": [121.0505695, 14.6097656]}, "properties": {"kind": "bus_stop"}}, {"type": "Feature", "geometry": {"type": "Point", "coordinates": [121.0487508, 14.6093283]}, "properties": {"kind": "bus_stop"}}, {"type": "Feature", "geometry": {"type": "Point", "coordinates": [121.0425433, 14.6093988]}, "properties": {"kind": "bus_stop"}}, {"type": "Feature", "geometry": {"type": "Point", "coordinates": [121.0485834, 14.6093984]}, "properties": {"kind": "bus_stop"}}, {"type": "Feature", "geometry": {"type": "Point", "coordinates": [121.0526995, 14.6102545]}, "properties": {"kind": "bus_stop"}}, {"type": "Feature", "geometry": {"type": "Point", "coordinates": [121.0545078, 14.6106737]}, "properties": {"kind": "bus_stop"}}, {"type": "Feature", "geometry": {"type": "Point", "coordinates": [121.0601722, 14.5919742]}, "properties": {"kind": "bus_stop"}}, {"type": "Feature", "geometry": {"type": "Point", "coordinates": [121.086325, 14.5905469]}, "properties": {"kind": "bus_stop"}}, {"type": "Feature", "geometry": {"type": "Point", "coordinates": [121.0646582, 14.6171338]}, "properties": {"kind": "bus_stop"}}, {"type": "Feature", "geometry": {"type": "Point", "coordinates": [121.0574967, 14.6190716]}, "properties": {"kind": "bus_stop"}}, {"type": "Feature", "geometry": {"type": "Point", "coordinates": [121.0589772, 14.6159049]}, "properties": {"kind": "bus_stop"}}, {"type": "Feature", "geometry": {"type": "Point", "coordinates": [121.0601024, 14.6145153]}, "properties": {"kind": "bus_stop"}}, {"type": "Feature", "geometry": {"type": "Point", "coordinates": [121.0794787, 14.6009798]}, "properties": {"kind": "bus_stop"}}, {"type": "Feature", "geometry": {"type": "Point", "coordinates": [121.0792266, 14.6006307]}, "properties": {"kind": "bus_stop"}}, {"type": "Feature", "geometry": {"type": "Point", "coordinates": [121.0763325, 14.6100823]}, "properties": {"kind": "bus_stop"}}, {"type": "Feature", "geometry": {"type": "Point", "coordinates": [121.0763298, 14.6096099]}, "properties": {"kind": "bus_stop"}}, {"type": "Feature", "geometry": {"type": "Point", "coordinates": [121.0614523, 14.6239437]}, "properties": {"kind": "bus_stop"}}, {"type": "Feature", "geometry": {"type": "Point", "coordinates": [121.062872, 14.6171135]}, "properties": {"kind": "bus_stop"}}, {"type": "Feature", "geometry": {"type": "Point", "coordinates": [121.0622381, 14.6139268]}, "properties": {"kind": "bus_stop"}}, {"type": "Feature", "geometry": {"type": "Point", "coordinates": [121.0556969, 14.6286366]}, "properties": {"kind": "bus_stop"}}, {"type": "Feature", "geometry": {"type": "Point", "coordinates": [121.0522221, 14.6273727]}, "properties": {"kind": "bus_stop"}}, {"type": "Feature", "geometry": {"type": "Point", "coordinates": [121.0543129, 14.6282914]}, "properties": {"kind": "bus_stop"}}, {"type": "Feature", "geometry": {"type": "Point", "coordinates": [121.051738, 14.6272501]}, "properties": {"kind": "bus_stop"}}, {"type": "Feature", "geometry": {"type": "Point", "coordinates": [121.053867, 14.6281831]}, "properties": {"kind": "bus_stop"}}, {"type": "Feature", "geometry": {"type": "Point", "coordinates": [121.0582584, 14.6257403]}, "properties": {"kind": "bus_stop"}}, {"type": "Feature", "geometry": {"type": "Point", "coordinates": [121.0573424, 14.6276738]}, "properties": {"kind": "bus_stop"}}, {"type": "Feature", "geometry": {"type": "Point", "coordinates": [121.0485139, 14.6278217]}, "properties": {"kind": "bus_stop"}}, {"type": "Feature", "geometry": {"type": "Point", "coordinates": [121.0504498, 14.6054993]}, "properties": {"kind": "bus_stop"}}, {"type": "Feature", "geometry": {"type": "Point", "coordinates": [121.0596069, 14.6160745]}, "properties": {"kind": "bus_stop"}}, {"type": "Feature", "geometry": {"type": "Point", "coordinates": [121.0562819, 14.614976]}, "properties": {"kind": "bus_stop"}}, {"type": "Feature", "geometry": {"type": "Point", "coordinates": [121.0578189, 14.6153657]}, "properties": {"kind": "bus_stop"}}, {"type": "Feature", "geometry": {"type": "Point", "coordinates": [121.0506875, 14.6073554]}, "properties": {"kind": "bus_stop"}}, {"type": "Feature", "geometry": {"type": "Point", "coordinates": [121.061586, 14.6154607]}, "properties": {"kind": "bus_stop"}}, {"type": "Feature", "geometry": {"type": "Point", "coordinates": [121.0635792, 14.6154565]}, "properties": {"kind": "bus_stop"}}, {"type": "Feature", "geometry": {"type": "Point", "coordinates": [121.0643262, 14.6137523]}, "properties": {"kind": "bus_stop"}}, {"type": "Feature", "geometry": {"type": "Point", "coordinates": [121.050975, 14.6073155]}, "properties": {"kind": "bus_stop"}}, {"type": "Feature", "geometry": {"type": "Point", "coordinates": [121.0516161, 14.6056292]}, "properties": {"kind": "bus_stop"}}, {"type": "Feature", "geometry": {"type": "Point", "coordinates": [121.0717584, 14.6226119]}, "properties": {"kind": "bus_stop"}}, {"type": "Feature", "geometry": {"type": "Point", "coordinates": [121.0658631, 14.6153779]}, "properties": {"kind": "bus_stop"}}, {"type": "Feature", "geometry": {"type": "Point", "coordinates": [121.0709699, 14.6250031]}, "properties": {"kind": "bus_stop"}}, {"type": "Feature", "geometry": {"type": "Point", "coordinates": [121.0686127, 14.6150258]}, "properties": {"kind": "bus_stop"}}, {"type": "Feature", "geometry": {"type": "Point", "coordinates": [121.0700156, 14.6276621]}, "properties": {"kind": "bus_stop"}}, {"type": "Feature", "geometry": {"type": "Point", "coordinates": [121.0698161, 14.6162238]}, "properties": {"kind": "bus_stop"}}, {"type": "Feature", "geometry": {"type": "Point", "coordinates": [121.0706058, 14.6179627]}, "properties": {"kind": "bus_stop"}}, {"type": "Feature", "geometry": {"type": "Point", "coordinates": [121.0719439, 14.6208671]}, "properties": {"kind": "bus_stop"}}, {"type": "Feature", "geometry": {"type": "Point", "coordinates": [121.0439455, 14.6759411]}, "properties": {"kind": "place_of_worship"}}, {"type": "Feature", "geometry": {"type": "Point", "coordinates": [121.0459156, 14.6415496]}, "properties": {"kind": "bus_stop"}}, {"type": "Feature", "geometry": {"type": "Point", "coordinates": [121.0404222, 14.6471352]}, "properties": {"kind": "bus_stop"}}, {"type": "Feature", "geometry": {"type": "Point", "coordinates": [121.0389859, 14.6499318]}, "properties": {"kind": "bus_stop"}}, {"type": "Feature", "geometry": {"type": "Point", "coordinates": [121.0401192, 14.6533371]}, "properties": {"kind": "bus_stop"}}, {"type": "Feature", "geometry": {"type": "Point", "coordinates": [121.0433768, 14.6529046]}, "properties": {"kind": "bus_stop"}}, {"type": "Feature", "geometry": {"type": "Point", "coordinates": [121.0450518, 14.6522003]}, "properties": {"kind": "bus_stop"}}, {"type": "Feature", "geometry": {"type": "Point", "coordinates": [121.0427493, 14.6438201]}, "properties": {"kind": "bus_stop"}}, {"type": "Feature", "geometry": {"type": "Point", "coordinates": [121.0413505, 14.6453127]}, "properties": {"kind": "bus_stop"}}, {"type": "Feature", "geometry": {"type": "Point", "coordinates": [121.038459, 14.6531341]}, "properties": {"kind": "bus_stop"}}, {"type": "Feature", "geometry": {"type": "Point", "coordinates": [121.044223, 14.6429843]}, "properties": {"kind": "bus_stop"}}, {"type": "Feature", "geometry": {"type": "Point", "coordinates": [121.0386349, 14.6517131]}, "properties": {"kind": "bus_stop"}}, {"type": "Feature", "geometry": {"type": "Point", "coordinates": [121.0441509, 14.6426819]}, "properties": {"kind": "bus_stop"}}, {"type": "Feature", "geometry": {"type": "Point", "coordinates": [121.0523427, 14.6192415]}, "properties": {"kind": "marketplace"}}, {"type": "Feature", "geometry": {"type": "Point", "coordinates": [121.1034265, 14.6471157]}, "properties": {"kind": "school"}}, {"type": "Feature", "geometry": {"type": "Point", "coordinates": [121.0975287, 14.631281]}, "properties": {"kind": "school"}}, {"type": "Feature", "geometry": {"type": "Point", "coordinates": [121.0966026, 14.6305536]}, "properties": {"kind": "school"}}, {"type": "Feature", "geometry": {"type": "Point", "coordinates": [121.0962517, 14.6390114]}, "properties": {"kind": "school"}}, {"type": "Feature", "geometry": {"type": "Point", "coordinates": [121.1041662, 14.6513993]}, "properties": {"kind": "place_of_worship"}}, {"type": "Feature", "geometry": {"type": "Point", "coordinates": [121.1041875, 14.6579594]}, "properties": {"kind": "school"}}, {"type": "Feature", "geometry": {"type": "Point", "coordinates": [121.0790641, 14.6445692]}, "properties": {"kind": "school"}}, {"type": "Feature", "geometry": {"type": "Point", "coordinates": [121.0780956, 14.6102331]}, "properties": {"kind": "place_of_worship"}}, {"type": "Feature", "geometry": {"type": "Point", "coordinates": [121.0799588, 14.640164]}, "properties": {"kind": "place_of_worship"}}, {"type": "Feature", "geometry": {"type": "Point", "coordinates": [121.0777929, 14.6339568]}, "properties": {"kind": "school"}}, {"type": "Feature", "geometry": {"type": "Point", "coordinates": [121.0472489, 14.647247]}, "properties": {"kind": "hospital"}}, {"type": "Feature", "geometry": {"type": "Point", "coordinates": [121.0816351, 14.6439656]}, "properties": {"kind": "place_of_worship"}}, {"type": "Feature", "geometry": {"type": "Point", "coordinates": [121.055133, 14.5969448]}, "properties": {"kind": "school"}}, {"type": "Feature", "geometry": {"type": "Point", "coordinates": [121.081536, 14.6444015]}, "properties": {"kind": "school"}}, {"type": "Feature", "geometry": {"type": "Point", "coordinates": [121.0711821, 14.6589047]}, "properties": {"kind": "place_of_worship"}}, {"type": "Feature", "geometry": {"type": "Point", "coordinates": [121.0646323, 14.6636072]}, "properties": {"kind": "place_of_worship"}}, {"type": "Feature", "geometry": {"type": "Point", "coordinates": [121.0587691, 14.5924668]}, "properties": {"kind": "place_of_worship"}}, {"type": "Feature", "geometry": {"type": "Point", "coordinates": [121.0962244, 14.6305981]}, "properties": {"kind": "place_of_worship"}}, {"type": "Feature", "geometry": {"type": "Point", "coordinates": [121.0498994, 14.6035269]}, "properties": {"kind": "school"}}, {"type": "Feature", "geometry": {"type": "Point", "coordinates": [121.0401605, 14.6044307]}, "properties": {"kind": "school"}}, {"type": "Feature", "geometry": {"type": "Point", "coordinates": [121.042775, 14.602615]}, "properties": {"kind": "school"}}, {"type": "Feature", "geometry": {"type": "Point", "coordinates": [121.0523333, 14.6214957]}, "properties": {"kind": "place_of_worship"}}, {"type": "Feature", "geometry": {"type": "Point", "coordinates": [121.0432937, 14.6353465]}, "properties": {"kind": "station"}}, {"type": "Feature", "geometry": {"type": "Point", "coordinates": [121.0859641, 14.6221076]}, "properties": {"kind": "station"}}, {"type": "Feature", "geometry": {"type": "Point", "coordinates": [121.0901392, 14.6293597]}, "properties": {"kind": "place_of_worship"}}, {"type": "Feature", "geometry": {"type": "Point", "coordinates": [121.0889159, 14.6248503]}, "properties": {"kind": "place_of_worship"}}, {"type": "Feature", "geometry": {"type": "Point", "coordinates": [121.0806651, 14.6220799]}, "properties": {"kind": "place_of_worship"}}, {"type": "Feature", "geometry": {"type": "Point", "coordinates": [121.0803826, 14.6217494]}, "properties": {"kind": "school"}}, {"type": "Feature", "geometry": {"type": "Point", "coordinates": [121.1060777, 14.6223632]}, "properties": {"kind": "school"}}, {"type": "Feature", "geometry": {"type": "Point", "coordinates": [121.0902136, 14.6354074]}, "properties": {"kind": "school"}}, {"type": "Feature", "geometry": {"type": "Point", "coordinates": [121.1027255, 14.6030827]}, "properties": {"kind": "place_of_worship"}}, {"type": "Feature", "geometry": {"type": "Point", "coordinates": [121.0316665, 14.6787645]}, "properties": {"kind": "place_of_worship"}}, {"type": "Feature", "geometry": {"type": "Point", "coordinates": [121.0509345, 14.6225897]}, "properties": {"kind": "school"}}, {"type": "Feature", "geometry": {"type": "Point", "coordinates": [121.0526356, 14.6300306]}, "properties": {"kind": "place_of_worship"}}, {"type": "Feature", "geometry": {"type": "Point", "coordinates": [121.061356, 14.6219966]}, "properties": {"kind": "school"}}, {"type": "Feature", "geometry": {"type": "Point", "coordinates": [121.0695895, 14.6255093]}, "properties": {"kind": "school"}}, {"type": "Feature", "geometry": {"type": "Point", "coordinates": [121.0853311, 14.6341763]}, "properties": {"kind": "school"}}, {"type": "Feature", "geometry": {"type": "Point", "coordinates": [121.0695086, 14.6249654]}, "properties": {"kind": "place_of_worship"}}, {"type": "Feature", "geometry": {"type": "Point", "coordinates": [121.0692825, 14.6240435]}, "properties": {"kind": "school"}}, {"type": "Feature", "geometry": {"type": "Point", "coordinates": [121.0682207, 14.6227688]}, "properties": {"kind": "marketplace"}}, {"type": "Feature", "geometry": {"type": "Point", "coordinates": [121.0578874, 14.6213845]}, "properties": {"kind": "school"}}, {"type": "Feature", "geometry": {"type": "Point", "coordinates": [121.1084404, 14.6729905]}, "properties": {"kind": "school"}}, {"type": "Feature", "geometry": {"type": "Point", "coordinates": [121.0903835, 14.6467287]}, "properties": {"kind": "school"}}, {"type": "Feature", "geometry": {"type": "Point", "coordinates": [121.0944079, 14.6502834]}, "properties": {"kind": "school"}}, {"type": "Feature", "geometry": {"type": "Point", "coordinates": [121.1019374, 14.6505675]}, "properties": {"kind": "school"}}, {"type": "Feature", "geometry": {"type": "Point", "coordinates": [121.0432976, 14.6759076]}, "properties": {"kind": "marketplace"}}, {"type": "Feature", "geometry": {"type": "Point", "coordinates": [121.0463948, 14.6850973]}, "properties": {"kind": "school"}}, {"type": "Feature", "geometry": {"type": "Point", "coordinates": [121.0984437, 14.6361025]}, "properties": {"kind": "hospital"}}, {"type": "Feature", "geometry": {"type": "Point", "coordinates": [121.0813197, 14.6329819]}, "properties": {"kind": "place_of_worship"}}, {"type": "Feature", "geometry": {"type": "Point", "coordinates": [121.0866298, 14.6341571]}, "properties": {"kind": "place_of_worship"}}, {"type": "Feature", "geometry": {"type": "Point", "coordinates": [121.0854262, 14.6339293]}, "properties": {"kind": "place_of_worship"}}, {"type": "Feature", "geometry": {"type": "Point", "coordinates": [121.1012582, 14.6222262]}, "properties": {"kind": "place_of_worship"}}, {"type": "Feature", "geometry": {"type": "Point", "coordinates": [121.0529633, 14.6001604]}, "properties": {"kind": "place_of_worship"}}, {"type": "Feature", "geometry": {"type": "Point", "coordinates": [121.1046585, 14.6590009]}, "properties": {"kind": "place_of_worship"}}, {"type": "Feature", "geometry": {"type": "Point", "coordinates": [121.040468, 14.6507807]}, "properties": {"kind": "school"}}, {"type": "Feature", "geometry": {"type": "Point", "coordinates": [121.0645853, 14.6126172]}, "properties": {"kind": "school"}}, {"type": "Feature", "geometry": {"type": "Point", "coordinates": [121.0608534, 14.6117394]}, "properties": {"kind": "place_of_worship"}}, {"type": "Feature", "geometry": {"type": "Point", "coordinates": [121.0565992, 14.6154393]}, "properties": {"kind": "place_of_worship"}}, {"type": "Feature", "geometry": {"type": "Point", "coordinates": [121.0528348, 14.6542607]}, "properties": {"kind": "marketplace"}}, {"type": "Feature", "geometry": {"type": "Point", "coordinates": [121.0520007, 14.6348324]}, "properties": {"kind": "hospital"}}, {"type": "Feature", "geometry": {"type": "Point", "coordinates": [121.0305715, 14.6434242]}, "properties": {"kind": "place_of_worship"}}, {"type": "Feature", "geometry": {"type": "Point", "coordinates": [121.0479244, 14.6419117]}, "properties": {"kind": "hospital"}}, {"type": "Feature", "geometry": {"type": "Point", "coordinates": [121.0484175, 14.6439166]}, "properties": {"kind": "hospital"}}, {"type": "Feature", "geometry": {"type": "Point", "coordinates": [121.0726421, 14.6675899]}, "properties": {"kind": "hospital"}}, {"type": "Feature", "geometry": {"type": "Point", "coordinates": [121.0330732, 14.6502462]}, "properties": {"kind": "school"}}, {"type": "Feature", "geometry": {"type": "Point", "coordinates": [121.0400526, 14.6565115]}, "properties": {"kind": "hospital"}}, {"type": "Feature", "geometry": {"type": "Point", "coordinates": [121.056524, 14.6078561]}, "properties": {"kind": "station"}}, {"type": "Feature", "geometry": {"type": "Point", "coordinates": [121.0484153, 14.6665379]}, "properties": {"kind": "place_of_worship"}}, {"type": "Feature", "geometry": {"type": "Point", "coordinates": [121.0666863, 14.6643312]}, "properties": {"kind": "hospital"}}, {"type": "Feature", "geometry": {"type": "Point", "coordinates": [121.0435126, 14.6469763]}, "properties": {"kind": "hospital"}}, {"type": "Feature", "geometry": {"type": "Point", "coordinates": [121.0816993, 14.6894098]}, "properties": {"kind": "school"}}, {"type": "Feature", "geometry": {"type": "Point", "coordinates": [121.0721322, 14.6530105]}, "properties": {"kind": "school"}}, {"type": "Feature", "geometry": {"type": "Point", "coordinates": [121.0652574, 14.6633828]}, "properties": {"kind": "place_of_worship"}}, {"type": "Feature", "geometry": {"type": "Point", "coordinates": [121.0467199, 14.6739809]}, "properties": {"kind": "school"}}, {"type": "Feature", "geometry": {"type": "Point", "coordinates": [121.0563063, 14.6682662]}, "properties": {"kind": "school"}}, {"type": "Feature", "geometry": {"type": "Point", "coordinates": [121.0431209, 14.6756073]}, "properties": {"kind": "marketplace"}}, {"type": "Feature", "geometry": {"type": "Point", "coordinates": [121.0432747, 14.6754231]}, "properties": {"kind": "marketplace"}}, {"type": "Feature", "geometry": {"type": "Point", "coordinates": [121.0311533, 14.6287088]}, "properties": {"kind": "school"}}, {"type": "Feature", "geometry": {"type": "Point", "coordinates": [121.0507353, 14.6372408]}, "properties": {"kind": "place_of_worship"}}, {"type": "Feature", "geometry": {"type": "Point", "coordinates": [121.0500896, 14.6187951]}, "properties": {"kind": "marketplace"}}, {"type": "Feature", "geometry": {"type": "Point", "coordinates": [121.0727449, 14.6153384]}, "properties": {"kind": "school"}}, {"type": "Feature", "geometry": {"type": "Point", "coordinates": [121.0690144, 14.6287239]}, "properties": {"kind": "place_of_worship"}}, {"type": "Feature", "geometry": {"type": "Point", "coordinates": [121.0349177, 14.6771399]}, "properties": {"kind": "place_of_worship"}}, {"type": "Feature", "geometry": {"type": "Point", "coordinates": [121.1073369, 14.6702935]}, "properties": {"kind": "place_of_worship"}}, {"type": "Feature", "geometry": {"type": "Point", "coordinates": [121.0555981, 14.6053432]}, "properties": {"kind": "school"}}, {"type": "Feature", "geometry": {"type": "Point", "coordinates": [121.042706, 14.6185972]}, "properties": {"kind": "station"}}, {"type": "Feature", "geometry": {"type": "Point", "coordinates": [121.0458929, 14.6748811]}, "properties": {"kind": "hospital"}}, {"type": "Feature", "geometry": {"type": "Point", "coordinates": [121.1019688, 14.6705454]}, "properties": {"kind": "school"}}, {"type": "Feature", "geometry": {"type": "Point", "coordinates": [121.0551945, 14.646474]}, "properties": {"kind": "school"}}, {"type": "Feature", "geometry": {"type": "Point", "coordinates": [121.0563491, 14.646658]}, "properties": {"kind": "school"}}, {"type": "Feature", "geometry": {"type": "Point", "coordinates": [121.0550422, 14.6470391]}, "properties": {"kind": "place_of_worship"}}, {"type": "Feature", "geometry": {"type": "Point", "coordinates": [121.0347676, 14.6277829]}, "properties": {"kind": "hospital"}}, {"type": "Feature", "geometry": {"type": "Point", "coordinates": [121.0307646, 14.5984229]}, "properties": {"kind": "place_of_worship"}}, {"type": "Feature", "geometry": {"type": "Point", "coordinates": [121.0456291, 14.6627194]}, "properties": {"kind": "place_of_worship"}}, {"type": "Feature", "geometry": {"type": "Point", "coordinates": [121.0959689, 14.6448424]}, "properties": {"kind": "place_of_worship"}}, {"type": "Feature", "geometry": {"type": "Point", "coordinates": [121.0730002, 14.613223]}, "properties": {"kind": "place_of_worship"}}, {"type": "Feature", "geometry": {"type": "Point", "coordinates": [121.1027964, 14.6245013]}, "properties": {"kind": "hospital"}}, {"type": "Feature", "geometry": {"type": "Point", "coordinates": [121.0336488, 14.6688986]}, "properties": {"kind": "hospital"}}, {"type": "Feature", "geometry": {"type": "Point", "coordinates": [121.0941884, 14.6345204]}, "properties": {"kind": "school"}}, {"type": "Feature", "geometry": {"type": "Point", "coordinates": [121.0393132, 14.6216677]}, "properties": {"kind": "place_of_worship"}}, {"type": "Feature", "geometry": {"type": "Point", "coordinates": [121.0839013, 14.6375847]}, "properties": {"kind": "place_of_worship"}}, {"type": "Feature", "geometry": {"type": "Point", "coordinates": [121.0827964, 14.6337313]}, "properties": {"kind": "school"}}, {"type": "Feature", "geometry": {"type": "Point", "coordinates": [121.0817966, 14.6352689]}, "properties": {"kind": "place_of_worship"}}, {"type": "Feature", "geometry": {"type": "Point", "coordinates": [121.0412124, 14.6625143]}, "properties": {"kind": "place_of_worship"}}, {"type": "Feature", "geometry": {"type": "Point", "coordinates": [121.110016, 14.6394487]}, "properties": {"kind": "hospital"}}, {"type": "Feature", "geometry": {"type": "Point", "coordinates": [121.0976915, 14.6229885]}, "properties": {"kind": "place_of_worship"}}, {"type": "Feature", "geometry": {"type": "Point", "coordinates": [121.1040713, 14.626777]}, "properties": {"kind": "place_of_worship"}}, {"type": "Feature", "geometry": {"type": "Point", "coordinates": [121.1031872, 14.6260105]}, "properties": {"kind": "place_of_worship"}}, {"type": "Feature", "geometry": {"type": "Point", "coordinates": [121.0407847, 14.6373585]}, "properties": {"kind": "place_of_worship"}}, {"type": "Feature", "geometry": {"type": "Point", "coordinates": [121.0403232, 14.63707]}, "properties": {"kind": "place_of_worship"}}, {"type": "Feature", "geometry": {"type": "Point", "coordinates": [121.1023467, 14.6229236]}, "properties": {"kind": "place_of_worship"}}, {"type": "Feature", "geometry": {"type": "Point", "coordinates": [121.0962135, 14.6330035]}, "properties": {"kind": "marketplace"}}, {"type": "Feature", "geometry": {"type": "Point", "coordinates": [121.0719859, 14.6598175]}, "properties": {"kind": "place_of_worship"}}, {"type": "Feature", "geometry": {"type": "Point", "coordinates": [121.0725573, 14.6523422]}, "properties": {"kind": "school"}}, {"type": "Feature", "geometry": {"type": "Point", "coordinates": [121.072153, 14.6523405]}, "properties": {"kind": "school"}}, {"type": "Feature", "geometry": {"type": "Point", "coordinates": [121.0385751, 14.642555]}, "properties": {"kind": "station"}}, {"type": "Feature", "geometry": {"type": "Point", "coordinates": [121.0799888, 14.6063262]}, "properties": {"kind": "place_of_worship"}}, {"type": "Feature", "geometry": {"type": "Point", "coordinates": [121.0472504, 14.6364501]}, "properties": {"kind": "school"}}, {"type": "Feature", "geometry": {"type": "Point", "coordinates": [121.0478557, 14.635527]}, "properties": {"kind": "place_of_worship"}}, {"type": "Feature", "geometry": {"type": "Point", "coordinates": [121.0375079, 14.6417102]}, "properties": {"kind": "school"}}, {"type": "Feature", "geometry": {"type": "Point", "coordinates": [121.0388949, 14.6285199]}, "properties": {"kind": "school"}}, {"type": "Feature", "geometry": {"type": "Point", "coordinates": [121.0641162, 14.6123935]}, "properties": {"kind": "hospital"}}, {"type": "Feature", "geometry": {"type": "Point", "coordinates": [121.0331422, 14.6051582]}, "properties": {"kind": "school"}}, {"type": "Feature", "geometry": {"type": "Point", "coordinates": [121.0607896, 14.6439384]}, "properties": {"kind": "school"}}, {"type": "Feature", "geometry": {"type": "Point", "coordinates": [121.0556981, 14.6729781]}, "properties": {"kind": "school"}}, {"type": "Feature", "geometry": {"type": "Point", "coordinates": [121.0464912, 14.6274365]}, "properties": {"kind": "school"}}, {"type": "Feature", "geometry": {"type": "Point", "coordinates": [121.0503322, 14.6757421]}, "properties": {"kind": "place_of_worship"}}, {"type": "Feature", "geometry": {"type": "Point", "coordinates": [121.0470035, 14.681231]}, "properties": {"kind": "school"}}, {"type": "Feature", "geometry": {"type": "Point", "coordinates": [121.0525028, 14.6774246]}, "properties": {"kind": "school"}}, {"type": "Feature", "geometry": {"type": "Point", "coordinates": [121.0394622, 14.677525]}, "properties": {"kind": "place_of_worship"}}, {"type": "Feature", "geometry": {"type": "Point", "coordinates": [121.0417983, 14.6172153]}, "properties": {"kind": "place_of_worship"}}, {"type": "Feature", "geometry": {"type": "Point", "coordinates": [121.0422475, 14.6037953]}, "properties": {"kind": "place_of_worship"}}, {"type": "Feature", "geometry": {"type": "Point", "coordinates": [121.0932121, 14.6476129]}, "properties": {"kind": "place_of_worship"}}, {"type": "Feature", "geometry": {"type": "Point", "coordinates": [121.0949968, 14.6464468]}, "properties": {"kind": "place_of_worship"}}, {"type": "Feature", "geometry": {"type": "Point", "coordinates": [121.0975627, 14.6460524]}, "properties": {"kind": "place_of_worship"}}, {"type": "Feature", "geometry": {"type": "Point", "coordinates": [121.0964393, 14.6449638]}, "properties": {"kind": "place_of_worship"}}, {"type": "Feature", "geometry": {"type": "Point", "coordinates": [121.094689, 14.6421814]}, "properties": {"kind": "hospital"}}, {"type": "Feature", "geometry": {"type": "Point", "coordinates": [121.0738061, 14.6358032]}, "properties": {"kind": "school"}}, {"type": "Feature", "geometry": {"type": "Point", "coordinates": [121.0738875, 14.642239]}, "properties": {"kind": "school"}}, {"type": "Feature", "geometry": {"type": "Point", "coordinates": [121.1076272, 14.6509537]}, "properties": {"kind": "hospital"}}, {"type": "Feature", "geometry": {"type": "Point", "coordinates": [121.0395558, 14.5949695]}, "properties": {"kind": "school"}}, {"type": "Feature", "geometry": {"type": "Point", "coordinates": [121.0364036, 14.5989359]}, "properties": {"kind": "school"}}, {"type": "Feature", "geometry": {"type": "Point", "coordinates": [121.0948975, 14.6866908]}, "properties": {"kind": "school"}}, {"type": "Feature", "geometry": {"type": "Point", "coordinates": [121.0461376, 14.6796456]}, "properties": {"kind": "school"}}, {"type": "Feature", "geometry": {"type": "Point", "coordinates": [121.060688, 14.6649194]}, "properties": {"kind": "place_of_worship"}}, {"type": "Feature", "geometry": {"type": "Point", "coordinates": [121.0583828, 14.6660099]}, "properties": {"kind": "place_of_worship"}}, {"type": "Feature", "geometry": {"type": "Point", "coordinates": [121.0372642, 14.6723612]}, "properties": {"kind": "school"}}, {"type": "Feature", "geometry": {"type": "Point", "coordinates": [121.0722637, 14.6298332]}, "properties": {"kind": "place_of_worship"}}, {"type": "Feature", "geometry": {"type": "Point", "coordinates": [121.0319159, 14.6484235]}, "properties": {"kind": "place_of_worship"}}, {"type": "Feature", "geometry": {"type": "Point", "coordinates": [121.0734923, 14.6530538]}, "properties": {"kind": "school"}}, {"type": "Feature", "geometry": {"type": "Point", "coordinates": [121.1029889, 14.6170821]}, "properties": {"kind": "marketplace"}}, {"type": "Feature", "geometry": {"type": "Point", "coordinates": [121.0586066, 14.6182005]}, "properties": {"kind": "place_of_worship"}}, {"type": "Feature", "geometry": {"type": "Point", "coordinates": [121.0531248, 14.6228614]}, "properties": {"kind": "station"}}, {"type": "Feature", "geometry": {"type": "Point", "coordinates": [121.0641518, 14.6583257]}, "properties": {"kind": "school"}}, {"type": "Feature", "geometry": {"type": "Point", "coordinates": [121.1047106, 14.6225635]}, "properties": {"kind": "school"}}, {"type": "Feature", "geometry": {"type": "Point", "coordinates": [121.0341458, 14.6135362]}, "properties": {"kind": "station"}}, {"type": "Feature", "geometry": {"type": "Point", "coordinates": [121.0647231, 14.6279862]}, "properties": {"kind": "station"}}, {"type": "Feature", "geometry": {"type": "Point", "coordinates": [121.0640845, 14.6282685]}, "properties": {"kind": "place_of_worship"}}, {"type": "Feature", "geometry": {"type": "Point", "coordinates": [121.0961507, 14.6344131]}, "properties": {"kind": "place_of_worship"}}, {"type": "Feature", "geometry": {"type": "Point", "coordinates": [121.0316844, 14.6412486]}, "properties": {"kind": "hospital"}}, {"type": "Feature", "geometry": {"type": "Point", "coordinates": [121.03385, 14.6413616]}, "properties": {"kind": "place_of_worship"}}, {"type": "Feature", "geometry": {"type": "Point", "coordinates": [121.0358619, 14.6159922]}, "properties": {"kind": "school"}}, {"type": "Feature", "geometry": {"type": "Point", "coordinates": [121.0358347, 14.6157618]}, "properties": {"kind": "place_of_worship"}}, {"type": "Feature", "geometry": {"type": "Point", "coordinates": [121.0456866, 14.6130414]}, "properties": {"kind": "place_of_worship"}}, {"type": "Feature", "geometry": {"type": "Point", "coordinates": [121.0532135, 14.6083862]}, "properties": {"kind": "place_of_worship"}}, {"type": "Feature", "geometry": {"type": "Point", "coordinates": [121.1060302, 14.5913808]}, "properties": {"kind": "school"}}, {"type": "Feature", "geometry": {"type": "Point", "coordinates": [121.1032506, 14.663632]}, "properties": {"kind": "school"}}, {"type": "Feature", "geometry": {"type": "Point", "coordinates": [121.0323313, 14.6521693]}, "properties": {"kind": "station"}}, {"type": "Feature", "geometry": {"type": "Point", "coordinates": [121.053265, 14.683506]}, "properties": {"kind": "place_of_worship"}}, {"type": "Feature", "geometry": {"type": "Point", "coordinates": [121.0736746, 14.6551531]}, "properties": {"kind": "school"}}, {"type": "Feature", "geometry": {"type": "Point", "coordinates": [121.0414436, 14.6475865]}, "properties": {"kind": "hospital"}}, {"type": "Feature", "geometry": {"type": "Point", "coordinates": [121.0328076, 14.6817887]}, "properties": {"kind": "school"}}, {"type": "Feature", "geometry": {"type": "Point", "coordinates": [121.0608852, 14.636031]}, "properties": {"kind": "school"}}, {"type": "Feature", "geometry": {"type": "Point", "coordinates": [121.0540202, 14.6425288]}, "properties": {"kind": "marketplace"}}, {"type": "Feature", "geometry": {"type": "Point", "coordinates": [121.0849254, 14.6802629]}, "properties": {"kind": "school"}}, {"type": "Feature", "geometry": {"type": "Point", "coordinates": [121.0568355, 14.6236745]}, "properties": {"kind": "place_of_worship"}}, {"type": "Feature", "geometry": {"type": "Point", "coordinates": [121.0550574, 14.6368588]}, "properties": {"kind": "place_of_worship"}}, {"type": "Feature", "geometry": {"type": "Point", "coordinates": [121.0432073, 14.6218996]}, "properties": {"kind": "place_of_worship"}}, {"type": "Feature", "geometry": {"type": "Point", "coordinates": [121.0837514, 14.6070281]}, "properties": {"kind": "place_of_worship"}}, {"type": "Feature", "geometry": {"type": "Point", "coordinates": [121.0637986, 14.6443021]}, "properties": {"kind": "place_of_worship"}}, {"type": "Feature", "geometry": {"type": "Point", "coordinates": [121.054613, 14.6391457]}, "properties": {"kind": "school"}}, {"type": "Feature", "geometry": {"type": "Point", "coordinates": [121.0375486, 14.6722447]}, "properties": {"kind": "place_of_worship"}}, {"type": "Feature", "geometry": {"type": "Point", "coordinates": [121.0724599, 14.6400881]}, "properties": {"kind": "place_of_worship"}}, {"type": "Feature", "geometry": {"type": "Point", "coordinates": [121.0736317, 14.6452799]}, "properties": {"kind": "school"}}, {"type": "Feature", "geometry": {"type": "Point", "coordinates": [121.0718822, 14.6417808]}, "properties": {"kind": "place_of_worship"}}, {"type": "Feature", "geometry": {"type": "Point", "coordinates": [121.0692998, 14.6420747]}, "properties": {"kind": "school"}}, {"type": "Feature", "geometry": {"type": "Point", "coordinates": [121.09944, 14.6371064]}, "properties": {"kind": "hospital"}}, {"type": "Feature", "geometry": {"type": "Point", "coordinates": [121.1042082, 14.6348772]}, "properties": {"kind": "place_of_worship"}}, {"type": "Feature", "geometry": {"type": "Point", "coordinates": [121.0936445, 14.6895526]}, "properties": {"kind": "school"}}, {"type": "Feature", "geometry": {"type": "Point", "coordinates": [121.0790603, 14.6546129]}, "properties": {"kind": "place_of_worship"}}, {"type": "Feature", "geometry": {"type": "Point", "coordinates": [121.0746352, 14.6632222]}, "properties": {"kind": "place_of_worship"}}, {"type": "Feature", "geometry": {"type": "Point", "coordinates": [121.0611065, 14.6457329]}, "properties": {"kind": "place_of_worship"}}, {"type": "Feature", "geometry": {"type": "Point", "coordinates": [121.0943184, 14.637667]}, "properties": {"kind": "place_of_worship"}}, {"type": "Feature", "geometry": {"type": "Point", "coordinates": [121.0899104, 14.6292179]}, "properties": {"kind": "place_of_worship"}}, {"type": "Feature", "geometry": {"type": "Point", "coordinates": [121.0832893, 14.6555941]}, "properties": {"kind": "place_of_worship"}}, {"type": "Feature", "geometry": {"type": "Point", "coordinates": [121.0939128, 14.6556136]}, "properties": {"kind": "school"}}, {"type": "Feature", "geometry": {"type": "Point", "coordinates": [121.056202, 14.6470535]}, "properties": {"kind": "school"}}, {"type": "Feature", "geometry": {"type": "Point", "coordinates": [121.0576605, 14.6425039]}, "properties": {"kind": "school"}}, {"type": "Feature", "geometry": {"type": "Point", "coordinates": [121.0473923, 14.6306442]}, "properties": {"kind": "place_of_worship"}}, {"type": "Feature", "geometry": {"type": "Point", "coordinates": [121.0366234, 14.6363805]}, "properties": {"kind": "place_of_worship"}}, {"type": "Feature", "geometry": {"type": "Point", "coordinates": [121.0473223, 14.6288044]}, "properties": {"kind": "marketplace"}}, {"type": "Feature", "geometry": {"type": "Point", "coordinates": [121.0452244, 14.6303465]}, "properties": {"kind": "place_of_worship"}}, {"type": "Feature", "geometry": {"type": "Point", "coordinates": [121.0396014, 14.6314473]}, "properties": {"kind": "place_of_worship"}}, {"type": "Feature", "geometry": {"type": "Point", "coordinates": [121.0411208, 14.6302894]}, "properties": {"kind": "place_of_worship"}}, {"type": "Feature", "geometry": {"type": "Point", "coordinates": [121.0419726, 14.6294168]}, "properties": {"kind": "school"}}, {"type": "Feature", "geometry": {"type": "Point", "coordinates": [121.0322095, 14.6417571]}, "properties": {"kind": "school"}}, {"type": "Feature", "geometry": {"type": "Point", "coordinates": [121.0335026, 14.6407331]}, "properties": {"kind": "place_of_worship"}}, {"type": "Feature", "geometry": {"type": "Point", "coordinates": [121.0697186, 14.6353041]}, "properties": {"kind": "place_of_worship"}}, {"type": "Feature", "geometry": {"type": "Point", "coordinates": [121.0724383, 14.6393088]}, "properties": {"kind": "school"}}, {"type": "Feature", "geometry": {"type": "Point", "coordinates": [121.0724982, 14.6394836]}, "properties": {"kind": "place_of_worship"}}, {"type": "Feature", "geometry": {"type": "Point", "coordinates": [121.0681151, 14.6358588]}, "properties": {"kind": "school"}}, {"type": "Feature", "geometry": {"type": "Point", "coordinates": [121.0595412, 14.6315695]}, "properties": {"kind": "place_of_worship"}}, {"type": "Feature", "geometry": {"type": "Point", "coordinates": [121.1089582, 14.6383662]}, "properties": {"kind": "hospital"}}, {"type": "Feature", "geometry": {"type": "Point", "coordinates": [121.0632819, 14.6166202]}, "properties": {"kind": "place_of_worship"}}, {"type": "Feature", "geometry": {"type": "Point", "coordinates": [121.0455455, 14.6185429]}, "properties": {"kind": "place_of_worship"}}, {"type": "Feature", "geometry": {"type": "Point", "coordinates": [121.0615691, 14.6274185]}, "properties": {"kind": "place_of_worship"}}, {"type": "Feature", "geometry": {"type": "Point", "coordinates": [121.0466735, 14.6227869]}, "properties": {"kind": "place_of_worship"}}, {"type": "Feature", "geometry": {"type": "Point", "coordinates": [121.0410971, 14.6221021]}, "properties": {"kind": "place_of_worship"}}, {"type": "Feature", "geometry": {"type": "Point", "coordinates": [121.0586712, 14.6282044]}, "properties": {"kind": "school"}}, {"type": "Feature", "geometry": {"type": "Point", "coordinates": [121.0305034, 14.6142767]}, "properties": {"kind": "place_of_worship"}}, {"type": "Feature", "geometry": {"type": "Point", "coordinates": [121.0464675, 14.6279175]}, "properties": {"kind": "place_of_worship"}}, {"type": "Feature", "geometry": {"type": "Point", "coordinates": [121.0697981, 14.6153031]}, "properties": {"kind": "place_of_worship"}}, {"type": "Feature", "geometry": {"type": "Point", "coordinates": [121.0704817, 14.6172315]}, "properties": {"kind": "place_of_worship"}}, {"type": "Feature", "geometry": {"type": "Point", "coordinates": [121.0673704, 14.6193783]}, "properties": {"kind": "place_of_worship"}}, {"type": "Feature", "geometry": {"type": "Point", "coordinates": [121.0660721, 14.6219447]}, "properties": {"kind": "hospital"}}, {"type": "Feature", "geometry": {"type": "Point", "coordinates": [121.0523984, 14.6009131]}, "properties": {"kind": "school"}}, {"type": "Feature", "geometry": {"type": "Point", "coordinates": [121.0461763, 14.5975263]}, "properties": {"kind": "place_of_worship"}}, {"type": "Feature", "geometry": {"type": "Point", "coordinates": [121.0954518, 14.6356861]}, "properties": {"kind": "place_of_worship"}}, {"type": "Feature", "geometry": {"type": "Point", "coordinates": [121.0792278, 14.6261455]}, "properties": {"kind": "place_of_worship"}}, {"type": "Feature", "geometry": {"type": "Point", "coordinates": [121.0708419, 14.685214]}, "properties": {"kind": "place_of_worship"}}, {"type": "Feature", "geometry": {"type": "Point", "coordinates": [121.0677332, 14.6882027]}, "properties": {"kind": "place_of_worship"}}, {"type": "Feature", "geometry": {"type": "Point", "coordinates": [121.0596119, 14.688643]}, "properties": {"kind": "place_of_worship"}}, {"type": "Feature", "geometry": {"type": "Point", "coordinates": [121.0973901, 14.6323606]}, "properties": {"kind": "school"}}, {"type": "Feature", "geometry": {"type": "Point", "coordinates": [121.0927023, 14.688587]}, "properties": {"kind": "place_of_worship"}}, {"type": "Feature", "geometry": {"type": "Point", "coordinates": [121.1024771, 14.6885167]}, "properties": {"kind": "place_of_worship"}}, {"type": "Feature", "geometry": {"type": "Point", "coordinates": [121.0665475, 14.6849715]}, "properties": {"kind": "place_of_worship"}}, {"type": "Feature", "geometry": {"type": "Point", "coordinates": [121.0903398, 14.685274]}, "properties": {"kind": "place_of_worship"}}, {"type": "Feature", "geometry": {"type": "Point", "coordinates": [121.0753012, 14.6889872]}, "properties": {"kind": "place_of_worship"}}, {"type": "Feature", "geometry": {"type": "Point", "coordinates": [121.0690446, 14.6712774]}, "properties": {"kind": "place_of_worship"}}, {"type": "Feature", "geometry": {"type": "Point", "coordinates": [121.0734991, 14.6706268]}, "properties": {"kind": "place_of_worship"}}, {"type": "Feature", "geometry": {"type": "Point", "coordinates": [121.0704132, 14.6759954]}, "properties": {"kind": "place_of_worship"}}, {"type": "Feature", "geometry": {"type": "Point", "coordinates": [121.0712872, 14.6775321]}, "properties": {"kind": "place_of_worship"}}, {"type": "Feature", "geometry": {"type": "Point", "coordinates": [121.0545716, 14.6645342]}, "properties": {"kind": "place_of_worship"}}, {"type": "Feature", "geometry": {"type": "Point", "coordinates": [121.0654095, 14.627664]}, "properties": {"kind": "place_of_worship"}}, {"type": "Feature", "geometry": {"type": "Point", "coordinates": [121.0633256, 14.6270434]}, "properties": {"kind": "hospital"}}, {"type": "Feature", "geometry": {"type": "Point", "coordinates": [121.0763889, 14.6167648]}, "properties": {"kind": "place_of_worship"}}, {"type": "Feature", "geometry": {"type": "Point", "coordinates": [121.0852829, 14.6874305]}, "properties": {"kind": "place_of_worship"}}, {"type": "Feature", "geometry": {"type": "Point", "coordinates": [121.0861911, 14.680717]}, "properties": {"kind": "place_of_worship"}}, {"type": "Feature", "geometry": {"type": "Point", "coordinates": [121.1025171, 14.6699637]}, "properties": {"kind": "place_of_worship"}}, {"type": "Feature", "geometry": {"type": "Point", "coordinates": [121.096315, 14.6511855]}, "properties": {"kind": "place_of_worship"}}, {"type": "Feature", "geometry": {"type": "Point", "coordinates": [121.1037942, 14.6478702]}, "properties": {"kind": "school"}}, {"type": "Feature", "geometry": {"type": "Point", "coordinates": [121.0928182, 14.6482138]}, "properties": {"kind": "place_of_worship"}}, {"type": "Feature", "geometry": {"type": "Point", "coordinates": [121.0945145, 14.5935005]}, "properties": {"kind": "school"}}, {"type": "Feature", "geometry": {"type": "Point", "coordinates": [121.0926428, 14.6034153]}, "properties": {"kind": "place_of_worship"}}, {"type": "Feature", "geometry": {"type": "Point", "coordinates": [121.0980378, 14.6150231]}, "properties": {"kind": "place_of_worship"}}, {"type": "Feature", "geometry": {"type": "Point", "coordinates": [121.0965507, 14.6165925]}, "properties": {"kind": "place_of_worship"}}, {"type": "Feature", "geometry": {"type": "Point", "coordinates": [121.0331202, 14.598952]}, "properties": {"kind": "place_of_worship"}}, {"type": "Feature", "geometry": {"type": "Point", "coordinates": [121.0301558, 14.6018392]}, "properties": {"kind": "school"}}, {"type": "Feature", "geometry": {"type": "Point", "coordinates": [121.07479, 14.6346441]}, "properties": {"kind": "bus_station"}}, {"type": "Feature", "geometry": {"type": "Point", "coordinates": [121.072893, 14.6380179]}, "properties": {"kind": "school"}}, {"type": "Feature", "geometry": {"type": "Point", "coordinates": [121.0724539, 14.6368648]}, "properties": {"kind": "school"}}, {"type": "Feature", "geometry": {"type": "Point", "coordinates": [121.1048953, 14.6070885]}, "properties": {"kind": "marketplace"}}, {"type": "Feature", "geometry": {"type": "Point", "coordinates": [121.1066144, 14.6093045]}, "properties": {"kind": "place_of_worship"}}, {"type": "Feature", "geometry": {"type": "Point", "coordinates": [121.1042044, 14.6066415]}, "properties": {"kind": "marketplace"}}, {"type": "Feature", "geometry": {"type": "Point", "coordinates": [121.1052882, 14.6058086]}, "properties": {"kind": "place_of_worship"}}, {"type": "Feature", "geometry": {"type": "Point", "coordinates": [121.0495719, 14.6017151]}, "properties": {"kind": "place_of_worship"}}, {"type": "Feature", "geometry": {"type": "Point", "coordinates": [121.0723361, 14.6016675]}, "properties": {"kind": "place_of_worship"}}, {"type": "Feature", "geometry": {"type": "Point", "coordinates": [121.0963538, 14.6382713]}, "properties": {"kind": "school"}}, {"type": "Feature", "geometry": {"type": "Point", "coordinates": [121.0454291, 14.6533843]}, "properties": {"kind": "place_of_worship"}}, {"type": "Feature", "geometry": {"type": "Point", "coordinates": [121.0853988, 14.6865379]}, "properties": {"kind": "marketplace"}}, {"type": "Feature", "geometry": {"type": "Point", "coordinates": [121.0857958, 14.6865416]}, "properties": {"kind": "marketplace"}}, {"type": "Feature", "geometry": {"type": "Point", "coordinates": [121.0873084, 14.5909467]}, "properties": {"kind": "place_of_worship"}}, {"type": "Feature", "geometry": {"type": "Point", "coordinates": [121.081593, 14.5905117]}, "properties": {"kind": "place_of_worship"}}, {"type": "Feature", "geometry": {"type": "Point", "coordinates": [121.0853675, 14.6813318]}, "properties": {"kind": "place_of_worship"}}, {"type": "Feature", "geometry": {"type": "Point", "coordinates": [121.0794561, 14.6734392]}, "properties": {"kind": "place_of_worship"}}, {"type": "Feature", "geometry": {"type": "Point", "coordinates": [121.0484438, 14.63774]}, "properties": {"kind": "school"}}, {"type": "Feature", "geometry": {"type": "Point", "coordinates": [121.0381819, 14.5979676]}, "properties": {"kind": "place_of_worship"}}, {"type": "Feature", "geometry": {"type": "Point", "coordinates": [121.0325766, 14.5961974]}, "properties": {"kind": "place_of_worship"}}, {"type": "Feature", "geometry": {"type": "Point", "coordinates": [121.1084629, 14.6311902]}, "properties": {"kind": "place_of_worship"}}, {"type": "Feature", "geometry": {"type": "Point", "coordinates": [121.0573538, 14.6666612]}, "properties": {"kind": "school"}}, {"type": "Feature", "geometry": {"type": "Point", "coordinates": [121.036191, 14.6445377]}, "properties": {"kind": "place_of_worship"}}, {"type": "Feature", "geometry": {"type": "Point", "coordinates": [121.1096986, 14.6655805]}, "properties": {"kind": "place_of_worship"}}, {"type": "Feature", "geometry": {"type": "Point", "coordinates": [121.1085216, 14.6361997]}, "properties": {"kind": "school"}}, {"type": "Feature", "geometry": {"type": "Point", "coordinates": [121.1061565, 14.6097656]}, "properties": {"kind": "school"}}, {"type": "Feature", "geometry": {"type": "Point", "coordinates": [121.0350846, 14.5902795]}, "properties": {"kind": "place_of_worship"}}, {"type": "Feature", "geometry": {"type": "Point", "coordinates": [121.0374955, 14.6646098]}, "properties": {"kind": "school"}}, {"type": "Feature", "geometry": {"type": "Point", "coordinates": [121.0398656, 14.6625377]}, "properties": {"kind": "school"}}, {"type": "Feature", "geometry": {"type": "Point", "coordinates": [121.0827612, 14.6078939]}, "properties": {"kind": "school"}}, {"type": "Feature", "geometry": {"type": "Point", "coordinates": [121.0916955, 14.612177]}, "properties": {"kind": "hospital"}}, {"type": "Feature", "geometry": {"type": "Point", "coordinates": [121.0962156, 14.620042]}, "properties": {"kind": "hospital"}}, {"type": "Feature", "geometry": {"type": "Point", "coordinates": [121.1059709, 14.6068625]}, "properties": {"kind": "marketplace"}}, {"type": "Feature", "geometry": {"type": "Point", "coordinates": [121.1063115, 14.6063831]}, "properties": {"kind": "school"}}, {"type": "Feature", "geometry": {"type": "Point", "coordinates": [121.1058874, 14.6059002]}, "properties": {"kind": "place_of_worship"}}, {"type": "Feature", "geometry": {"type": "Point", "coordinates": [121.0729164, 14.6310833]}, "properties": {"kind": "station"}}, {"type": "Feature", "geometry": {"type": "Point", "coordinates": [121.0559445, 14.6354244]}, "properties": {"kind": "place_of_worship"}}, {"type": "Feature", "geometry": {"type": "Point", "coordinates": [121.0644869, 14.6290379]}, "properties": {"kind": "marketplace"}}, {"type": "Feature", "geometry": {"type": "Point", "coordinates": [121.0436862, 14.6896938]}, "properties": {"kind": "place_of_worship"}}, {"type": "Feature", "geometry": {"type": "Point", "coordinates": [121.1075856, 14.6703605]}, "properties": {"kind": "school"}}, {"type": "Feature", "geometry": {"type": "Point", "coordinates": [121.083076, 14.6141934]}, "properties": {"kind": "place_of_worship"}}, {"type": "Feature", "geometry": {"type": "Point", "coordinates": [121.0857074, 14.6125355]}, "properties": {"kind": "place_of_worship"}}, {"type": "Feature", "geometry": {"type": "Point", "coordinates": [121.0796257, 14.6738749]}, "properties": {"kind": "place_of_worship"}}, {"type": "Feature", "geometry": {"type": "Point", "coordinates": [121.0306801, 14.5943703]}, "properties": {"kind": "place_of_worship"}}, {"type": "Feature", "geometry": {"type": "Point", "coordinates": [121.0392747, 14.5982584]}, "properties": {"kind": "place_of_worship"}}, {"type": "Feature", "geometry": {"type": "Point", "coordinates": [121.1018852, 14.647927]}, "properties": {"kind": "place_of_worship"}}, {"type": "Feature", "geometry": {"type": "Point", "coordinates": [121.1080119, 14.6574528]}, "properties": {"kind": "place_of_worship"}}, {"type": "Feature", "geometry": {"type": "Point", "coordinates": [121.1066938, 14.6570412]}, "properties": {"kind": "hospital"}}, {"type": "Feature", "geometry": {"type": "Point", "coordinates": [121.0520903, 14.6096196]}, "properties": {"kind": "hospital"}}, {"type": "Feature", "geometry": {"type": "Point", "coordinates": [121.0353382, 14.5977697]}, "properties": {"kind": "school"}}, {"type": "Feature", "geometry": {"type": "Point", "coordinates": [121.0487987, 14.6083539]}, "properties": {"kind": "place_of_worship"}}, {"type": "Feature", "geometry": {"type": "Point", "coordinates": [121.0485781, 14.6079783]}, "properties": {"kind": "place_of_worship"}}, {"type": "Feature", "geometry": {"type": "Point", "coordinates": [121.0328217, 14.6080552]}, "properties": {"kind": "school"}}, {"type": "Feature", "geometry": {"type": "Point", "coordinates": [121.1041663, 14.6161089]}, "properties": {"kind": "place_of_worship"}}, {"type": "Feature", "geometry": {"type": "Point", "coordinates": [121.1006479, 14.6204412]}, "properties": {"kind": "station"}}, {"type": "Feature", "geometry": {"type": "Point", "coordinates": [121.0522353, 14.6313816]}, "properties": {"kind": "place_of_worship"}}, {"type": "Feature", "geometry": {"type": "Point", "coordinates": [121.0422047, 14.6200806]}, "properties": {"kind": "place_of_worship"}}, {"type": "Feature", "geometry": {"type": "Point", "coordinates": [121.0376255, 14.6411449]}, "properties": {"kind": "place_of_worship"}}, {"type": "Feature", "geometry": {"type": "Point", "coordinates": [121.0368653, 14.6651239]}, "properties": {"kind": "place_of_worship"}}, {"type": "Feature", "geometry": {"type": "Point", "coordinates": [121.0947641, 14.6811875]}, "properties": {"kind": "place_of_worship"}}, {"type": "Feature", "geometry": {"type": "Point", "coordinates": [121.0554348, 14.6536292]}, "properties": {"kind": "place_of_worship"}}, {"type": "Feature", "geometry": {"type": "Point", "coordinates": [121.0574207, 14.6360625]}, "properties": {"kind": "place_of_worship"}}, {"type": "Feature", "geometry": {"type": "Point", "coordinates": [121.0596095, 14.6345304]}, "properties": {"kind": "school"}}, {"type": "Feature", "geometry": {"type": "Point", "coordinates": [121.0534172, 14.6671625]}, "properties": {"kind": "place_of_worship"}}, {"type": "Feature", "geometry": {"type": "Point", "coordinates": [121.0380484, 14.669615]}, "properties": {"kind": "place_of_worship"}}, {"type": "Feature", "geometry": {"type": "Point", "coordinates": [121.039917, 14.6665012]}, "properties": {"kind": "place_of_worship"}}, {"type": "Feature", "geometry": {"type": "Point", "coordinates": [121.0495297, 14.6086732]}, "properties": {"kind": "place_of_worship"}}, {"type": "Feature", "geometry": {"type": "Point", "coordinates": [121.034799, 14.6771239]}, "properties": {"kind": "place_of_worship"}}, {"type": "Feature", "geometry": {"type": "Point", "coordinates": [121.0623004, 14.6446349]}, "properties": {"kind": "school"}}, {"type": "Feature", "geometry": {"type": "Point", "coordinates": [121.0610732, 14.6450843]}, "properties": {"kind": "marketplace"}}, {"type": "Feature", "geometry": {"type": "Point", "coordinates": [121.0590061, 14.6631996]}, "properties": {"kind": "place_of_worship"}}, {"type": "Feature", "geometry": {"type": "Point", "coordinates": [121.038398, 14.6556055]}, "properties": {"kind": "place_of_worship"}}, {"type": "Feature", "geometry": {"type": "Point", "coordinates": [121.0311051, 14.6550049]}, "properties": {"kind": "station"}}, {"type": "Feature", "geometry": {"type": "Point", "coordinates": [121.1030967, 14.6127234]}, "properties": {"kind": "hospital"}}, {"type": "Feature", "geometry": {"type": "Point", "coordinates": [121.1088087, 14.6349532]}, "properties": {"kind": "marketplace"}}, {"type": "Feature", "geometry": {"type": "Point", "coordinates": [121.1010507, 14.639116]}, "properties": {"kind": "place_of_worship"}}, {"type": "Feature", "geometry": {"type": "Point", "coordinates": [121.1044139, 14.6418623]}, "properties": {"kind": "school"}}, {"type": "Feature", "geometry": {"type": "Point", "coordinates": [121.1023524, 14.6094333]}, "properties": {"kind": "school"}}, {"type": "Feature", "geometry": {"type": "Point", "coordinates": [121.0974706, 14.6055132]}, "properties": {"kind": "place_of_worship"}}, {"type": "Feature", "geometry": {"type": "Point", "coordinates": [121.1032184, 14.6044922]}, "properties": {"kind": "school"}}, {"type": "Feature", "geometry": {"type": "Point", "coordinates": [121.0977928, 14.603395]}, "properties": {"kind": "place_of_worship"}}, {"type": "Feature", "geometry": {"type": "Point", "coordinates": [121.1014967, 14.5946867]}, "properties": {"kind": "place_of_worship"}}, {"type": "Feature", "geometry": {"type": "Point", "coordinates": [121.035238, 14.678436]}, "properties": {"kind": "school"}}, {"type": "Feature", "geometry": {"type": "Point", "coordinates": [121.080629, 14.6792082]}, "properties": {"kind": "place_of_worship"}}, {"type": "Feature", "geometry": {"type": "Point", "coordinates": [121.0807602, 14.6790565]}, "properties": {"kind": "place_of_worship"}}, {"type": "Feature", "geometry": {"type": "Point", "coordinates": [121.1088186, 14.6845651]}, "properties": {"kind": "place_of_worship"}}, {"type": "Feature", "geometry": {"type": "Point", "coordinates": [121.0750601, 14.6475522]}, "properties": {"kind": "place_of_worship"}}, {"type": "Feature", "geometry": {"type": "Point", "coordinates": [121.0487567, 14.6098284]}, "properties": {"kind": "place_of_worship"}}, {"type": "Feature", "geometry": {"type": "Point", "coordinates": [121.0489062, 14.6098172]}, "properties": {"kind": "place_of_worship"}}, {"type": "Feature", "geometry": {"type": "Point", "coordinates": [121.0476079, 14.609575]}, "properties": {"kind": "place_of_worship"}}, {"type": "Feature", "geometry": {"type": "Point", "coordinates": [121.0428118, 14.6219613]}, "properties": {"kind": "place_of_worship"}}, {"type": "Feature", "geometry": {"type": "Point", "coordinates": [121.103885, 14.5904798]}, "properties": {"kind": "school"}}, {"type": "Feature", "geometry": {"type": "Point", "coordinates": [121.0479167, 14.6864066]}, "properties": {"kind": "place_of_worship"}}, {"type": "Feature", "geometry": {"type": "Point", "coordinates": [121.0620816, 14.6014869]}, "properties": {"kind": "school"}}, {"type": "Feature", "geometry": {"type": "Point", "coordinates": [121.0760951, 14.6683854]}, "properties": {"kind": "hospital"}}, {"type": "Feature", "geometry": {"type": "Point", "coordinates": [121.1060711, 14.6632065]}, "properties": {"kind": "marketplace"}}, {"type": "Feature", "geometry": {"type": "Point", "coordinates": [121.0677342, 14.6345498]}, "properties": {"kind": "place_of_worship"}}, {"type": "Feature", "geometry": {"type": "Point", "coordinates": [121.1087775, 14.6269713]}, "properties": {"kind": "school"}}, {"type": "Feature", "geometry": {"type": "Point", "coordinates": [121.0957736, 14.5920242]}, "properties": {"kind": "hospital"}}, {"type": "Feature", "geometry": {"type": "Point", "coordinates": [121.0950404, 14.6003416]}, "properties": {"kind": "school"}}, {"type": "Feature", "geometry": {"type": "Point", "coordinates": [121.0368179, 14.6254224]}, "properties": {"kind": "school"}}, {"type": "Feature", "geometry": {"type": "Point", "coordinates": [121.0433338, 14.6896254]}, "properties": {"kind": "school"}}, {"type": "Feature", "geometry": {"type": "Point", "coordinates": [121.0453193, 14.6588553]}, "properties": {"kind": "place_of_worship"}}, {"type": "Feature", "geometry": {"type": "Point", "coordinates": [121.0922559, 14.600855]}, "properties": {"kind": "hospital"}}, {"type": "Feature", "geometry": {"type": "Point", "coordinates": [121.0891038, 14.686097]}, "properties": {"kind": "hospital"}}, {"type": "Feature", "geometry": {"type": "Point", "coordinates": [121.0320164, 14.6010627]}, "properties": {"kind": "school"}}, {"type": "Feature", "geometry": {"type": "Point", "coordinates": [121.0846475, 14.5901099]}, "properties": {"kind": "hospital"}}, {"type": "Feature", "geometry": {"type": "Point", "coordinates": [121.1083513, 14.6269926]}, "properties": {"kind": "school"}}, {"type": "Feature", "geometry": {"type": "Point", "coordinates": [121.0630647, 14.6148588]}, "properties": {"kind": "school"}}, {"type": "Feature", "geometry": {"type": "Point", "coordinates": [121.063218, 14.6172247]}, "properties": {"kind": "school"}}, {"type": "Feature", "geometry": {"type": "Point", "coordinates": [121.0579501, 14.6671534]}, "properties": {"kind": "school"}}, {"type": "Feature", "geometry": {"type": "Point", "coordinates": [121.0660558, 14.6862044]}, "properties": {"kind": "place_of_worship"}}, {"type": "Feature", "geometry": {"type": "Point", "coordinates": [121.0814788, 14.6739515]}, "properties": {"kind": "school"}}, {"type": "Feature", "geometry": {"type": "Point", "coordinates": [121.0737462, 14.6617553]}, "properties": {"kind": "place_of_worship"}}, {"type": "Feature", "geometry": {"type": "Point", "coordinates": [121.0513977, 14.6862085]}, "properties": {"kind": "place_of_worship"}}, {"type": "Feature", "geometry": {"type": "Point", "coordinates": [121.1023133, 14.6864583]}, "properties": {"kind": "place_of_worship"}}, {"type": "Feature", "geometry": {"type": "Point", "coordinates": [121.0531314, 14.689285]}, "properties": {"kind": "place_of_worship"}}, {"type": "Feature", "geometry": {"type": "Point", "coordinates": [121.0523139, 14.6877652]}, "properties": {"kind": "place_of_worship"}}, {"type": "Feature", "geometry": {"type": "Point", "coordinates": [121.0527756, 14.6658235]}, "properties": {"kind": "place_of_worship"}}, {"type": "Feature", "geometry": {"type": "Point", "coordinates": [121.0472428, 14.6348587]}, "properties": {"kind": "place_of_worship"}}, {"type": "Feature", "geometry": {"type": "Point", "coordinates": [121.1008556, 14.6811467]}, "properties": {"kind": "place_of_worship"}}, {"type": "Feature", "geometry": {"type": "Point", "coordinates": [121.0546215, 14.6801251]}, "properties": {"kind": "place_of_worship"}}, {"type": "Feature", "geometry": {"type": "Point", "coordinates": [121.0755822, 14.6821488]}, "properties": {"kind": "school"}}, {"type": "Feature", "geometry": {"type": "Point", "coordinates": [121.0928408, 14.6873737]}, "properties": {"kind": "place_of_worship"}}, {"type": "Feature", "geometry": {"type": "Point", "coordinates": [121.0834353, 14.6155719]}, "properties": {"kind": "school"}}, {"type": "Feature", "geometry": {"type": "Point", "coordinates": [121.073818, 14.6850897]}, "properties": {"kind": "school"}}, {"type": "Feature", "geometry": {"type": "Point", "coordinates": [121.1005674, 14.6846105]}, "properties": {"kind": "place_of_worship"}}, {"type": "Feature", "geometry": {"type": "Point", "coordinates": [121.0411286, 14.6251319]}, "properties": {"kind": "school"}}, {"type": "Feature", "geometry": {"type": "Point", "coordinates": [121.0337404, 14.6590472]}, "properties": {"kind": "place_of_worship"}}, {"type": "Feature", "geometry": {"type": "Point", "coordinates": [121.0900225, 14.6351971]}, "properties": {"kind": "school"}}, {"type": "Feature", "geometry": {"type": "Point", "coordinates": [121.1045513, 14.6542916]}, "properties": {"kind": "place_of_worship"}}, {"type": "Feature", "geometry": {"type": "Point", "coordinates": [121.0989929, 14.6320687]}, "properties": {"kind": "school"}}, {"type": "Feature", "geometry": {"type": "Point", "coordinates": [121.0994206, 14.6316363]}, "properties": {"kind": "school"}}, {"type": "Feature", "geometry": {"type": "Point", "coordinates": [121.0854988, 14.61362]}, "properties": {"kind": "school"}}, {"type": "Feature", "geometry": {"type": "Point", "coordinates": [121.07954, 14.6708415]}, "properties": {"kind": "school"}}, {"type": "Feature", "geometry": {"type": "Point", "coordinates": [121.0421139, 14.6645783]}, "properties": {"kind": "school"}}, {"type": "Feature", "geometry": {"type": "Point", "coordinates": [121.0918413, 14.6341866]}, "properties": {"kind": "place_of_worship"}}, {"type": "Feature", "geometry": {"type": "Point", "coordinates": [121.0999876, 14.6439423]}, "properties": {"kind": "school"}}, {"type": "Feature", "geometry": {"type": "Point", "coordinates": [121.1016287, 14.6151876]}, "properties": {"kind": "school"}}, {"type": "Feature", "geometry": {"type": "Point", "coordinates": [121.1023024, 14.6369896]}, "properties": {"kind": "place_of_worship"}}, {"type": "Feature", "geometry": {"type": "Point", "coordinates": [121.0639255, 14.6439262]}, "properties": {"kind": "school"}}, {"type": "Feature", "geometry": {"type": "Point", "coordinates": [121.0323374, 14.6217974]}, "properties": {"kind": "place_of_worship"}}, {"type": "Feature", "geometry": {"type": "Point", "coordinates": [121.105485, 14.5954903]}, "properties": {"kind": "place_of_worship"}}, {"type": "Feature", "geometry": {"type": "Point", "coordinates": [121.0880748, 14.622502]}, "properties": {"kind": "place_of_worship"}}, {"type": "Feature", "geometry": {"type": "Point", "coordinates": [121.098249, 14.590918]}, "properties": {"kind": "place_of_worship"}}, {"type": "Feature", "geometry": {"type": "Point", "coordinates": [121.0320837, 14.6705308]}, "properties": {"kind": "hospital"}}, {"type": "Feature", "geometry": {"type": "Point", "coordinates": [121.0747669, 14.6298218]}, "properties": {"kind": "place_of_worship"}}, {"type": "Feature", "geometry": {"type": "Point", "coordinates": [121.0726282, 14.6192871]}, "properties": {"kind": "school"}}, {"type": "Feature", "geometry": {"type": "Point", "coordinates": [121.0742544, 14.5909987]}, "properties": {"kind": "place_of_worship"}}, {"type": "Feature", "geometry": {"type": "Point", "coordinates": [121.0965947, 14.6093105]}, "properties": {"kind": "place_of_worship"}}, {"type": "Feature", "geometry": {"type": "Point", "coordinates": [121.0949963, 14.6164206]}, "properties": {"kind": "place_of_worship"}}, {"type": "Feature", "geometry": {"type": "Point", "coordinates": [121.0446858, 14.6577645]}, "properties": {"kind": "place_of_worship"}}, {"type": "Feature", "geometry": {"type": "Point", "coordinates": [121.1057476, 14.6044932]}, "properties": {"kind": "school"}}, {"type": "Feature", "geometry": {"type": "Point", "coordinates": [121.1099048, 14.6738184]}, "properties": {"kind": "hospital"}}, {"type": "Feature", "geometry": {"type": "Point", "coordinates": [121.0398481, 14.6229198]}, "properties": {"kind": "school"}}, {"type": "Feature", "geometry": {"type": "Point", "coordinates": [121.0926185, 14.615477]}, "properties": {"kind": "school"}}, {"type": "Feature", "geometry": {"type": "Point", "coordinates": [121.0825567, 14.6877269]}, "properties": {"kind": "school"}}, {"type": "Feature", "geometry": {"type": "Point", "coordinates": [121.0852632, 14.687283]}, "properties": {"kind": "school"}}, {"type": "Feature", "geometry": {"type": "Point", "coordinates": [121.0487415, 14.6757297]}, "properties": {"kind": "place_of_worship"}}, {"type": "Feature", "geometry": {"type": "Point", "coordinates": [121.0522758, 14.6687868]}, "properties": {"kind": "place_of_worship"}}, {"type": "Feature", "geometry": {"type": "Point", "coordinates": [121.071365, 14.6841614]}, "properties": {"kind": "school"}}, {"type": "Feature", "geometry": {"type": "Point", "coordinates": [121.1029423, 14.6325432]}, "properties": {"kind": "school"}}, {"type": "Feature", "geometry": {"type": "Point", "coordinates": [121.1050653, 14.6623605]}, "properties": {"kind": "school"}}, {"type": "Feature", "geometry": {"type": "Point", "coordinates": [121.0603991, 14.6111868]}, "properties": {"kind": "place_of_worship"}}, {"type": "Feature", "geometry": {"type": "Point", "coordinates": [121.1020898, 14.6531977]}, "properties": {"kind": "marketplace"}}, {"type": "Feature", "geometry": {"type": "Point", "coordinates": [121.1098463, 14.6426498]}, "properties": {"kind": "place_of_worship"}}, {"type": "Feature", "geometry": {"type": "Point", "coordinates": [121.0385716, 14.6850177]}, "properties": {"kind": "place_of_worship"}}, {"type": "Feature", "geometry": {"type": "Point", "coordinates": [121.0634681, 14.6443345]}, "properties": {"kind": "marketplace"}}, {"type": "Feature", "geometry": {"type": "Point", "coordinates": [121.083382, 14.6771389]}, "properties": {"kind": "marketplace"}}, {"type": "Feature", "geometry": {"type": "Point", "coordinates": [121.101719, 14.6500027]}, "properties": {"kind": "school"}}, {"type": "Feature", "geometry": {"type": "Point", "coordinates": [121.0889892, 14.6209042]}, "properties": {"kind": "school"}}, {"type": "Feature", "geometry": {"type": "Point", "coordinates": [121.075338, 14.6450968]}, "properties": {"kind": "school"}}, {"type": "Feature", "geometry": {"type": "Point", "coordinates": [121.0825904, 14.6210693]}, "properties": {"kind": "hospital"}}, {"type": "Feature", "geometry": {"type": "Point", "coordinates": [121.048771, 14.6667716]}, "properties": {"kind": "school"}}, {"type": "Feature", "geometry": {"type": "Point", "coordinates": [121.0807561, 14.5926796]}, "properties": {"kind": "place_of_worship"}}, {"type": "Feature", "geometry": {"type": "Point", "coordinates": [121.0992423, 14.5910067]}, "properties": {"kind": "school"}}, {"type": "Feature", "geometry": {"type": "Point", "coordinates": [121.036367, 14.6314755]}, "properties": {"kind": "school"}}, {"type": "Feature", "geometry": {"type": "Point", "coordinates": [121.05847, 14.667111]}, "properties": {"kind": "place_of_worship"}}, {"type": "Feature", "geometry": {"type": "Point", "coordinates": [121.0309324, 14.6669464]}, "properties": {"kind": "school"}}, {"type": "Feature", "geometry": {"type": "Point", "coordinates": [121.0780198, 14.672219]}, "properties": {"kind": "school"}}, {"type": "Feature", "geometry": {"type": "Point", "coordinates": [121.0355508, 14.6580873]}, "properties": {"kind": "place_of_worship"}}, {"type": "Feature", "geometry": {"type": "Point", "coordinates": [121.0732998, 14.6405163]}, "properties": {"kind": "marketplace"}}, {"type": "Feature", "geometry": {"type": "Point", "coordinates": [121.1104233, 14.6211736]}, "properties": {"kind": "school"}}, {"type": "Feature", "geometry": {"type": "Point", "coordinates": [121.0458555, 14.6474256]}, "properties": {"kind": "hospital"}}, {"type": "Feature", "geometry": {"type": "Point", "coordinates": [121.0423751, 14.6220486]}, "properties": {"kind": "school"}}, {"type": "Feature", "geometry": {"type": "Point", "coordinates": [121.0896324, 14.6301147]}, "properties": {"kind": "place_of_worship"}}, {"type": "Feature", "geometry": {"type": "Point", "coordinates": [121.0710495, 14.6599078]}, "properties": {"kind": "hospital"}}, {"type": "Feature", "geometry": {"type": "Point", "coordinates": [121.036177, 14.6130033]}, "properties": {"kind": "place_of_worship"}}, {"type": "Feature", "geometry": {"type": "Point", "coordinates": [121.0518479, 14.6062616]}, "properties": {"kind": "school"}}, {"type": "Feature", "geometry": {"type": "Point", "coordinates": [121.0520633, 14.6057568]}, "properties": {"kind": "school"}}, {"type": "Feature", "geometry": {"type": "Point", "coordinates": [121.0782199, 14.6520173]}, "properties": {"kind": "school"}}, {"type": "Feature", "geometry": {"type": "Point", "coordinates": [121.0777869, 14.6524979]}, "properties": {"kind": "school"}}, {"type": "Feature", "geometry": {"type": "Point", "coordinates": [121.09496, 14.6891204]}, "properties": {"kind": "school"}}, {"type": "Feature", "geometry": {"type": "Point", "coordinates": [121.0612808, 14.6319115]}, "properties": {"kind": "school"}}, {"type": "Feature", "geometry": {"type": "Point", "coordinates": [121.0611176, 14.6322993]}, "properties": {"kind": "school"}}, {"type": "Feature", "geometry": {"type": "Point", "coordinates": [121.0517899, 14.6156676]}, "properties": {"kind": "hospital"}}, {"type": "Feature", "geometry": {"type": "Point", "coordinates": [121.0494694, 14.6136277]}, "properties": {"kind": "school"}}, {"type": "Feature", "geometry": {"type": "Point", "coordinates": [121.0486852, 14.6141733]}, "properties": {"kind": "school"}}, {"type": "Feature", "geometry": {"type": "Point", "coordinates": [121.0493791, 14.6143989]}, "properties": {"kind": "school"}}, {"type": "Feature", "geometry": {"type": "Point", "coordinates": [121.05413, 14.6300318]}, "properties": {"kind": "school"}}, {"type": "Feature", "geometry": {"type": "Point", "coordinates": [121.0545964, 14.62983]}, "properties": {"kind": "school"}}, {"type": "Feature", "geometry": {"type": "Point", "coordinates": [121.0505933, 14.6387728]}, "properties": {"kind": "school"}}, {"type": "Feature", "geometry": {"type": "Point", "coordinates": [121.050427, 14.6383654]}, "properties": {"kind": "school"}}, {"type": "Feature", "geometry": {"type": "Point", "coordinates": [121.0442739, 14.6287142]}, "properties": {"kind": "school"}}, {"type": "Feature", "geometry": {"type": "Point", "coordinates": [121.0447086, 14.6289013]}, "properties": {"kind": "school"}}, {"type": "Feature", "geometry": {"type": "Point", "coordinates": [121.0309989, 14.598008]}, "properties": {"kind": "school"}}, {"type": "Feature", "geometry": {"type": "Point", "coordinates": [121.0830615, 14.6133452]}, "properties": {"kind": "school"}}, {"type": "Feature", "geometry": {"type": "Point", "coordinates": [121.0829843, 14.6134846]}, "properties": {"kind": "school"}}, {"type": "Feature", "geometry": {"type": "Point", "coordinates": [121.0952166, 14.6151084]}, "properties": {"kind": "school"}}, {"type": "Feature", "geometry": {"type": "Point", "coordinates": [121.0953577, 14.615462]}, "properties": {"kind": "school"}}, {"type": "Feature", "geometry": {"type": "Point", "coordinates": [121.0698893, 14.6015404]}, "properties": {"kind": "place_of_worship"}}, {"type": "Feature", "geometry": {"type": "Point", "coordinates": [121.080474, 14.6897833]}, "properties": {"kind": "school"}}, {"type": "Feature", "geometry": {"type": "Point", "coordinates": [121.0483752, 14.6141618]}, "properties": {"kind": "school"}}, {"type": "Feature", "geometry": {"type": "Point", "coordinates": [121.0374397, 14.5918]}, "properties": {"kind": "school"}}, {"type": "Feature", "geometry": {"type": "Point", "coordinates": [121.0314844, 14.6037405]}, "properties": {"kind": "school"}}, {"type": "Feature", "geometry": {"type": "Point", "coordinates": [121.0458901, 14.6870343]}, "properties": {"kind": "school"}}, {"type": "Feature", "geometry": {"type": "Point", "coordinates": [121.0436286, 14.6663346]}, "properties": {"kind": "school"}}, {"type": "Feature", "geometry": {"type": "Point", "coordinates": [121.0579896, 14.6664725]}, "properties": {"kind": "school"}}, {"type": "Feature", "geometry": {"type": "Point", "coordinates": [121.075987, 14.6731048]}, "properties": {"kind": "marketplace"}}, {"type": "Feature", "geometry": {"type": "Point", "coordinates": [121.0762507, 14.6724755]}, "properties": {"kind": "school"}}, {"type": "Feature", "geometry": {"type": "Point", "coordinates": [121.072203, 14.6782413]}, "properties": {"kind": "school"}}, {"type": "Feature", "geometry": {"type": "Point", "coordinates": [121.0711093, 14.6784227]}, "properties": {"kind": "school"}}, {"type": "Feature", "geometry": {"type": "Point", "coordinates": [121.0722275, 14.6898556]}, "properties": {"kind": "school"}}, {"type": "Feature", "geometry": {"type": "Point", "coordinates": [121.0680077, 14.6212732]}, "properties": {"kind": "school"}}, {"type": "Feature", "geometry": {"type": "Point", "coordinates": [121.0652357, 14.6237754]}, "properties": {"kind": "school"}}, {"type": "Feature", "geometry": {"type": "Point", "coordinates": [121.0710505, 14.6297816]}, "properties": {"kind": "marketplace"}}, {"type": "Feature", "geometry": {"type": "Point", "coordinates": [121.0675897, 14.6301601]}, "properties": {"kind": "school"}}, {"type": "Feature", "geometry": {"type": "Point", "coordinates": [121.0673747, 14.6308768]}, "properties": {"kind": "school"}}, {"type": "Feature", "geometry": {"type": "Point", "coordinates": [121.0590192, 14.6224345]}, "properties": {"kind": "school"}}, {"type": "Feature", "geometry": {"type": "Point", "coordinates": [121.0725368, 14.6319524]}, "properties": {"kind": "school"}}, {"type": "Feature", "geometry": {"type": "Point", "coordinates": [121.0705887, 14.6327163]}, "properties": {"kind": "school"}}, {"type": "Feature", "geometry": {"type": "Point", "coordinates": [121.0573848, 14.6536107]}, "properties": {"kind": "school"}}, {"type": "Feature", "geometry": {"type": "Point", "coordinates": [121.0823307, 14.6739731]}, "properties": {"kind": "school"}}, {"type": "Feature", "geometry": {"type": "Point", "coordinates": [121.0468444, 14.6470276]}, "properties": {"kind": "hospital"}}, {"type": "Feature", "geometry": {"type": "Point", "coordinates": [121.0355413, 14.5925683]}, "properties": {"kind": "school"}}, {"type": "Feature", "geometry": {"type": "Point", "coordinates": [121.0459614, 14.5974317]}, "properties": {"kind": "hospital"}}, {"type": "Feature", "geometry": {"type": "Point", "coordinates": [121.063029, 14.6158497]}, "properties": {"kind": "school"}}, {"type": "Feature", "geometry": {"type": "Point", "coordinates": [121.0566805, 14.647253]}, "properties": {"kind": "school"}}, {"type": "Feature", "geometry": {"type": "Point", "coordinates": [121.0557166, 14.6470319]}, "properties": {"kind": "school"}}, {"type": "Feature", "geometry": {"type": "Point", "coordinates": [121.0675653, 14.622235]}, "properties": {"kind": "marketplace"}}, {"type": "Feature", "geometry": {"type": "Point", "coordinates": [121.0682816, 14.6222276]}, "properties": {"kind": "school"}}, {"type": "Feature", "geometry": {"type": "Point", "coordinates": [121.0725718, 14.6221742]}, "properties": {"kind": "hospital"}}, {"type": "Feature", "geometry": {"type": "Point", "coordinates": [121.0939565, 14.6006645]}, "properties": {"kind": "school"}}, {"type": "Feature", "geometry": {"type": "Point", "coordinates": [121.0845922, 14.6054217]}, "properties": {"kind": "school"}}, {"type": "Feature", "geometry": {"type": "Point", "coordinates": [121.0822867, 14.6151688]}, "properties": {"kind": "school"}}, {"type": "Feature", "geometry": {"type": "Point", "coordinates": [121.0971761, 14.6227612]}, "properties": {"kind": "school"}}, {"type": "Feature", "geometry": {"type": "Point", "coordinates": [121.0967297, 14.6228648]}, "properties": {"kind": "school"}}, {"type": "Feature", "geometry": {"type": "Point", "coordinates": [121.0969232, 14.6232369]}, "properties": {"kind": "school"}}, {"type": "Feature", "geometry": {"type": "Point", "coordinates": [121.1041207, 14.6348962]}, "properties": {"kind": "hospital"}}, {"type": "Feature", "geometry": {"type": "Point", "coordinates": [121.0984563, 14.6491275]}, "properties": {"kind": "hospital"}}, {"type": "Feature", "geometry": {"type": "Point", "coordinates": [121.0337005, 14.6633395]}, "properties": {"kind": "school"}}, {"type": "Feature", "geometry": {"type": "Point", "coordinates": [121.0549935, 14.6349333]}, "properties": {"kind": "school"}}, {"type": "Feature", "geometry": {"type": "Point", "coordinates": [121.0485696, 14.6284906]}, "properties": {"kind": "marketplace"}}, {"type": "Feature", "geometry": {"type": "Point", "coordinates": [121.0315474, 14.598964]}, "properties": {"kind": "hospital"}}, {"type": "Feature", "geometry": {"type": "Point", "coordinates": [121.0319784, 14.5986827]}, "properties": {"kind": "school"}}, {"type": "Feature", "geometry": {"type": "Point", "coordinates": [121.1095731, 14.6355169]}, "properties": {"kind": "school"}}, {"type": "Feature", "geometry": {"type": "Point", "coordinates": [121.1097008, 14.6764061]}, "properties": {"kind": "school"}}, {"type": "Feature", "geometry": {"type": "Point", "coordinates": [121.1094707, 14.6325655]}, "properties": {"kind": "school"}}, {"type": "Feature", "geometry": {"type": "Point", "coordinates": [121.0336854, 14.6627662]}, "properties": {"kind": "school"}}, {"type": "Feature", "geometry": {"type": "Point", "coordinates": [121.0686386, 14.621206]}, "properties": {"kind": "school"}}, {"type": "Feature", "geometry": {"type": "Point", "coordinates": [121.0365049, 14.6290326]}, "properties": {"kind": "school"}}, {"type": "Feature", "geometry": {"type": "Point", "coordinates": [121.0373785, 14.6294021]}, "properties": {"kind": "school"}}, {"type": "Feature", "geometry": {"type": "Point", "coordinates": [121.0375755, 14.6300229]}, "properties": {"kind": "school"}}, {"type": "Feature", "geometry": {"type": "Point", "coordinates": [121.1015816, 14.5999663]}, "properties": {"kind": "school"}}, {"type": "Feature", "geometry": {"type": "Point", "coordinates": [121.1018218, 14.5999416]}, "properties": {"kind": "school"}}, {"type": "Feature", "geometry": {"type": "Point", "coordinates": [121.0815155, 14.6336394]}, "properties": {"kind": "school"}}, {"type": "Feature", "geometry": {"type": "Point", "coordinates": [121.0819427, 14.6334519]}, "properties": {"kind": "school"}}, {"type": "Feature", "geometry": {"type": "Point", "coordinates": [121.0899721, 14.6221124]}, "properties": {"kind": "school"}}, {"type": "Feature", "geometry": {"type": "Point", "coordinates": [121.0900334, 14.6224264]}, "properties": {"kind": "school"}}, {"type": "Feature", "geometry": {"type": "Point", "coordinates": [121.0786353, 14.6760585]}, "properties": {"kind": "place_of_worship"}}]}