{"type": "FeatureCollection", "features": [{"type": "Feature", "geometry": {"type": "LineString", "coordinates": [[120.5604259, 15.1047673], [120.5615026, 15.1042342]]}, "properties": {"city": "angeles", "name": "Megadike Road", "highway": "secondary", "v_posted": 60, "posted_imputed": false, "v_safe": 50, "gap": 10, "R": 2.07, "exposure": 0.025, "vru_150m": 0, "sss": 12.8, "recommended": 50, "fatal_reduction_pct": 51.8, "why": "undivided arterial, side-impact intersections", "pop_density": 800.3, "pop_density_peak": 1600.6, "v_design": 50, "design_gap": 0}}, {"type": "Feature", "geometry": {"type": "LineString", "coordinates": [[120.5615026, 15.1042342], [120.5617294, 15.1041214], [120.5634331, 15.1032738], [120.5637573, 15.1031055], [120.564009, 15.1029765], [120.5648314, 15.1025549], [120.5648879, 15.1025275], [120.5650379, 15.1024539], [120.5666546, 15.1016271], [120.567254, 15.1013208], [120.5681082, 15.1008802], [120.5709106, 15.0994559], [120.5710119, 15.0994078], [120.5718731, 15.098966], [120.5725677, 15.0986206], [120.5736955, 15.0980443], [120.5758615, 15.0969451], [120.577411, 15.0961653], [120.5782608, 15.0957578], [120.578772, 15.0955457], [120.5792531, 15.0953674], [120.5794276, 15.0953115], [120.5813858, 15.0946509], [120.5824626, 15.0942933], [120.5832962, 15.0940166], [120.5834678, 15.093955], [120.5845516, 15.0935659], [120.584701, 15.093515], [120.5856914, 15.0931773], [120.5865935, 15.0929297], [120.5873678, 15.0927656], [120.5892023, 15.0925468], [120.5922338, 15.0921876], [120.593222, 15.0921001], [120.5934818, 15.0920658], [120.5938257, 15.0920225], [120.5940457, 15.0919953], [120.5942362, 15.0919669], [120.5944662, 15.091913], [120.5946754, 15.091856], [120.5948604, 15.0917887], [120.5951099, 15.0916851], [120.5953164, 15.0915893], [120.5955665, 15.0914515], [120.5959962, 15.0911848], [120.5969084, 15.0905981], [120.5974905, 15.0902205], [120.5981107, 15.0898367], [120.6002283, 15.0884888], [120.6006969, 15.0882057], [120.6037406, 15.0862461], [120.6046218, 15.0856944], [120.6054895, 15.0851311], [120.6072257, 15.0840033], [120.6083969, 15.0832402]]}, "properties": {"city": "angeles", "name": "Megadike Road", "highway": "secondary", "v_posted": 60, "posted_imputed": false, "v_safe": 50, "gap": 10, "R": 2.07, "exposure": 0.034, "vru_150m": 0, "sss": 12.9, "recommended": 50, "fatal_reduction_pct": 51.8, "why": "undivided arterial, side-impact intersections", "pop_density": 1108.0, "pop_density_peak": 4384.7, "v_design": 50, "design_gap": 0}}, {"type": "Feature", "geometry": {"type": "LineString", "coordinates": [[120.603958, 15.1183625], [120.6037943, 15.1181289], [120.6035679, 15.11771]]}, "properties": {"city": "angeles", "name": "Friendship Highway", "highway": "primary", "v_posted": 60, "posted_imputed": false, "v_safe": 30, "gap": 30, "R": 16.0, "exposure": 0.944, "vru_150m": 3, "sss": 72.9, "recommended": 30, "fatal_reduction_pct": 93.8, "why": "pedestrian activity (1 VRU site<=50m)", "pop_density": 27781.2, "pop_density_peak": 34852.6, "v_design": 60, "design_gap": 30}}, {"type": "Feature", "geometry": {"type": "LineString", "coordinates": [[120.6035679, 15.11771], [120.6034922, 15.1175936]]}, "properties": {"city": "angeles", "name": "Friendship Highway", "highway": "primary", "v_posted": 60, "posted_imputed": false, "v_safe": 50, "gap": 10, "R": 2.07, "exposure": 0.856, "vru_150m": 3, "sss": 23.2, "recommended": 50, "fatal_reduction_pct": 51.8, "why": "undivided arterial, side-impact intersections", "pop_density": 20709.8, "pop_density_peak": 20709.8, "v_design": 60, "design_gap": 10}}, {"type": "Feature", "geometry": {"type": "LineString", "coordinates": [[120.5970713, 15.1155394], [120.5974415, 15.1156534], [120.5978526, 15.1157719], [120.5980101, 15.1158139], [120.598534, 15.1159889], [120.5993186, 15.1162401], [120.6001207, 15.1164889], [120.6005607, 15.1166128], [120.6010188, 15.1167419], [120.6012359, 15.1168044], [120.601355, 15.1168387], [120.6014442, 15.1168644], [120.6020759, 15.1170461], [120.602665, 15.117184], [120.6028242, 15.1172212]]}, "properties": {"city": "angeles", "name": "Friendship Highway", "highway": "primary", "v_posted": 60, "posted_imputed": false, "v_safe": 50, "gap": 10, "R": 2.07, "exposure": 0.184, "vru_150m": 0, "sss": 14.8, "recommended": 50, "fatal_reduction_pct": 51.8, "why": "undivided arterial, side-impact intersections", "pop_density": 5942.4, "pop_density_peak": 13979.9, "v_design": 60, "design_gap": 10}}, {"type": "Feature", "geometry": {"type": "LineString", "coordinates": [[120.6001763, 15.1220619], [120.6001382, 15.1221107], [120.5996857, 15.1226948]]}, "properties": {"city": "angeles", "name": "MacArthur Highway", "highway": "trunk", "v_posted": 60, "posted_imputed": false, "v_safe": 50, "gap": 10, "R": 2.07, "exposure": 1.0, "vru_150m": 7, "sss": 25.0, "recommended": 50, "fatal_reduction_pct": 51.8, "why": "undivided arterial, side-impact intersections", "pop_density": 41865.3, "pop_density_peak": 45587.7, "v_design": 70, "design_gap": 20}}, {"type": "Feature", "geometry": {"type": "LineString", "coordinates": [[120.6046605, 15.1180228], [120.6045869, 15.118106], [120.6041255, 15.1183973], [120.6040287, 15.1184628], [120.6038534, 15.118571], [120.6033602, 15.1188995], [120.6029347, 15.1191759], [120.6028194, 15.1192592], [120.6026828, 15.1193564], [120.6023167, 15.1196275], [120.6021308, 15.1197875], [120.6019274, 15.119961], [120.6017406, 15.120134], [120.6015623, 15.1203213], [120.6014026, 15.1204819], [120.6010133, 15.1209686]]}, "properties": {"city": "angeles", "name": "MacArthur Highway", "highway": "trunk", "v_posted": 60, "posted_imputed": false, "v_safe": 50, "gap": 10, "R": 2.07, "exposure": 1.0, "vru_150m": 1, "sss": 25.0, "recommended": 50, "fatal_reduction_pct": 51.8, "why": "undivided arterial, side-impact intersections", "pop_density": 42379.6, "pop_density_peak": 51582.8, "v_design": 70, "design_gap": 20}}, {"type": "Feature", "geometry": {"type": "LineString", "coordinates": [[120.6001166, 15.1220263], [120.600414, 15.1216219], [120.6005096, 15.1214918], [120.6006136, 15.1213578], [120.6008146, 15.1211137], [120.6009527, 15.1209218], [120.6010167, 15.1208377], [120.6011714, 15.1206513], [120.6013285, 15.1204591], [120.6014936, 15.1202644], [120.6017239, 15.1200248], [120.6018793, 15.119909], [120.602086, 15.1197402], [120.6022838, 15.1195835], [120.6026563, 15.1193007], [120.6029193, 15.1191139], [120.6035417, 15.1187019], [120.6039942, 15.1184109], [120.6042228, 15.1182553], [120.6045397, 15.1180494], [120.6045627, 15.1180327], [120.6046605, 15.1180228]]}, "properties": {"city": "angeles", "name": "MacArthur Highway", "highway": "trunk", "v_posted": 60, "posted_imputed": false, "v_safe": 30, "gap": 30, "R": 16.0, "exposure": 1.0, "vru_150m": 1, "sss": 75.0, "recommended": 30, "fatal_reduction_pct": 93.8, "why": "pedestrian activity (1 VRU site<=50m)", "pop_density": 41185.2, "pop_density_peak": 51582.8, "v_design": 70, "design_gap": 40}}, {"type": "Feature", "geometry": {"type": "LineString", "coordinates": [[120.6034922, 15.1175936], [120.6034188, 15.1175048], [120.6033535, 15.1174542], [120.6032976, 15.1174212], [120.6031602, 15.1173481], [120.6029958, 15.1172817], [120.6028242, 15.1172212]]}, "properties": {"city": "angeles", "name": "Friendship Highway", "highway": "primary", "v_posted": 60, "posted_imputed": false, "v_safe": 50, "gap": 10, "R": 2.07, "exposure": 0.814, "vru_150m": 3, "sss": 22.7, "recommended": 50, "fatal_reduction_pct": 51.8, "why": "undivided arterial, side-impact intersections", "pop_density": 17344.9, "pop_density_peak": 20709.8, "v_design": 60, "design_gap": 10}}, {"type": "Feature", "geometry": {"type": "LineString", "coordinates": [[120.595399, 15.115792], [120.5957061, 15.1156508], [120.595936, 15.1155678], [120.5960146, 15.1155394], [120.5961538, 15.1155038], [120.5963174, 15.1154636], [120.5965321, 15.1154543], [120.5966556, 15.1154514], [120.5970713, 15.1155394]]}, "properties": {"city": "angeles", "name": "Friendship Highway", "highway": "primary", "v_posted": 60, "posted_imputed": false, "v_safe": 50, "gap": 10, "R": 2.07, "exposure": 0.121, "vru_150m": 0, "sss": 14.0, "recommended": 50, "fatal_reduction_pct": 51.8, "why": "undivided arterial, side-impact intersections", "pop_density": 3899.1, "pop_density_peak": 4198.0, "v_design": 60, "design_gap": 10}}, {"type": "Feature", "geometry": {"type": "LineString", "coordinates": [[120.6010133, 15.1209686], [120.6004499, 15.1216859], [120.6003585, 15.1218062], [120.6002333, 15.1219772]]}, "properties": {"city": "angeles", "name": "MacArthur Highway", "highway": "trunk", "v_posted": 60, "posted_imputed": false, "v_safe": 30, "gap": 30, "R": 16.0, "exposure": 1.0, "vru_150m": 6, "sss": 75.0, "recommended": 30, "fatal_reduction_pct": 93.8, "why": "pedestrian activity (2 VRU site<=50m)", "pop_density": 46611.1, "pop_density_peak": 47634.6, "v_design": 70, "design_gap": 40}}, {"type": "Feature", "geometry": {"type": "LineString", "coordinates": [[120.6002333, 15.1219772], [120.6001763, 15.1220619]]}, "properties": {"city": "angeles", "name": "MacArthur Highway", "highway": "trunk", "v_posted": 60, "posted_imputed": false, "v_safe": 50, "gap": 10, "R": 2.07, "exposure": 1.0, "vru_150m": 7, "sss": 25.0, "recommended": 50, "fatal_reduction_pct": 51.8, "why": "undivided arterial, side-impact intersections", "pop_density": 45587.7, "pop_density_peak": 45587.7, "v_design": 70, "design_gap": 20}}, {"type": "Feature", "geometry": {"type": "LineString", "coordinates": [[120.5996311, 15.1226566], [120.5998712, 15.1223376], [120.6000778, 15.1220781], [120.6001166, 15.1220263]]}, "properties": {"city": "angeles", "name": "MacArthur Highway", "highway": "trunk", "v_posted": 60, "posted_imputed": false, "v_safe": 50, "gap": 10, "R": 2.07, "exposure": 1.0, "vru_150m": 7, "sss": 25.0, "recommended": 50, "fatal_reduction_pct": 51.8, "why": "undivided arterial, side-impact intersections", "pop_density": 41865.2, "pop_density_peak": 45587.7, "v_design": 70, "design_gap": 20}}, {"type": "Feature", "geometry": {"type": "LineString", "coordinates": [[120.6313087, 15.0885291], [120.6311528, 15.0887072], [120.6311245, 15.0887384], [120.6306638, 15.0892464], [120.6306036, 15.0893128], [120.6303227, 15.089652], [120.6300769, 15.0899289], [120.6299092, 15.0901304], [120.6296263, 15.0904437], [120.6291244, 15.0910105], [120.628923, 15.0912526], [120.6285505, 15.0916834], [120.6284193, 15.0918351], [120.6278976, 15.0924157], [120.6277625, 15.0925695], [120.627607, 15.0927508], [120.6275214, 15.0928489], [120.6274969, 15.0928769], [120.6273146, 15.0930859], [120.627249, 15.0931611], [120.627227, 15.0931853], [120.627072, 15.0933565], [120.6269572, 15.0934848], [120.6268558, 15.0936008], [120.626817, 15.0936413], [120.6267448, 15.0937268], [120.6265891, 15.093909], [120.6264191, 15.0940996], [120.6263833, 15.0941412], [120.6260334, 15.0945477], [120.6257428, 15.0948853], [120.6256, 15.09505], [120.6254095, 15.0952679], [120.6249914, 15.0957466], [120.6249644, 15.0957778], [120.6249394, 15.0958074], [120.6245634, 15.0962408], [120.6244265, 15.096397], [120.6243128, 15.0965323], [120.6242076, 15.0966494], [120.6240399, 15.0968398]]}, "properties": {"city": "angeles", "name": "MacArthur Highway", "highway": "trunk", "v_posted": 60, "posted_imputed": false, "v_safe": 50, "gap": 10, "R": 2.07, "exposure": 0.009, "vru_150m": 0, "sss": 12.6, "recommended": 50, "fatal_reduction_pct": 51.8, "why": "undivided arterial, side-impact intersections", "pop_density": 276.5, "pop_density_peak": 301.4, "v_design": 70, "design_gap": 20}}, {"type": "Feature", "geometry": {"type": "LineString", "coordinates": [[120.6074153, 15.115913], [120.60729, 15.1160514], [120.6070953, 15.1162748], [120.6070483, 15.1163345], [120.6069772, 15.1164112], [120.6068683, 15.1165177], [120.6067575, 15.1166183], [120.6066268, 15.116734], [120.6064899, 15.1168376], [120.6063066, 15.1169673], [120.6061263, 15.1170871], [120.6060142, 15.1171568]]}, "properties": {"city": "angeles", "name": "MacArthur Highway", "highway": "trunk", "v_posted": 60, "posted_imputed": false, "v_safe": 50, "gap": 10, "R": 2.07, "exposure": 0.492, "vru_150m": 2, "sss": 18.6, "recommended": 50, "fatal_reduction_pct": 51.8, "why": "undivided arterial, side-impact intersections", "pop_density": 4944.9, "pop_density_peak": 5815.5, "v_design": 70, "design_gap": 20}}, {"type": "Feature", "geometry": {"type": "LineString", "coordinates": [[120.6240399, 15.0968398], [120.6237899, 15.097128], [120.6236827, 15.0972528], [120.6231941, 15.0978237], [120.6231344, 15.0978854], [120.6230065, 15.0980252], [120.6226897, 15.0983952], [120.6225041, 15.0986079], [120.6224715, 15.0986444], [120.6224439, 15.0986766], [120.6223293, 15.0988077], [120.6221831, 15.0989718], [120.6221056, 15.0990625], [120.6219456, 15.0992394], [120.621825, 15.0993788], [120.621784, 15.0994271], [120.6217243, 15.0994935], [120.6215307, 15.0997075]]}, "properties": {"city": "angeles", "name": "MacArthur Highway", "highway": "trunk", "v_posted": 60, "posted_imputed": false, "v_safe": 50, "gap": 10, "R": 2.07, "exposure": 0.607, "vru_150m": 3, "sss": 20.1, "recommended": 50, "fatal_reduction_pct": 51.8, "why": "undivided arterial, side-impact intersections", "pop_density": 603.9, "pop_density_peak": 1195.4, "v_design": 70, "design_gap": 20}}, {"type": "Feature", "geometry": {"type": "LineString", "coordinates": [[120.6215307, 15.0997075], [120.6214024, 15.0998542], [120.6213739, 15.0998825], [120.6211642, 15.10014], [120.6210814, 15.1002341], [120.6207231, 15.1006415], [120.6206392, 15.1007399], [120.6205216, 15.1008831], [120.6202791, 15.1011781], [120.6200604, 15.1014283], [120.6199635, 15.1015392], [120.6198506, 15.1016683], [120.6197067, 15.1018254], [120.6195223, 15.1020371], [120.6195103, 15.1020476], [120.6194346, 15.1021326], [120.6193942, 15.1021768], [120.6192635, 15.1023352], [120.6191415, 15.1024773], [120.6190642, 15.1025672], [120.6188191, 15.1028525], [120.6186134, 15.1030918], [120.6178926, 15.1039213], [120.6175184, 15.1043518], [120.6174238, 15.1044602], [120.6168243, 15.105147], [120.6164413, 15.1055791], [120.6160919, 15.1059733], [120.6159391, 15.1061456], [120.6156945, 15.1064288], [120.6153828, 15.1067888], [120.6149696, 15.1072534], [120.6149004, 15.1073313], [120.6146053, 15.1076635], [120.614558, 15.1077167], [120.6138453, 15.1085592], [120.613733, 15.1086878], [120.613626, 15.1088068], [120.6134523, 15.1089975], [120.6134044, 15.1090508], [120.6132588, 15.1092126], [120.6130943, 15.1093947], [120.612984, 15.1095153], [120.6129044, 15.109604], [120.6127048, 15.1098324], [120.6125878, 15.109972], [120.6124246, 15.1101494], [120.6119747, 15.1106888], [120.6118677, 15.1108044], [120.611302, 15.1114509], [120.611056, 15.1117355], [120.6109989, 15.1118031], [120.6108887, 15.1119272], [120.6108467, 15.1119788], [120.6108337, 15.1119958], [120.6105797, 15.1122751], [120.6103963, 15.1124865], [120.610219, 15.1126917], [120.6098389, 15.1131291], [120.6096967, 15.1132822], [120.6095697, 15.1134234], [120.6094793, 15.113529], [120.6093974, 15.1136223], [120.6090979, 15.1139633], [120.6088552, 15.1142492]]}, "properties": {"city": "angeles", "name": "MacArthur Highway", "highway": "trunk", "v_posted": 60, "posted_imputed": false, "v_safe": 50, "gap": 10, "R": 2.07, "exposure": 0.307, "vru_150m": 0, "sss": 16.3, "recommended": 50, "fatal_reduction_pct": 51.8, "why": "undivided arterial, side-impact intersections", "pop_density": 9935.8, "pop_density_peak": 34177.4, "v_design": 70, "design_gap": 20}}, {"type": "Feature", "geometry": {"type": "LineString", "coordinates": [[120.6088552, 15.1142492], [120.6087861, 15.1143291], [120.6084203, 15.1147467], [120.6080714, 15.115155], [120.607708, 15.1155662], [120.6074153, 15.115913]]}, "properties": {"city": "angeles", "name": "MacArthur Highway", "highway": "trunk", "v_posted": 60, "posted_imputed": false, "v_safe": 50, "gap": 10, "R": 2.07, "exposure": 0.613, "vru_150m": 2, "sss": 20.2, "recommended": 50, "fatal_reduction_pct": 51.8, "why": "undivided arterial, side-impact intersections", "pop_density": 11459.8, "pop_density_peak": 22748.4, "v_design": 70, "design_gap": 20}}, {"type": "Feature", "geometry": {"type": "LineString", "coordinates": [[120.6060142, 15.1171568], [120.60594, 15.1172056], [120.6058949, 15.1172328], [120.6058416, 15.1172686], [120.6057128, 15.1173504], [120.6054961, 15.117486], [120.6052351, 15.1176519], [120.6051964, 15.1176757], [120.6048628, 15.1178917], [120.6046826, 15.1180086], [120.6046605, 15.1180228]]}, "properties": {"city": "angeles", "name": "MacArthur Highway", "highway": "trunk", "v_posted": 60, "posted_imputed": false, "v_safe": 30, "gap": 30, "R": 16.0, "exposure": 1.0, "vru_150m": 6, "sss": 75.0, "recommended": 30, "fatal_reduction_pct": 93.8, "why": "pedestrian activity (2 VRU site<=50m)", "pop_density": 19015.4, "pop_density_peak": 26268.2, "v_design": 70, "design_gap": 40}}, {"type": "Feature", "geometry": {"type": "LineString", "coordinates": [[120.6040287, 15.1184628], [120.6039942, 15.1184109], [120.603958, 15.1183625]]}, "properties": {"city": "angeles", "name": "Friendship Highway", "highway": "primary", "v_posted": 60, "posted_imputed": false, "v_safe": 30, "gap": 30, "R": 16.0, "exposure": 0.978, "vru_150m": 3, "sss": 74.2, "recommended": 30, "fatal_reduction_pct": 93.8, "why": "pedestrian activity (1 VRU site<=50m)", "pop_density": 30560.4, "pop_density_peak": 34852.6, "v_design": 60, "design_gap": 30}}, {"type": "Feature", "geometry": {"type": "LineString", "coordinates": [[120.5548789, 15.164163], [120.5546254, 15.1640426], [120.5543035, 15.1639132], [120.5540702, 15.163829], [120.5538556, 15.1637578], [120.5536732, 15.1637112], [120.5534948, 15.1636698], [120.553342, 15.1636426], [120.5531703, 15.1636141], [120.5529557, 15.1635831], [120.5527344, 15.1635688], [120.5525574, 15.163565], [120.5523643, 15.1635701], [120.5521604, 15.1635792], [120.5519432, 15.1636038], [120.5517273, 15.163631], [120.5515569, 15.1636595], [120.5514134, 15.1636931]]}, "properties": {"city": "angeles", "name": "Manuel A. Roxas Highway", "highway": "primary", "v_posted": 60, "posted_imputed": false, "v_safe": 50, "gap": 10, "R": 2.07, "exposure": 0.039, "vru_150m": 0, "sss": 13.0, "recommended": 50, "fatal_reduction_pct": 51.8, "why": "undivided arterial, side-impact intersections", "pop_density": 1274.2, "pop_density_peak": 1350.9, "v_design": 60, "design_gap": 10}}, {"type": "Feature", "geometry": {"type": "LineString", "coordinates": [[120.56251, 15.1671102], [120.5614719, 15.1670305]]}, "properties": {"city": "angeles", "name": "Manuel A. Roxas Highway", "highway": "primary", "v_posted": 60, "posted_imputed": false, "v_safe": 50, "gap": 10, "R": 2.07, "exposure": 0.015, "vru_150m": 0, "sss": 12.7, "recommended": 50, "fatal_reduction_pct": 51.8, "why": "undivided arterial, side-impact intersections", "pop_density": 495.8, "pop_density_peak": 497.1, "v_design": 60, "design_gap": 10}}, {"type": "Feature", "geometry": {"type": "LineString", "coordinates": [[120.5658143, 15.1673076], [120.5660625, 15.1672986], [120.5664261, 15.167267]]}, "properties": {"city": "angeles", "name": "Manuel A. Roxas Highway", "highway": "primary", "v_posted": 60, "posted_imputed": false, "v_safe": 50, "gap": 10, "R": 2.07, "exposure": 0.016, "vru_150m": 0, "sss": 12.7, "recommended": 50, "fatal_reduction_pct": 51.8, "why": "undivided arterial, side-impact intersections", "pop_density": 503.8, "pop_density_peak": 503.8, "v_design": 60, "design_gap": 10}}, {"type": "Feature", "geometry": {"type": "LineString", "coordinates": [[120.5411588, 15.1698695], [120.5417784, 15.1693965], [120.5425327, 15.1688332], [120.5427132, 15.1686918], [120.5433454, 15.1682005], [120.5433729, 15.1681803], [120.5437463, 15.1678995], [120.5441096, 15.167623], [120.544834, 15.1670715], [120.5460919, 15.1661085], [120.546914, 15.1654807], [120.5472091, 15.1652542], [120.5473512, 15.1651441], [120.5475149, 15.1650238], [120.5477066, 15.1649047], [120.547822, 15.1648393], [120.5479386, 15.164783], [120.5481438, 15.1646833], [120.5483665, 15.1645927], [120.548632, 15.1644905], [120.5491843, 15.1642859]]}, "properties": {"city": "angeles", "name": "Manuel A. Roxas Highway", "highway": "primary", "v_posted": 60, "posted_imputed": false, "v_safe": 50, "gap": 10, "R": 2.07, "exposure": 0.054, "vru_150m": 0, "sss": 13.2, "recommended": 50, "fatal_reduction_pct": 51.8, "why": "undivided arterial, side-impact intersections", "pop_density": 1760.7, "pop_density_peak": 2920.7, "v_design": 60, "design_gap": 10}}, {"type": "Feature", "geometry": {"type": "LineString", "coordinates": [[120.5613249, 15.1668612], [120.5623859, 15.1669531]]}, "properties": {"city": "angeles", "name": "Manuel A. Roxas Highway", "highway": "primary", "v_posted": 60, "posted_imputed": false, "v_safe": 50, "gap": 10, "R": 2.07, "exposure": 0.015, "vru_150m": 0, "sss": 12.7, "recommended": 50, "fatal_reduction_pct": 51.8, "why": "undivided arterial, side-impact intersections", "pop_density": 495.8, "pop_density_peak": 497.1, "v_design": 60, "design_gap": 10}}, {"type": "Feature", "geometry": {"type": "LineString", "coordinates": [[120.5673729, 15.1716601], [120.5673378, 15.1715739], [120.566601, 15.1697663], [120.5664807, 15.1694712], [120.5660402, 15.1683905], [120.5659122, 15.1680765]]}, "properties": {"city": "angeles", "name": "", "highway": "unclassified", "v_posted": 40, "posted_imputed": false, "v_safe": 30, "gap": 10, "R": 3.16, "exposure": 0.017, "vru_150m": 0, "sss": 12.7, "recommended": 30, "fatal_reduction_pct": 68.4, "why": "local road, frontage/pedestrian mixing", "pop_density": 543.6, "pop_density_peak": 559.8, "v_design": 40, "design_gap": 10}}, {"type": "Feature", "geometry": {"type": "LineString", "coordinates": [[120.5658458, 15.1674772], [120.5656642, 15.1674815], [120.5649615, 15.1674378], [120.5641819, 15.1673507], [120.5639937, 15.1673198]]}, "properties": {"city": "angeles", "name": "Manuel A. Roxas Highway", "highway": "primary", "v_posted": 60, "posted_imputed": false, "v_safe": 50, "gap": 10, "R": 2.07, "exposure": 0.016, "vru_150m": 0, "sss": 12.7, "recommended": 50, "fatal_reduction_pct": 51.8, "why": "undivided arterial, side-impact intersections", "pop_density": 527.0, "pop_density_peak": 547.8, "v_design": 60, "design_gap": 10}}, {"type": "Feature", "geometry": {"type": "LineString", "coordinates": [[120.5658458, 15.1674772], [120.5658592, 15.1676465], [120.5658887, 15.16774], [120.5660517, 15.1681761], [120.5663515, 15.1688705], [120.5665775, 15.1694327], [120.5668481, 15.1701198], [120.5670578, 15.1706265], [120.5674382, 15.1715368], [120.5674737, 15.171623]]}, "properties": {"city": "angeles", "name": "", "highway": "unclassified", "v_posted": 40, "posted_imputed": false, "v_safe": 30, "gap": 10, "R": 3.16, "exposure": 0.017, "vru_150m": 0, "sss": 12.7, "recommended": 30, "fatal_reduction_pct": 68.4, "why": "local road, frontage/pedestrian mixing", "pop_density": 537.1, "pop_density_peak": 582.4, "v_design": 40, "design_gap": 10}}, {"type": "Feature", "geometry": {"type": "LineString", "coordinates": [[120.5497102, 15.1643144], [120.5488734, 15.1646095], [120.5485462, 15.1647286], [120.5483504, 15.1648076], [120.5481774, 15.1648814], [120.548003, 15.1649655], [120.5478314, 15.1650574], [120.5476718, 15.1651545], [120.5475202, 15.1652567], [120.5473579, 15.1653836], [120.5465104, 15.1660321], [120.5457446, 15.1666172], [120.5449533, 15.16721], [120.5421182, 15.1693897]]}, "properties": {"city": "angeles", "name": "Manuel A. Roxas Highway", "highway": "primary", "v_posted": 60, "posted_imputed": false, "v_safe": 50, "gap": 10, "R": 2.07, "exposure": 0.044, "vru_150m": 0, "sss": 13.1, "recommended": 50, "fatal_reduction_pct": 51.8, "why": "undivided arterial, side-impact intersections", "pop_density": 1423.7, "pop_density_peak": 2787.7, "v_design": 60, "design_gap": 10}}, {"type": "Feature", "geometry": {"type": "LineString", "coordinates": [[120.5685243, 15.1671212], [120.5681424, 15.1671825]]}, "properties": {"city": "angeles", "name": "Manuel A. Roxas Highway", "highway": "primary", "v_posted": 60, "posted_imputed": false, "v_safe": 50, "gap": 10, "R": 2.07, "exposure": 0.018, "vru_150m": 0, "sss": 12.7, "recommended": 50, "fatal_reduction_pct": 51.8, "why": "undivided arterial, side-impact intersections", "pop_density": 589.1, "pop_density_peak": 655.7, "v_design": 60, "design_gap": 10}}, {"type": "Feature", "geometry": {"type": "LineString", "coordinates": [[120.5668427, 15.1672115], [120.5674932, 15.1671073]]}, "properties": {"city": "angeles", "name": "Manuel A. Roxas Highway", "highway": "primary", "v_posted": 60, "posted_imputed": false, "v_safe": 50, "gap": 10, "R": 2.07, "exposure": 0.017, "vru_150m": 0, "sss": 12.7, "recommended": 50, "fatal_reduction_pct": 51.8, "why": "undivided arterial, side-impact intersections", "pop_density": 559.2, "pop_density_peak": 616.1, "v_design": 60, "design_gap": 10}}, {"type": "Feature", "geometry": {"type": "LineString", "coordinates": [[120.5664261, 15.167267], [120.5668427, 15.1672115]]}, "properties": {"city": "angeles", "name": "Manuel A. Roxas Highway", "highway": "primary", "v_posted": 60, "posted_imputed": false, "v_safe": 50, "gap": 10, "R": 2.07, "exposure": 0.016, "vru_150m": 0, "sss": 12.7, "recommended": 50, "fatal_reduction_pct": 51.8, "why": "undivided arterial, side-impact intersections", "pop_density": 503.1, "pop_density_peak": 503.8, "v_design": 60, "design_gap": 10}}, {"type": "Feature", "geometry": {"type": "LineString", "coordinates": [[120.5653602, 15.1673057], [120.5655688, 15.1673109], [120.5658143, 15.1673076]]}, "properties": {"city": "angeles", "name": "Manuel A. Roxas Highway", "highway": "primary", "v_posted": 60, "posted_imputed": false, "v_safe": 50, "gap": 10, "R": 2.07, "exposure": 0.015, "vru_150m": 0, "sss": 12.7, "recommended": 50, "fatal_reduction_pct": 51.8, "why": "undivided arterial, side-impact intersections", "pop_density": 501.2, "pop_density_peak": 503.8, "v_design": 60, "design_gap": 10}}, {"type": "Feature", "geometry": {"type": "LineString", "coordinates": [[120.5674932, 15.1671073], [120.5701953, 15.1666901], [120.5705986, 15.1666317], [120.5707661, 15.1666067]]}, "properties": {"city": "angeles", "name": "Manuel A. Roxas Highway", "highway": "primary", "v_posted": 60, "posted_imputed": false, "v_safe": 30, "gap": 30, "R": 16.0, "exposure": 0.219, "vru_150m": 1, "sss": 45.7, "recommended": 30, "fatal_reduction_pct": 93.8, "why": "pedestrian activity (1 VRU site<=50m)", "pop_density": 779.5, "pop_density_peak": 907.9, "v_design": 60, "design_gap": 30}}, {"type": "Feature", "geometry": {"type": "LineString", "coordinates": [[120.5647138, 15.167248], [120.5650215, 15.1672833], [120.5653602, 15.1673057]]}, "properties": {"city": "angeles", "name": "Manuel A. Roxas Highway", "highway": "primary", "v_posted": 60, "posted_imputed": false, "v_safe": 50, "gap": 10, "R": 2.07, "exposure": 0.016, "vru_150m": 0, "sss": 12.7, "recommended": 50, "fatal_reduction_pct": 51.8, "why": "undivided arterial, side-impact intersections", "pop_density": 523.2, "pop_density_peak": 547.8, "v_design": 60, "design_gap": 10}}, {"type": "Feature", "geometry": {"type": "LineString", "coordinates": [[120.5641763, 15.1671856], [120.5647138, 15.167248]]}, "properties": {"city": "angeles", "name": "Manuel A. Roxas Highway", "highway": "primary", "v_posted": 60, "posted_imputed": false, "v_safe": 50, "gap": 10, "R": 2.07, "exposure": 0.017, "vru_150m": 0, "sss": 12.7, "recommended": 50, "fatal_reduction_pct": 51.8, "why": "undivided arterial, side-impact intersections", "pop_density": 547.8, "pop_density_peak": 547.8, "v_design": 60, "design_gap": 10}}, {"type": "Feature", "geometry": {"type": "LineString", "coordinates": [[120.5634719, 15.1670856], [120.5641763, 15.1671856]]}, "properties": {"city": "angeles", "name": "Manuel A. Roxas Highway", "highway": "primary", "v_posted": 60, "posted_imputed": false, "v_safe": 50, "gap": 10, "R": 2.07, "exposure": 0.016, "vru_150m": 0, "sss": 12.7, "recommended": 50, "fatal_reduction_pct": 51.8, "why": "undivided arterial, side-impact intersections", "pop_density": 512.6, "pop_density_peak": 547.8, "v_design": 60, "design_gap": 10}}, {"type": "Feature", "geometry": {"type": "LineString", "coordinates": [[120.5623859, 15.1669531], [120.5626817, 15.1669867], [120.5628128, 15.1670016], [120.5634719, 15.1670856]]}, "properties": {"city": "angeles", "name": "Manuel A. Roxas Highway", "highway": "primary", "v_posted": 60, "posted_imputed": false, "v_safe": 50, "gap": 10, "R": 2.07, "exposure": 0.015, "vru_150m": 0, "sss": 12.7, "recommended": 50, "fatal_reduction_pct": 51.8, "why": "undivided arterial, side-impact intersections", "pop_density": 487.3, "pop_density_peak": 497.1, "v_design": 60, "design_gap": 10}}, {"type": "Feature", "geometry": {"type": "LineString", "coordinates": [[120.5659122, 15.1680765], [120.565855, 15.1679393], [120.5657154, 15.1676045], [120.5656898, 15.167543], [120.5656642, 15.1674815]]}, "properties": {"city": "angeles", "name": "", "highway": "unclassified", "v_posted": 40, "posted_imputed": false, "v_safe": 30, "gap": 10, "R": 3.16, "exposure": 0.016, "vru_150m": 0, "sss": 12.7, "recommended": 30, "fatal_reduction_pct": 68.4, "why": "local road, frontage/pedestrian mixing", "pop_density": 529.2, "pop_density_peak": 559.8, "v_design": 40, "design_gap": 10}}, {"type": "Feature", "geometry": {"type": "LineString", "coordinates": [[120.5704144, 15.1668343], [120.570315, 15.1668484], [120.5699342, 15.1669024]]}, "properties": {"city": "angeles", "name": "Manuel A. Roxas Highway", "highway": "primary", "v_posted": 60, "posted_imputed": false, "v_safe": 30, "gap": 30, "R": 16.0, "exposure": 0.22, "vru_150m": 1, "sss": 45.8, "recommended": 30, "fatal_reduction_pct": 93.8, "why": "pedestrian activity (1 VRU site<=50m)", "pop_density": 814.4, "pop_density_peak": 814.4, "v_design": 60, "design_gap": 30}}, {"type": "Feature", "geometry": {"type": "LineString", "coordinates": [[120.5672274, 15.1673234], [120.5667222, 15.1674039], [120.5664697, 15.1674337], [120.5662555, 15.1674589], [120.5660621, 15.167475], [120.5658458, 15.1674772]]}, "properties": {"city": "angeles", "name": "Manuel A. Roxas Highway", "highway": "primary", "v_posted": 60, "posted_imputed": false, "v_safe": 50, "gap": 10, "R": 2.07, "exposure": 0.016, "vru_150m": 0, "sss": 12.7, "recommended": 50, "fatal_reduction_pct": 51.8, "why": "undivided arterial, side-impact intersections", "pop_density": 503.1, "pop_density_peak": 503.8, "v_design": 60, "design_gap": 10}}, {"type": "Feature", "geometry": {"type": "LineString", "coordinates": [[120.5681424, 15.1671825], [120.567521, 15.1672766]]}, "properties": {"city": "angeles", "name": "Manuel A. Roxas Highway", "highway": "primary", "v_posted": 60, "posted_imputed": false, "v_safe": 50, "gap": 10, "R": 2.07, "exposure": 0.016, "vru_150m": 0, "sss": 12.7, "recommended": 50, "fatal_reduction_pct": 51.8, "why": "undivided arterial, side-impact intersections", "pop_density": 522.6, "pop_density_peak": 522.6, "v_design": 60, "design_gap": 10}}, {"type": "Feature", "geometry": {"type": "LineString", "coordinates": [[120.5699342, 15.1669024], [120.5685243, 15.1671212]]}, "properties": {"city": "angeles", "name": "Manuel A. Roxas Highway", "highway": "primary", "v_posted": 60, "posted_imputed": false, "v_safe": 50, "gap": 10, "R": 2.07, "exposure": 0.023, "vru_150m": 0, "sss": 12.8, "recommended": 50, "fatal_reduction_pct": 51.8, "why": "undivided arterial, side-impact intersections", "pop_density": 735.1, "pop_density_peak": 814.4, "v_design": 60, "design_gap": 10}}, {"type": "Feature", "geometry": {"type": "LineString", "coordinates": [[120.5614719, 15.1670305], [120.5611634, 15.1670014], [120.5610279, 15.1669886], [120.5607637, 15.1669604], [120.5605649, 15.1669212], [120.5603734, 15.1668682], [120.5601191, 15.1667626], [120.5598289, 15.1666262]]}, "properties": {"city": "angeles", "name": "Manuel A. Roxas Highway", "highway": "primary", "v_posted": 60, "posted_imputed": false, "v_safe": 50, "gap": 10, "R": 2.07, "exposure": 0.015, "vru_150m": 0, "sss": 12.7, "recommended": 50, "fatal_reduction_pct": 51.8, "why": "undivided arterial, side-impact intersections", "pop_density": 479.1, "pop_density_peak": 494.4, "v_design": 60, "design_gap": 10}}, {"type": "Feature", "geometry": {"type": "LineString", "coordinates": [[120.5593152, 15.1661525], [120.5601182, 15.1665692], [120.560284, 15.1666444], [120.560522, 15.1667302], [120.5607147, 15.1667813], [120.5609149, 15.1668218], [120.5611217, 15.1668489], [120.5611952, 15.1668533], [120.5613249, 15.1668612]]}, "properties": {"city": "angeles", "name": "Manuel A. Roxas Highway", "highway": "primary", "v_posted": 60, "posted_imputed": false, "v_safe": 50, "gap": 10, "R": 2.07, "exposure": 0.016, "vru_150m": 0, "sss": 12.7, "recommended": 50, "fatal_reduction_pct": 51.8, "why": "undivided arterial, side-impact intersections", "pop_density": 503.8, "pop_density_peak": 522.4, "v_design": 60, "design_gap": 10}}, {"type": "Feature", "geometry": {"type": "LineString", "coordinates": [[120.5586603, 15.1658312], [120.5593152, 15.1661525]]}, "properties": {"city": "angeles", "name": "Manuel A. Roxas Highway", "highway": "primary", "v_posted": 60, "posted_imputed": false, "v_safe": 50, "gap": 10, "R": 2.07, "exposure": 0.016, "vru_150m": 0, "sss": 12.7, "recommended": 50, "fatal_reduction_pct": 51.8, "why": "undivided arterial, side-impact intersections", "pop_density": 514.8, "pop_density_peak": 522.4, "v_design": 60, "design_gap": 10}}, {"type": "Feature", "geometry": {"type": "LineString", "coordinates": [[120.5514134, 15.1636931], [120.5512445, 15.1637397], [120.550888, 15.1638715], [120.5507129, 15.1639428], [120.5506697, 15.1639604]]}, "properties": {"city": "angeles", "name": "Manuel A. Roxas Highway", "highway": "primary", "v_posted": 60, "posted_imputed": false, "v_safe": 50, "gap": 10, "R": 2.07, "exposure": 0.227, "vru_150m": 1, "sss": 15.3, "recommended": 50, "fatal_reduction_pct": 51.8, "why": "undivided arterial, side-impact intersections", "pop_density": 1095.6, "pop_density_peak": 1297.2, "v_design": 60, "design_gap": 10}}, {"type": "Feature", "geometry": {"type": "LineString", "coordinates": [[120.555013, 15.1640115], [120.5568476, 15.164928], [120.5586603, 15.1658312]]}, "properties": {"city": "angeles", "name": "Manuel A. Roxas Highway", "highway": "primary", "v_posted": 60, "posted_imputed": false, "v_safe": 50, "gap": 10, "R": 2.07, "exposure": 0.03, "vru_150m": 0, "sss": 12.9, "recommended": 50, "fatal_reduction_pct": 51.8, "why": "undivided arterial, side-impact intersections", "pop_density": 960.3, "pop_density_peak": 1350.9, "v_design": 60, "design_gap": 10}}, {"type": "Feature", "geometry": {"type": "LineString", "coordinates": [[120.5598289, 15.1666262], [120.5592262, 15.1663211]]}, "properties": {"city": "angeles", "name": "Manuel A. Roxas Highway", "highway": "primary", "v_posted": 60, "posted_imputed": false, "v_safe": 50, "gap": 10, "R": 2.07, "exposure": 0.015, "vru_150m": 0, "sss": 12.7, "recommended": 50, "fatal_reduction_pct": 51.8, "why": "undivided arterial, side-impact intersections", "pop_density": 493.1, "pop_density_peak": 522.4, "v_design": 60, "design_gap": 10}}, {"type": "Feature", "geometry": {"type": "LineString", "coordinates": [[120.5592262, 15.1663211], [120.558943, 15.1661817], [120.5569012, 15.1651765], [120.5553241, 15.1643804], [120.5548789, 15.164163]]}, "properties": {"city": "angeles", "name": "Manuel A. Roxas Highway", "highway": "primary", "v_posted": 60, "posted_imputed": false, "v_safe": 50, "gap": 10, "R": 2.07, "exposure": 0.033, "vru_150m": 0, "sss": 12.9, "recommended": 50, "fatal_reduction_pct": 51.8, "why": "undivided arterial, side-impact intersections", "pop_density": 1061.8, "pop_density_peak": 1350.9, "v_design": 60, "design_gap": 10}}, {"type": "Feature", "geometry": {"type": "LineString", "coordinates": [[120.5499814, 15.1642143], [120.5498376, 15.1642674], [120.5497102, 15.1643144]]}, "properties": {"city": "angeles", "name": "Manuel A. Roxas Highway", "highway": "primary", "v_posted": 60, "posted_imputed": false, "v_safe": 30, "gap": 30, "R": 16.0, "exposure": 0.231, "vru_150m": 1, "sss": 46.1, "recommended": 30, "fatal_reduction_pct": 93.8, "why": "pedestrian activity (1 VRU site<=50m)", "pop_density": 1234.5, "pop_density_peak": 1364.8, "v_design": 60, "design_gap": 30}}, {"type": "Feature", "geometry": {"type": "LineString", "coordinates": [[120.5506697, 15.1639604], [120.5506216, 15.1639781], [120.5499814, 15.1642143]]}, "properties": {"city": "angeles", "name": "Manuel A. Roxas Highway", "highway": "primary", "v_posted": 60, "posted_imputed": false, "v_safe": 50, "gap": 10, "R": 2.07, "exposure": 0.225, "vru_150m": 1, "sss": 15.3, "recommended": 50, "fatal_reduction_pct": 51.8, "why": "undivided arterial, side-impact intersections", "pop_density": 999.1, "pop_density_peak": 1104.2, "v_design": 60, "design_gap": 10}}, {"type": "Feature", "geometry": {"type": "LineString", "coordinates": [[120.5496121, 15.164128], [120.5498886, 15.1640271]]}, "properties": {"city": "angeles", "name": "Manuel A. Roxas Highway", "highway": "primary", "v_posted": 40, "posted_imputed": false, "v_safe": 30, "gap": 10, "R": 3.16, "exposure": 0.231, "vru_150m": 1, "sss": 15.4, "recommended": 30, "fatal_reduction_pct": 68.4, "why": "pedestrian activity (1 VRU site<=50m)", "pop_density": 1234.5, "pop_density_peak": 1364.8, "v_design": 60, "design_gap": 30}}, {"type": "Feature", "geometry": {"type": "LineString", "coordinates": [[120.5639937, 15.1673198], [120.5636403, 15.1672708], [120.56312, 15.1671932], [120.5627391, 15.1671362], [120.5626937, 15.167131], [120.56251, 15.1671102]]}, "properties": {"city": "angeles", "name": "Manuel A. Roxas Highway", "highway": "primary", "v_posted": 60, "posted_imputed": false, "v_safe": 50, "gap": 10, "R": 2.07, "exposure": 0.016, "vru_150m": 0, "sss": 12.7, "recommended": 50, "fatal_reduction_pct": 51.8, "why": "undivided arterial, side-impact intersections", "pop_density": 513.3, "pop_density_peak": 529.5, "v_design": 60, "design_gap": 10}}, {"type": "Feature", "geometry": {"type": "LineString", "coordinates": [[120.5524074, 15.1633847], [120.5525453, 15.1633863], [120.5527398, 15.1633902], [120.5529396, 15.1634019], [120.5531314, 15.1634213], [120.5533259, 15.1634472], [120.5535217, 15.1634821], [120.5536973, 15.1635209], [120.5538878, 15.1635688], [120.5540957, 15.1636323], [120.554329, 15.163719], [120.5545422, 15.1638057], [120.5547608, 15.1639002], [120.555013, 15.1640115]]}, "properties": {"city": "angeles", "name": "Manuel A. Roxas Highway", "highway": "primary", "v_posted": 60, "posted_imputed": false, "v_safe": 50, "gap": 10, "R": 2.07, "exposure": 0.423, "vru_150m": 2, "sss": 17.8, "recommended": 50, "fatal_reduction_pct": 51.8, "why": "undivided arterial, side-impact intersections", "pop_density": 1220.3, "pop_density_peak": 1350.9, "v_design": 60, "design_gap": 10}}, {"type": "Feature", "geometry": {"type": "LineString", "coordinates": [[120.5491843, 15.1642859], [120.5495091, 15.1641656], [120.5496121, 15.164128]]}, "properties": {"city": "angeles", "name": "Manuel A. Roxas Highway", "highway": "primary", "v_posted": 40, "posted_imputed": false, "v_safe": 30, "gap": 10, "R": 3.16, "exposure": 0.234, "vru_150m": 1, "sss": 15.4, "recommended": 30, "fatal_reduction_pct": 68.4, "why": "pedestrian activity (1 VRU site<=50m)", "pop_density": 1364.8, "pop_density_peak": 1364.8, "v_design": 60, "design_gap": 30}}, {"type": "Feature", "geometry": {"type": "LineString", "coordinates": [[120.567521, 15.1672766], [120.5672274, 15.1673234]]}, "properties": {"city": "angeles", "name": "Manuel A. Roxas Highway", "highway": "primary", "v_posted": 60, "posted_imputed": false, "v_safe": 50, "gap": 10, "R": 2.07, "exposure": 0.016, "vru_150m": 0, "sss": 12.7, "recommended": 50, "fatal_reduction_pct": 51.8, "why": "undivided arterial, side-impact intersections", "pop_density": 512.5, "pop_density_peak": 522.6, "v_design": 60, "design_gap": 10}}, {"type": "Feature", "geometry": {"type": "LineString", "coordinates": [[120.5800944, 15.1666516], [120.5790918, 15.1664683], [120.5773543, 15.1661507]]}, "properties": {"city": "angeles", "name": "Manuel A. Roxas Highway", "highway": "primary", "v_posted": 60, "posted_imputed": false, "v_safe": 50, "gap": 10, "R": 2.07, "exposure": 0.034, "vru_150m": 0, "sss": 12.9, "recommended": 50, "fatal_reduction_pct": 51.8, "why": "undivided arterial, side-impact intersections", "pop_density": 1111.5, "pop_density_peak": 1171.0, "v_design": 60, "design_gap": 10}}, {"type": "Feature", "geometry": {"type": "LineString", "coordinates": [[120.5918952, 15.1528333], [120.5916004, 15.1521414], [120.5915983, 15.1520492]]}, "properties": {"city": "angeles", "name": "Jake Gonzales Boulevard", "highway": "primary", "v_posted": 40, "posted_imputed": false, "v_safe": 30, "gap": 10, "R": 3.16, "exposure": 0.825, "vru_150m": 4, "sss": 22.8, "recommended": 30, "fatal_reduction_pct": 68.4, "why": "pedestrian activity (2 VRU site<=50m)", "pop_density": 4026.7, "pop_density_peak": 4106.8, "v_design": 60, "design_gap": 30}}, {"type": "Feature", "geometry": {"type": "LineString", "coordinates": [[120.5915983, 15.1520492], [120.5916586, 15.1521039], [120.5918405, 15.1524846]]}, "properties": {"city": "angeles", "name": "Jake Gonzales Boulevard", "highway": "primary", "v_posted": 40, "posted_imputed": false, "v_safe": 30, "gap": 10, "R": 3.16, "exposure": 0.825, "vru_150m": 4, "sss": 22.8, "recommended": 30, "fatal_reduction_pct": 68.4, "why": "pedestrian activity (2 VRU site<=50m)", "pop_density": 4026.7, "pop_density_peak": 4106.8, "v_design": 60, "design_gap": 30}}, {"type": "Feature", "geometry": {"type": "LineString", "coordinates": [[120.5875493, 15.1387472], [120.5875163, 15.1386966], [120.5874476, 15.1385862], [120.5870749, 15.1379871]]}, "properties": {"city": "angeles", "name": "Rizal Street", "highway": "primary", "v_posted": 40, "posted_imputed": false, "v_safe": 30, "gap": 10, "R": 3.16, "exposure": 1.0, "vru_150m": 6, "sss": 25.0, "recommended": 30, "fatal_reduction_pct": 68.4, "why": "pedestrian activity (2 VRU site<=50m)", "pop_density": 3130.2, "pop_density_peak": 3161.4, "v_design": 60, "design_gap": 30}}, {"type": "Feature", "geometry": {"type": "LineString", "coordinates": [[120.5764841, 15.166043], [120.5762893, 15.1660282], [120.5761017, 15.1660116]]}, "properties": {"city": "angeles", "name": "Manuel A. Roxas Highway", "highway": "primary", "v_posted": 60, "posted_imputed": false, "v_safe": 50, "gap": 10, "R": 2.07, "exposure": 0.226, "vru_150m": 1, "sss": 15.3, "recommended": 50, "fatal_reduction_pct": 51.8, "why": "undivided arterial, side-impact intersections", "pop_density": 1053.0, "pop_density_peak": 1053.0, "v_design": 60, "design_gap": 10}}, {"type": "Feature", "geometry": {"type": "LineString", "coordinates": [[120.5864976, 15.1369857], [120.5869194, 15.1367824]]}, "properties": {"city": "angeles", "name": "Santo Rosario Street", "highway": "secondary", "v_posted": 40, "posted_imputed": false, "v_safe": 30, "gap": 10, "R": 3.16, "exposure": 0.633, "vru_150m": 3, "sss": 20.4, "recommended": 30, "fatal_reduction_pct": 68.4, "why": "pedestrian activity (1 VRU site<=50m)", "pop_density": 2674.1, "pop_density_peak": 3006.3, "v_design": 50, "design_gap": 20}}, {"type": "Feature", "geometry": {"type": "LineString", "coordinates": [[120.588379, 15.1360715], [120.5884592, 15.1360287], [120.5887179, 15.135896], [120.5892194, 15.1356215], [120.5892897, 15.1355815], [120.5893126, 15.1355698], [120.5893232, 15.1355644], [120.5893568, 15.1355473], [120.5894545, 15.1354974], [120.5897286, 15.1353517], [120.5899651, 15.1352191], [120.5901894, 15.1350918], [120.5903504, 15.1349803]]}, "properties": {"city": "angeles", "name": "Dalan Santo Rosario", "highway": "secondary", "v_posted": 40, "posted_imputed": false, "v_safe": 30, "gap": 10, "R": 3.16, "exposure": 0.912, "vru_150m": 4, "sss": 23.9, "recommended": 30, "fatal_reduction_pct": 68.4, "why": "pedestrian activity (1 VRU site<=50m)", "pop_density": 18096.8, "pop_density_peak": 23973.5, "v_design": 50, "design_gap": 20}}, {"type": "Feature", "geometry": {"type": "LineString", "coordinates": [[120.5915983, 15.1520492], [120.5915789, 15.1520168], [120.5915707, 15.1519978], [120.5915614, 15.151976], [120.5913996, 15.1515986], [120.5912063, 15.1511804], [120.5903891, 15.1494027], [120.5902744, 15.1491385], [120.5900959, 15.1487603], [120.5900235, 15.1485961], [120.5899762, 15.1484972], [120.5899137, 15.1483608], [120.5898981, 15.1483301], [120.5898629, 15.1482451], [120.5897889, 15.148098], [120.5897559, 15.1480309]]}, "properties": {"city": "angeles", "name": "Jake Gonzales Boulevard", "highway": "primary", "v_posted": 40, "posted_imputed": false, "v_safe": 30, "gap": 10, "R": 3.16, "exposure": 0.638, "vru_150m": 3, "sss": 20.5, "recommended": 30, "fatal_reduction_pct": 68.4, "why": "pedestrian activity (1 VRU site<=50m)", "pop_density": 3072.3, "pop_density_peak": 4106.8, "v_design": 60, "design_gap": 30}}, {"type": "Feature", "geometry": {"type": "LineString", "coordinates": [[120.5777015, 15.1660565], [120.5799868, 15.1664846]]}, "properties": {"city": "angeles", "name": "Manuel A. Roxas Highway", "highway": "primary", "v_posted": 60, "posted_imputed": false, "v_safe": 50, "gap": 10, "R": 2.07, "exposure": 0.034, "vru_150m": 0, "sss": 12.9, "recommended": 50, "fatal_reduction_pct": 51.8, "why": "undivided arterial, side-impact intersections", "pop_density": 1111.5, "pop_density_peak": 1171.0, "v_design": 60, "design_gap": 10}}, {"type": "Feature", "geometry": {"type": "LineString", "coordinates": [[120.5716413, 15.1664736], [120.5717837, 15.1664521]]}, "properties": {"city": "angeles", "name": "Manuel A. Roxas Highway", "highway": "primary", "v_posted": 60, "posted_imputed": false, "v_safe": 50, "gap": 10, "R": 2.07, "exposure": 0.612, "vru_150m": 3, "sss": 20.1, "recommended": 50, "fatal_reduction_pct": 51.8, "why": "undivided arterial, side-impact intersections", "pop_density": 968.5, "pop_density_peak": 968.5, "v_design": 60, "design_gap": 10}}, {"type": "Feature", "geometry": {"type": "LineString", "coordinates": [[120.5794976, 15.1322644], [120.5796565, 15.1323194]]}, "properties": {"city": "angeles", "name": "Rizal Street Extension", "highway": "primary", "v_posted": 40, "posted_imputed": false, "v_safe": 30, "gap": 10, "R": 3.16, "exposure": 0.484, "vru_150m": 2, "sss": 18.5, "recommended": 30, "fatal_reduction_pct": 68.4, "why": "pedestrian activity (1 VRU site<=50m)", "pop_density": 4514.0, "pop_density_peak": 4514.0, "v_design": 60, "design_gap": 30}}, {"type": "Feature", "geometry": {"type": "LineString", "coordinates": [[120.58746, 15.1391581], [120.5874684, 15.1390523]]}, "properties": {"city": "angeles", "name": "Jake Gonzales Boulevard", "highway": "primary", "v_posted": 40, "posted_imputed": false, "v_safe": 30, "gap": 10, "R": 3.16, "exposure": 1.0, "vru_150m": 5, "sss": 25.0, "recommended": 30, "fatal_reduction_pct": 68.4, "why": "pedestrian activity (2 VRU site<=50m)", "pop_density": 3003.0, "pop_density_peak": 3003.0, "v_design": 60, "design_gap": 30}}, {"type": "Feature", "geometry": {"type": "LineString", "coordinates": [[120.5875493, 15.1387472], [120.5876235, 15.1388553]]}, "properties": {"city": "angeles", "name": "Rizal Street", "highway": "primary", "v_posted": 40, "posted_imputed": false, "v_safe": 30, "gap": 10, "R": 3.16, "exposure": 1.0, "vru_150m": 5, "sss": 25.0, "recommended": 30, "fatal_reduction_pct": 68.4, "why": "pedestrian activity (1 VRU site<=50m)", "pop_density": 3082.2, "pop_density_peak": 3161.4, "v_design": 60, "design_gap": 30}}, {"type": "Feature", "geometry": {"type": "LineString", "coordinates": [[120.5718116, 15.166591], [120.5716773, 15.1666146]]}, "properties": {"city": "angeles", "name": "Manuel A. Roxas Highway", "highway": "primary", "v_posted": 60, "posted_imputed": false, "v_safe": 50, "gap": 10, "R": 2.07, "exposure": 0.612, "vru_150m": 3, "sss": 20.1, "recommended": 50, "fatal_reduction_pct": 51.8, "why": "undivided arterial, side-impact intersections", "pop_density": 968.5, "pop_density_peak": 968.5, "v_design": 60, "design_gap": 10}}, {"type": "Feature", "geometry": {"type": "LineString", "coordinates": [[120.5711959, 15.166541], [120.5715154, 15.1664931], [120.5716413, 15.1664736]]}, "properties": {"city": "angeles", "name": "Manuel A. Roxas Highway", "highway": "primary", "v_posted": 60, "posted_imputed": false, "v_safe": 50, "gap": 10, "R": 2.07, "exposure": 0.612, "vru_150m": 3, "sss": 20.1, "recommended": 50, "fatal_reduction_pct": 51.8, "why": "undivided arterial, side-impact intersections", "pop_density": 938.2, "pop_density_peak": 968.5, "v_design": 60, "design_gap": 10}}, {"type": "Feature", "geometry": {"type": "LineString", "coordinates": [[120.5708262, 15.1667649], [120.5704144, 15.1668343]]}, "properties": {"city": "angeles", "name": "Manuel A. Roxas Highway", "highway": "primary", "v_posted": 60, "posted_imputed": false, "v_safe": 30, "gap": 30, "R": 16.0, "exposure": 0.221, "vru_150m": 1, "sss": 45.8, "recommended": 30, "fatal_reduction_pct": 93.8, "why": "pedestrian activity (1 VRU site<=50m)", "pop_density": 861.2, "pop_density_peak": 907.9, "v_design": 60, "design_gap": 30}}, {"type": "Feature", "geometry": {"type": "LineString", "coordinates": [[120.5716773, 15.1666146], [120.5715419, 15.1666397], [120.5711913, 15.1667044], [120.5708792, 15.1667561], [120.5708262, 15.1667649]]}, "properties": {"city": "angeles", "name": "Manuel A. Roxas Highway", "highway": "primary", "v_posted": 60, "posted_imputed": false, "v_safe": 50, "gap": 10, "R": 2.07, "exposure": 0.612, "vru_150m": 3, "sss": 20.1, "recommended": 50, "fatal_reduction_pct": 51.8, "why": "undivided arterial, side-impact intersections", "pop_density": 938.2, "pop_density_peak": 968.5, "v_design": 60, "design_gap": 10}}, {"type": "Feature", "geometry": {"type": "LineString", "coordinates": [[120.5745359, 15.1660194], [120.5751446, 15.1659261], [120.5756174, 15.1658757], [120.5757832, 15.165867]]}, "properties": {"city": "angeles", "name": "Manuel A. Roxas Highway", "highway": "primary", "v_posted": 60, "posted_imputed": false, "v_safe": 50, "gap": 10, "R": 2.07, "exposure": 0.033, "vru_150m": 0, "sss": 12.9, "recommended": 50, "fatal_reduction_pct": 51.8, "why": "undivided arterial, side-impact intersections", "pop_density": 1071.4, "pop_density_peak": 1089.8, "v_design": 60, "design_gap": 10}}, {"type": "Feature", "geometry": {"type": "LineString", "coordinates": [[120.5757915, 15.1660104], [120.5756667, 15.1660261], [120.5751449, 15.1661117]]}, "properties": {"city": "angeles", "name": "Manuel A. Roxas Highway", "highway": "primary", "v_posted": 60, "posted_imputed": false, "v_safe": 50, "gap": 10, "R": 2.07, "exposure": 0.033, "vru_150m": 0, "sss": 12.9, "recommended": 50, "fatal_reduction_pct": 51.8, "why": "undivided arterial, side-impact intersections", "pop_density": 1081.1, "pop_density_peak": 1109.3, "v_design": 60, "design_gap": 10}}, {"type": "Feature", "geometry": {"type": "LineString", "coordinates": [[120.5761017, 15.1660116], [120.5759422, 15.1660056], [120.575933, 15.1660056], [120.5759268, 15.1660058]]}, "properties": {"city": "angeles", "name": "Manuel A. Roxas Highway", "highway": "primary", "v_posted": 60, "posted_imputed": false, "v_safe": 50, "gap": 10, "R": 2.07, "exposure": 0.033, "vru_150m": 0, "sss": 12.9, "recommended": 50, "fatal_reduction_pct": 51.8, "why": "undivided arterial, side-impact intersections", "pop_density": 1053.0, "pop_density_peak": 1053.0, "v_design": 60, "design_gap": 10}}, {"type": "Feature", "geometry": {"type": "LineString", "coordinates": [[120.5759227, 15.1658649], [120.5759322, 15.1658646], [120.5759431, 15.165864], [120.5761063, 15.1658638]]}, "properties": {"city": "angeles", "name": "Manuel A. Roxas Highway", "highway": "primary", "v_posted": 60, "posted_imputed": false, "v_safe": 50, "gap": 10, "R": 2.07, "exposure": 0.226, "vru_150m": 1, "sss": 15.3, "recommended": 50, "fatal_reduction_pct": 51.8, "why": "undivided arterial, side-impact intersections", "pop_density": 1053.0, "pop_density_peak": 1053.0, "v_design": 60, "design_gap": 10}}, {"type": "Feature", "geometry": {"type": "LineString", "coordinates": [[120.5773543, 15.1661507], [120.5769081, 15.1660845]]}, "properties": {"city": "angeles", "name": "Manuel A. Roxas Highway", "highway": "primary", "v_posted": 60, "posted_imputed": false, "v_safe": 50, "gap": 10, "R": 2.07, "exposure": 0.226, "vru_150m": 1, "sss": 15.3, "recommended": 50, "fatal_reduction_pct": 51.8, "why": "undivided arterial, side-impact intersections", "pop_density": 1055.6, "pop_density_peak": 1059.2, "v_design": 60, "design_gap": 10}}, {"type": "Feature", "geometry": {"type": "LineString", "coordinates": [[120.5825785, 15.1670597], [120.5823589, 15.1670251], [120.5807669, 15.1667745]]}, "properties": {"city": "angeles", "name": "Manuel A. Roxas Highway", "highway": "primary", "v_posted": 60, "posted_imputed": false, "v_safe": 50, "gap": 10, "R": 2.07, "exposure": 0.233, "vru_150m": 1, "sss": 15.4, "recommended": 50, "fatal_reduction_pct": 51.8, "why": "undivided arterial, side-impact intersections", "pop_density": 1319.3, "pop_density_peak": 1358.0, "v_design": 60, "design_gap": 10}}, {"type": "Feature", "geometry": {"type": "LineString", "coordinates": [[120.5830843, 15.1671472], [120.5829846, 15.1671294], [120.5828117, 15.1670984], [120.5825785, 15.1670597]]}, "properties": {"city": "angeles", "name": "Manuel A. Roxas Highway", "highway": "primary", "v_posted": 60, "posted_imputed": false, "v_safe": 50, "gap": 10, "R": 2.07, "exposure": 0.234, "vru_150m": 1, "sss": 15.4, "recommended": 50, "fatal_reduction_pct": 51.8, "why": "undivided arterial, side-impact intersections", "pop_density": 1358.0, "pop_density_peak": 1358.0, "v_design": 60, "design_gap": 10}}, {"type": "Feature", "geometry": {"type": "LineString", "coordinates": [[120.5826648, 15.1669324], [120.5830033, 15.1669905], [120.5831096, 15.1670088]]}, "properties": {"city": "angeles", "name": "Manuel A. Roxas Highway", "highway": "primary", "v_posted": 60, "posted_imputed": false, "v_safe": 50, "gap": 10, "R": 2.07, "exposure": 0.425, "vru_150m": 2, "sss": 17.8, "recommended": 50, "fatal_reduction_pct": 51.8, "why": "undivided arterial, side-impact intersections", "pop_density": 1358.0, "pop_density_peak": 1358.0, "v_design": 60, "design_gap": 10}}, {"type": "Feature", "geometry": {"type": "LineString", "coordinates": [[120.5825144, 15.1669065], [120.5826648, 15.1669324]]}, "properties": {"city": "angeles", "name": "Manuel A. Roxas Highway", "highway": "primary", "v_posted": 60, "posted_imputed": false, "v_safe": 50, "gap": 10, "R": 2.07, "exposure": 0.425, "vru_150m": 2, "sss": 17.8, "recommended": 50, "fatal_reduction_pct": 51.8, "why": "undivided arterial, side-impact intersections", "pop_density": 1358.0, "pop_density_peak": 1358.0, "v_design": 60, "design_gap": 10}}, {"type": "Feature", "geometry": {"type": "LineString", "coordinates": [[120.5875283, 15.1390348], [120.58746, 15.1391581]]}, "properties": {"city": "angeles", "name": "Jake Gonzales Boulevard", "highway": "primary", "v_posted": 40, "posted_imputed": false, "v_safe": 30, "gap": 10, "R": 3.16, "exposure": 1.0, "vru_150m": 5, "sss": 25.0, "recommended": 30, "fatal_reduction_pct": 68.4, "why": "pedestrian activity (2 VRU site<=50m)", "pop_density": 3003.0, "pop_density_peak": 3003.0, "v_design": 60, "design_gap": 30}}, {"type": "Feature", "geometry": {"type": "LineString", "coordinates": [[120.58746, 15.1391581], [120.5874583, 15.1392021], [120.5874901, 15.1394753]]}, "properties": {"city": "angeles", "name": "Jake Gonzales Boulevard", "highway": "primary", "v_posted": 40, "posted_imputed": false, "v_safe": 30, "gap": 10, "R": 3.16, "exposure": 1.0, "vru_150m": 5, "sss": 25.0, "recommended": 30, "fatal_reduction_pct": 68.4, "why": "pedestrian activity (2 VRU site<=50m)", "pop_density": 3003.0, "pop_density_peak": 3003.0, "v_design": 60, "design_gap": 30}}, {"type": "Feature", "geometry": {"type": "LineString", "coordinates": [[120.5874684, 15.1390523], [120.5874945, 15.1389063], [120.5875062, 15.1388345], [120.587518, 15.1387936], [120.5875493, 15.1387472]]}, "properties": {"city": "angeles", "name": "Jake Gonzales Boulevard", "highway": "primary", "v_posted": 40, "posted_imputed": false, "v_safe": 30, "gap": 10, "R": 3.16, "exposure": 1.0, "vru_150m": 5, "sss": 25.0, "recommended": 30, "fatal_reduction_pct": 68.4, "why": "pedestrian activity (1 VRU site<=50m)", "pop_density": 3082.2, "pop_density_peak": 3161.4, "v_design": 60, "design_gap": 30}}, {"type": "Feature", "geometry": {"type": "LineString", "coordinates": [[120.5738205, 15.1663115], [120.5724872, 15.1665012]]}, "properties": {"city": "angeles", "name": "Manuel A. Roxas Highway", "highway": "primary", "v_posted": 60, "posted_imputed": false, "v_safe": 50, "gap": 10, "R": 2.07, "exposure": 0.42, "vru_150m": 2, "sss": 17.7, "recommended": 50, "fatal_reduction_pct": 51.8, "why": "undivided arterial, side-impact intersections", "pop_density": 1063.1, "pop_density_peak": 1130.1, "v_design": 60, "design_gap": 10}}, {"type": "Feature", "geometry": {"type": "LineString", "coordinates": [[120.5724872, 15.1665012], [120.5718116, 15.166591]]}, "properties": {"city": "angeles", "name": "Manuel A. Roxas Highway", "highway": "primary", "v_posted": 60, "posted_imputed": false, "v_safe": 50, "gap": 10, "R": 2.07, "exposure": 0.612, "vru_150m": 3, "sss": 20.2, "recommended": 50, "fatal_reduction_pct": 51.8, "why": "undivided arterial, side-impact intersections", "pop_density": 982.3, "pop_density_peak": 996.0, "v_design": 60, "design_gap": 10}}, {"type": "Feature", "geometry": {"type": "LineString", "coordinates": [[120.5739489, 15.1661197], [120.5745359, 15.1660194]]}, "properties": {"city": "angeles", "name": "Manuel A. Roxas Highway", "highway": "primary", "v_posted": 60, "posted_imputed": false, "v_safe": 50, "gap": 10, "R": 2.07, "exposure": 0.034, "vru_150m": 0, "sss": 12.9, "recommended": 50, "fatal_reduction_pct": 51.8, "why": "undivided arterial, side-impact intersections", "pop_density": 1109.9, "pop_density_peak": 1130.1, "v_design": 60, "design_gap": 10}}, {"type": "Feature", "geometry": {"type": "LineString", "coordinates": [[120.5745578, 15.1662019], [120.5738205, 15.1663115]]}, "properties": {"city": "angeles", "name": "Manuel A. Roxas Highway", "highway": "primary", "v_posted": 60, "posted_imputed": false, "v_safe": 50, "gap": 10, "R": 2.07, "exposure": 0.034, "vru_150m": 0, "sss": 12.9, "recommended": 50, "fatal_reduction_pct": 51.8, "why": "undivided arterial, side-impact intersections", "pop_density": 1109.9, "pop_density_peak": 1130.1, "v_design": 60, "design_gap": 10}}, {"type": "Feature", "geometry": {"type": "LineString", "coordinates": [[120.5751449, 15.1661117], [120.5745578, 15.1662019]]}, "properties": {"city": "angeles", "name": "Manuel A. Roxas Highway", "highway": "primary", "v_posted": 60, "posted_imputed": false, "v_safe": 50, "gap": 10, "R": 2.07, "exposure": 0.034, "vru_150m": 0, "sss": 12.9, "recommended": 50, "fatal_reduction_pct": 51.8, "why": "undivided arterial, side-impact intersections", "pop_density": 1099.5, "pop_density_peak": 1109.3, "v_design": 60, "design_gap": 10}}, {"type": "Feature", "geometry": {"type": "LineString", "coordinates": [[120.572422, 15.1663541], [120.5730677, 15.166255]]}, "properties": {"city": "angeles", "name": "Manuel A. Roxas Highway", "highway": "primary", "v_posted": 60, "posted_imputed": false, "v_safe": 50, "gap": 10, "R": 2.07, "exposure": 0.419, "vru_150m": 2, "sss": 17.7, "recommended": 50, "fatal_reduction_pct": 51.8, "why": "undivided arterial, side-impact intersections", "pop_density": 1034.6, "pop_density_peak": 1073.2, "v_design": 60, "design_gap": 10}}, {"type": "Feature", "geometry": {"type": "LineString", "coordinates": [[120.5769081, 15.1660845], [120.5764841, 15.166043]]}, "properties": {"city": "angeles", "name": "Manuel A. Roxas Highway", "highway": "primary", "v_posted": 60, "posted_imputed": false, "v_safe": 50, "gap": 10, "R": 2.07, "exposure": 0.226, "vru_150m": 1, "sss": 15.3, "recommended": 50, "fatal_reduction_pct": 51.8, "why": "undivided arterial, side-impact intersections", "pop_density": 1056.1, "pop_density_peak": 1059.2, "v_design": 60, "design_gap": 10}}, {"type": "Feature", "geometry": {"type": "LineString", "coordinates": [[120.5799868, 15.1664846], [120.5805723, 15.1665913], [120.580786, 15.1666303]]}, "properties": {"city": "angeles", "name": "Manuel A. Roxas Highway", "highway": "primary", "v_posted": 60, "posted_imputed": false, "v_safe": 50, "gap": 10, "R": 2.07, "exposure": 0.038, "vru_150m": 0, "sss": 13.0, "recommended": 50, "fatal_reduction_pct": 51.8, "why": "undivided arterial, side-impact intersections", "pop_density": 1225.8, "pop_density_peak": 1280.6, "v_design": 60, "design_gap": 10}}, {"type": "Feature", "geometry": {"type": "LineString", "coordinates": [[120.580786, 15.1666303], [120.5818535, 15.1667921]]}, "properties": {"city": "angeles", "name": "Manuel A. Roxas Highway", "highway": "primary", "v_posted": 60, "posted_imputed": false, "v_safe": 50, "gap": 10, "R": 2.07, "exposure": 0.232, "vru_150m": 1, "sss": 15.4, "recommended": 50, "fatal_reduction_pct": 51.8, "why": "undivided arterial, side-impact intersections", "pop_density": 1276.4, "pop_density_peak": 1280.6, "v_design": 60, "design_gap": 10}}, {"type": "Feature", "geometry": {"type": "LineString", "coordinates": [[120.5707661, 15.1666067], [120.5711959, 15.166541]]}, "properties": {"city": "angeles", "name": "Manuel A. Roxas Highway", "highway": "primary", "v_posted": 60, "posted_imputed": false, "v_safe": 50, "gap": 10, "R": 2.07, "exposure": 0.611, "vru_150m": 3, "sss": 20.1, "recommended": 50, "fatal_reduction_pct": 51.8, "why": "undivided arterial, side-impact intersections", "pop_density": 907.9, "pop_density_peak": 907.9, "v_design": 60, "design_gap": 10}}, {"type": "Feature", "geometry": {"type": "LineString", "coordinates": [[120.5717837, 15.1664521], [120.572422, 15.1663541]]}, "properties": {"city": "angeles", "name": "Manuel A. Roxas Highway", "highway": "primary", "v_posted": 60, "posted_imputed": false, "v_safe": 50, "gap": 10, "R": 2.07, "exposure": 0.418, "vru_150m": 2, "sss": 17.7, "recommended": 50, "fatal_reduction_pct": 51.8, "why": "undivided arterial, side-impact intersections", "pop_density": 982.3, "pop_density_peak": 996.0, "v_design": 60, "design_gap": 10}}, {"type": "Feature", "geometry": {"type": "LineString", "coordinates": [[120.6000521, 15.1677207], [120.599552, 15.1680622], [120.5990088, 15.1682813], [120.5988807, 15.1683291], [120.598587, 15.1684081], [120.598241, 15.1684611], [120.5977851, 15.1684822], [120.5977492, 15.1684793], [120.5971482, 15.1684387], [120.5967293, 15.1683848], [120.5963202, 15.1683371], [120.5962473, 15.16833], [120.595788, 15.1682863], [120.5952316, 15.1682251], [120.5948022, 15.168173], [120.5947184, 15.1681668], [120.5942885, 15.1681237], [120.5941799, 15.1681107], [120.593615, 15.1680577], [120.5931289, 15.1680174], [120.5926346, 15.1679745], [120.5925746, 15.1679691], [120.5925322, 15.1679655], [120.5921549, 15.1679327], [120.5917131, 15.1678942], [120.5914623, 15.1678733], [120.5912925, 15.1678575], [120.5912542, 15.167853], [120.5908463, 15.1678171], [120.5907815, 15.1678115], [120.5901962, 15.1677462], [120.5897806, 15.1677182]]}, "properties": {"city": "angeles", "name": "Don Gueco Avenue", "highway": "secondary", "v_posted": 40, "posted_imputed": false, "v_safe": 30, "gap": 10, "R": 3.16, "exposure": 0.229, "vru_150m": 1, "sss": 15.4, "recommended": 30, "fatal_reduction_pct": 68.4, "why": "pedestrian activity (1 VRU site<=50m)", "pop_density": 1171.5, "pop_density_peak": 1463.5, "v_design": 50, "design_gap": 20}}, {"type": "Feature", "geometry": {"type": "LineString", "coordinates": [[120.5876235, 15.1388553], [120.5875283, 15.1390348]]}, "properties": {"city": "angeles", "name": "Jake Gonzales Boulevard", "highway": "primary", "v_posted": 40, "posted_imputed": false, "v_safe": 30, "gap": 10, "R": 3.16, "exposure": 1.0, "vru_150m": 5, "sss": 25.0, "recommended": 30, "fatal_reduction_pct": 68.4, "why": "pedestrian activity (2 VRU site<=50m)", "pop_density": 3003.0, "pop_density_peak": 3003.0, "v_design": 60, "design_gap": 30}}, {"type": "Feature", "geometry": {"type": "LineString", "coordinates": [[120.5877296, 15.1363919], [120.5879828, 15.1362668], [120.5880784, 15.1362209], [120.5882936, 15.1361139]]}, "properties": {"city": "angeles", "name": "Santo Rosario Street", "highway": "secondary", "v_posted": 40, "posted_imputed": false, "v_safe": 30, "gap": 10, "R": 3.16, "exposure": 1.0, "vru_150m": 5, "sss": 25.0, "recommended": 30, "fatal_reduction_pct": 68.4, "why": "pedestrian activity (1 VRU site<=50m)", "pop_density": 6517.2, "pop_density_peak": 9891.4, "v_design": 50, "design_gap": 20}}, {"type": "Feature", "geometry": {"type": "LineString", "coordinates": [[120.5730677, 15.166255], [120.5737231, 15.1661544], [120.5739489, 15.1661197]]}, "properties": {"city": "angeles", "name": "Manuel A. Roxas Highway", "highway": "primary", "v_posted": 60, "posted_imputed": false, "v_safe": 50, "gap": 10, "R": 2.07, "exposure": 0.034, "vru_150m": 0, "sss": 12.9, "recommended": 50, "fatal_reduction_pct": 51.8, "why": "undivided arterial, side-impact intersections", "pop_density": 1101.6, "pop_density_peak": 1130.1, "v_design": 60, "design_gap": 10}}, {"type": "Feature", "geometry": {"type": "LineString", "coordinates": [[120.5882936, 15.1361139], [120.588379, 15.1360715]]}, "properties": {"city": "angeles", "name": "Santo Rosario Street", "highway": "secondary", "v_posted": 40, "posted_imputed": false, "v_safe": 30, "gap": 10, "R": 3.16, "exposure": 0.722, "vru_150m": 3, "sss": 21.5, "recommended": 30, "fatal_reduction_pct": 68.4, "why": "pedestrian activity (2 VRU site<=50m)", "pop_density": 9891.4, "pop_density_peak": 9891.4, "v_design": 50, "design_gap": 20}}, {"type": "Feature", "geometry": {"type": "LineString", "coordinates": [[120.5758885, 15.165866], [120.5759227, 15.1658649]]}, "properties": {"city": "angeles", "name": "Manuel A. Roxas Highway", "highway": "primary", "v_posted": 60, "posted_imputed": false, "v_safe": 50, "gap": 10, "R": 2.07, "exposure": 0.226, "vru_150m": 1, "sss": 15.3, "recommended": 50, "fatal_reduction_pct": 51.8, "why": "undivided arterial, side-impact intersections", "pop_density": 1053.0, "pop_density_peak": 1053.0, "v_design": 60, "design_gap": 10}}, {"type": "Feature", "geometry": {"type": "LineString", "coordinates": [[120.5757832, 15.165867], [120.5758885, 15.165866]]}, "properties": {"city": "angeles", "name": "Manuel A. Roxas Highway", "highway": "primary", "v_posted": 60, "posted_imputed": false, "v_safe": 50, "gap": 10, "R": 2.07, "exposure": 0.226, "vru_150m": 1, "sss": 15.3, "recommended": 50, "fatal_reduction_pct": 51.8, "why": "undivided arterial, side-impact intersections", "pop_density": 1053.0, "pop_density_peak": 1053.0, "v_design": 60, "design_gap": 10}}, {"type": "Feature", "geometry": {"type": "LineString", "coordinates": [[120.5758927, 15.1660074], [120.5757915, 15.1660104]]}, "properties": {"city": "angeles", "name": "Manuel A. Roxas Highway", "highway": "primary", "v_posted": 60, "posted_imputed": false, "v_safe": 50, "gap": 10, "R": 2.07, "exposure": 0.033, "vru_150m": 0, "sss": 12.9, "recommended": 50, "fatal_reduction_pct": 51.8, "why": "undivided arterial, side-impact intersections", "pop_density": 1053.0, "pop_density_peak": 1053.0, "v_design": 60, "design_gap": 10}}, {"type": "Feature", "geometry": {"type": "LineString", "coordinates": [[120.5759268, 15.1660058], [120.5758927, 15.1660074]]}, "properties": {"city": "angeles", "name": "Manuel A. Roxas Highway", "highway": "primary", "v_posted": 60, "posted_imputed": false, "v_safe": 50, "gap": 10, "R": 2.07, "exposure": 0.033, "vru_150m": 0, "sss": 12.9, "recommended": 50, "fatal_reduction_pct": 51.8, "why": "undivided arterial, side-impact intersections", "pop_density": 1053.0, "pop_density_peak": 1053.0, "v_design": 60, "design_gap": 10}}, {"type": "Feature", "geometry": {"type": "LineString", "coordinates": [[120.6242292, 15.1502014], [120.6242126, 15.1501337], [120.6241456, 15.150012], [120.6240383, 15.1499201], [120.6239149, 15.1498645], [120.6236158, 15.1498088], [120.6233503, 15.1497674], [120.6228313, 15.1497066], [120.6223995, 15.1496962], [120.6220803, 15.1496962], [120.6220159, 15.1496962], [120.621656, 15.1497685], [120.6215706, 15.1497902], [120.6214821, 15.1498256], [120.6211925, 15.1498981], [120.6208518, 15.150025], [120.6205702, 15.1501415], [120.62031, 15.1502709], [120.6201678, 15.1503978], [120.6200498, 15.1505428], [120.6198969, 15.1508094], [120.6195027, 15.1513842], [120.6192344, 15.1517311], [120.6189769, 15.1520081], [120.6187114, 15.1522515], [120.6183788, 15.1525182], [120.6179041, 15.1527771], [120.6177485, 15.1528703], [120.6176144, 15.1529169], [120.6173488, 15.1529842], [120.617027, 15.15308], [120.6166542, 15.1532483], [120.6163081, 15.1534864], [120.6160775, 15.153634], [120.6158453, 15.1537873], [120.615693, 15.1538751], [120.6156452, 15.15391], [120.6156011, 15.1539531], [120.6155564, 15.1540178], [120.6154338, 15.1542754], [120.6151897, 15.1547612], [120.6150919, 15.1549337], [120.614997, 15.1550639], [120.6148434, 15.1552556], [120.6145531, 15.1556082], [120.6142988, 15.1558986], [120.6142353, 15.1559503], [120.6141622, 15.1560002], [120.6140667, 15.156044], [120.613843, 15.1561269], [120.6134498, 15.1562504], [120.6132237, 15.1563149], [120.6127974, 15.1564252], [120.6124463, 15.1565159], [120.6123434, 15.1565425], [120.612142, 15.1565831], [120.6119533, 15.1566187], [120.6117802, 15.1566514], [120.6116672, 15.1566982], [120.6115436, 15.1567599], [120.6113446, 15.1568783], [120.6109987, 15.1570908], [120.6108815, 15.1571737], [120.6106846, 15.1573225], [120.6105001, 15.1574433], [120.6103674, 15.1575302], [120.6101688, 15.1576475], [120.6100091, 15.1577541], [120.6099389, 15.1578009], [120.6097414, 15.1579298], [120.6096109, 15.1580313], [120.609325, 15.1582502], [120.6089135, 15.1585485], [120.6086254, 15.1587524], [120.6085515, 15.15881], [120.6085021, 15.1588486], [120.6084575, 15.158884], [120.6083942, 15.1589218], [120.608305, 15.1589614], [120.6080184, 15.159082], [120.607915, 15.1591255], [120.6076783, 15.1591979], [120.6074625, 15.1592451], [120.6073162, 15.1592547], [120.6070765, 15.1592452], [120.6067015, 15.1592254], [120.6063057, 15.1592223], [120.6059185, 15.1592258], [120.6055507, 15.1592405], [120.6052815, 15.1592466], [120.605144, 15.1592375], [120.6050392, 15.1592314], [120.6045778, 15.159172], [120.6037685, 15.1590772], [120.6031331, 15.1590172], [120.602516, 15.1589556], [120.6022942, 15.1589296], [120.6018165, 15.1588736], [120.6012105, 15.158807], [120.6007567, 15.158747], [120.6003686, 15.1586931], [120.5999731, 15.1586381], [120.5994581, 15.1585697], [120.5987752, 15.1584653], [120.5980681, 15.1583631], [120.5977386, 15.158315], [120.5974584, 15.1582638], [120.5970064, 15.1582011], [120.5968662, 15.1581756], [120.5966664, 15.1581248], [120.5964292, 15.1580529], [120.5961726, 15.1579758], [120.5960031, 15.1579277], [120.5957361, 15.1578357], [120.5956582, 15.1578079]]}, "properties": {"city": "angeles", "name": "Abacan Access Road", "highway": "tertiary", "v_posted": 60, "posted_imputed": false, "v_safe": 50, "gap": 10, "R": 2.07, "exposure": 0.311, "vru_150m": 0, "sss": 16.4, "recommended": 50, "fatal_reduction_pct": 51.8, "why": "undivided arterial, side-impact intersections", "pop_density": 10058.2, "pop_density_peak": 23414.7, "v_design": 45, "design_gap": -5}}, {"type": "Feature", "geometry": {"type": "LineString", "coordinates": [[120.5761063, 15.1658638], [120.5761463, 15.1658658], [120.5763822, 15.1658777], [120.5765197, 15.1658862], [120.5769202, 15.1659257], [120.5770991, 15.1659508], [120.5772529, 15.1659724], [120.5777015, 15.1660565]]}, "properties": {"city": "angeles", "name": "Manuel A. Roxas Highway", "highway": "primary", "v_posted": 60, "posted_imputed": false, "v_safe": 50, "gap": 10, "R": 2.07, "exposure": 0.226, "vru_150m": 1, "sss": 15.3, "recommended": 50, "fatal_reduction_pct": 51.8, "why": "undivided arterial, side-impact intersections", "pop_density": 1052.5, "pop_density_peak": 1053.0, "v_design": 60, "design_gap": 10}}, {"type": "Feature", "geometry": {"type": "LineString", "coordinates": [[120.5807669, 15.1667745], [120.580664, 15.1667557], [120.5800944, 15.1666516]]}, "properties": {"city": "angeles", "name": "Manuel A. Roxas Highway", "highway": "primary", "v_posted": 60, "posted_imputed": false, "v_safe": 50, "gap": 10, "R": 2.07, "exposure": 0.038, "vru_150m": 0, "sss": 13.0, "recommended": 50, "fatal_reduction_pct": 51.8, "why": "undivided arterial, side-impact intersections", "pop_density": 1225.8, "pop_density_peak": 1280.6, "v_design": 60, "design_gap": 10}}, {"type": "Feature", "geometry": {"type": "LineString", "coordinates": [[120.5818535, 15.1667921], [120.5825144, 15.1669065]]}, "properties": {"city": "angeles", "name": "Manuel A. Roxas Highway", "highway": "primary", "v_posted": 60, "posted_imputed": false, "v_safe": 50, "gap": 10, "R": 2.07, "exposure": 0.424, "vru_150m": 2, "sss": 17.8, "recommended": 50, "fatal_reduction_pct": 51.8, "why": "undivided arterial, side-impact intersections", "pop_density": 1315.0, "pop_density_peak": 1358.0, "v_design": 60, "design_gap": 10}}, {"type": "Feature", "geometry": {"type": "LineString", "coordinates": [[120.5869194, 15.1367824], [120.5877296, 15.1363919]]}, "properties": {"city": "angeles", "name": "Santo Rosario Street", "highway": "secondary", "v_posted": 40, "posted_imputed": false, "v_safe": 30, "gap": 10, "R": 3.16, "exposure": 0.819, "vru_150m": 4, "sss": 22.7, "recommended": 30, "fatal_reduction_pct": 68.4, "why": "pedestrian activity (1 VRU site<=50m)", "pop_density": 3074.7, "pop_density_peak": 3143.0, "v_design": 50, "design_gap": 20}}, {"type": "Feature", "geometry": {"type": "LineString", "coordinates": [[120.5903504, 15.1349803], [120.5905261, 15.1348585], [120.5906073, 15.1347931]]}, "properties": {"city": "angeles", "name": "Dalan Santo Rosario", "highway": "secondary", "v_posted": 40, "posted_imputed": false, "v_safe": 30, "gap": 10, "R": 3.16, "exposure": 1.0, "vru_150m": 5, "sss": 25.0, "recommended": 30, "fatal_reduction_pct": 68.4, "why": "pedestrian activity (1 VRU site<=50m)", "pop_density": 23973.5, "pop_density_peak": 23973.5, "v_design": 50, "design_gap": 20}}, {"type": "Feature", "geometry": {"type": "LineString", "coordinates": [[120.6091429, 15.1617146], [120.6090824, 15.1618297], [120.6090345, 15.1619226], [120.6090079, 15.1619671], [120.6089269, 15.1620883], [120.6088851, 15.1621374], [120.6088378, 15.1621866], [120.6087814, 15.1622368], [120.6087261, 15.1622908], [120.6085901, 15.1624071], [120.6084525, 15.162498], [120.608318, 15.1625835], [120.6082828, 15.1625979], [120.6082236, 15.1626301], [120.6080232, 15.1627204], [120.6078974, 15.1627728]]}, "properties": {"city": "angeles", "name": "Don Aniceto Gueco Avenue", "highway": "secondary", "v_posted": 40, "posted_imputed": false, "v_safe": 30, "gap": 10, "R": 3.16, "exposure": 0.962, "vru_150m": 1, "sss": 24.5, "recommended": 30, "fatal_reduction_pct": 68.4, "why": "pedestrian activity (1 VRU site<=50m)", "pop_density": 30799.2, "pop_density_peak": 32171.8, "v_design": 50, "design_gap": 20}}, {"type": "Feature", "geometry": {"type": "LineString", "coordinates": [[120.6170955, 15.1475083], [120.6171055, 15.1474635]]}, "properties": {"city": "angeles", "name": "San Vicente Avenue", "highway": "residential", "v_posted": 40, "posted_imputed": false, "v_safe": 30, "gap": 10, "R": 3.16, "exposure": 0.084, "vru_150m": 0, "sss": 13.6, "recommended": 30, "fatal_reduction_pct": 68.4, "why": "local road, frontage/pedestrian mixing", "pop_density": 2719.8, "pop_density_peak": 2719.8, "v_design": 35, "design_gap": 5}}, {"type": "Feature", "geometry": {"type": "LineString", "coordinates": [[120.5331337, 15.2003733], [120.5359212, 15.2013801], [120.53613, 15.2014557], [120.5363375, 15.2015308], [120.5368744, 15.2017343], [120.5371002, 15.2018255], [120.537281, 15.2018738], [120.537411, 15.201889], [120.5375412, 15.2018881], [120.5376876, 15.2018703]]}, "properties": {"city": "angeles", "name": "Creek Side Road", "highway": "secondary", "v_posted": 60, "posted_imputed": false, "v_safe": 50, "gap": 10, "R": 2.07, "exposure": 0.001, "vru_150m": 0, "sss": 12.5, "recommended": 50, "fatal_reduction_pct": 51.8, "why": "undivided arterial, side-impact intersections", "pop_density": 31.9, "pop_density_peak": 41.8, "v_design": 50, "design_gap": 0}}, {"type": "Feature", "geometry": {"type": "LineString", "coordinates": [[120.5361241, 15.2046737], [120.5366183, 15.2041512], [120.5375262, 15.2032035], [120.5375759, 15.2031516], [120.537705, 15.203023]]}, "properties": {"city": "angeles", "name": "Panday Pira Avenue", "highway": "secondary", "v_posted": 60, "posted_imputed": false, "v_safe": 50, "gap": 10, "R": 2.07, "exposure": 0.001, "vru_150m": 0, "sss": 12.5, "recommended": 50, "fatal_reduction_pct": 51.8, "why": "undivided arterial, side-impact intersections", "pop_density": 32.5, "pop_density_peak": 79.0, "v_design": 50, "design_gap": 0}}, {"type": "Feature", "geometry": {"type": "LineString", "coordinates": [[120.5378153, 15.2031374], [120.5376425, 15.2033115], [120.5371588, 15.2037991], [120.5369028, 15.204072], [120.5367337, 15.2042522], [120.5362097, 15.20478]]}, "properties": {"city": "angeles", "name": "Panday Pira Avenue", "highway": "secondary", "v_posted": 60, "posted_imputed": false, "v_safe": 50, "gap": 10, "R": 2.07, "exposure": 0.001, "vru_150m": 0, "sss": 12.5, "recommended": 50, "fatal_reduction_pct": 51.8, "why": "undivided arterial, side-impact intersections", "pop_density": 46.4, "pop_density_peak": 79.0, "v_design": 50, "design_gap": 0}}, {"type": "Feature", "geometry": {"type": "LineString", "coordinates": [[120.5374847, 15.2025068], [120.5374136, 15.2023962], [120.5373165, 15.2022686], [120.5371934, 15.2021676], [120.5370241, 15.202091], [120.5367577, 15.2019957], [120.5335385, 15.2008445], [120.532842, 15.2005644]]}, "properties": {"city": "angeles", "name": "Creek Side Road", "highway": "secondary", "v_posted": 60, "posted_imputed": false, "v_safe": 50, "gap": 10, "R": 2.07, "exposure": 0.0, "vru_150m": 0, "sss": 12.5, "recommended": 50, "fatal_reduction_pct": 51.8, "why": "undivided arterial, side-impact intersections", "pop_density": 14.0, "pop_density_peak": 28.6, "v_design": 50, "design_gap": 0}}, {"type": "Feature", "geometry": {"type": "LineString", "coordinates": [[120.5391342, 15.1931503], [120.5391608, 15.1931124], [120.5397304, 15.1922989], [120.5399022, 15.1920605], [120.5402232, 15.1916037], [120.5404025, 15.1913511], [120.5406249, 15.1910329], [120.5407224, 15.1909071], [120.5408811, 15.1906758], [120.541002, 15.1905024], [120.5411058, 15.1903583], [120.5413419, 15.1900304], [120.5419027, 15.1893303], [120.5419904, 15.1892058], [120.5420294, 15.1891502], [120.542537, 15.1884083], [120.542553, 15.1883849], [120.5427324, 15.1881223], [120.5428201, 15.1879934], [120.5431456, 15.1874903]]}, "properties": {"city": "angeles", "name": "Claro M. Recto Highway", "highway": "secondary", "v_posted": 60, "posted_imputed": false, "v_safe": 50, "gap": 10, "R": 2.07, "exposure": 0.401, "vru_150m": 2, "sss": 17.5, "recommended": 50, "fatal_reduction_pct": 51.8, "why": "undivided arterial, side-impact intersections", "pop_density": 74.4, "pop_density_peak": 87.9, "v_design": 50, "design_gap": 0}}, {"type": "Feature", "geometry": {"type": "LineString", "coordinates": [[120.530157, 15.1936043], [120.5301815, 15.1936138], [120.5303132, 15.1936661], [120.530517, 15.1937466], [120.5306606, 15.1938033], [120.5308482, 15.1938773], [120.5309074, 15.1939007], [120.5310078, 15.1939403], [120.5312172, 15.1940253], [120.5313445, 15.1940739], [120.532004, 15.1943428], [120.5321564, 15.1943942], [120.5327827, 15.1946516], [120.5330076, 15.1947429], [120.5330648, 15.1947646], [120.5332351, 15.1948344], [120.5335588, 15.1949581], [120.5337089, 15.1950173], [120.5338219, 15.1950613], [120.5342878, 15.1952508], [120.5343923, 15.1952902], [120.5344686, 15.1953177], [120.5345567, 15.1953437], [120.5346581, 15.1953643], [120.5348264, 15.1953914], [120.5349902, 15.1954104], [120.5350648, 15.1954148], [120.5351281, 15.1954178], [120.5351815, 15.195419], [120.535257, 15.1954212], [120.5355358, 15.1954157], [120.5356335, 15.1954047], [120.5357022, 15.1953942], [120.5359557, 15.1953452], [120.5360384, 15.1953255], [120.5360948, 15.1953112], [120.5362754, 15.1952549], [120.5365564, 15.1951528], [120.5372037, 15.194805], [120.5373815, 15.1947119], [120.5375419, 15.194641]]}, "properties": {"city": "angeles", "name": "Claro M. Recto Highway", "highway": "primary", "v_posted": 60, "posted_imputed": false, "v_safe": 50, "gap": 10, "R": 2.07, "exposure": 0.002, "vru_150m": 0, "sss": 12.5, "recommended": 50, "fatal_reduction_pct": 51.8, "why": "undivided arterial, side-impact intersections", "pop_density": 50.3, "pop_density_peak": 62.1, "v_design": 60, "design_gap": 10}}, {"type": "Feature", "geometry": {"type": "LineString", "coordinates": [[120.5439006, 15.1860697], [120.543969, 15.1857086], [120.5439864, 15.1854937], [120.5439985, 15.1852698], [120.5440012, 15.1851055], [120.5439951, 15.1849549], [120.5439764, 15.1847884], [120.5439364, 15.1845782], [120.5438978, 15.1844184], [120.5438501, 15.1842547], [120.5437757, 15.184064], [120.5436587, 15.1837726], [120.5435637, 15.1835371], [120.5435226, 15.1834341], [120.543237, 15.1827002], [120.5431906, 15.1825811]]}, "properties": {"city": "angeles", "name": "Claro M. Recto Highway", "highway": "secondary", "v_posted": 60, "posted_imputed": false, "v_safe": 50, "gap": 10, "R": 2.07, "exposure": 0.416, "vru_150m": 2, "sss": 17.7, "recommended": 50, "fatal_reduction_pct": 51.8, "why": "undivided arterial, side-impact intersections", "pop_density": 885.3, "pop_density_peak": 1176.7, "v_design": 50, "design_gap": 0}}, {"type": "Feature", "geometry": {"type": "LineString", "coordinates": [[120.5411376, 15.1732504], [120.5411842, 15.1731124], [120.5412167, 15.173027], [120.5412394, 15.172949], [120.5412558, 15.1728863], [120.5412731, 15.1728041], [120.5412806, 15.172643]]}, "properties": {"city": "angeles", "name": "Claro M. Recto Highway", "highway": "secondary", "v_posted": 60, "posted_imputed": false, "v_safe": 50, "gap": 10, "R": 2.07, "exposure": 0.419, "vru_150m": 2, "sss": 17.7, "recommended": 50, "fatal_reduction_pct": 51.8, "why": "undivided arterial, side-impact intersections", "pop_density": 1018.6, "pop_density_peak": 1131.2, "v_design": 50, "design_gap": 0}}, {"type": "Feature", "geometry": {"type": "LineString", "coordinates": [[120.5412806, 15.172643], [120.5412745, 15.172562], [120.5412664, 15.1725361], [120.5412374, 15.1724555], [120.5408062, 15.1713806], [120.5406267, 15.1709023]]}, "properties": {"city": "angeles", "name": "A. Bonifacio Avenue", "highway": "secondary", "v_posted": 60, "posted_imputed": false, "v_safe": 30, "gap": 30, "R": 16.0, "exposure": 0.424, "vru_150m": 2, "sss": 53.4, "recommended": 30, "fatal_reduction_pct": 93.8, "why": "pedestrian activity (1 VRU site<=50m)", "pop_density": 1276.1, "pop_density_peak": 1646.3, "v_design": 50, "design_gap": 20}}, {"type": "Feature", "geometry": {"type": "LineString", "coordinates": [[120.5405061, 15.1706192], [120.5394322, 15.1714201], [120.5368843, 15.1733271]]}, "properties": {"city": "angeles", "name": "Manuel A. Roxas Highway", "highway": "primary", "v_posted": 60, "posted_imputed": false, "v_safe": 50, "gap": 10, "R": 2.07, "exposure": 0.227, "vru_150m": 1, "sss": 15.3, "recommended": 50, "fatal_reduction_pct": 51.8, "why": "undivided arterial, side-impact intersections", "pop_density": 1081.8, "pop_density_peak": 1646.3, "v_design": 60, "design_gap": 10}}, {"type": "Feature", "geometry": {"type": "LineString", "coordinates": [[120.5471583, 15.2060818], [120.5467555, 15.2058931], [120.5458465, 15.2054674], [120.545601, 15.2053368], [120.5451639, 15.2050959], [120.544724, 15.2048138], [120.5445211, 15.2046597], [120.5444397, 15.2045978], [120.5438416, 15.2040956], [120.5437209, 15.2039842], [120.5434093, 15.2036444], [120.5429509, 15.2030803], [120.5426073, 15.2026085], [120.5423462, 15.2021647], [120.5421057, 15.2016942], [120.5420519, 15.2015693], [120.5420168, 15.2014885], [120.5419591, 15.2013411], [120.5416158, 15.2004865], [120.5415997, 15.2004465]]}, "properties": {"city": "angeles", "name": "Gil Puyat Avenue", "highway": "primary", "v_posted": 60, "posted_imputed": false, "v_safe": 50, "gap": 10, "R": 2.07, "exposure": 0.003, "vru_150m": 0, "sss": 12.5, "recommended": 50, "fatal_reduction_pct": 51.8, "why": "undivided arterial, side-impact intersections", "pop_density": 95.5, "pop_density_peak": 137.4, "v_design": 60, "design_gap": 10}}, {"type": "Feature", "geometry": {"type": "LineString", "coordinates": [[120.5410108, 15.1770938], [120.5407682, 15.176469], [120.5407452, 15.1764058], [120.5406597, 15.1761679], [120.5406238, 15.1760096], [120.5406027, 15.1758904], [120.5405876, 15.1757711], [120.5405788, 15.175631], [120.5405677, 15.1754877], [120.5405659, 15.1753656], [120.5405747, 15.1751882], [120.5405833, 15.1750971], [120.5406008, 15.1749692], [120.5406277, 15.1748228], [120.5406641, 15.1746812], [120.5407081, 15.1745403], [120.5407926, 15.1742733], [120.5409006, 15.173962], [120.541097, 15.1733809], [120.5411376, 15.1732504]]}, "properties": {"city": "angeles", "name": "Claro M. Recto Highway", "highway": "secondary", "v_posted": 60, "posted_imputed": false, "v_safe": 50, "gap": 10, "R": 2.07, "exposure": 0.021, "vru_150m": 0, "sss": 12.8, "recommended": 50, "fatal_reduction_pct": 51.8, "why": "undivided arterial, side-impact intersections", "pop_density": 685.6, "pop_density_peak": 1131.2, "v_design": 50, "design_gap": 0}}, {"type": "Feature", "geometry": {"type": "LineString", "coordinates": [[120.5366545, 15.1732667], [120.5393285, 15.1712765], [120.540429, 15.1704475]]}, "properties": {"city": "angeles", "name": "Manuel A. Roxas Highway", "highway": "primary", "v_posted": 60, "posted_imputed": false, "v_safe": 50, "gap": 10, "R": 2.07, "exposure": 0.231, "vru_150m": 1, "sss": 15.4, "recommended": 50, "fatal_reduction_pct": 51.8, "why": "undivided arterial, side-impact intersections", "pop_density": 1246.4, "pop_density_peak": 1983.9, "v_design": 60, "design_gap": 10}}, {"type": "Feature", "geometry": {"type": "LineString", "coordinates": [[120.5415997, 15.2004465], [120.5413888, 15.1999315]]}, "properties": {"city": "angeles", "name": "Gil Puyat Avenue", "highway": "primary", "v_posted": 60, "posted_imputed": false, "v_safe": 50, "gap": 10, "R": 2.07, "exposure": 0.402, "vru_150m": 2, "sss": 17.5, "recommended": 50, "fatal_reduction_pct": 51.8, "why": "undivided arterial, side-impact intersections", "pop_density": 85.8, "pop_density_peak": 91.8, "v_design": 60, "design_gap": 10}}, {"type": "Feature", "geometry": {"type": "LineString", "coordinates": [[120.5413024, 15.1997187], [120.5411191, 15.1992416], [120.541039, 15.1990417]]}, "properties": {"city": "angeles", "name": "Gil Puyat Avenue", "highway": "primary", "v_posted": 60, "posted_imputed": false, "v_safe": 30, "gap": 30, "R": 16.0, "exposure": 0.402, "vru_150m": 2, "sss": 52.6, "recommended": 30, "fatal_reduction_pct": 93.8, "why": "pedestrian activity (2 VRU site<=50m)", "pop_density": 88.7, "pop_density_peak": 91.8, "v_design": 60, "design_gap": 30}}, {"type": "Feature", "geometry": {"type": "LineString", "coordinates": [[120.5413888, 15.1999315], [120.5413686, 15.1998768], [120.5413024, 15.1997187]]}, "properties": {"city": "angeles", "name": "Gil Puyat Avenue", "highway": "primary", "v_posted": 60, "posted_imputed": false, "v_safe": 50, "gap": 10, "R": 2.07, "exposure": 0.402, "vru_150m": 2, "sss": 17.5, "recommended": 50, "fatal_reduction_pct": 51.8, "why": "undivided arterial, side-impact intersections", "pop_density": 91.8, "pop_density_peak": 91.8, "v_design": 60, "design_gap": 10}}, {"type": "Feature", "geometry": {"type": "LineString", "coordinates": [[120.541039, 15.1990417], [120.5409743, 15.19888], [120.5408182, 15.1984676], [120.5407451, 15.1982833], [120.5403713, 15.1973124], [120.5396018, 15.1954278]]}, "properties": {"city": "angeles", "name": "Gil Puyat Avenue", "highway": "primary", "v_posted": 60, "posted_imputed": false, "v_safe": 50, "gap": 10, "R": 2.07, "exposure": 0.401, "vru_150m": 2, "sss": 17.5, "recommended": 50, "fatal_reduction_pct": 51.8, "why": "undivided arterial, side-impact intersections", "pop_density": 65.2, "pop_density_peak": 85.7, "v_design": 60, "design_gap": 10}}, {"type": "Feature", "geometry": {"type": "LineString", "coordinates": [[120.5511911, 15.192259], [120.5513554, 15.1923518], [120.5538653, 15.1937323], [120.554013, 15.1938729], [120.5541077, 15.1940263], [120.5541377, 15.1941099], [120.5542313, 15.1943325], [120.5543205, 15.1945809], [120.5543982, 15.1947075], [120.5545069, 15.194809], [120.5545987, 15.1948677], [120.5546886, 15.1949114]]}, "properties": {"city": "angeles", "name": "", "highway": "unclassified", "v_posted": 40, "posted_imputed": false, "v_safe": 30, "gap": 10, "R": 3.16, "exposure": 0.001, "vru_150m": 0, "sss": 12.5, "recommended": 30, "fatal_reduction_pct": 68.4, "why": "local road, frontage/pedestrian mixing", "pop_density": 19.9, "pop_density_peak": 69.1, "v_design": 40, "design_gap": 10}}, {"type": "Feature", "geometry": {"type": "LineString", "coordinates": [[120.5543586, 15.195085], [120.5543498, 15.1949842], [120.554326, 15.1948811], [120.5542852, 15.1947466], [120.5542227, 15.1945706], [120.5541352, 15.1943574], [120.5540491, 15.1941463], [120.5540171, 15.1940509], [120.5539136, 15.1938994], [120.5537336, 15.1937684], [120.5513129, 15.1924265], [120.5511523, 15.1923385]]}, "properties": {"city": "angeles", "name": "", "highway": "unclassified", "v_posted": 40, "posted_imputed": false, "v_safe": 30, "gap": 10, "R": 3.16, "exposure": 0.001, "vru_150m": 0, "sss": 12.5, "recommended": 30, "fatal_reduction_pct": 68.4, "why": "local road, frontage/pedestrian mixing", "pop_density": 37.2, "pop_density_peak": 69.1, "v_design": 40, "design_gap": 10}}, {"type": "Feature", "geometry": {"type": "LineString", "coordinates": [[120.5566531, 15.1944293], [120.5568883, 15.1944138], [120.5570526, 15.1944216], [120.5571686, 15.1944345], [120.5573306, 15.1944823], [120.5574358, 15.1945277], [120.5575621, 15.1945903], [120.5576802, 15.1946737], [120.5577828, 15.1947683], [120.5578639, 15.1948452], [120.5579476, 15.194915]]}, "properties": {"city": "angeles", "name": "", "highway": "unclassified", "v_posted": 40, "posted_imputed": false, "v_safe": 30, "gap": 10, "R": 3.16, "exposure": 0.0, "vru_150m": 0, "sss": 12.5, "recommended": 30, "fatal_reduction_pct": 68.4, "why": "local road, frontage/pedestrian mixing", "pop_density": 4.0, "pop_density_peak": 8.0, "v_design": 40, "design_gap": 10}}, {"type": "Feature", "geometry": {"type": "LineString", "coordinates": [[120.5585564, 15.2005251], [120.5584771, 15.2005521], [120.558376, 15.2005329], [120.5583059, 15.2004955], [120.5582153, 15.2002803]]}, "properties": {"city": "angeles", "name": "", "highway": "unclassified", "v_posted": 40, "posted_imputed": false, "v_safe": 30, "gap": 10, "R": 3.16, "exposure": 0.0, "vru_150m": 0, "sss": 12.5, "recommended": 30, "fatal_reduction_pct": 68.4, "why": "local road, frontage/pedestrian mixing", "pop_density": 11.8, "pop_density_peak": 11.8, "v_design": 35, "design_gap": 5}}, {"type": "Feature", "geometry": {"type": "LineString", "coordinates": [[120.558237, 15.2006969], [120.5581521, 15.2006573], [120.558143, 15.200599], [120.5581761, 15.200526], [120.5581985, 15.2004504], [120.5582158, 15.2003753], [120.5582153, 15.2002803]]}, "properties": {"city": "angeles", "name": "", "highway": "unclassified", "v_posted": 40, "posted_imputed": false, "v_safe": 30, "gap": 10, "R": 3.16, "exposure": 0.0, "vru_150m": 0, "sss": 12.5, "recommended": 30, "fatal_reduction_pct": 68.4, "why": "local road, frontage/pedestrian mixing", "pop_density": 11.8, "pop_density_peak": 11.8, "v_design": 35, "design_gap": 5}}, {"type": "Feature", "geometry": {"type": "LineString", "coordinates": [[120.5424962, 15.1808392], [120.5421099, 15.1798597], [120.5414976, 15.1783138]]}, "properties": {"city": "angeles", "name": "Claro M. Recto Highway", "highway": "secondary", "v_posted": 60, "posted_imputed": false, "v_safe": 50, "gap": 10, "R": 2.07, "exposure": 0.422, "vru_150m": 2, "sss": 17.8, "recommended": 50, "fatal_reduction_pct": 51.8, "why": "undivided arterial, side-impact intersections", "pop_density": 1174.9, "pop_density_peak": 1177.5, "v_design": 50, "design_gap": 0}}, {"type": "Feature", "geometry": {"type": "LineString", "coordinates": [[120.5429573, 15.1819959], [120.5428978, 15.1818412], [120.5428956, 15.1818354], [120.5424962, 15.1808392]]}, "properties": {"city": "angeles", "name": "Claro M. Recto Highway", "highway": "secondary", "v_posted": 60, "posted_imputed": false, "v_safe": 50, "gap": 10, "R": 2.07, "exposure": 0.423, "vru_150m": 2, "sss": 17.8, "recommended": 50, "fatal_reduction_pct": 51.8, "why": "undivided arterial, side-impact intersections", "pop_density": 1217.1, "pop_density_peak": 1256.8, "v_design": 50, "design_gap": 0}}, {"type": "Feature", "geometry": {"type": "LineString", "coordinates": [[120.5396018, 15.1954278], [120.5390048, 15.1938275], [120.5388745, 15.1935284]]}, "properties": {"city": "angeles", "name": "Gil Puyat Avenue", "highway": "primary", "v_posted": 60, "posted_imputed": false, "v_safe": 50, "gap": 10, "R": 2.07, "exposure": 0.401, "vru_150m": 2, "sss": 17.5, "recommended": 50, "fatal_reduction_pct": 51.8, "why": "undivided arterial, side-impact intersections", "pop_density": 66.0, "pop_density_peak": 74.4, "v_design": 60, "design_gap": 10}}, {"type": "Feature", "geometry": {"type": "LineString", "coordinates": [[120.5385295, 15.19394], [120.5386442, 15.1938191], [120.5387819, 15.1936542], [120.5388745, 15.1935284]]}, "properties": {"city": "angeles", "name": "Claro M. Recto Highway", "highway": "primary", "v_posted": 60, "posted_imputed": false, "v_safe": 50, "gap": 10, "R": 2.07, "exposure": 0.401, "vru_150m": 2, "sss": 17.5, "recommended": 50, "fatal_reduction_pct": 51.8, "why": "undivided arterial, side-impact intersections", "pop_density": 61.4, "pop_density_peak": 69.0, "v_design": 60, "design_gap": 10}}, {"type": "Feature", "geometry": {"type": "LineString", "coordinates": [[120.5388745, 15.1935284], [120.5389619, 15.1934089], [120.5389726, 15.1933929], [120.5391342, 15.1931503]]}, "properties": {"city": "angeles", "name": "Claro M. Recto Highway", "highway": "secondary", "v_posted": 60, "posted_imputed": false, "v_safe": 50, "gap": 10, "R": 2.07, "exposure": 0.202, "vru_150m": 1, "sss": 15.0, "recommended": 50, "fatal_reduction_pct": 51.8, "why": "undivided arterial, side-impact intersections", "pop_density": 71.7, "pop_density_peak": 74.4, "v_design": 50, "design_gap": 0}}, {"type": "Feature", "geometry": {"type": "LineString", "coordinates": [[120.5437443, 15.1865434], [120.5437837, 15.1864597]]}, "properties": {"city": "angeles", "name": "Claro M. Recto Highway", "highway": "secondary", "v_posted": 60, "posted_imputed": false, "v_safe": 50, "gap": 10, "R": 2.07, "exposure": 0.008, "vru_150m": 0, "sss": 12.6, "recommended": 50, "fatal_reduction_pct": 51.8, "why": "undivided arterial, side-impact intersections", "pop_density": 245.8, "pop_density_peak": 245.8, "v_design": 50, "design_gap": 0}}, {"type": "Feature", "geometry": {"type": "LineString", "coordinates": [[120.5463582, 15.1854085], [120.5463804, 15.1854684], [120.546687, 15.186226]]}, "properties": {"city": "angeles", "name": "A. Bonifacio Avenue", "highway": "unclassified", "v_posted": 40, "posted_imputed": false, "v_safe": 30, "gap": 10, "R": 3.16, "exposure": 0.012, "vru_150m": 0, "sss": 12.6, "recommended": 30, "fatal_reduction_pct": 68.4, "why": "local road, frontage/pedestrian mixing", "pop_density": 382.8, "pop_density_peak": 457.4, "v_design": 40, "design_gap": 10}}, {"type": "Feature", "geometry": {"type": "LineString", "coordinates": [[120.5437837, 15.1864597], [120.5438623, 15.1862044], [120.5439006, 15.1860697]]}, "properties": {"city": "angeles", "name": "Claro M. Recto Highway", "highway": "secondary", "v_posted": 60, "posted_imputed": false, "v_safe": 50, "gap": 10, "R": 2.07, "exposure": 0.01, "vru_150m": 0, "sss": 12.6, "recommended": 50, "fatal_reduction_pct": 51.8, "why": "undivided arterial, side-impact intersections", "pop_density": 326.4, "pop_density_peak": 407.0, "v_design": 50, "design_gap": 0}}, {"type": "Feature", "geometry": {"type": "LineString", "coordinates": [[120.5406267, 15.1709023], [120.5405061, 15.1706192]]}, "properties": {"city": "angeles", "name": "A. Bonifacio Avenue", "highway": "secondary", "v_posted": 60, "posted_imputed": false, "v_safe": 50, "gap": 10, "R": 2.07, "exposure": 0.051, "vru_150m": 0, "sss": 13.1, "recommended": 50, "fatal_reduction_pct": 51.8, "why": "undivided arterial, side-impact intersections", "pop_density": 1646.3, "pop_density_peak": 1646.3, "v_design": 50, "design_gap": 0}}, {"type": "Feature", "geometry": {"type": "LineString", "coordinates": [[120.5421182, 15.1693897], [120.5412766, 15.1700272]]}, "properties": {"city": "angeles", "name": "Manuel A. Roxas Highway", "highway": "primary", "v_posted": 60, "posted_imputed": false, "v_safe": 50, "gap": 10, "R": 2.07, "exposure": 0.082, "vru_150m": 0, "sss": 13.5, "recommended": 50, "fatal_reduction_pct": 51.8, "why": "undivided arterial, side-impact intersections", "pop_density": 2642.4, "pop_density_peak": 2787.7, "v_design": 60, "design_gap": 10}}, {"type": "Feature", "geometry": {"type": "LineString", "coordinates": [[120.540429, 15.1704475], [120.5411588, 15.1698695]]}, "properties": {"city": "angeles", "name": "Manuel A. Roxas Highway", "highway": "primary", "v_posted": 60, "posted_imputed": false, "v_safe": 50, "gap": 10, "R": 2.07, "exposure": 0.069, "vru_150m": 0, "sss": 13.4, "recommended": 50, "fatal_reduction_pct": 51.8, "why": "undivided arterial, side-impact intersections", "pop_density": 2240.5, "pop_density_peak": 2497.1, "v_design": 60, "design_gap": 10}}, {"type": "Feature", "geometry": {"type": "LineString", "coordinates": [[120.5406951, 15.1704659], [120.5405061, 15.1706192]]}, "properties": {"city": "angeles", "name": "Manuel A. Roxas Highway", "highway": "primary", "v_posted": 60, "posted_imputed": false, "v_safe": 50, "gap": 10, "R": 2.07, "exposure": 0.064, "vru_150m": 0, "sss": 13.3, "recommended": 50, "fatal_reduction_pct": 51.8, "why": "undivided arterial, side-impact intersections", "pop_density": 2071.7, "pop_density_peak": 2497.1, "v_design": 60, "design_gap": 10}}, {"type": "Feature", "geometry": {"type": "LineString", "coordinates": [[120.5375419, 15.194641], [120.5376603, 15.1945819], [120.5377576, 15.1945295], [120.5378562, 15.1944706], [120.5379536, 15.194408], [120.5380326, 15.1943538], [120.5381033, 15.1942988], [120.5382256, 15.194206], [120.5383248, 15.194126], [120.5384122, 15.1940473], [120.5385295, 15.19394]]}, "properties": {"city": "angeles", "name": "Claro M. Recto Highway", "highway": "primary", "v_posted": 60, "posted_imputed": false, "v_safe": 30, "gap": 30, "R": 16.0, "exposure": 0.201, "vru_150m": 1, "sss": 45.0, "recommended": 30, "fatal_reduction_pct": 93.8, "why": "pedestrian activity (1 VRU site<=50m)", "pop_density": 48.4, "pop_density_peak": 53.7, "v_design": 60, "design_gap": 30}}, {"type": "Feature", "geometry": {"type": "LineString", "coordinates": [[120.5589668, 15.2004813], [120.5588284, 15.2005239], [120.5585504, 15.200596], [120.5583657, 15.2006556], [120.558237, 15.2006969]]}, "properties": {"city": "angeles", "name": "", "highway": "unclassified", "v_posted": 40, "posted_imputed": false, "v_safe": 30, "gap": 10, "R": 3.16, "exposure": 0.0, "vru_150m": 0, "sss": 12.5, "recommended": 30, "fatal_reduction_pct": 68.4, "why": "local road, frontage/pedestrian mixing", "pop_density": 11.8, "pop_density_peak": 11.8, "v_design": 40, "design_gap": 10}}, {"type": "Feature", "geometry": {"type": "LineString", "coordinates": [[120.5560135, 15.1947412], [120.5562039, 15.194635], [120.5564174, 15.1945187], [120.5566531, 15.1944293]]}, "properties": {"city": "angeles", "name": "", "highway": "unclassified", "v_posted": 40, "posted_imputed": false, "v_safe": 30, "gap": 10, "R": 3.16, "exposure": 0.0, "vru_150m": 0, "sss": 12.5, "recommended": 30, "fatal_reduction_pct": 68.4, "why": "local road, frontage/pedestrian mixing", "pop_density": 8.0, "pop_density_peak": 8.0, "v_design": 40, "design_gap": 10}}, {"type": "Feature", "geometry": {"type": "LineString", "coordinates": [[120.5562538, 15.1972889], [120.555486, 15.1975555]]}, "properties": {"city": "angeles", "name": "", "highway": "unclassified", "v_posted": 40, "posted_imputed": false, "v_safe": 30, "gap": 10, "R": 3.16, "exposure": 0.0, "vru_150m": 0, "sss": 12.5, "recommended": 30, "fatal_reduction_pct": 68.4, "why": "local road, frontage/pedestrian mixing", "pop_density": 0.0, "pop_density_peak": 0.0, "v_design": 40, "design_gap": 10}}, {"type": "Feature", "geometry": {"type": "LineString", "coordinates": [[120.555486, 15.1975555], [120.5554192, 15.1975911]]}, "properties": {"city": "angeles", "name": "", "highway": "unclassified", "v_posted": 40, "posted_imputed": false, "v_safe": 30, "gap": 10, "R": 3.16, "exposure": 0.0, "vru_150m": 0, "sss": 12.5, "recommended": 30, "fatal_reduction_pct": 68.4, "why": "local road, frontage/pedestrian mixing", "pop_density": 0.0, "pop_density_peak": 0.0, "v_design": 40, "design_gap": 10}}, {"type": "Feature", "geometry": {"type": "LineString", "coordinates": [[120.5561037, 15.1950259], [120.5561951, 15.1951411], [120.5562503, 15.1952725], [120.5562858, 15.1953642]]}, "properties": {"city": "angeles", "name": "", "highway": "unclassified", "v_posted": 40, "posted_imputed": false, "v_safe": 30, "gap": 10, "R": 3.16, "exposure": 0.0, "vru_150m": 0, "sss": 12.5, "recommended": 30, "fatal_reduction_pct": 68.4, "why": "local road, frontage/pedestrian mixing", "pop_density": 8.0, "pop_density_peak": 8.0, "v_design": 40, "design_gap": 10}}, {"type": "Feature", "geometry": {"type": "LineString", "coordinates": [[120.5557026, 15.194858], [120.5558377, 15.1948654], [120.5559494, 15.194916], [120.5560331, 15.194967], [120.5561037, 15.1950259]]}, "properties": {"city": "angeles", "name": "", "highway": "unclassified", "v_posted": 40, "posted_imputed": false, "v_safe": 30, "gap": 10, "R": 3.16, "exposure": 0.0, "vru_150m": 0, "sss": 12.5, "recommended": 30, "fatal_reduction_pct": 68.4, "why": "local road, frontage/pedestrian mixing", "pop_density": 8.0, "pop_density_peak": 8.0, "v_design": 40, "design_gap": 10}}, {"type": "Feature", "geometry": {"type": "LineString", "coordinates": [[120.5566193, 15.1962075], [120.5567318, 15.1964813], [120.5567602, 15.1965561]]}, "properties": {"city": "angeles", "name": "", "highway": "unclassified", "v_posted": 40, "posted_imputed": false, "v_safe": 30, "gap": 10, "R": 3.16, "exposure": 0.0, "vru_150m": 0, "sss": 12.5, "recommended": 30, "fatal_reduction_pct": 68.4, "why": "local road, frontage/pedestrian mixing", "pop_density": 0.0, "pop_density_peak": 0.0, "v_design": 40, "design_gap": 10}}, {"type": "Feature", "geometry": {"type": "LineString", "coordinates": [[120.5577565, 15.1990783], [120.5578214, 15.1992348]]}, "properties": {"city": "angeles", "name": "", "highway": "unclassified", "v_posted": 40, "posted_imputed": false, "v_safe": 30, "gap": 10, "R": 3.16, "exposure": 0.0, "vru_150m": 0, "sss": 12.5, "recommended": 30, "fatal_reduction_pct": 68.4, "why": "local road, frontage/pedestrian mixing", "pop_density": 11.8, "pop_density_peak": 11.8, "v_design": 40, "design_gap": 10}}, {"type": "Feature", "geometry": {"type": "LineString", "coordinates": [[120.5582153, 15.2002803], [120.558196, 15.2001952], [120.558045, 15.1997973], [120.5580195, 15.1997335], [120.5579987, 15.1996837]]}, "properties": {"city": "angeles", "name": "", "highway": "unclassified", "v_posted": 40, "posted_imputed": false, "v_safe": 30, "gap": 10, "R": 3.16, "exposure": 0.0, "vru_150m": 0, "sss": 12.5, "recommended": 30, "fatal_reduction_pct": 68.4, "why": "local road, frontage/pedestrian mixing", "pop_density": 11.8, "pop_density_peak": 11.8, "v_design": 40, "design_gap": 10}}, {"type": "Feature", "geometry": {"type": "LineString", "coordinates": [[120.5579813, 15.1996384], [120.5579987, 15.1996837]]}, "properties": {"city": "angeles", "name": "", "highway": "unclassified", "v_posted": 40, "posted_imputed": false, "v_safe": 30, "gap": 10, "R": 3.16, "exposure": 0.0, "vru_150m": 0, "sss": 12.5, "recommended": 30, "fatal_reduction_pct": 68.4, "why": "local road, frontage/pedestrian mixing", "pop_density": 11.8, "pop_density_peak": 11.8, "v_design": 40, "design_gap": 10}}, {"type": "Feature", "geometry": {"type": "LineString", "coordinates": [[120.5579631, 15.1995888], [120.5579813, 15.1996384]]}, "properties": {"city": "angeles", "name": "", "highway": "unclassified", "v_posted": 40, "posted_imputed": false, "v_safe": 30, "gap": 10, "R": 3.16, "exposure": 0.0, "vru_150m": 0, "sss": 12.5, "recommended": 30, "fatal_reduction_pct": 68.4, "why": "local road, frontage/pedestrian mixing", "pop_density": 11.8, "pop_density_peak": 11.8, "v_design": 40, "design_gap": 10}}, {"type": "Feature", "geometry": {"type": "LineString", "coordinates": [[120.5576767, 15.1988768], [120.5577063, 15.1989482], [120.5577565, 15.1990783]]}, "properties": {"city": "angeles", "name": "", "highway": "unclassified", "v_posted": 40, "posted_imputed": false, "v_safe": 30, "gap": 10, "R": 3.16, "exposure": 0.0, "vru_150m": 0, "sss": 12.5, "recommended": 30, "fatal_reduction_pct": 68.4, "why": "local road, frontage/pedestrian mixing", "pop_density": 11.8, "pop_density_peak": 11.8, "v_design": 40, "design_gap": 10}}, {"type": "Feature", "geometry": {"type": "LineString", "coordinates": [[120.5576595, 15.1988295], [120.5576767, 15.1988768]]}, "properties": {"city": "angeles", "name": "", "highway": "unclassified", "v_posted": 40, "posted_imputed": false, "v_safe": 30, "gap": 10, "R": 3.16, "exposure": 0.0, "vru_150m": 0, "sss": 12.5, "recommended": 30, "fatal_reduction_pct": 68.4, "why": "local road, frontage/pedestrian mixing", "pop_density": 5.9, "pop_density_peak": 11.8, "v_design": 40, "design_gap": 10}}, {"type": "Feature", "geometry": {"type": "LineString", "coordinates": [[120.5572362, 15.1977613], [120.5572575, 15.1978151]]}, "properties": {"city": "angeles", "name": "", "highway": "unclassified", "v_posted": 40, "posted_imputed": false, "v_safe": 30, "gap": 10, "R": 3.16, "exposure": 0.0, "vru_150m": 0, "sss": 12.5, "recommended": 30, "fatal_reduction_pct": 68.4, "why": "local road, frontage/pedestrian mixing", "pop_density": 0.0, "pop_density_peak": 0.0, "v_design": 40, "design_gap": 10}}, {"type": "Feature", "geometry": {"type": "LineString", "coordinates": [[120.5572575, 15.1978151], [120.5572787, 15.1978679], [120.5575174, 15.198468]]}, "properties": {"city": "angeles", "name": "", "highway": "unclassified", "v_posted": 40, "posted_imputed": false, "v_safe": 30, "gap": 10, "R": 3.16, "exposure": 0.0, "vru_150m": 0, "sss": 12.5, "recommended": 30, "fatal_reduction_pct": 68.4, "why": "local road, frontage/pedestrian mixing", "pop_density": 0.0, "pop_density_peak": 0.0, "v_design": 40, "design_gap": 10}}, {"type": "Feature", "geometry": {"type": "LineString", "coordinates": [[120.5575174, 15.198468], [120.5576196, 15.1987242], [120.5576595, 15.1988295]]}, "properties": {"city": "angeles", "name": "", "highway": "unclassified", "v_posted": 40, "posted_imputed": false, "v_safe": 30, "gap": 10, "R": 3.16, "exposure": 0.0, "vru_150m": 0, "sss": 12.5, "recommended": 30, "fatal_reduction_pct": 68.4, "why": "local road, frontage/pedestrian mixing", "pop_density": 0.0, "pop_density_peak": 0.0, "v_design": 40, "design_gap": 10}}, {"type": "Feature", "geometry": {"type": "LineString", "coordinates": [[120.55709, 15.1973879], [120.5571976, 15.1976618], [120.5572362, 15.1977613]]}, "properties": {"city": "angeles", "name": "", "highway": "unclassified", "v_posted": 40, "posted_imputed": false, "v_safe": 30, "gap": 10, "R": 3.16, "exposure": 0.0, "vru_150m": 0, "sss": 12.5, "recommended": 30, "fatal_reduction_pct": 68.4, "why": "local road, frontage/pedestrian mixing", "pop_density": 0.0, "pop_density_peak": 0.0, "v_design": 40, "design_gap": 10}}, {"type": "Feature", "geometry": {"type": "LineString", "coordinates": [[120.5569478, 15.1970372], [120.55709, 15.1973879]]}, "properties": {"city": "angeles", "name": "", "highway": "unclassified", "v_posted": 40, "posted_imputed": false, "v_safe": 30, "gap": 10, "R": 3.16, "exposure": 0.0, "vru_150m": 0, "sss": 12.5, "recommended": 30, "fatal_reduction_pct": 68.4, "why": "local road, frontage/pedestrian mixing", "pop_density": 0.0, "pop_density_peak": 0.0, "v_design": 40, "design_gap": 10}}, {"type": "Feature", "geometry": {"type": "LineString", "coordinates": [[120.5567923, 15.1966323], [120.5568194, 15.1967002], [120.5569478, 15.1970372]]}, "properties": {"city": "angeles", "name": "", "highway": "unclassified", "v_posted": 40, "posted_imputed": false, "v_safe": 30, "gap": 10, "R": 3.16, "exposure": 0.0, "vru_150m": 0, "sss": 12.5, "recommended": 30, "fatal_reduction_pct": 68.4, "why": "local road, frontage/pedestrian mixing", "pop_density": 0.0, "pop_density_peak": 0.0, "v_design": 40, "design_gap": 10}}, {"type": "Feature", "geometry": {"type": "LineString", "coordinates": [[120.5567602, 15.1965561], [120.5567923, 15.1966323]]}, "properties": {"city": "angeles", "name": "", "highway": "unclassified", "v_posted": 40, "posted_imputed": false, "v_safe": 30, "gap": 10, "R": 3.16, "exposure": 0.0, "vru_150m": 0, "sss": 12.5, "recommended": 30, "fatal_reduction_pct": 68.4, "why": "local road, frontage/pedestrian mixing", "pop_density": 0.0, "pop_density_peak": 0.0, "v_design": 40, "design_gap": 10}}, {"type": "Feature", "geometry": {"type": "LineString", "coordinates": [[120.5569478, 15.1970372], [120.5562538, 15.1972889]]}, "properties": {"city": "angeles", "name": "", "highway": "unclassified", "v_posted": 40, "posted_imputed": false, "v_safe": 30, "gap": 10, "R": 3.16, "exposure": 0.0, "vru_150m": 0, "sss": 12.5, "recommended": 30, "fatal_reduction_pct": 68.4, "why": "local road, frontage/pedestrian mixing", "pop_density": 0.0, "pop_density_peak": 0.0, "v_design": 40, "design_gap": 10}}, {"type": "Feature", "geometry": {"type": "LineString", "coordinates": [[120.5578214, 15.1992348], [120.5579293, 15.1994903], [120.5579631, 15.1995888]]}, "properties": {"city": "angeles", "name": "", "highway": "unclassified", "v_posted": 40, "posted_imputed": false, "v_safe": 30, "gap": 10, "R": 3.16, "exposure": 0.0, "vru_150m": 0, "sss": 12.5, "recommended": 30, "fatal_reduction_pct": 68.4, "why": "local road, frontage/pedestrian mixing", "pop_density": 11.8, "pop_density_peak": 11.8, "v_design": 40, "design_gap": 10}}, {"type": "Feature", "geometry": {"type": "LineString", "coordinates": [[120.5562858, 15.1953642], [120.5563018, 15.1954062], [120.5563195, 15.1954511], [120.5563559, 15.1955433], [120.5563969, 15.1956406], [120.5566193, 15.1962075]]}, "properties": {"city": "angeles", "name": "", "highway": "unclassified", "v_posted": 40, "posted_imputed": false, "v_safe": 30, "gap": 10, "R": 3.16, "exposure": 0.0, "vru_150m": 0, "sss": 12.5, "recommended": 30, "fatal_reduction_pct": 68.4, "why": "local road, frontage/pedestrian mixing", "pop_density": 4.0, "pop_density_peak": 8.0, "v_design": 40, "design_gap": 10}}, {"type": "Feature", "geometry": {"type": "LineString", "coordinates": [[120.5431456, 15.1874903], [120.5433984, 15.187138], [120.5434976, 15.1869853], [120.5435621, 15.1868769]]}, "properties": {"city": "angeles", "name": "Claro M. Recto Highway", "highway": "secondary", "v_posted": 60, "posted_imputed": false, "v_safe": 50, "gap": 10, "R": 2.07, "exposure": 0.403, "vru_150m": 2, "sss": 17.5, "recommended": 50, "fatal_reduction_pct": 51.8, "why": "undivided arterial, side-impact intersections", "pop_density": 155.8, "pop_density_peak": 245.8, "v_design": 50, "design_gap": 0}}, {"type": "Feature", "geometry": {"type": "LineString", "coordinates": [[120.5431906, 15.1825811], [120.5430111, 15.1821337], [120.5429573, 15.1819959]]}, "properties": {"city": "angeles", "name": "Claro M. Recto Highway", "highway": "secondary", "v_posted": 60, "posted_imputed": false, "v_safe": 50, "gap": 10, "R": 2.07, "exposure": 0.23, "vru_150m": 1, "sss": 15.4, "recommended": 50, "fatal_reduction_pct": 51.8, "why": "undivided arterial, side-impact intersections", "pop_density": 1216.8, "pop_density_peak": 1256.8, "v_design": 50, "design_gap": 0}}, {"type": "Feature", "geometry": {"type": "LineString", "coordinates": [[120.5412655, 15.1777465], [120.5412211, 15.1776353], [120.5410108, 15.1770938]]}, "properties": {"city": "angeles", "name": "Claro M. Recto Highway", "highway": "secondary", "v_posted": 60, "posted_imputed": false, "v_safe": 50, "gap": 10, "R": 2.07, "exposure": 0.024, "vru_150m": 0, "sss": 12.8, "recommended": 50, "fatal_reduction_pct": 51.8, "why": "undivided arterial, side-impact intersections", "pop_density": 789.5, "pop_density_peak": 977.4, "v_design": 50, "design_gap": 0}}, {"type": "Feature", "geometry": {"type": "LineString", "coordinates": [[120.5414976, 15.1783138], [120.5413044, 15.1778466], [120.5412655, 15.1777465]]}, "properties": {"city": "angeles", "name": "Claro M. Recto Highway", "highway": "secondary", "v_posted": 60, "posted_imputed": false, "v_safe": 50, "gap": 10, "R": 2.07, "exposure": 0.033, "vru_150m": 0, "sss": 12.9, "recommended": 50, "fatal_reduction_pct": 51.8, "why": "undivided arterial, side-impact intersections", "pop_density": 1074.9, "pop_density_peak": 1172.4, "v_design": 50, "design_gap": 0}}, {"type": "Feature", "geometry": {"type": "LineString", "coordinates": [[120.544731, 15.1813126], [120.5447892, 15.1814574], [120.5448883, 15.1817043], [120.5451898, 15.1824548], [120.5455081, 15.1832593], [120.5462713, 15.185178], [120.5463582, 15.1854085]]}, "properties": {"city": "angeles", "name": "A. Bonifacio Avenue", "highway": "unclassified", "v_posted": 40, "posted_imputed": false, "v_safe": 30, "gap": 10, "R": 3.16, "exposure": 0.019, "vru_150m": 0, "sss": 12.7, "recommended": 30, "fatal_reduction_pct": 68.4, "why": "local road, frontage/pedestrian mixing", "pop_density": 611.5, "pop_density_peak": 1079.6, "v_design": 40, "design_gap": 10}}, {"type": "Feature", "geometry": {"type": "LineString", "coordinates": [[120.5442875, 15.1801896], [120.5446846, 15.1811966]]}, "properties": {"city": "angeles", "name": "A. Bonifacio Avenue", "highway": "unclassified", "v_posted": 40, "posted_imputed": false, "v_safe": 30, "gap": 10, "R": 3.16, "exposure": 0.224, "vru_150m": 1, "sss": 15.3, "recommended": 30, "fatal_reduction_pct": 68.4, "why": "local road, frontage/pedestrian mixing", "pop_density": 972.4, "pop_density_peak": 1079.6, "v_design": 40, "design_gap": 10}}, {"type": "Feature", "geometry": {"type": "LineString", "coordinates": [[120.5432791, 15.1776334], [120.5439678, 15.1793856], [120.5440532, 15.1795925], [120.5441928, 15.1799405], [120.5442875, 15.1801896]]}, "properties": {"city": "angeles", "name": "A. Bonifacio Avenue", "highway": "unclassified", "v_posted": 40, "posted_imputed": false, "v_safe": 30, "gap": 10, "R": 3.16, "exposure": 0.033, "vru_150m": 0, "sss": 12.9, "recommended": 30, "fatal_reduction_pct": 68.4, "why": "local road, frontage/pedestrian mixing", "pop_density": 1072.2, "pop_density_peak": 1206.9, "v_design": 40, "design_gap": 10}}, {"type": "Feature", "geometry": {"type": "LineString", "coordinates": [[120.5412766, 15.1700272], [120.5406951, 15.1704659]]}, "properties": {"city": "angeles", "name": "Manuel A. Roxas Highway", "highway": "primary", "v_posted": 60, "posted_imputed": false, "v_safe": 50, "gap": 10, "R": 2.07, "exposure": 0.077, "vru_150m": 0, "sss": 13.5, "recommended": 50, "fatal_reduction_pct": 51.8, "why": "undivided arterial, side-impact intersections", "pop_density": 2497.1, "pop_density_peak": 2497.1, "v_design": 60, "design_gap": 10}}, {"type": "Feature", "geometry": {"type": "LineString", "coordinates": [[120.5446846, 15.1811966], [120.544731, 15.1813126]]}, "properties": {"city": "angeles", "name": "A. Bonifacio Avenue", "highway": "unclassified", "v_posted": 40, "posted_imputed": false, "v_safe": 30, "gap": 10, "R": 3.16, "exposure": 0.227, "vru_150m": 1, "sss": 15.3, "recommended": 30, "fatal_reduction_pct": 68.4, "why": "local road, frontage/pedestrian mixing", "pop_density": 1079.6, "pop_density_peak": 1079.6, "v_design": 40, "design_gap": 10}}, {"type": "Feature", "geometry": {"type": "LineString", "coordinates": [[120.5435621, 15.1868769], [120.5435699, 15.1868638], [120.54368, 15.1866863], [120.5437443, 15.1865434]]}, "properties": {"city": "angeles", "name": "Claro M. Recto Highway", "highway": "secondary", "v_posted": 60, "posted_imputed": false, "v_safe": 50, "gap": 10, "R": 2.07, "exposure": 0.206, "vru_150m": 1, "sss": 15.1, "recommended": 50, "fatal_reduction_pct": 51.8, "why": "undivided arterial, side-impact intersections", "pop_density": 245.8, "pop_density_peak": 245.8, "v_design": 50, "design_gap": 0}}, {"type": "Feature", "geometry": {"type": "LineString", "coordinates": [[120.558237, 15.2006969], [120.5581335, 15.2007449], [120.5578214, 15.2008491]]}, "properties": {"city": "angeles", "name": "", "highway": "unclassified", "v_posted": 40, "posted_imputed": false, "v_safe": 30, "gap": 10, "R": 3.16, "exposure": 0.0, "vru_150m": 0, "sss": 12.5, "recommended": 30, "fatal_reduction_pct": 68.4, "why": "local road, frontage/pedestrian mixing", "pop_density": 15.5, "pop_density_peak": 19.2, "v_design": 40, "design_gap": 10}}, {"type": "Feature", "geometry": {"type": "LineString", "coordinates": [[120.6018333, 15.1798281], [120.6019425, 15.1798143], [120.602046, 15.179802]]}, "properties": {"city": "angeles", "name": "Dau Access Road", "highway": "primary", "v_posted": 60, "posted_imputed": false, "v_safe": 50, "gap": 10, "R": 2.07, "exposure": 0.038, "vru_150m": 0, "sss": 13.0, "recommended": 50, "fatal_reduction_pct": 51.8, "why": "undivided arterial, side-impact intersections", "pop_density": 1217.5, "pop_density_peak": 1217.5, "v_design": 60, "design_gap": 10}}, {"type": "Feature", "geometry": {"type": "LineString", "coordinates": [[120.6053608, 15.201173], [120.605364, 15.2011947], [120.6053564, 15.201217], [120.6052804, 15.2013663], [120.6051689, 15.2015904], [120.6049639, 15.2019631], [120.6046364, 15.2025643], [120.6042864, 15.2032474], [120.6040816, 15.2036317], [120.6040616, 15.203673], [120.6039526, 15.2038965], [120.6038429, 15.2040932], [120.6037288, 15.2043048], [120.6036276, 15.2045189], [120.6035069, 15.2047307], [120.6034066, 15.2049621], [120.6032861, 15.2051448], [120.6031702, 15.2053524], [120.6030513, 15.2055627], [120.6029404, 15.2057848], [120.6028433, 15.2059904], [120.6027096, 15.2061698], [120.6025527, 15.206352], [120.6024921, 15.2064519], [120.6024359, 15.2065677], [120.6023444, 15.2067962], [120.6022436, 15.2070369], [120.6021497, 15.2072487], [120.6020086, 15.2075622]]}, "properties": {"city": "angeles", "name": "Dau Avenue", "highway": "residential", "v_posted": 50, "posted_imputed": false, "v_safe": 30, "gap": 20, "R": 7.72, "exposure": 0.017, "vru_150m": 0, "sss": 25.4, "recommended": 30, "fatal_reduction_pct": 87.0, "why": "local road, frontage/pedestrian mixing", "pop_density": 540.1, "pop_density_peak": 670.8, "v_design": 35, "design_gap": 5}}, {"type": "Feature", "geometry": {"type": "LineString", "coordinates": [[120.5774161, 15.2146462], [120.5774959, 15.2143599], [120.5776321, 15.2138876], [120.5776619, 15.2137754], [120.5777955, 15.2133211], [120.5778101, 15.213273], [120.5778772, 15.2130092], [120.5778855, 15.2129811], [120.5779439, 15.2127835], [120.5781026, 15.2122327], [120.5781871, 15.2119631], [120.5782755, 15.2116733], [120.5783855, 15.2113125], [120.5784206, 15.2111974], [120.5784839, 15.2109497], [120.578511, 15.2108439], [120.5785586, 15.2106576], [120.5786049, 15.2104765], [120.5787061, 15.2100805], [120.5787238, 15.2100112], [120.5787528, 15.2099168], [120.5787994, 15.2097479], [120.5789558, 15.2091805], [120.5790069, 15.2089953], [120.5790294, 15.2089135], [120.5792439, 15.2081354], [120.5796083, 15.2068136], [120.5797074, 15.206454], [120.5797381, 15.2063562], [120.5797498, 15.2063185], [120.579781, 15.2062179], [120.5798952, 15.205778], [120.5801327, 15.2049503], [120.5801813, 15.2047904], [120.580192, 15.2047549], [120.5801995, 15.2047302], [120.5802649, 15.2044907], [120.5803516, 15.204177], [120.5803607, 15.2041472], [120.5803727, 15.2041081], [120.5803919, 15.2040463], [120.5804126, 15.2039757], [120.5804636, 15.203802], [120.5805735, 15.2033795], [120.5806063, 15.2032475]]}, "properties": {"city": "angeles", "name": "MacArthur Highway", "highway": "trunk", "v_posted": 60, "posted_imputed": false, "v_safe": 50, "gap": 10, "R": 2.07, "exposure": 0.018, "vru_150m": 0, "sss": 12.7, "recommended": 50, "fatal_reduction_pct": 51.8, "why": "undivided arterial, side-impact intersections", "pop_density": 584.4, "pop_density_peak": 2401.0, "v_design": 70, "design_gap": 20}}, {"type": "Feature", "geometry": {"type": "LineString", "coordinates": [[120.6025714, 15.1797201], [120.6029772, 15.1796499], [120.6036784, 15.1795237]]}, "properties": {"city": "angeles", "name": "Dau Access Road", "highway": "primary", "v_posted": 60, "posted_imputed": false, "v_safe": 50, "gap": 10, "R": 2.07, "exposure": 0.041, "vru_150m": 0, "sss": 13.0, "recommended": 50, "fatal_reduction_pct": 51.8, "why": "undivided arterial, side-impact intersections", "pop_density": 1333.2, "pop_density_peak": 1398.3, "v_design": 60, "design_gap": 10}}, {"type": "Feature", "geometry": {"type": "LineString", "coordinates": [[120.5883086, 15.1785284], [120.5881893, 15.178485], [120.588014, 15.1784033], [120.5879585, 15.1783815]]}, "properties": {"city": "angeles", "name": "Dau Access Road", "highway": "primary", "v_posted": 60, "posted_imputed": false, "v_safe": 50, "gap": 10, "R": 2.07, "exposure": 0.034, "vru_150m": 0, "sss": 12.9, "recommended": 50, "fatal_reduction_pct": 51.8, "why": "undivided arterial, side-impact intersections", "pop_density": 1085.8, "pop_density_peak": 1165.1, "v_design": 60, "design_gap": 10}}, {"type": "Feature", "geometry": {"type": "LineString", "coordinates": [[120.5874812, 15.1781223], [120.5875071, 15.1781315], [120.5877121, 15.1782041], [120.587802, 15.1782358], [120.5879981, 15.1783096], [120.5880594, 15.1783358], [120.5881034, 15.178357], [120.5881534, 15.1783868], [120.5881966, 15.1784166], [120.5882197, 15.178436], [120.5883086, 15.1785284]]}, "properties": {"city": "angeles", "name": "Dau Access Road", "highway": "primary", "v_posted": 60, "posted_imputed": false, "v_safe": 50, "gap": 10, "R": 2.07, "exposure": 0.034, "vru_150m": 0, "sss": 12.9, "recommended": 50, "fatal_reduction_pct": 51.8, "why": "undivided arterial, side-impact intersections", "pop_density": 1085.8, "pop_density_peak": 1165.1, "v_design": 60, "design_gap": 10}}, {"type": "Feature", "geometry": {"type": "LineString", "coordinates": [[120.5738476, 15.2122996], [120.573914, 15.2120573], [120.5739503, 15.2119268], [120.5740236, 15.2116762], [120.5741096, 15.2114627], [120.5741975, 15.2113145], [120.5743057, 15.2111304], [120.5743865, 15.2109925], [120.5744779, 15.210773], [120.5745594, 15.2105034], [120.5746368, 15.2102397], [120.5748741, 15.2094191], [120.5752755, 15.2079215], [120.5754818, 15.2072088], [120.5756887, 15.2064674], [120.5765696, 15.2033564], [120.577584, 15.1997438], [120.5776204, 15.1995402], [120.577637, 15.1993128], [120.5776631, 15.198829], [120.5777009, 15.1985389], [120.5777744, 15.1981614], [120.5779249, 15.1976216], [120.5779971, 15.1973707], [120.5780322, 15.1972329], [120.5780911, 15.1970316], [120.5781459, 15.1968849], [120.5782733, 15.1964952], [120.5783943, 15.1962374], [120.578548, 15.1959998], [120.5786069, 15.1958814], [120.5787534, 15.195579], [120.578869, 15.1952588], [120.5791023, 15.1943711], [120.5792374, 15.193881], [120.5792872, 15.1936788], [120.5793306, 15.1934977], [120.5793559, 15.1933423], [120.5793905, 15.1931241], [120.5794325, 15.1928203], [120.579523, 15.1920323], [120.5796329, 15.191107], [120.5797496, 15.1902541], [120.5798833, 15.1892262], [120.5799373, 15.1888368], [120.58001, 15.1882905], [120.5800433, 15.1880512], [120.5800621, 15.1878804], [120.5800661, 15.1877187], [120.5800567, 15.1875452], [120.5799975, 15.1873685], [120.5799271, 15.187222], [120.5797049, 15.1868899], [120.5796194, 15.1867669]]}, "properties": {"city": "angeles", "name": "Clark-Mabalacat-Angeles Road", "highway": "secondary", "v_posted": 60, "posted_imputed": false, "v_safe": 50, "gap": 10, "R": 2.07, "exposure": 0.01, "vru_150m": 0, "sss": 12.6, "recommended": 50, "fatal_reduction_pct": 51.8, "why": "undivided arterial, side-impact intersections", "pop_density": 313.0, "pop_density_peak": 440.2, "v_design": 50, "design_gap": 0}}, {"type": "Feature", "geometry": {"type": "LineString", "coordinates": [[120.5878023, 15.1754977], [120.5878281, 15.1755607], [120.5876895, 15.1763088], [120.5876677, 15.1764266], [120.5876447, 15.1765507], [120.587628, 15.1766412], [120.5876009, 15.1767872], [120.587555, 15.176975], [120.5875494, 15.1769985], [120.5875163, 15.1771256], [120.5874598, 15.1773379]]}, "properties": {"city": "angeles", "name": "MacArthur Highway", "highway": "trunk", "v_posted": 60, "posted_imputed": false, "v_safe": 50, "gap": 10, "R": 2.07, "exposure": 0.035, "vru_150m": 0, "sss": 12.9, "recommended": 50, "fatal_reduction_pct": 51.8, "why": "undivided arterial, side-impact intersections", "pop_density": 1145.1, "pop_density_peak": 1358.4, "v_design": 70, "design_gap": 20}}, {"type": "Feature", "geometry": {"type": "LineString", "coordinates": [[120.5816008, 15.1993842], [120.5816436, 15.199222]]}, "properties": {"city": "angeles", "name": "MacArthur Highway", "highway": "trunk", "v_posted": 60, "posted_imputed": false, "v_safe": 50, "gap": 10, "R": 2.07, "exposure": 0.013, "vru_150m": 0, "sss": 12.7, "recommended": 50, "fatal_reduction_pct": 51.8, "why": "undivided arterial, side-impact intersections", "pop_density": 430.5, "pop_density_peak": 430.5, "v_design": 70, "design_gap": 20}}, {"type": "Feature", "geometry": {"type": "LineString", "coordinates": [[120.5837327, 15.191167], [120.5837854, 15.1909158], [120.5838402, 15.1907018], [120.5839356, 15.1903065], [120.5839907, 15.1900778], [120.5840056, 15.1900161], [120.5840261, 15.1899323], [120.5840518, 15.1898272], [120.5841041, 15.189609], [120.5841318, 15.1894866], [120.5841392, 15.1894593], [120.5841793, 15.189311], [120.5841959, 15.1892495], [120.5842356, 15.1891028], [120.5842709, 15.188972], [120.5842942, 15.1888859], [120.5843038, 15.1888506], [120.5843832, 15.188557], [120.584426, 15.188399], [120.5844616, 15.1882674], [120.5844944, 15.1881464], [120.5845084, 15.1880947], [120.5845232, 15.1880332]]}, "properties": {"city": "angeles", "name": "MacArthur Highway", "highway": "trunk", "v_posted": 60, "posted_imputed": false, "v_safe": 30, "gap": 30, "R": 16.0, "exposure": 0.257, "vru_150m": 1, "sss": 47.1, "recommended": 30, "fatal_reduction_pct": 93.8, "why": "pedestrian activity (1 VRU site<=50m)", "pop_density": 2298.8, "pop_density_peak": 3498.5, "v_design": 70, "design_gap": 40}}, {"type": "Feature", "geometry": {"type": "LineString", "coordinates": [[120.5890661, 15.1791141], [120.5889071, 15.1789928], [120.5885795, 15.1787194], [120.5884543, 15.1786215]]}, "properties": {"city": "angeles", "name": "Dau Access Road", "highway": "primary", "v_posted": 60, "posted_imputed": false, "v_safe": 50, "gap": 10, "R": 2.07, "exposure": 0.032, "vru_150m": 0, "sss": 12.9, "recommended": 50, "fatal_reduction_pct": 51.8, "why": "undivided arterial, side-impact intersections", "pop_density": 1027.6, "pop_density_peak": 1048.8, "v_design": 60, "design_gap": 10}}, {"type": "Feature", "geometry": {"type": "LineString", "coordinates": [[120.5874598, 15.1773379], [120.5874232, 15.1774755], [120.5873293, 15.1778283], [120.5873091, 15.177904]]}, "properties": {"city": "angeles", "name": "MacArthur Highway", "highway": "trunk", "v_posted": 60, "posted_imputed": false, "v_safe": 50, "gap": 10, "R": 2.07, "exposure": 0.226, "vru_150m": 1, "sss": 15.3, "recommended": 50, "fatal_reduction_pct": 51.8, "why": "undivided arterial, side-impact intersections", "pop_density": 1038.2, "pop_density_peak": 1121.9, "v_design": 70, "design_gap": 20}}, {"type": "Feature", "geometry": {"type": "LineString", "coordinates": [[120.5872458, 15.1781289], [120.5872301, 15.178183], [120.5871935, 15.1783053], [120.5870018, 15.1790168], [120.5869449, 15.1792212], [120.586862, 15.1793151]]}, "properties": {"city": "angeles", "name": "MacArthur Highway", "highway": "trunk", "v_posted": 60, "posted_imputed": false, "v_safe": 50, "gap": 10, "R": 2.07, "exposure": 0.222, "vru_150m": 1, "sss": 15.3, "recommended": 50, "fatal_reduction_pct": 51.8, "why": "undivided arterial, side-impact intersections", "pop_density": 894.3, "pop_density_peak": 906.6, "v_design": 70, "design_gap": 20}}, {"type": "Feature", "geometry": {"type": "LineString", "coordinates": [[120.6008874, 15.1799485], [120.6006069, 15.1799578], [120.6004148, 15.1799619], [120.6001238, 15.1799643], [120.6000624, 15.1799639], [120.6000237, 15.1799639], [120.5998957, 15.1799665], [120.5998702, 15.1799661], [120.5995349, 15.1799602], [120.5992602, 15.1799555], [120.5983373, 15.1799371], [120.5980735, 15.1799327], [120.5980021, 15.1799315], [120.5979123, 15.1799299], [120.596891, 15.1799117], [120.5968247, 15.1799105], [120.5963946, 15.1799021], [120.5963058, 15.1799003], [120.5961923, 15.1798981], [120.5961393, 15.1798971], [120.5960751, 15.1798959], [120.5956001, 15.1798887], [120.594994, 15.1798784], [120.5948851, 15.1798766], [120.5944811, 15.1798668], [120.5940316, 15.1798614], [120.5939516, 15.1798622], [120.5935277, 15.1798537], [120.5934142, 15.179852], [120.5932947, 15.1798541], [120.5926102, 15.1798385], [120.5925512, 15.1798379], [120.5923331, 15.1798343], [120.5920555, 15.1798297], [120.5919994, 15.1798288], [120.5906836, 15.1797841], [120.5905058, 15.1797648], [120.5904116, 15.1797489], [120.5902537, 15.1797222], [120.5900224, 15.1796594]]}, "properties": {"city": "angeles", "name": "Dau Access Road", "highway": "primary", "v_posted": 60, "posted_imputed": false, "v_safe": 50, "gap": 10, "R": 2.07, "exposure": 0.035, "vru_150m": 0, "sss": 12.9, "recommended": 50, "fatal_reduction_pct": 51.8, "why": "undivided arterial, side-impact intersections", "pop_density": 1139.5, "pop_density_peak": 1286.8, "v_design": 60, "design_gap": 10}}, {"type": "Feature", "geometry": {"type": "LineString", "coordinates": [[120.5720527, 15.1816465], [120.5721105, 15.1816261]]}, "properties": {"city": "angeles", "name": "", "highway": "service", "v_posted": 40, "posted_imputed": false, "v_safe": 30, "gap": 10, "R": 3.16, "exposure": 0.035, "vru_150m": 0, "sss": 12.9, "recommended": 30, "fatal_reduction_pct": 68.4, "why": "local road, frontage/pedestrian mixing", "pop_density": 1132.3, "pop_density_peak": 1132.3, "v_design": 25, "design_gap": -5}}, {"type": "Feature", "geometry": {"type": "LineString", "coordinates": [[120.5900224, 15.1796594], [120.5898573, 15.1796001], [120.5896773, 15.1795119], [120.5895209, 15.1794353], [120.5894631, 15.1793997], [120.5893077, 15.1792967], [120.5892604, 15.1792617], [120.5890856, 15.1791301], [120.5890661, 15.1791141]]}, "properties": {"city": "angeles", "name": "Dau Access Road", "highway": "primary", "v_posted": 60, "posted_imputed": false, "v_safe": 50, "gap": 10, "R": 2.07, "exposure": 0.032, "vru_150m": 0, "sss": 12.9, "recommended": 50, "fatal_reduction_pct": 51.8, "why": "undivided arterial, side-impact intersections", "pop_density": 1040.6, "pop_density_peak": 1048.8, "v_design": 60, "design_gap": 10}}, {"type": "Feature", "geometry": {"type": "LineString", "coordinates": [[120.6016895, 15.1798487], [120.6014924, 15.1798769]]}, "properties": {"city": "angeles", "name": "Dau Access Road", "highway": "primary", "v_posted": 60, "posted_imputed": false, "v_safe": 50, "gap": 10, "R": 2.07, "exposure": 0.037, "vru_150m": 0, "sss": 13.0, "recommended": 50, "fatal_reduction_pct": 51.8, "why": "undivided arterial, side-impact intersections", "pop_density": 1207.7, "pop_density_peak": 1217.5, "v_design": 60, "design_gap": 10}}, {"type": "Feature", "geometry": {"type": "LineString", "coordinates": [[120.6018333, 15.1798281], [120.6017844, 15.1798351], [120.6016895, 15.1798487]]}, "properties": {"city": "angeles", "name": "Dau Access Road", "highway": "primary", "v_posted": 60, "posted_imputed": false, "v_safe": 50, "gap": 10, "R": 2.07, "exposure": 0.038, "vru_150m": 0, "sss": 13.0, "recommended": 50, "fatal_reduction_pct": 51.8, "why": "undivided arterial, side-impact intersections", "pop_density": 1217.5, "pop_density_peak": 1217.5, "v_design": 60, "design_gap": 10}}, {"type": "Feature", "geometry": {"type": "LineString", "coordinates": [[120.602046, 15.179802], [120.6025714, 15.1797201]]}, "properties": {"city": "angeles", "name": "Dau Access Road", "highway": "primary", "v_posted": 60, "posted_imputed": false, "v_safe": 50, "gap": 10, "R": 2.07, "exposure": 0.04, "vru_150m": 0, "sss": 13.0, "recommended": 50, "fatal_reduction_pct": 51.8, "why": "undivided arterial, side-impact intersections", "pop_density": 1307.9, "pop_density_peak": 1398.3, "v_design": 60, "design_gap": 10}}, {"type": "Feature", "geometry": {"type": "LineString", "coordinates": [[120.6014924, 15.1798769], [120.6011472, 15.1799263], [120.6010607, 15.1799361], [120.6009827, 15.1799427], [120.6009324, 15.1799466], [120.6008874, 15.1799485]]}, "properties": {"city": "angeles", "name": "Dau Access Road", "highway": "primary", "v_posted": 60, "posted_imputed": false, "v_safe": 50, "gap": 10, "R": 2.07, "exposure": 0.037, "vru_150m": 0, "sss": 13.0, "recommended": 50, "fatal_reduction_pct": 51.8, "why": "undivided arterial, side-impact intersections", "pop_density": 1198.0, "pop_density_peak": 1198.0, "v_design": 60, "design_gap": 10}}, {"type": "Feature", "geometry": {"type": "LineString", "coordinates": [[120.5879585, 15.1783815], [120.5876922, 15.1782865]]}, "properties": {"city": "angeles", "name": "Dau Access Road", "highway": "primary", "v_posted": 60, "posted_imputed": false, "v_safe": 50, "gap": 10, "R": 2.07, "exposure": 0.036, "vru_150m": 0, "sss": 13.0, "recommended": 50, "fatal_reduction_pct": 51.8, "why": "undivided arterial, side-impact intersections", "pop_density": 1165.1, "pop_density_peak": 1165.1, "v_design": 60, "design_gap": 10}}, {"type": "Feature", "geometry": {"type": "LineString", "coordinates": [[120.5876922, 15.1782865], [120.5875518, 15.1782369]]}, "properties": {"city": "angeles", "name": "Dau Access Road", "highway": "primary", "v_posted": 60, "posted_imputed": false, "v_safe": 50, "gap": 10, "R": 2.07, "exposure": 0.036, "vru_150m": 0, "sss": 13.0, "recommended": 50, "fatal_reduction_pct": 51.8, "why": "undivided arterial, side-impact intersections", "pop_density": 1165.1, "pop_density_peak": 1165.1, "v_design": 60, "design_gap": 10}}, {"type": "Feature", "geometry": {"type": "LineString", "coordinates": [[120.5884543, 15.1786215], [120.5883709, 15.1785671]]}, "properties": {"city": "angeles", "name": "Dau Access Road", "highway": "primary", "v_posted": 60, "posted_imputed": false, "v_safe": 50, "gap": 10, "R": 2.07, "exposure": 0.031, "vru_150m": 0, "sss": 12.9, "recommended": 50, "fatal_reduction_pct": 51.8, "why": "undivided arterial, side-impact intersections", "pop_density": 1006.4, "pop_density_peak": 1006.4, "v_design": 60, "design_gap": 10}}, {"type": "Feature", "geometry": {"type": "LineString", "coordinates": [[120.5875518, 15.1782369], [120.5872458, 15.1781289]]}, "properties": {"city": "angeles", "name": "Dau Access Road", "highway": "primary", "v_posted": 60, "posted_imputed": false, "v_safe": 50, "gap": 10, "R": 2.07, "exposure": 0.225, "vru_150m": 1, "sss": 15.3, "recommended": 50, "fatal_reduction_pct": 51.8, "why": "undivided arterial, side-impact intersections", "pop_density": 1023.5, "pop_density_peak": 1165.1, "v_design": 60, "design_gap": 10}}, {"type": "Feature", "geometry": {"type": "LineString", "coordinates": [[120.5872693, 15.1780538], [120.5872458, 15.1781289]]}, "properties": {"city": "angeles", "name": "MacArthur Highway", "highway": "trunk", "v_posted": 60, "posted_imputed": false, "v_safe": 50, "gap": 10, "R": 2.07, "exposure": 0.222, "vru_150m": 1, "sss": 15.3, "recommended": 50, "fatal_reduction_pct": 51.8, "why": "undivided arterial, side-impact intersections", "pop_density": 881.9, "pop_density_peak": 881.9, "v_design": 70, "design_gap": 20}}, {"type": "Feature", "geometry": {"type": "LineString", "coordinates": [[120.586862, 15.1793151], [120.586845, 15.1792593], [120.586829, 15.1792065], [120.586889, 15.1789869], [120.5870192, 15.1785322]]}, "properties": {"city": "angeles", "name": "MacArthur Highway", "highway": "trunk", "v_posted": 60, "posted_imputed": false, "v_safe": 50, "gap": 10, "R": 2.07, "exposure": 0.222, "vru_150m": 1, "sss": 15.3, "recommended": 50, "fatal_reduction_pct": 51.8, "why": "undivided arterial, side-impact intersections", "pop_density": 894.3, "pop_density_peak": 906.6, "v_design": 70, "design_gap": 20}}, {"type": "Feature", "geometry": {"type": "LineString", "coordinates": [[120.5872693, 15.1780538], [120.5874812, 15.1781223]]}, "properties": {"city": "angeles", "name": "Dau Access Road", "highway": "primary", "v_posted": 60, "posted_imputed": false, "v_safe": 50, "gap": 10, "R": 2.07, "exposure": 0.032, "vru_150m": 0, "sss": 12.9, "recommended": 50, "fatal_reduction_pct": 51.8, "why": "undivided arterial, side-impact intersections", "pop_density": 1023.5, "pop_density_peak": 1165.1, "v_design": 60, "design_gap": 10}}, {"type": "Feature", "geometry": {"type": "LineString", "coordinates": [[120.5872458, 15.1781289], [120.5871447, 15.1781007]]}, "properties": {"city": "angeles", "name": "Dau Access Road", "highway": "primary", "v_posted": 60, "posted_imputed": false, "v_safe": 50, "gap": 10, "R": 2.07, "exposure": 0.222, "vru_150m": 1, "sss": 15.3, "recommended": 50, "fatal_reduction_pct": 51.8, "why": "undivided arterial, side-impact intersections", "pop_density": 881.9, "pop_density_peak": 881.9, "v_design": 60, "design_gap": 10}}, {"type": "Feature", "geometry": {"type": "LineString", "coordinates": [[120.5873091, 15.177904], [120.5872693, 15.1780538]]}, "properties": {"city": "angeles", "name": "MacArthur Highway", "highway": "trunk", "v_posted": 60, "posted_imputed": false, "v_safe": 50, "gap": 10, "R": 2.07, "exposure": 0.223, "vru_150m": 1, "sss": 15.3, "recommended": 50, "fatal_reduction_pct": 51.8, "why": "undivided arterial, side-impact intersections", "pop_density": 918.2, "pop_density_peak": 954.5, "v_design": 70, "design_gap": 20}}, {"type": "Feature", "geometry": {"type": "LineString", "coordinates": [[120.586862, 15.1793151], [120.5867554, 15.1797059]]}, "properties": {"city": "angeles", "name": "MacArthur Highway", "highway": "trunk", "v_posted": 60, "posted_imputed": false, "v_safe": 50, "gap": 10, "R": 2.07, "exposure": 0.026, "vru_150m": 0, "sss": 12.8, "recommended": 50, "fatal_reduction_pct": 51.8, "why": "undivided arterial, side-impact intersections", "pop_density": 845.8, "pop_density_peak": 906.6, "v_design": 70, "design_gap": 20}}, {"type": "Feature", "geometry": {"type": "LineString", "coordinates": [[120.5871672, 15.1780254], [120.5872239, 15.1778259], [120.5873149, 15.1774963], [120.5873785, 15.17727], [120.5874629, 15.1769572], [120.5874812, 15.176881], [120.587501, 15.1768007], [120.5875213, 15.1767008], [120.5875732, 15.1764133], [120.5875882, 15.1763267], [120.5875961, 15.1762854], [120.5876055, 15.1762368], [120.5876988, 15.175752], [120.5877384, 15.1755458], [120.5878023, 15.1754977]]}, "properties": {"city": "angeles", "name": "MacArthur Highway", "highway": "trunk", "v_posted": 60, "posted_imputed": false, "v_safe": 50, "gap": 10, "R": 2.07, "exposure": 0.033, "vru_150m": 0, "sss": 12.9, "recommended": 50, "fatal_reduction_pct": 51.8, "why": "undivided arterial, side-impact intersections", "pop_density": 1065.1, "pop_density_peak": 1358.4, "v_design": 70, "design_gap": 20}}, {"type": "Feature", "geometry": {"type": "LineString", "coordinates": [[120.5871447, 15.1781007], [120.5871672, 15.1780254]]}, "properties": {"city": "angeles", "name": "MacArthur Highway", "highway": "trunk", "v_posted": 60, "posted_imputed": false, "v_safe": 50, "gap": 10, "R": 2.07, "exposure": 0.222, "vru_150m": 1, "sss": 15.3, "recommended": 50, "fatal_reduction_pct": 51.8, "why": "undivided arterial, side-impact intersections", "pop_density": 881.9, "pop_density_peak": 881.9, "v_design": 70, "design_gap": 20}}, {"type": "Feature", "geometry": {"type": "LineString", "coordinates": [[120.5870192, 15.1785322], [120.5871288, 15.178157], [120.5871447, 15.1781007]]}, "properties": {"city": "angeles", "name": "MacArthur Highway", "highway": "trunk", "v_posted": 60, "posted_imputed": false, "v_safe": 50, "gap": 10, "R": 2.07, "exposure": 0.222, "vru_150m": 1, "sss": 15.3, "recommended": 50, "fatal_reduction_pct": 51.8, "why": "undivided arterial, side-impact intersections", "pop_density": 881.9, "pop_density_peak": 881.9, "v_design": 70, "design_gap": 20}}, {"type": "Feature", "geometry": {"type": "LineString", "coordinates": [[120.5871672, 15.1780254], [120.5872693, 15.1780538]]}, "properties": {"city": "angeles", "name": "Dau Access Road", "highway": "primary", "v_posted": 60, "posted_imputed": false, "v_safe": 50, "gap": 10, "R": 2.07, "exposure": 0.222, "vru_150m": 1, "sss": 15.3, "recommended": 50, "fatal_reduction_pct": 51.8, "why": "undivided arterial, side-impact intersections", "pop_density": 881.9, "pop_density_peak": 881.9, "v_design": 60, "design_gap": 10}}, {"type": "Feature", "geometry": {"type": "LineString", "coordinates": [[120.5808991, 15.2021273], [120.5808909, 15.2020599], [120.5808981, 15.2020292], [120.5809535, 15.2018189], [120.5809818, 15.2016945], [120.5810044, 15.2016055], [120.5810702, 15.2013455], [120.5811466, 15.2010619], [120.5811535, 15.2010251], [120.5812215, 15.2007605], [120.5812708, 15.2007279]]}, "properties": {"city": "angeles", "name": "MacArthur Highway", "highway": "trunk", "v_posted": 60, "posted_imputed": false, "v_safe": 50, "gap": 10, "R": 2.07, "exposure": 0.212, "vru_150m": 1, "sss": 15.2, "recommended": 50, "fatal_reduction_pct": 51.8, "why": "undivided arterial, side-impact intersections", "pop_density": 493.8, "pop_density_peak": 497.6, "v_design": 70, "design_gap": 20}}, {"type": "Feature", "geometry": {"type": "LineString", "coordinates": [[120.5825263, 15.1957813], [120.5825763, 15.1955824], [120.5826448, 15.1953099], [120.5826618, 15.1952423], [120.5827452, 15.1949104], [120.5827796, 15.1947737], [120.5828012, 15.1946877], [120.5828122, 15.1946439]]}, "properties": {"city": "angeles", "name": "MacArthur Highway", "highway": "trunk", "v_posted": 60, "posted_imputed": false, "v_safe": 50, "gap": 10, "R": 2.07, "exposure": 0.21, "vru_150m": 1, "sss": 15.1, "recommended": 50, "fatal_reduction_pct": 51.8, "why": "undivided arterial, side-impact intersections", "pop_density": 409.7, "pop_density_peak": 421.1, "v_design": 70, "design_gap": 20}}, {"type": "Feature", "geometry": {"type": "LineString", "coordinates": [[120.5819936, 15.1979016], [120.5821316, 15.1973429]]}, "properties": {"city": "angeles", "name": "MacArthur Highway", "highway": "trunk", "v_posted": 60, "posted_imputed": false, "v_safe": 50, "gap": 10, "R": 2.07, "exposure": 0.016, "vru_150m": 0, "sss": 12.7, "recommended": 50, "fatal_reduction_pct": 51.8, "why": "undivided arterial, side-impact intersections", "pop_density": 522.3, "pop_density_peak": 522.3, "v_design": 70, "design_gap": 20}}, {"type": "Feature", "geometry": {"type": "LineString", "coordinates": [[120.5816436, 15.199222], [120.5817438, 15.1988665]]}, "properties": {"city": "angeles", "name": "MacArthur Highway", "highway": "trunk", "v_posted": 60, "posted_imputed": false, "v_safe": 50, "gap": 10, "R": 2.07, "exposure": 0.013, "vru_150m": 0, "sss": 12.7, "recommended": 50, "fatal_reduction_pct": 51.8, "why": "undivided arterial, side-impact intersections", "pop_density": 430.5, "pop_density_peak": 430.5, "v_design": 70, "design_gap": 20}}, {"type": "Feature", "geometry": {"type": "LineString", "coordinates": [[120.5821316, 15.1973429], [120.5821348, 15.1973312], [120.5823226, 15.1965743]]}, "properties": {"city": "angeles", "name": "MacArthur Highway", "highway": "trunk", "v_posted": 60, "posted_imputed": false, "v_safe": 50, "gap": 10, "R": 2.07, "exposure": 0.016, "vru_150m": 0, "sss": 12.7, "recommended": 50, "fatal_reduction_pct": 51.8, "why": "undivided arterial, side-impact intersections", "pop_density": 507.4, "pop_density_peak": 522.3, "v_design": 70, "design_gap": 20}}, {"type": "Feature", "geometry": {"type": "LineString", "coordinates": [[120.5817438, 15.1988665], [120.5818733, 15.1984155]]}, "properties": {"city": "angeles", "name": "MacArthur Highway", "highway": "trunk", "v_posted": 60, "posted_imputed": false, "v_safe": 50, "gap": 10, "R": 2.07, "exposure": 0.014, "vru_150m": 0, "sss": 12.7, "recommended": 50, "fatal_reduction_pct": 51.8, "why": "undivided arterial, side-impact intersections", "pop_density": 460.2, "pop_density_peak": 489.9, "v_design": 70, "design_gap": 20}}, {"type": "Feature", "geometry": {"type": "LineString", "coordinates": [[120.5818733, 15.1984155], [120.58199, 15.1979145], [120.5819936, 15.1979016]]}, "properties": {"city": "angeles", "name": "MacArthur Highway", "highway": "trunk", "v_posted": 60, "posted_imputed": false, "v_safe": 50, "gap": 10, "R": 2.07, "exposure": 0.016, "vru_150m": 0, "sss": 12.7, "recommended": 50, "fatal_reduction_pct": 51.8, "why": "undivided arterial, side-impact intersections", "pop_density": 506.1, "pop_density_peak": 522.3, "v_design": 70, "design_gap": 20}}, {"type": "Feature", "geometry": {"type": "LineString", "coordinates": [[120.5823226, 15.1965743], [120.582367, 15.1964117], [120.5824341, 15.196148], [120.5824533, 15.1960716], [120.5824877, 15.1959346], [120.5825084, 15.1958526], [120.5825263, 15.1957813]]}, "properties": {"city": "angeles", "name": "MacArthur Highway", "highway": "trunk", "v_posted": 60, "posted_imputed": false, "v_safe": 50, "gap": 10, "R": 2.07, "exposure": 0.408, "vru_150m": 2, "sss": 17.6, "recommended": 50, "fatal_reduction_pct": 51.8, "why": "undivided arterial, side-impact intersections", "pop_density": 445.5, "pop_density_peak": 492.6, "v_design": 70, "design_gap": 20}}, {"type": "Feature", "geometry": {"type": "LineString", "coordinates": [[120.5883709, 15.1785671], [120.5883086, 15.1785284]]}, "properties": {"city": "angeles", "name": "Dau Access Road", "highway": "primary", "v_posted": 60, "posted_imputed": false, "v_safe": 50, "gap": 10, "R": 2.07, "exposure": 0.031, "vru_150m": 0, "sss": 12.9, "recommended": 50, "fatal_reduction_pct": 51.8, "why": "undivided arterial, side-impact intersections", "pop_density": 1006.4, "pop_density_peak": 1006.4, "v_design": 60, "design_gap": 10}}, {"type": "Feature", "geometry": {"type": "LineString", "coordinates": [[120.5985418, 15.1927431], [120.5977152, 15.1945407]]}, "properties": {"city": "angeles", "name": "", "highway": "service", "v_posted": 60, "posted_imputed": false, "v_safe": 30, "gap": 30, "R": 16.0, "exposure": 0.427, "vru_150m": 2, "sss": 53.5, "recommended": 30, "fatal_reduction_pct": 93.8, "why": "local road, frontage/pedestrian mixing", "pop_density": 1463.4, "pop_density_peak": 1573.3, "v_design": 25, "design_gap": -5}}, {"type": "Feature", "geometry": {"type": "LineString", "coordinates": [[120.5848267, 15.1868813], [120.5848418, 15.1869323], [120.5847384, 15.187321], [120.5847358, 15.1873309], [120.5846514, 15.1876485], [120.5846198, 15.1877618], [120.5845629, 15.1879813], [120.5845232, 15.1880332]]}, "properties": {"city": "angeles", "name": "MacArthur Highway", "highway": "trunk", "v_posted": 60, "posted_imputed": false, "v_safe": 50, "gap": 10, "R": 2.07, "exposure": 0.036, "vru_150m": 0, "sss": 12.9, "recommended": 50, "fatal_reduction_pct": 51.8, "why": "undivided arterial, side-impact intersections", "pop_density": 1163.0, "pop_density_peak": 1180.8, "v_design": 70, "design_gap": 20}}, {"type": "Feature", "geometry": {"type": "LineString", "coordinates": [[120.5845232, 15.1880332], [120.5845138, 15.1879663], [120.5845929, 15.187643], [120.5846829, 15.1873151], [120.5846877, 15.1872998], [120.5847935, 15.1869148], [120.5848267, 15.1868813]]}, "properties": {"city": "angeles", "name": "MacArthur Highway", "highway": "trunk", "v_posted": 60, "posted_imputed": false, "v_safe": 50, "gap": 10, "R": 2.07, "exposure": 0.036, "vru_150m": 0, "sss": 12.9, "recommended": 50, "fatal_reduction_pct": 51.8, "why": "undivided arterial, side-impact intersections", "pop_density": 1163.0, "pop_density_peak": 1180.8, "v_design": 70, "design_gap": 20}}, {"type": "Feature", "geometry": {"type": "LineString", "coordinates": [[120.5848267, 15.1868813], [120.5848355, 15.1868477], [120.5848821, 15.1866709], [120.5849477, 15.1864222], [120.5849606, 15.1863659], [120.5850348, 15.1861036], [120.5850476, 15.1860644], [120.5850507, 15.1860535], [120.5851075, 15.1858519], [120.5851655, 15.1856155], [120.5852394, 15.1853353], [120.5852691, 15.1852304], [120.5853838, 15.1848064], [120.5854024, 15.1847386], [120.5855024, 15.1843528], [120.5856024, 15.1839552], [120.5856513, 15.1837788], [120.5857806, 15.1833118], [120.5858289, 15.1831378], [120.5859098, 15.1828396], [120.5859346, 15.1827481], [120.5859561, 15.1826626], [120.5860416, 15.1823509], [120.586101, 15.1821344], [120.5861242, 15.1820498], [120.5861549, 15.1819354], [120.5861837, 15.1818276], [120.5862616, 15.1815369], [120.5862828, 15.1814469], [120.5863777, 15.1810848], [120.5865306, 15.1805463], [120.5866166, 15.1802175], [120.5866597, 15.1800515], [120.5867554, 15.1797059]]}, "properties": {"city": "angeles", "name": "MacArthur Highway", "highway": "trunk", "v_posted": 60, "posted_imputed": false, "v_safe": 50, "gap": 10, "R": 2.07, "exposure": 0.223, "vru_150m": 1, "sss": 15.3, "recommended": 50, "fatal_reduction_pct": 51.8, "why": "undivided arterial, side-impact intersections", "pop_density": 937.7, "pop_density_peak": 1145.1, "v_design": 70, "design_gap": 20}}, {"type": "Feature", "geometry": {"type": "LineString", "coordinates": [[120.5836292, 15.1915289], [120.5836977, 15.1912894], [120.5837327, 15.191167]]}, "properties": {"city": "angeles", "name": "MacArthur Highway", "highway": "trunk", "v_posted": 60, "posted_imputed": false, "v_safe": 50, "gap": 10, "R": 2.07, "exposure": 0.101, "vru_150m": 0, "sss": 13.8, "recommended": 50, "fatal_reduction_pct": 51.8, "why": "undivided arterial, side-impact intersections", "pop_density": 3253.5, "pop_density_peak": 3335.1, "v_design": 70, "design_gap": 20}}, {"type": "Feature", "geometry": {"type": "LineString", "coordinates": [[120.5828122, 15.1946439], [120.5828429, 15.1945264], [120.5830432, 15.1937625], [120.5831744, 15.1932371], [120.5832729, 15.1928594], [120.5832838, 15.1928176], [120.5832968, 15.1927677], [120.5833098, 15.1927179], [120.5834677, 15.1921143], [120.5835501, 15.1918158], [120.583577, 15.1917147], [120.5835886, 15.1916711], [120.5836292, 15.1915289]]}, "properties": {"city": "angeles", "name": "MacArthur Highway", "highway": "trunk", "v_posted": 60, "posted_imputed": false, "v_safe": 50, "gap": 10, "R": 2.07, "exposure": 0.055, "vru_150m": 0, "sss": 13.2, "recommended": 50, "fatal_reduction_pct": 51.8, "why": "undivided arterial, side-impact intersections", "pop_density": 1789.5, "pop_density_peak": 3171.9, "v_design": 70, "design_gap": 20}}, {"type": "Feature", "geometry": {"type": "LineString", "coordinates": [[120.5812708, 15.2007279], [120.5812832, 15.2007779], [120.5812206, 15.2010469], [120.581186, 15.201196], [120.5810661, 15.201647], [120.5810239, 15.2018351], [120.580964, 15.2020805], [120.5808991, 15.2021273]]}, "properties": {"city": "angeles", "name": "MacArthur Highway", "highway": "trunk", "v_posted": 60, "posted_imputed": false, "v_safe": 50, "gap": 10, "R": 2.07, "exposure": 0.212, "vru_150m": 1, "sss": 15.2, "recommended": 50, "fatal_reduction_pct": 51.8, "why": "undivided arterial, side-impact intersections", "pop_density": 490.0, "pop_density_peak": 497.6, "v_design": 70, "design_gap": 20}}, {"type": "Feature", "geometry": {"type": "LineString", "coordinates": [[120.5812708, 15.2007279], [120.5812799, 15.2006947], [120.5813212, 15.2005501], [120.581548, 15.1995988], [120.5816008, 15.1993842]]}, "properties": {"city": "angeles", "name": "MacArthur Highway", "highway": "trunk", "v_posted": 60, "posted_imputed": false, "v_safe": 50, "gap": 10, "R": 2.07, "exposure": 0.014, "vru_150m": 0, "sss": 12.7, "recommended": 50, "fatal_reduction_pct": 51.8, "why": "undivided arterial, side-impact intersections", "pop_density": 464.1, "pop_density_peak": 497.6, "v_design": 70, "design_gap": 20}}, {"type": "Feature", "geometry": {"type": "LineString", "coordinates": [[120.5806063, 15.2032475], [120.5806286, 15.20315], [120.5806885, 15.2029176], [120.5807418, 15.2026922], [120.5808367, 15.2023591], [120.5808661, 15.2022509], [120.5808991, 15.2021273]]}, "properties": {"city": "angeles", "name": "MacArthur Highway", "highway": "trunk", "v_posted": 60, "posted_imputed": false, "v_safe": 50, "gap": 10, "R": 2.07, "exposure": 0.212, "vru_150m": 1, "sss": 15.1, "recommended": 50, "fatal_reduction_pct": 51.8, "why": "undivided arterial, side-impact intersections", "pop_density": 472.5, "pop_density_peak": 486.2, "v_design": 70, "design_gap": 20}}, {"type": "Feature", "geometry": {"type": "LineString", "coordinates": [[120.6057456, 15.203102], [120.6056212, 15.2033372], [120.6054682, 15.2036258], [120.6051091, 15.2042796], [120.6050124, 15.2044327], [120.6049723, 15.2044903], [120.6048911, 15.2046379], [120.6048512, 15.2047059], [120.6047633, 15.2048462], [120.6047309, 15.2049033], [120.6046372, 15.2050525], [120.6046024, 15.2051094], [120.6044741, 15.2053045], [120.604355, 15.2055094], [120.6042356, 15.2057103], [120.604115, 15.2059079], [120.603994, 15.2061129], [120.6038688, 15.2063136], [120.6037373, 15.2065139], [120.603614, 15.2067315], [120.6034865, 15.2069364], [120.6033748, 15.2071314], [120.6032445, 15.2073365], [120.6031287, 15.2075379], [120.6031178, 15.2075569], [120.6030041, 15.2077347], [120.6029902, 15.2077564], [120.6029504, 15.2078127]]}, "properties": {"city": "angeles", "name": "Dolores Avenue", "highway": "residential", "v_posted": 40, "posted_imputed": false, "v_safe": 30, "gap": 10, "R": 3.16, "exposure": 0.015, "vru_150m": 0, "sss": 12.7, "recommended": 30, "fatal_reduction_pct": 68.4, "why": "local road, frontage/pedestrian mixing", "pop_density": 478.8, "pop_density_peak": 720.5, "v_design": 35, "design_gap": 5}}, {"type": "Feature", "geometry": {"type": "LineString", "coordinates": [[120.6043069, 15.1794297], [120.6044499, 15.1794065]]}, "properties": {"city": "angeles", "name": "Dau Access Road", "highway": "primary", "v_posted": 60, "posted_imputed": false, "v_safe": 50, "gap": 10, "R": 2.07, "exposure": 0.231, "vru_150m": 1, "sss": 15.4, "recommended": 50, "fatal_reduction_pct": 51.8, "why": "undivided arterial, side-impact intersections", "pop_density": 1238.7, "pop_density_peak": 1238.7, "v_design": 60, "design_gap": 10}}, {"type": "Feature", "geometry": {"type": "LineString", "coordinates": [[120.6047652, 15.179323], [120.6049878, 15.1792547], [120.6050578, 15.1792404], [120.6050929, 15.1792379], [120.6051295, 15.1792428], [120.6051457, 15.1792485], [120.6051588, 15.1792552]]}, "properties": {"city": "angeles", "name": "", "highway": "tertiary", "v_posted": 60, "posted_imputed": false, "v_safe": 50, "gap": 10, "R": 2.07, "exposure": 0.233, "vru_150m": 1, "sss": 15.4, "recommended": 50, "fatal_reduction_pct": 51.8, "why": "undivided arterial, side-impact intersections", "pop_density": 1344.4, "pop_density_peak": 1450.0, "v_design": 45, "design_gap": -5}}, {"type": "Feature", "geometry": {"type": "LineString", "coordinates": [[120.6036784, 15.1795237], [120.6043069, 15.1794297]]}, "properties": {"city": "angeles", "name": "Dau Access Road", "highway": "primary", "v_posted": 60, "posted_imputed": false, "v_safe": 50, "gap": 10, "R": 2.07, "exposure": 0.231, "vru_150m": 1, "sss": 15.4, "recommended": 50, "fatal_reduction_pct": 51.8, "why": "undivided arterial, side-impact intersections", "pop_density": 1253.4, "pop_density_peak": 1268.0, "v_design": 60, "design_gap": 10}}, {"type": "Feature", "geometry": {"type": "LineString", "coordinates": [[120.6047163, 15.1793335], [120.6047652, 15.179323]]}, "properties": {"city": "angeles", "name": "Dau Access Road", "highway": "primary", "v_posted": 60, "posted_imputed": false, "v_safe": 30, "gap": 30, "R": 16.0, "exposure": 0.231, "vru_150m": 1, "sss": 46.1, "recommended": 30, "fatal_reduction_pct": 93.8, "why": "pedestrian activity (1 VRU site<=50m)", "pop_density": 1238.7, "pop_density_peak": 1238.7, "v_design": 60, "design_gap": 30}}, {"type": "Feature", "geometry": {"type": "LineString", "coordinates": [[120.6044499, 15.1794065], [120.6045278, 15.1793708], [120.6047163, 15.1793335]]}, "properties": {"city": "angeles", "name": "Dau Access Road", "highway": "primary", "v_posted": 60, "posted_imputed": false, "v_safe": 30, "gap": 30, "R": 16.0, "exposure": 0.231, "vru_150m": 1, "sss": 46.1, "recommended": 30, "fatal_reduction_pct": 93.8, "why": "pedestrian activity (1 VRU site<=50m)", "pop_density": 1238.7, "pop_density_peak": 1238.7, "v_design": 60, "design_gap": 30}}, {"type": "Feature", "geometry": {"type": "LineString", "coordinates": [[120.6050087, 15.1793376], [120.604957, 15.1793439], [120.6048884, 15.1793626], [120.6048226, 15.1793769], [120.6047231, 15.179393]]}, "properties": {"city": "angeles", "name": "Dau Access Road", "highway": "primary", "v_posted": 60, "posted_imputed": false, "v_safe": 30, "gap": 30, "R": 16.0, "exposure": 0.233, "vru_150m": 1, "sss": 46.2, "recommended": 30, "fatal_reduction_pct": 93.8, "why": "pedestrian activity (1 VRU site<=50m)", "pop_density": 1344.4, "pop_density_peak": 1450.0, "v_design": 60, "design_gap": 30}}, {"type": "Feature", "geometry": {"type": "LineString", "coordinates": [[120.6047231, 15.179393], [120.6045352, 15.1794189], [120.6044499, 15.1794065]]}, "properties": {"city": "angeles", "name": "Dau Access Road", "highway": "primary", "v_posted": 60, "posted_imputed": false, "v_safe": 30, "gap": 30, "R": 16.0, "exposure": 0.231, "vru_150m": 1, "sss": 46.1, "recommended": 30, "fatal_reduction_pct": 93.8, "why": "pedestrian activity (1 VRU site<=50m)", "pop_density": 1238.7, "pop_density_peak": 1238.7, "v_design": 60, "design_gap": 30}}]}