{"type": "FeatureCollection", "features": [{"type": "Feature", "geometry": {"type": "LineString", "coordinates": [[124.6248752, 8.4575743], [124.6248304, 8.4574312], [124.6247405, 8.4571441], [124.624685, 8.4569667], [124.6246234, 8.4567701], [124.6245911, 8.456667], [124.6244647, 8.4562631], [124.6243741, 8.4559736], [124.6242802, 8.4556738], [124.6241627, 8.4552983], [124.6240912, 8.4550702], [124.6240318, 8.4548804], [124.6239866, 8.4547358], [124.6239449, 8.4546029], [124.6237945, 8.4541165], [124.6235776, 8.4534056], [124.6235146, 8.4531991], [124.6234312, 8.4528965], [124.6233788, 8.4526978], [124.6233616, 8.4526304], [124.623151, 8.4518042], [124.6230604, 8.4513638], [124.6230396, 8.4512755], [124.622998, 8.4511256], [124.6229373, 8.4508954], [124.6228746, 8.4506414], [124.6228196, 8.4503921], [124.6227935, 8.450274], [124.6227563, 8.4500826], [124.6227348, 8.4499723], [124.6227025, 8.4498062], [124.6226933, 8.449759], [124.6226833, 8.4497074], [124.6226761, 8.4496711], [124.6226609, 8.4495946], [124.6226393, 8.4495072], [124.6224844, 8.4488804], [124.6224046, 8.4485508], [124.6223482, 8.4483132], [124.6222748, 8.448035], [124.6222108, 8.4477807], [124.622195, 8.4477064], [124.6221303, 8.4474033], [124.6221043, 8.4473134], [124.6220157, 8.4469643], [124.6219486, 8.4466923], [124.621897, 8.4464761], [124.6217635, 8.4458619], [124.6217342, 8.4457325], [124.6217083, 8.4456185], [124.6216329, 8.4452866], [124.6216098, 8.4451852], [124.6215567, 8.4449516], [124.6215237, 8.4448064], [124.6215119, 8.4447544], [124.6215036, 8.4447178], [124.6214895, 8.4446559], [124.621451, 8.4444863], [124.6213974, 8.4442514], [124.6211976, 8.4433649], [124.6211736, 8.4432693], [124.6211309, 8.4430996], [124.6210098, 8.4426178], [124.6209723, 8.4424685], [124.6209445, 8.4423631], [124.6209209, 8.4422736], [124.6208623, 8.4420261], [124.6208375, 8.4419253], [124.6206661, 8.4411232], [124.6205593, 8.4406325], [124.620519, 8.4404621], [124.6202869, 8.439333], [124.6202242, 8.4390434], [124.620185, 8.438855], [124.6199369, 8.4379091], [124.6196634, 8.436739], [124.6195246, 8.4362137], [124.6193643, 8.4355889], [124.6192758, 8.4352307], [124.619194, 8.4349494], [124.619139, 8.4347915], [124.6190491, 8.4345972], [124.6189861, 8.4345256], [124.6189103, 8.4344573], [124.6187118, 8.4342583], [124.6185382, 8.4340991], [124.6183933, 8.4339658], [124.6178307, 8.4334396], [124.6176081, 8.4332315], [124.617224, 8.432904], [124.6171079, 8.4327971], [124.6170408, 8.43273], [124.616927, 8.4326217], [124.6168061, 8.4324919], [124.6167317, 8.4323911], [124.6166626, 8.432283], [124.6165895, 8.4321118], [124.6165352, 8.431885], [124.6165191, 8.4316906], [124.6165299, 8.4315653], [124.6165439, 8.4314751], [124.6165755, 8.4313431], [124.6166063, 8.4312303], [124.616672, 8.4310817], [124.6167411, 8.430967], [124.6168214, 8.430828], [124.616841, 8.430794], [124.6169378, 8.4306302], [124.6170697, 8.4304178], [124.6172038, 8.4302095], [124.6172896, 8.4300317], [124.6173325, 8.4298991], [124.6173419, 8.4298673], [124.6173727, 8.4296211], [124.6173567, 8.4294626], [124.617307, 8.4291807], [124.617242, 8.4288928], [124.6172024, 8.428662], [124.6171635, 8.4284935], [124.617125, 8.4283525], [124.6171072, 8.4282872], [124.6170881, 8.4282404], [124.6170254, 8.4280909], [124.6169295, 8.4279317], [124.616784, 8.427744], [124.6165708, 8.4274899], [124.6163578, 8.4272417], [124.6161939, 8.4270303], [124.6159914, 8.4267411], [124.6158311, 8.4265049], [124.6156367, 8.4261799], [124.6155301, 8.4259822], [124.6154597, 8.4258316], [124.6154121, 8.4257049], [124.6153085, 8.4254526], [124.6152388, 8.4252677], [124.614849, 8.4242166], [124.6146932, 8.4238144], [124.6141425, 8.4223927], [124.6140371, 8.4221203], [124.6138263, 8.421576], [124.6137494, 8.4213776], [124.6134457, 8.4205935], [124.6133632, 8.4203763], [124.6132824, 8.4201112], [124.6132066, 8.4198365], [124.6131771, 8.4196535], [124.6131697, 8.4194969], [124.6131805, 8.4193483], [124.6131901, 8.4192948], [124.6132563, 8.4189241], [124.6133628, 8.4184577], [124.6133977, 8.4182897], [124.6134098, 8.418092], [124.6133937, 8.4179063], [124.6133367, 8.417625], [124.6132525, 8.4172756], [124.6132281, 8.4171819], [124.6130754, 8.4166161], [124.612982, 8.4161949], [124.612738, 8.4151465], [124.6126655, 8.4148105], [124.6125311, 8.41419], [124.6124971, 8.414041], [124.6122732, 8.4131334], [124.6121652, 8.4125969], [124.6119911, 8.4118506], [124.6118911, 8.4113912], [124.6118541, 8.4111711], [124.6118442, 8.4109875], [124.6118805, 8.4107219], [124.6119104, 8.4106012], [124.6119811, 8.4104301], [124.6120884, 8.4102172], [124.6121813, 8.4100543], [124.6122284, 8.4099795], [124.6126634, 8.4092895], [124.6127572, 8.409075], [124.6127864, 8.4089134], [124.6127892, 8.4087953], [124.6127621, 8.4085408], [124.6127149, 8.4081901], [124.6126491, 8.4077714], [124.6125367, 8.4071504], [124.6124866, 8.406916], [124.6124162, 8.4065867], [124.6122015, 8.4060556], [124.6118134, 8.4053288], [124.611156, 8.404225], [124.6110578, 8.4040298], [124.6109931, 8.4037444], [124.6109859, 8.4034224], [124.6110563, 8.4020137], [124.6110414, 8.4010937]]}, "properties": {"city": "cdo", "name": "Masterson Avenue", "highway": "primary", "v_posted": 60, "posted_imputed": false, "v_safe": 50, "gap": 10, "R": 2.07, "exposure": 0.155, "vru_150m": 0, "sss": 14.4, "recommended": 50, "fatal_reduction_pct": 51.8, "why": "undivided arterial, side-impact intersections", "pop_density": 5003.6, "pop_density_peak": 10449.1, "v_design": 60, "design_gap": 10}}, {"type": "Feature", "geometry": {"type": "LineString", "coordinates": [[124.61333, 8.4564489], [124.6133092, 8.4564734], [124.6132819, 8.4564904], [124.6132506, 8.4564983], [124.6132084, 8.4564939], [124.6131715, 8.4564732], [124.6131459, 8.4564396], [124.6131359, 8.4563988], [124.6131403, 8.4563657], [124.613155, 8.4563357], [124.6131787, 8.4563119], [124.6132087, 8.4562967], [124.6132359, 8.456292], [124.6132633, 8.4562945], [124.6132892, 8.4563038], [124.6133117, 8.4563195], [124.6133291, 8.4563406], [124.6133406, 8.4563654], [124.613345, 8.4563923], [124.6133422, 8.4564194], [124.61333, 8.4564489]]}, "properties": {"city": "cdo", "name": "", "highway": "unclassified", "v_posted": 40, "posted_imputed": false, "v_safe": 30, "gap": 10, "R": 3.16, "exposure": 0.035, "vru_150m": 0, "sss": 12.9, "recommended": 30, "fatal_reduction_pct": 68.4, "why": "local road, frontage/pedestrian mixing", "pop_density": 1133.3, "pop_density_peak": 1133.3, "v_design": 40, "design_gap": 10}}, {"type": "Feature", "geometry": {"type": "LineString", "coordinates": [[124.610965, 8.4583716], [124.6112535, 8.4583485], [124.6113929, 8.4583238], [124.6115376, 8.4582796], [124.6116886, 8.458217], [124.61182, 8.4581457], [124.6119458, 8.4581064], [124.6120582, 8.4580552], [124.6120911, 8.4580389], [124.6122041, 8.4579831], [124.6123417, 8.4579076], [124.6126016, 8.4577615], [124.6126856, 8.4577079], [124.6128237, 8.457608], [124.6128868, 8.4575487], [124.6129474, 8.4574802], [124.6130124, 8.4573853], [124.6130698, 8.4573059], [124.6131241, 8.4572158], [124.6131989, 8.4570824], [124.6132285, 8.4570122], [124.6132459, 8.4569397], [124.6132599, 8.4567559], [124.6132639, 8.4566976], [124.6132585, 8.4566252], [124.6132506, 8.4564983]]}, "properties": {"city": "cdo", "name": "", "highway": "unclassified", "v_posted": 40, "posted_imputed": false, "v_safe": 30, "gap": 10, "R": 3.16, "exposure": 0.033, "vru_150m": 0, "sss": 12.9, "recommended": 30, "fatal_reduction_pct": 68.4, "why": "local road, frontage/pedestrian mixing", "pop_density": 1076.3, "pop_density_peak": 1401.0, "v_design": 35, "design_gap": 5}}, {"type": "Feature", "geometry": {"type": "LineString", "coordinates": [[124.6133422, 8.4564194], [124.6135307, 8.4564415], [124.613577, 8.4564384], [124.6136096, 8.4564278], [124.6136344, 8.4564046], [124.6136627, 8.4563775], [124.6136939, 8.4563073], [124.6137165, 8.4562265], [124.6137369, 8.4561025], [124.6137371, 8.4559694], [124.6137318, 8.4557585], [124.6137354, 8.4556759], [124.6137354, 8.4555342], [124.6137318, 8.4554457], [124.6137115, 8.4553773], [124.6136805, 8.4553147], [124.6136701, 8.4552458]]}, "properties": {"city": "cdo", "name": "", "highway": "unclassified", "v_posted": 40, "posted_imputed": false, "v_safe": 30, "gap": 10, "R": 3.16, "exposure": 0.032, "vru_150m": 0, "sss": 12.9, "recommended": 30, "fatal_reduction_pct": 68.4, "why": "local road, frontage/pedestrian mixing", "pop_density": 1034.3, "pop_density_peak": 1133.3, "v_design": 35, "design_gap": 5}}, {"type": "Feature", "geometry": {"type": "LineString", "coordinates": [[124.6192603, 8.4504847], [124.6192416, 8.4503947]]}, "properties": {"city": "cdo", "name": "", "highway": "residential", "v_posted": 40, "posted_imputed": false, "v_safe": 30, "gap": 10, "R": 3.16, "exposure": 0.037, "vru_150m": 0, "sss": 13.0, "recommended": 30, "fatal_reduction_pct": 68.4, "why": "local road, frontage/pedestrian mixing", "pop_density": 1203.5, "pop_density_peak": 1203.5, "v_design": 35, "design_gap": 5}}, {"type": "Feature", "geometry": {"type": "LineString", "coordinates": [[124.6398779, 8.4528422], [124.6396525, 8.4530219], [124.6394362, 8.453201], [124.6390148, 8.4535333], [124.6389944, 8.4535516], [124.6385649, 8.4538305], [124.6385196, 8.4538596], [124.6384566, 8.4538984], [124.63841, 8.4539396], [124.6383698, 8.453982], [124.6383164, 8.4540526], [124.6382021, 8.4542596], [124.6381512, 8.4543418], [124.6380868, 8.4544486], [124.6380377, 8.454548], [124.6379782, 8.4546821], [124.6379017, 8.4548937], [124.6377307, 8.4554249], [124.6377052, 8.4555456], [124.6376771, 8.4557479], [124.6376617, 8.4559071], [124.6376429, 8.4561108], [124.6376219, 8.4563886], [124.6376185, 8.4565164], [124.6376275, 8.4566889], [124.637738, 8.4573219], [124.6378107, 8.4577209], [124.637913, 8.4581893], [124.6380012, 8.458556], [124.6380532, 8.4587571], [124.6381681, 8.4591609], [124.6382454, 8.4593982], [124.63842, 8.4601105], [124.6384653, 8.4604783], [124.638474, 8.4605353], [124.6384841, 8.4606185], [124.6384928, 8.4606619], [124.6385031, 8.4607195], [124.6385173, 8.4607723], [124.6385414, 8.460822], [124.638609, 8.4609355], [124.6386839, 8.461062], [124.6387611, 8.4612169], [124.6389188, 8.4614821], [124.638959, 8.4615438], [124.6390161, 8.4616391], [124.6391246, 8.4618368], [124.6391987, 8.4619715], [124.639248, 8.4620589], [124.6393143, 8.4621765], [124.6393656, 8.4622675], [124.6394648, 8.4624435], [124.6395339, 8.4625689], [124.6396679, 8.4628342], [124.6397813, 8.4630922], [124.6397941, 8.4631191], [124.6398132, 8.4631594], [124.6398617, 8.4632713], [124.6398792, 8.4633164], [124.6399133, 8.4633847], [124.6399516, 8.4634915], [124.6400025, 8.463573], [124.640081, 8.4636427], [124.6402233, 8.463731], [124.6404068, 8.463931], [124.6404485, 8.4639876], [124.640486, 8.4640513], [124.6405746, 8.4641945], [124.6406217, 8.4643274], [124.640649, 8.464416], [124.6406751, 8.4645142], [124.6407507, 8.4648427], [124.640769, 8.4649009], [124.6407964, 8.4649785], [124.640808, 8.4650065], [124.640819, 8.4650313], [124.6409702, 8.4653214], [124.64105, 8.4655602], [124.6410774, 8.4656516], [124.6411343, 8.4657966], [124.6412023, 8.4659449], [124.6412176, 8.4659946], [124.6413266, 8.4663], [124.6414181, 8.4665955], [124.6414871, 8.4667891], [124.6416876, 8.4672727], [124.6417252, 8.4673675], [124.6418003, 8.4674762], [124.6418412, 8.4675313], [124.6418861, 8.4675651], [124.6419297, 8.4675817], [124.6419807, 8.4675989]]}, "properties": {"city": "cdo", "name": "", "highway": "unclassified", "v_posted": 40, "posted_imputed": false, "v_safe": 30, "gap": 10, "R": 3.16, "exposure": 0.116, "vru_150m": 0, "sss": 14.0, "recommended": 30, "fatal_reduction_pct": 68.4, "why": "local road, frontage/pedestrian mixing", "pop_density": 3760.3, "pop_density_peak": 9527.8, "v_design": 35, "design_gap": 5}}, {"type": "Feature", "geometry": {"type": "LineString", "coordinates": [[124.6414483, 8.4475771], [124.6409398, 8.4475097], [124.64083, 8.4475002], [124.6407415, 8.4474975], [124.6406677, 8.4475069], [124.6406101, 8.4475373]]}, "properties": {"city": "cdo", "name": "", "highway": "unclassified", "v_posted": 40, "posted_imputed": false, "v_safe": 30, "gap": 10, "R": 3.16, "exposure": 0.28, "vru_150m": 0, "sss": 16.0, "recommended": 30, "fatal_reduction_pct": 68.4, "why": "local road, frontage/pedestrian mixing", "pop_density": 9057.4, "pop_density_peak": 9387.4, "v_design": 40, "design_gap": 10}}, {"type": "Feature", "geometry": {"type": "LineString", "coordinates": [[124.6538816, 8.4619063], [124.6539272, 8.4618081], [124.6539728, 8.4617352], [124.6540466, 8.4616568], [124.6541576, 8.4615758], [124.6549793, 8.4610328], [124.6551087, 8.4609446], [124.6552046, 8.4608902], [124.6553247, 8.4608537], [124.6554246, 8.4608391], [124.6555406, 8.4608437], [124.6556599, 8.4608597], [124.6558209, 8.4608637], [124.6559631, 8.4608305], [124.6560972, 8.4607629], [124.6562179, 8.4606515], [124.6562836, 8.4605572], [124.6563278, 8.4604312], [124.6563506, 8.4603052], [124.6563533, 8.4601832], [124.6563399, 8.4600691], [124.6562514, 8.4593939], [124.6562433, 8.459248], [124.6562407, 8.4591113], [124.6562581, 8.458988], [124.6563156, 8.4588608], [124.6563876, 8.4587278], [124.6564686, 8.4586417], [124.6569849, 8.4581324], [124.657048, 8.4580673], [124.6571003, 8.4579865], [124.6571392, 8.457883], [124.6571553, 8.4577623], [124.6571539, 8.4576376], [124.6571459, 8.4574837], [124.6571352, 8.4572754], [124.6571163, 8.4570276], [124.6570003, 8.4562985]]}, "properties": {"city": "cdo", "name": "Eastern Diversion Road", "highway": "tertiary", "v_posted": 60, "posted_imputed": false, "v_safe": 50, "gap": 10, "R": 2.07, "exposure": 0.079, "vru_150m": 0, "sss": 13.5, "recommended": 50, "fatal_reduction_pct": 51.8, "why": "undivided arterial, side-impact intersections", "pop_density": 2564.5, "pop_density_peak": 5733.5, "v_design": 40, "design_gap": -10}}, {"type": "Feature", "geometry": {"type": "LineString", "coordinates": [[124.6406101, 8.4475373], [124.6405537, 8.447589], [124.6405068, 8.4476739], [124.6404666, 8.4477854], [124.6404263, 8.4479327], [124.64037, 8.4480772], [124.6403003, 8.4482245], [124.6402279, 8.4483585], [124.6401474, 8.448503], [124.6400307, 8.448706], [124.6399355, 8.4488864], [124.6398577, 8.4490642], [124.6397907, 8.4492366], [124.6396505, 8.4496485]]}, "properties": {"city": "cdo", "name": "", "highway": "unclassified", "v_posted": 40, "posted_imputed": false, "v_safe": 30, "gap": 10, "R": 3.16, "exposure": 0.241, "vru_150m": 0, "sss": 15.5, "recommended": 30, "fatal_reduction_pct": 68.4, "why": "local road, frontage/pedestrian mixing", "pop_density": 7804.3, "pop_density_peak": 9387.4, "v_design": 40, "design_gap": 10}}, {"type": "Feature", "geometry": {"type": "LineString", "coordinates": [[124.6396505, 8.4496485], [124.6395117, 8.4500565], [124.6394252, 8.4503131], [124.6393991, 8.4503669], [124.6393736, 8.45041], [124.6393448, 8.4504511], [124.639307, 8.4504977]]}, "properties": {"city": "cdo", "name": "", "highway": "unclassified", "v_posted": 40, "posted_imputed": false, "v_safe": 30, "gap": 10, "R": 3.16, "exposure": 0.202, "vru_150m": 0, "sss": 15.0, "recommended": 30, "fatal_reduction_pct": 68.4, "why": "local road, frontage/pedestrian mixing", "pop_density": 6526.1, "pop_density_peak": 7283.1, "v_design": 40, "design_gap": 10}}, {"type": "Feature", "geometry": {"type": "LineString", "coordinates": [[124.6344094, 8.4728946], [124.6342465, 8.4728856], [124.6340138, 8.4728777], [124.6338127, 8.4728856], [124.6335347, 8.4729265], [124.6332875, 8.4729802], [124.6331118, 8.4730388], [124.6329434, 8.4731274], [124.6326587, 8.4732902], [124.6323421, 8.4734755], [124.6316542, 8.4739203], [124.6313176, 8.4741484], [124.6311861, 8.4742214], [124.631113, 8.4742578], [124.6310433, 8.4742811], [124.63097, 8.474297], [124.6308854, 8.474303], [124.6307974, 8.4742918], [124.6307312, 8.4742717], [124.6306724, 8.4742333], [124.6306197, 8.4741725], [124.6305663, 8.4740883], [124.6303654, 8.4737253], [124.6303117, 8.4736285], [124.6302822, 8.4735409], [124.6302755, 8.4734428], [124.6302849, 8.4733645], [124.6303171, 8.473261], [124.6304029, 8.4730713], [124.630419, 8.4729971], [124.6304083, 8.4729294], [124.6303895, 8.4728551], [124.6303466, 8.4727835], [124.6302702, 8.4727039], [124.6300878, 8.4726018], [124.6298289, 8.4725023], [124.6297377, 8.4724678], [124.6296747, 8.4724439], [124.6296009, 8.4724054], [124.6295138, 8.4723404], [124.6294534, 8.4722755], [124.6293931, 8.4721945], [124.6291128, 8.4716353], [124.6289277, 8.4712899], [124.6288647, 8.4711559], [124.6288016, 8.470953], [124.6287628, 8.4707646], [124.6286676, 8.4701956], [124.6286514, 8.4701226], [124.6286286, 8.4700695], [124.6285911, 8.4699846], [124.6285212, 8.4698679], [124.6284605, 8.4697875], [124.6281888, 8.4694713], [124.627891, 8.4691715], [124.6277221, 8.469003], [124.627649, 8.4689333], [124.6275678, 8.4688558], [124.6273868, 8.4686767], [124.627195, 8.4684751], [124.6270448, 8.4682788], [124.6269912, 8.4681793], [124.6269093, 8.4680175], [124.6268614, 8.4679006], [124.6268168, 8.467792], [124.6267149, 8.4675068], [124.6264856, 8.4668992], [124.6263072, 8.4664336], [124.6262144, 8.4662604], [124.6261683, 8.4661743], [124.6260021, 8.4658693], [124.6258901, 8.4656749], [124.6257279, 8.4654169], [124.6254432, 8.464966], [124.6253507, 8.4648251], [124.6251605, 8.4645169], [124.6250828, 8.4643796], [124.6250465, 8.4643073], [124.6249915, 8.4641978], [124.6249178, 8.4640671], [124.6248696, 8.4639041], [124.6248601, 8.4637387], [124.6249245, 8.4634119], [124.624948, 8.4633218], [124.6249862, 8.4631758], [124.6250408, 8.4629924], [124.6252772, 8.462157], [124.6255202, 8.4613191], [124.6255524, 8.4612034], [124.6255958, 8.4610728], [124.6256085, 8.4610188], [124.6256527, 8.4607987], [124.6256716, 8.4606615], [124.6256769, 8.4606183], [124.6256782, 8.4604458], [124.6256715, 8.4603225], [124.6256221, 8.4599513], [124.6255791, 8.4598007], [124.6254368, 8.4593495], [124.6252792, 8.4588649], [124.625136, 8.4584075], [124.6250515, 8.4581376], [124.6249026, 8.4576618], [124.6248752, 8.4575743]]}, "properties": {"city": "cdo", "name": "Masterson Avenue", "highway": "primary", "v_posted": 60, "posted_imputed": false, "v_safe": 50, "gap": 10, "R": 2.07, "exposure": 0.708, "vru_150m": 2, "sss": 21.4, "recommended": 50, "fatal_reduction_pct": 51.8, "why": "undivided arterial, side-impact intersections", "pop_density": 16615.7, "pop_density_peak": 39660.6, "v_design": 55, "design_gap": 5}}, {"type": "Feature", "geometry": {"type": "LineString", "coordinates": [[124.6105799, 8.4579795], [124.6106077, 8.4580009], [124.6106272, 8.4580299], [124.6106364, 8.4580643], [124.6106339, 8.4580999], [124.6106199, 8.4581326], [124.6105958, 8.4581591], [124.6105634, 8.4581768], [124.610527, 8.4581828], [124.6104905, 8.4581765], [124.6104582, 8.4581585], [124.6104338, 8.458131], [124.6104202, 8.4580969], [124.6104188, 8.4580603], [124.610429, 8.4580269], [124.6104494, 8.4579985], [124.6104778, 8.4579779], [124.6105114, 8.4579673], [124.6105467, 8.4579679], [124.6105799, 8.4579795]]}, "properties": {"city": "cdo", "name": "", "highway": "unclassified", "v_posted": 40, "posted_imputed": false, "v_safe": 30, "gap": 10, "R": 3.16, "exposure": 0.041, "vru_150m": 0, "sss": 13.0, "recommended": 30, "fatal_reduction_pct": 68.4, "why": "local road, frontage/pedestrian mixing", "pop_density": 1319.5, "pop_density_peak": 1319.5, "v_design": 40, "design_gap": 10}}, {"type": "Feature", "geometry": {"type": "LineString", "coordinates": [[124.6108422, 8.4582345], [124.6107833, 8.4582418], [124.6107306, 8.4582184], [124.6106847, 8.4582028]]}, "properties": {"city": "cdo", "name": "", "highway": "unclassified", "v_posted": 40, "posted_imputed": false, "v_safe": 30, "gap": 10, "R": 3.16, "exposure": 0.041, "vru_150m": 0, "sss": 13.0, "recommended": 30, "fatal_reduction_pct": 68.4, "why": "local road, frontage/pedestrian mixing", "pop_density": 1319.5, "pop_density_peak": 1319.5, "v_design": 40, "design_gap": 10}}, {"type": "Feature", "geometry": {"type": "LineString", "coordinates": [[124.6107439, 8.4581485], [124.6107912, 8.458175], [124.6108208, 8.4581881], [124.6108422, 8.4582345]]}, "properties": {"city": "cdo", "name": "", "highway": "unclassified", "v_posted": 40, "posted_imputed": false, "v_safe": 30, "gap": 10, "R": 3.16, "exposure": 0.041, "vru_150m": 0, "sss": 13.0, "recommended": 30, "fatal_reduction_pct": 68.4, "why": "local road, frontage/pedestrian mixing", "pop_density": 1319.5, "pop_density_peak": 1319.5, "v_design": 40, "design_gap": 10}}, {"type": "Feature", "geometry": {"type": "LineString", "coordinates": [[124.610965, 8.4583716], [124.6109483, 8.458362], [124.6109238, 8.4583254], [124.6108831, 8.4582796], [124.6108422, 8.4582345]]}, "properties": {"city": "cdo", "name": "", "highway": "unclassified", "v_posted": 40, "posted_imputed": false, "v_safe": 30, "gap": 10, "R": 3.16, "exposure": 0.042, "vru_150m": 0, "sss": 13.0, "recommended": 30, "fatal_reduction_pct": 68.4, "why": "local road, frontage/pedestrian mixing", "pop_density": 1360.3, "pop_density_peak": 1401.0, "v_design": 40, "design_gap": 10}}, {"type": "Feature", "geometry": {"type": "LineString", "coordinates": [[124.6106339, 8.4580999], [124.6107439, 8.4581485]]}, "properties": {"city": "cdo", "name": "", "highway": "unclassified", "v_posted": 40, "posted_imputed": false, "v_safe": 30, "gap": 10, "R": 3.16, "exposure": 0.041, "vru_150m": 0, "sss": 13.0, "recommended": 30, "fatal_reduction_pct": 68.4, "why": "local road, frontage/pedestrian mixing", "pop_density": 1319.5, "pop_density_peak": 1319.5, "v_design": 40, "design_gap": 10}}, {"type": "Feature", "geometry": {"type": "LineString", "coordinates": [[124.6106847, 8.4582028], [124.6105958, 8.4581591]]}, "properties": {"city": "cdo", "name": "", "highway": "unclassified", "v_posted": 40, "posted_imputed": false, "v_safe": 30, "gap": 10, "R": 3.16, "exposure": 0.041, "vru_150m": 0, "sss": 13.0, "recommended": 30, "fatal_reduction_pct": 68.4, "why": "local road, frontage/pedestrian mixing", "pop_density": 1319.5, "pop_density_peak": 1319.5, "v_design": 40, "design_gap": 10}}, {"type": "Feature", "geometry": {"type": "LineString", "coordinates": [[124.6273265, 8.4921151], [124.6270519, 8.4926422], [124.6268036, 8.493119], [124.6267406, 8.4932412], [124.626565, 8.4935633], [124.6264255, 8.4938192], [124.6261072, 8.4943904], [124.6259332, 8.494737], [124.6257727, 8.4950472], [124.6255709, 8.4954214], [124.6253254, 8.4958672], [124.6252611, 8.4959907]]}, "properties": {"city": "cdo", "name": "Mayor P. N. Roa Street", "highway": "primary", "v_posted": 40, "posted_imputed": false, "v_safe": 30, "gap": 10, "R": 3.16, "exposure": 0.472, "vru_150m": 1, "sss": 18.4, "recommended": 30, "fatal_reduction_pct": 68.4, "why": "pedestrian activity (1 VRU site<=50m)", "pop_density": 10990.7, "pop_density_peak": 12980.8, "v_design": 60, "design_gap": 30}}, {"type": "Feature", "geometry": {"type": "LineString", "coordinates": [[124.6416764, 8.4756453], [124.6417463, 8.4758855], [124.6417624, 8.4759417], [124.6417839, 8.4760167]]}, "properties": {"city": "cdo", "name": "Gaston Circle", "highway": "tertiary", "v_posted": 40, "posted_imputed": false, "v_safe": 30, "gap": 10, "R": 3.16, "exposure": 1.0, "vru_150m": 8, "sss": 25.0, "recommended": 30, "fatal_reduction_pct": 68.4, "why": "pedestrian activity (1 VRU site<=50m)", "pop_density": 6312.8, "pop_density_peak": 7239.2, "v_design": 45, "design_gap": 15}}, {"type": "Feature", "geometry": {"type": "LineString", "coordinates": [[124.6416764, 8.4756453], [124.6417477, 8.4757518], [124.6417936, 8.4758017], [124.6418447, 8.475847], [124.6418921, 8.4758768], [124.6419689, 8.4759097], [124.6420664, 8.4759338], [124.6421736, 8.4759491]]}, "properties": {"city": "cdo", "name": "Gaston Circle", "highway": "tertiary", "v_posted": 40, "posted_imputed": false, "v_safe": 30, "gap": 10, "R": 3.16, "exposure": 1.0, "vru_150m": 8, "sss": 25.0, "recommended": 30, "fatal_reduction_pct": 68.4, "why": "pedestrian activity (3 VRU site<=50m)", "pop_density": 6312.8, "pop_density_peak": 7239.2, "v_design": 45, "design_gap": 15}}, {"type": "Feature", "geometry": {"type": "LineString", "coordinates": [[124.6478661, 8.486532], [124.6472579, 8.4866666]]}, "properties": {"city": "cdo", "name": "C. M. Recto Avenue", "highway": "trunk", "v_posted": 60, "posted_imputed": false, "v_safe": 30, "gap": 30, "R": 16.0, "exposure": 1.0, "vru_150m": 5, "sss": 75.0, "recommended": 30, "fatal_reduction_pct": 93.8, "why": "pedestrian activity (2 VRU site<=50m)", "pop_density": 27797.6, "pop_density_peak": 34158.1, "v_design": 70, "design_gap": 40}}, {"type": "Feature", "geometry": {"type": "LineString", "coordinates": [[124.6244373, 8.5044791], [124.624584, 8.5044507], [124.6248847, 8.5043701], [124.6251219, 8.5042955], [124.6252926, 8.504237], [124.6254418, 8.5041701], [124.6256751, 8.5040425], [124.6258573, 8.5039252], [124.6260176, 8.5038045], [124.6261994, 8.5036502], [124.6262565, 8.5035981], [124.6263301, 8.5035329], [124.6264142, 8.5034513], [124.6265132, 8.5033492], [124.626606, 8.5032479], [124.6267031, 8.5031295], [124.6268251, 8.5029556], [124.626953, 8.5027333], [124.6272594, 8.5021847], [124.627287, 8.5021355], [124.6276996, 8.501375], [124.628276, 8.5003127], [124.6292612, 8.4985418], [124.6295519, 8.4980058], [124.6300756, 8.49704], [124.6301784, 8.4968537], [124.6302934, 8.4966454], [124.6307405, 8.4958466], [124.6312087, 8.4949887], [124.6312672, 8.4948809], [124.6313871, 8.4946608], [124.631466, 8.4945099], [124.631812, 8.4938479], [124.6318827, 8.4937193], [124.6319824, 8.4935379], [124.6321816, 8.4931601]]}, "properties": {"city": "cdo", "name": "C. M. Recto Avenue", "highway": "trunk", "v_posted": 60, "posted_imputed": false, "v_safe": 50, "gap": 10, "R": 2.07, "exposure": 0.396, "vru_150m": 0, "sss": 17.5, "recommended": 50, "fatal_reduction_pct": 51.8, "why": "undivided arterial, side-impact intersections", "pop_density": 12810.7, "pop_density_peak": 15524.9, "v_design": 70, "design_gap": 20}}, {"type": "Feature", "geometry": {"type": "LineString", "coordinates": [[124.6395491, 8.4891103], [124.6394727, 8.4891351], [124.6391984, 8.4892243], [124.6391259, 8.4892478], [124.6380937, 8.4895833], [124.6374457, 8.4897877], [124.6369862, 8.4899327], [124.6355651, 8.4903866], [124.6351452, 8.4905505], [124.634834, 8.4906918], [124.6345065, 8.4908666], [124.6340901, 8.491121], [124.6337362, 8.4913981], [124.6336002, 8.4915021], [124.6334586, 8.4916353], [124.6333802, 8.491709], [124.6333188, 8.4917797], [124.6331978, 8.491908], [124.6329833, 8.4921547], [124.6327794, 8.4924226], [124.6327434, 8.4924759], [124.6325729, 8.4927277], [124.6323747, 8.4930838]]}, "properties": {"city": "cdo", "name": "C. M. Recto Avenue", "highway": "trunk", "v_posted": 60, "posted_imputed": false, "v_safe": 50, "gap": 10, "R": 2.07, "exposure": 0.412, "vru_150m": 0, "sss": 17.6, "recommended": 50, "fatal_reduction_pct": 51.8, "why": "undivided arterial, side-impact intersections", "pop_density": 13318.2, "pop_density_peak": 14421.0, "v_design": 70, "design_gap": 20}}, {"type": "Feature", "geometry": {"type": "LineString", "coordinates": [[124.6478661, 8.486532], [124.6487375, 8.4863392]]}, "properties": {"city": "cdo", "name": "C. M. Recto Avenue", "highway": "trunk", "v_posted": 60, "posted_imputed": false, "v_safe": 50, "gap": 10, "R": 2.07, "exposure": 1.0, "vru_150m": 7, "sss": 25.0, "recommended": 50, "fatal_reduction_pct": 51.8, "why": "undivided arterial, side-impact intersections", "pop_density": 38515.6, "pop_density_peak": 42873.1, "v_design": 70, "design_gap": 20}}, {"type": "Feature", "geometry": {"type": "LineString", "coordinates": [[124.6424147, 8.4759579], [124.6424782, 8.4759475], [124.6426037, 8.4759269], [124.6430813, 8.4758545], [124.6432071, 8.4758354]]}, "properties": {"city": "cdo", "name": "Justo Gaerlan Street", "highway": "secondary", "v_posted": 40, "posted_imputed": false, "v_safe": 30, "gap": 10, "R": 3.16, "exposure": 1.0, "vru_150m": 7, "sss": 25.0, "recommended": 30, "fatal_reduction_pct": 68.4, "why": "pedestrian activity (1 VRU site<=50m)", "pop_density": 5798.3, "pop_density_peak": 7239.2, "v_design": 50, "design_gap": 20}}, {"type": "Feature", "geometry": {"type": "LineString", "coordinates": [[124.642085, 8.4749051], [124.6419755, 8.4749255], [124.6419129, 8.4749522], [124.6418549, 8.474984], [124.6417962, 8.4750248], [124.6417411, 8.4750856], [124.641698, 8.4751332], [124.641654, 8.4752057], [124.6416295, 8.4752577], [124.6416176, 8.4752997], [124.641611, 8.4753453], [124.6416098, 8.4753591], [124.6416092, 8.4754346], [124.641613, 8.4755112]]}, "properties": {"city": "cdo", "name": "Gaston Circle", "highway": "tertiary", "v_posted": 40, "posted_imputed": false, "v_safe": 30, "gap": 10, "R": 3.16, "exposure": 1.0, "vru_150m": 5, "sss": 25.0, "recommended": 30, "fatal_reduction_pct": 68.4, "why": "pedestrian activity (1 VRU site<=50m)", "pop_density": 7013.9, "pop_density_peak": 8641.4, "v_design": 40, "design_gap": 10}}, {"type": "Feature", "geometry": {"type": "LineString", "coordinates": [[124.6417839, 8.4760167], [124.6418608, 8.4760032], [124.6419544, 8.4759868], [124.6421736, 8.4759491]]}, "properties": {"city": "cdo", "name": "Justo Gaerlan Street", "highway": "secondary", "v_posted": 40, "posted_imputed": false, "v_safe": 30, "gap": 10, "R": 3.16, "exposure": 1.0, "vru_150m": 8, "sss": 25.0, "recommended": 30, "fatal_reduction_pct": 68.4, "why": "pedestrian activity (4 VRU site<=50m)", "pop_density": 7239.2, "pop_density_peak": 7239.2, "v_design": 50, "design_gap": 20}}, {"type": "Feature", "geometry": {"type": "LineString", "coordinates": [[124.6424147, 8.4759579], [124.6422884, 8.4760016], [124.6418821, 8.4760705], [124.6418033, 8.476084]]}, "properties": {"city": "cdo", "name": "Justo Gaerlan Street", "highway": "secondary", "v_posted": 40, "posted_imputed": false, "v_safe": 30, "gap": 10, "R": 3.16, "exposure": 1.0, "vru_150m": 8, "sss": 25.0, "recommended": 30, "fatal_reduction_pct": 68.4, "why": "pedestrian activity (4 VRU site<=50m)", "pop_density": 7239.2, "pop_density_peak": 7239.2, "v_design": 50, "design_gap": 20}}, {"type": "Feature", "geometry": {"type": "LineString", "coordinates": [[124.6508702, 8.4770573], [124.6513901, 8.4769975], [124.6514972, 8.4769852], [124.6515707, 8.4769768], [124.6522493, 8.4768927]]}, "properties": {"city": "cdo", "name": "Mayor J. R. Borja Avenue", "highway": "primary", "v_posted": 40, "posted_imputed": false, "v_safe": 30, "gap": 10, "R": 3.16, "exposure": 0.256, "vru_150m": 1, "sss": 15.7, "recommended": 30, "fatal_reduction_pct": 68.4, "why": "pedestrian activity (1 VRU site<=50m)", "pop_density": 2258.0, "pop_density_peak": 3588.9, "v_design": 60, "design_gap": 30}}, {"type": "Feature", "geometry": {"type": "LineString", "coordinates": [[124.6495382, 8.4862276], [124.6493308, 8.4862079]]}, "properties": {"city": "cdo", "name": "C. M. Recto Avenue", "highway": "trunk", "v_posted": 60, "posted_imputed": false, "v_safe": 30, "gap": 30, "R": 16.0, "exposure": 1.0, "vru_150m": 3, "sss": 75.0, "recommended": 30, "fatal_reduction_pct": 93.8, "why": "pedestrian activity (1 VRU site<=50m)", "pop_density": 40072.0, "pop_density_peak": 40072.0, "v_design": 70, "design_gap": 40}}, {"type": "Feature", "geometry": {"type": "LineString", "coordinates": [[124.6505047, 8.4860126], [124.6503342, 8.4860472], [124.6495382, 8.4862276]]}, "properties": {"city": "cdo", "name": "C. M. Recto Avenue", "highway": "trunk", "v_posted": 60, "posted_imputed": false, "v_safe": 30, "gap": 30, "R": 16.0, "exposure": 1.0, "vru_150m": 6, "sss": 75.0, "recommended": 30, "fatal_reduction_pct": 93.8, "why": "pedestrian activity (1 VRU site<=50m)", "pop_density": 32994.5, "pop_density_peak": 40072.0, "v_design": 70, "design_gap": 40}}, {"type": "Feature", "geometry": {"type": "LineString", "coordinates": [[124.6378388, 8.4772899], [124.6378437, 8.4776128], [124.6378486, 8.4779388]]}, "properties": {"city": "cdo", "name": "Vamenta Boulevard", "highway": "primary", "v_posted": 40, "posted_imputed": false, "v_safe": 30, "gap": 10, "R": 3.16, "exposure": 0.924, "vru_150m": 3, "sss": 24.1, "recommended": 30, "fatal_reduction_pct": 68.4, "why": "pedestrian activity (1 VRU site<=50m)", "pop_density": 26216.0, "pop_density_peak": 27810.1, "v_design": 60, "design_gap": 30}}, {"type": "Feature", "geometry": {"type": "LineString", "coordinates": [[124.6504814, 8.4858928], [124.6506732, 8.4858524], [124.6518662, 8.4856011], [124.6520797, 8.4855562], [124.6535415, 8.4852483], [124.653626, 8.4852304]]}, "properties": {"city": "cdo", "name": "C. M. Recto Avenue", "highway": "trunk", "v_posted": 60, "posted_imputed": false, "v_safe": 50, "gap": 10, "R": 2.07, "exposure": 0.942, "vru_150m": 3, "sss": 24.3, "recommended": 50, "fatal_reduction_pct": 51.8, "why": "undivided arterial, side-impact intersections", "pop_density": 27691.9, "pop_density_peak": 29799.7, "v_design": 70, "design_gap": 20}}, {"type": "Feature", "geometry": {"type": "LineString", "coordinates": [[124.6553584, 8.4849661], [124.6551728, 8.4850065], [124.6542536, 8.4852065], [124.6537656, 8.4853126], [124.6536945, 8.4853281], [124.6536467, 8.4853385]]}, "properties": {"city": "cdo", "name": "C. M. Recto Avenue", "highway": "trunk", "v_posted": 60, "posted_imputed": false, "v_safe": 50, "gap": 10, "R": 2.07, "exposure": 0.893, "vru_150m": 0, "sss": 23.7, "recommended": 50, "fatal_reduction_pct": 51.8, "why": "undivided arterial, side-impact intersections", "pop_density": 28879.9, "pop_density_peak": 29983.8, "v_design": 70, "design_gap": 20}}, {"type": "Feature", "geometry": {"type": "LineString", "coordinates": [[124.6553854, 8.4848543], [124.6555718, 8.4848145]]}, "properties": {"city": "cdo", "name": "C. M. Recto Avenue", "highway": "trunk", "v_posted": 60, "posted_imputed": false, "v_safe": 50, "gap": 10, "R": 2.07, "exposure": 0.825, "vru_150m": 0, "sss": 22.8, "recommended": 50, "fatal_reduction_pct": 51.8, "why": "undivided arterial, side-impact intersections", "pop_density": 26672.0, "pop_density_peak": 26672.0, "v_design": 70, "design_gap": 20}}, {"type": "Feature", "geometry": {"type": "LineString", "coordinates": [[124.6555361, 8.4849275], [124.6553584, 8.4849661]]}, "properties": {"city": "cdo", "name": "C. M. Recto Avenue", "highway": "trunk", "v_posted": 60, "posted_imputed": false, "v_safe": 50, "gap": 10, "R": 2.07, "exposure": 0.825, "vru_150m": 0, "sss": 22.8, "recommended": 50, "fatal_reduction_pct": 51.8, "why": "undivided arterial, side-impact intersections", "pop_density": 26672.0, "pop_density_peak": 26672.0, "v_design": 70, "design_gap": 20}}, {"type": "Feature", "geometry": {"type": "LineString", "coordinates": [[124.6536467, 8.4853385], [124.6535662, 8.4853556], [124.652143, 8.485659], [124.6515253, 8.4857907], [124.6514297, 8.4858111], [124.6513626, 8.4858254], [124.6510562, 8.4858907], [124.6505951, 8.485995], [124.6505047, 8.4860126]]}, "properties": {"city": "cdo", "name": "C. M. Recto Avenue", "highway": "trunk", "v_posted": 60, "posted_imputed": false, "v_safe": 30, "gap": 30, "R": 16.0, "exposure": 0.945, "vru_150m": 3, "sss": 72.9, "recommended": 30, "fatal_reduction_pct": 93.8, "why": "pedestrian activity (3 VRU site<=50m)", "pop_density": 27904.4, "pop_density_peak": 29983.8, "v_design": 70, "design_gap": 40}}, {"type": "Feature", "geometry": {"type": "LineString", "coordinates": [[124.6584828, 8.484152], [124.6586692, 8.4841106], [124.6589854, 8.4840404], [124.6590978, 8.4840741]]}, "properties": {"city": "cdo", "name": "C. M. Recto Avenue", "highway": "trunk", "v_posted": 60, "posted_imputed": false, "v_safe": 50, "gap": 10, "R": 2.07, "exposure": 0.818, "vru_150m": 0, "sss": 22.7, "recommended": 50, "fatal_reduction_pct": 51.8, "why": "undivided arterial, side-impact intersections", "pop_density": 26473.7, "pop_density_peak": 26473.7, "v_design": 70, "design_gap": 20}}, {"type": "Feature", "geometry": {"type": "LineString", "coordinates": [[124.656982, 8.484592], [124.6565629, 8.4846886], [124.656458, 8.4847128], [124.656063, 8.4848039], [124.6555607, 8.4849217], [124.6555361, 8.4849275]]}, "properties": {"city": "cdo", "name": "C. M. Recto Avenue", "highway": "trunk", "v_posted": 60, "posted_imputed": false, "v_safe": 50, "gap": 10, "R": 2.07, "exposure": 0.869, "vru_150m": 1, "sss": 23.4, "recommended": 50, "fatal_reduction_pct": 51.8, "why": "undivided arterial, side-impact intersections", "pop_density": 27065.6, "pop_density_peak": 27852.9, "v_design": 70, "design_gap": 20}}, {"type": "Feature", "geometry": {"type": "LineString", "coordinates": [[124.657073, 8.484463], [124.6575912, 8.4843499], [124.6584828, 8.484152]]}, "properties": {"city": "cdo", "name": "C. M. Recto Avenue", "highway": "trunk", "v_posted": 60, "posted_imputed": false, "v_safe": 50, "gap": 10, "R": 2.07, "exposure": 0.872, "vru_150m": 1, "sss": 23.4, "recommended": 50, "fatal_reduction_pct": 51.8, "why": "undivided arterial, side-impact intersections", "pop_density": 27163.3, "pop_density_peak": 27852.9, "v_design": 70, "design_gap": 20}}, {"type": "Feature", "geometry": {"type": "LineString", "coordinates": [[124.6487375, 8.4863392], [124.6493308, 8.4862079]]}, "properties": {"city": "cdo", "name": "C. M. Recto Avenue", "highway": "trunk", "v_posted": 60, "posted_imputed": false, "v_safe": 30, "gap": 30, "R": 16.0, "exposure": 1.0, "vru_150m": 3, "sss": 75.0, "recommended": 30, "fatal_reduction_pct": 93.8, "why": "pedestrian activity (1 VRU site<=50m)", "pop_density": 41472.6, "pop_density_peak": 42873.1, "v_design": 70, "design_gap": 40}}, {"type": "Feature", "geometry": {"type": "LineString", "coordinates": [[124.657089, 8.4845673], [124.656982, 8.484592]]}, "properties": {"city": "cdo", "name": "C. M. Recto Avenue", "highway": "trunk", "v_posted": 60, "posted_imputed": false, "v_safe": 50, "gap": 10, "R": 2.07, "exposure": 0.889, "vru_150m": 1, "sss": 23.6, "recommended": 50, "fatal_reduction_pct": 51.8, "why": "undivided arterial, side-impact intersections", "pop_density": 27852.9, "pop_density_peak": 27852.9, "v_design": 70, "design_gap": 20}}, {"type": "Feature", "geometry": {"type": "LineString", "coordinates": [[124.6585087, 8.4842469], [124.6576139, 8.4844463], [124.657408, 8.4844938], [124.657089, 8.4845673]]}, "properties": {"city": "cdo", "name": "C. M. Recto Avenue", "highway": "trunk", "v_posted": 60, "posted_imputed": false, "v_safe": 50, "gap": 10, "R": 2.07, "exposure": 0.872, "vru_150m": 1, "sss": 23.4, "recommended": 50, "fatal_reduction_pct": 51.8, "why": "undivided arterial, side-impact intersections", "pop_density": 27163.3, "pop_density_peak": 27852.9, "v_design": 70, "design_gap": 20}}, {"type": "Feature", "geometry": {"type": "LineString", "coordinates": [[124.6430463, 8.4878074], [124.6429763, 8.4876178], [124.6428234, 8.4871166], [124.6427869, 8.4869151], [124.6426833, 8.4864327], [124.6426604, 8.4863097], [124.6426443, 8.4862218], [124.6425215, 8.4855004], [124.6424127, 8.4848578], [124.6423816, 8.4846709], [124.6422682, 8.4839675]]}, "properties": {"city": "cdo", "name": "Burgos Street", "highway": "residential", "v_posted": 40, "posted_imputed": false, "v_safe": 30, "gap": 10, "R": 3.16, "exposure": 1.0, "vru_150m": 0, "sss": 25.0, "recommended": 30, "fatal_reduction_pct": 68.4, "why": "local road, frontage/pedestrian mixing", "pop_density": 40518.0, "pop_density_peak": 53157.6, "v_design": 35, "design_gap": 5}}, {"type": "Feature", "geometry": {"type": "LineString", "coordinates": [[124.6404646, 8.4887494], [124.6430811, 8.487915], [124.6442775, 8.4875335]]}, "properties": {"city": "cdo", "name": "C. M. Recto Avenue", "highway": "trunk", "v_posted": 60, "posted_imputed": false, "v_safe": 50, "gap": 10, "R": 2.07, "exposure": 0.665, "vru_150m": 0, "sss": 20.8, "recommended": 50, "fatal_reduction_pct": 51.8, "why": "undivided arterial, side-impact intersections", "pop_density": 21503.6, "pop_density_peak": 23422.4, "v_design": 70, "design_gap": 20}}, {"type": "Feature", "geometry": {"type": "LineString", "coordinates": [[124.6495382, 8.4862276], [124.6494866, 8.4862393], [124.6493272, 8.4862755], [124.6482988, 8.4865089]]}, "properties": {"city": "cdo", "name": "C. M. Recto Avenue", "highway": "primary", "v_posted": 60, "posted_imputed": false, "v_safe": 30, "gap": 30, "R": 16.0, "exposure": 1.0, "vru_150m": 3, "sss": 75.0, "recommended": 30, "fatal_reduction_pct": 93.8, "why": "pedestrian activity (1 VRU site<=50m)", "pop_density": 37115.1, "pop_density_peak": 40072.0, "v_design": 60, "design_gap": 30}}, {"type": "Feature", "geometry": {"type": "LineString", "coordinates": [[124.6495074, 8.4861034], [124.6503035, 8.4859313], [124.6504814, 8.4858928]]}, "properties": {"city": "cdo", "name": "C. M. Recto Avenue", "highway": "trunk", "v_posted": 60, "posted_imputed": false, "v_safe": 30, "gap": 30, "R": 16.0, "exposure": 1.0, "vru_150m": 6, "sss": 75.0, "recommended": 30, "fatal_reduction_pct": 93.8, "why": "pedestrian activity (1 VRU site<=50m)", "pop_density": 32994.5, "pop_density_peak": 40072.0, "v_design": 70, "design_gap": 40}}, {"type": "Feature", "geometry": {"type": "LineString", "coordinates": [[124.6482198, 8.48638], [124.649047, 8.4862023], [124.6492907, 8.4861499], [124.6494672, 8.486112], [124.6495074, 8.4861034]]}, "properties": {"city": "cdo", "name": "C. M. Recto Avenue", "highway": "primary", "v_posted": 60, "posted_imputed": false, "v_safe": 30, "gap": 30, "R": 16.0, "exposure": 1.0, "vru_150m": 3, "sss": 75.0, "recommended": 30, "fatal_reduction_pct": 93.8, "why": "pedestrian activity (1 VRU site<=50m)", "pop_density": 37115.1, "pop_density_peak": 40072.0, "v_design": 60, "design_gap": 30}}, {"type": "Feature", "geometry": {"type": "LineString", "coordinates": [[124.6462932, 8.4831904], [124.646187, 8.4830161], [124.6461371, 8.4829349], [124.6461042, 8.4828805], [124.646049, 8.4827893], [124.6460339, 8.4827643], [124.6459735, 8.4826685], [124.6457145, 8.4822324], [124.6456136, 8.4820719], [124.645455, 8.4817741], [124.6452902, 8.4814411], [124.645277, 8.4814101], [124.6452635, 8.4813731], [124.6451057, 8.4808946], [124.6450342, 8.4806799]]}, "properties": {"city": "cdo", "name": "Don Apolinar Velez Street", "highway": "primary", "v_posted": 50, "posted_imputed": false, "v_safe": 30, "gap": 20, "R": 7.72, "exposure": 0.886, "vru_150m": 4, "sss": 47.2, "recommended": 30, "fatal_reduction_pct": 87.0, "why": "pedestrian activity (1 VRU site<=50m)", "pop_density": 13986.2, "pop_density_peak": 16422.4, "v_design": 60, "design_gap": 30}}, {"type": "Feature", "geometry": {"type": "LineString", "coordinates": [[124.6493308, 8.4862079], [124.6495074, 8.4861034]]}, "properties": {"city": "cdo", "name": "C. M. Recto Avenue", "highway": "trunk", "v_posted": 60, "posted_imputed": false, "v_safe": 30, "gap": 30, "R": 16.0, "exposure": 1.0, "vru_150m": 4, "sss": 75.0, "recommended": 30, "fatal_reduction_pct": 93.8, "why": "pedestrian activity (1 VRU site<=50m)", "pop_density": 40072.0, "pop_density_peak": 40072.0, "v_design": 70, "design_gap": 40}}, {"type": "Feature", "geometry": {"type": "LineString", "coordinates": [[124.6555718, 8.4848145], [124.6556325, 8.4848001], [124.6558317, 8.4847527], [124.656349, 8.484632], [124.6563997, 8.4846201], [124.6569655, 8.4844881]]}, "properties": {"city": "cdo", "name": "C. M. Recto Avenue", "highway": "trunk", "v_posted": 60, "posted_imputed": false, "v_safe": 50, "gap": 10, "R": 2.07, "exposure": 0.874, "vru_150m": 1, "sss": 23.4, "recommended": 50, "fatal_reduction_pct": 51.8, "why": "undivided arterial, side-impact intersections", "pop_density": 27262.4, "pop_density_peak": 27852.9, "v_design": 70, "design_gap": 20}}, {"type": "Feature", "geometry": {"type": "LineString", "coordinates": [[124.653626, 8.4852304], [124.6537418, 8.4852057], [124.6540385, 8.4851423], [124.6545606, 8.4850307], [124.654831, 8.4849729], [124.6551553, 8.4849035], [124.6553854, 8.4848543]]}, "properties": {"city": "cdo", "name": "C. M. Recto Avenue", "highway": "trunk", "v_posted": 60, "posted_imputed": false, "v_safe": 50, "gap": 10, "R": 2.07, "exposure": 0.833, "vru_150m": 0, "sss": 22.9, "recommended": 50, "fatal_reduction_pct": 51.8, "why": "undivided arterial, side-impact intersections", "pop_density": 26956.5, "pop_density_peak": 27525.5, "v_design": 70, "design_gap": 20}}, {"type": "Feature", "geometry": {"type": "LineString", "coordinates": [[124.6569655, 8.4844881], [124.657073, 8.484463]]}, "properties": {"city": "cdo", "name": "C. M. Recto Avenue", "highway": "trunk", "v_posted": 60, "posted_imputed": false, "v_safe": 50, "gap": 10, "R": 2.07, "exposure": 0.889, "vru_150m": 1, "sss": 23.6, "recommended": 50, "fatal_reduction_pct": 51.8, "why": "undivided arterial, side-impact intersections", "pop_density": 27852.9, "pop_density_peak": 27852.9, "v_design": 70, "design_gap": 20}}, {"type": "Feature", "geometry": {"type": "LineString", "coordinates": [[124.6385393, 8.4850815], [124.6386409, 8.4855218], [124.6386956, 8.4857586], [124.638706, 8.4858005], [124.6387302, 8.4858946], [124.6387983, 8.4861589], [124.6388487, 8.4863624], [124.6388614, 8.4864192], [124.6389624, 8.4868708], [124.6390634, 8.4872714], [124.6391916, 8.487629], [124.639216, 8.4876981], [124.6393269, 8.4879848], [124.6395336, 8.4885558], [124.6396316, 8.4888265]]}, "properties": {"city": "cdo", "name": "R. N. Pelaez Boulevard", "highway": "primary", "v_posted": 40, "posted_imputed": false, "v_safe": 30, "gap": 10, "R": 3.16, "exposure": 0.827, "vru_150m": 3, "sss": 22.8, "recommended": 30, "fatal_reduction_pct": 68.4, "why": "pedestrian activity (1 VRU site<=50m)", "pop_density": 18371.7, "pop_density_peak": 32885.1, "v_design": 60, "design_gap": 30}}, {"type": "Feature", "geometry": {"type": "LineString", "coordinates": [[124.642276, 8.4759326], [124.6423396, 8.4759074], [124.6423891, 8.4758803], [124.6424506, 8.4758315], [124.6424842, 8.475799], [124.6425109, 8.4757661], [124.6425423, 8.4757098], [124.6425677, 8.4756584], [124.6425928, 8.4755746]]}, "properties": {"city": "cdo", "name": "Gaston Circle", "highway": "tertiary", "v_posted": 40, "posted_imputed": false, "v_safe": 30, "gap": 10, "R": 3.16, "exposure": 1.0, "vru_150m": 6, "sss": 25.0, "recommended": 30, "fatal_reduction_pct": 68.4, "why": "pedestrian activity (1 VRU site<=50m)", "pop_density": 5798.3, "pop_density_peak": 7239.2, "v_design": 45, "design_gap": 15}}, {"type": "Feature", "geometry": {"type": "LineString", "coordinates": [[124.6590978, 8.4840741], [124.659009, 8.4841354], [124.6585087, 8.4842469]]}, "properties": {"city": "cdo", "name": "C. M. Recto Avenue", "highway": "trunk", "v_posted": 60, "posted_imputed": false, "v_safe": 50, "gap": 10, "R": 2.07, "exposure": 0.818, "vru_150m": 0, "sss": 22.7, "recommended": 50, "fatal_reduction_pct": 51.8, "why": "undivided arterial, side-impact intersections", "pop_density": 26473.7, "pop_density_peak": 26473.7, "v_design": 70, "design_gap": 20}}, {"type": "Feature", "geometry": {"type": "LineString", "coordinates": [[124.6482198, 8.48638], [124.6481358, 8.4862429]]}, "properties": {"city": "cdo", "name": "Don Apolinar Velez Street", "highway": "primary", "v_posted": 50, "posted_imputed": false, "v_safe": 30, "gap": 20, "R": 7.72, "exposure": 1.0, "vru_150m": 6, "sss": 50.0, "recommended": 30, "fatal_reduction_pct": 87.0, "why": "pedestrian activity (1 VRU site<=50m)", "pop_density": 34158.1, "pop_density_peak": 34158.1, "v_design": 60, "design_gap": 30}}, {"type": "Feature", "geometry": {"type": "LineString", "coordinates": [[124.6450342, 8.4806799], [124.6450035, 8.4805876], [124.6448927, 8.4802405]]}, "properties": {"city": "cdo", "name": "Don Apolinar Velez Street", "highway": "primary", "v_posted": 50, "posted_imputed": false, "v_safe": 30, "gap": 20, "R": 7.72, "exposure": 0.885, "vru_150m": 4, "sss": 47.1, "recommended": 30, "fatal_reduction_pct": 87.0, "why": "pedestrian activity (1 VRU site<=50m)", "pop_density": 13794.7, "pop_density_peak": 15538.2, "v_design": 60, "design_gap": 30}}, {"type": "Feature", "geometry": {"type": "LineString", "coordinates": [[124.6368796, 8.4729965], [124.6366839, 8.4730093]]}, "properties": {"city": "cdo", "name": "Masterson Avenue", "highway": "primary", "v_posted": 50, "posted_imputed": false, "v_safe": 30, "gap": 20, "R": 7.72, "exposure": 0.935, "vru_150m": 2, "sss": 48.4, "recommended": 30, "fatal_reduction_pct": 87.0, "why": "pedestrian activity (1 VRU site<=50m)", "pop_density": 28853.7, "pop_density_peak": 28877.3, "v_design": 60, "design_gap": 30}}, {"type": "Feature", "geometry": {"type": "LineString", "coordinates": [[124.6344094, 8.4728946], [124.6346374, 8.4729181]]}, "properties": {"city": "cdo", "name": "Masterson Avenue", "highway": "primary", "v_posted": 50, "posted_imputed": false, "v_safe": 30, "gap": 20, "R": 7.72, "exposure": 0.834, "vru_150m": 1, "sss": 45.9, "recommended": 30, "fatal_reduction_pct": 87.0, "why": "pedestrian activity (1 VRU site<=50m)", "pop_density": 25640.4, "pop_density_peak": 25640.4, "v_design": 60, "design_gap": 30}}, {"type": "Feature", "geometry": {"type": "LineString", "coordinates": [[124.637834, 8.4767352], [124.6378371, 8.4770903], [124.6378388, 8.4772899]]}, "properties": {"city": "cdo", "name": "Vamenta Boulevard", "highway": "primary", "v_posted": 40, "posted_imputed": false, "v_safe": 30, "gap": 10, "R": 3.16, "exposure": 0.935, "vru_150m": 2, "sss": 24.2, "recommended": 30, "fatal_reduction_pct": 68.4, "why": "pedestrian activity (2 VRU site<=50m)", "pop_density": 28819.1, "pop_density_peak": 29828.0, "v_design": 60, "design_gap": 30}}, {"type": "Feature", "geometry": {"type": "LineString", "coordinates": [[124.6415487, 8.4829965], [124.6415891, 8.4833818], [124.6416279, 8.4839734], [124.6416569, 8.4843293], [124.6416964, 8.4846724], [124.6417285, 8.484955], [124.6417661, 8.4853688], [124.6418184, 8.4858622], [124.6418533, 8.4861554], [124.6418895, 8.4863411], [124.6420001, 8.4868146], [124.6420544, 8.4870268], [124.6421175, 8.4872523], [124.6421778, 8.487434]]}, "properties": {"city": "cdo", "name": "Rio de Oro Boulevard", "highway": "secondary", "v_posted": 60, "posted_imputed": false, "v_safe": 50, "gap": 10, "R": 2.07, "exposure": 1.0, "vru_150m": 0, "sss": 25.0, "recommended": 50, "fatal_reduction_pct": 51.8, "why": "undivided arterial, side-impact intersections", "pop_density": 44279.9, "pop_density_peak": 59935.6, "v_design": 50, "design_gap": 0}}, {"type": "Feature", "geometry": {"type": "LineString", "coordinates": [[124.6429704, 8.4887804], [124.6432158, 8.489112], [124.6433619, 8.4892996], [124.6434935, 8.4894687], [124.644086, 8.4902076], [124.6444429, 8.4906254], [124.6447192, 8.4909145], [124.6452731, 8.4914517], [124.6456631, 8.4918129], [124.6458404, 8.491977], [124.646067, 8.4921786], [124.6463618, 8.4924021], [124.6468529, 8.4927424], [124.6474081, 8.4930859], [124.64819, 8.4935342], [124.6491784, 8.4940806], [124.6499281, 8.4944852], [124.6507853, 8.4949911], [124.6509393, 8.4950662], [124.6510895, 8.4951245], [124.6512692, 8.4951762], [124.6514476, 8.4952061], [124.6516178, 8.4952227], [124.6517372, 8.4952281], [124.6521063, 8.4952448]]}, "properties": {"city": "cdo", "name": "Rio de Oro Boulevard", "highway": "secondary", "v_posted": 60, "posted_imputed": false, "v_safe": 50, "gap": 10, "R": 2.07, "exposure": 0.602, "vru_150m": 0, "sss": 20.0, "recommended": 50, "fatal_reduction_pct": 51.8, "why": "undivided arterial, side-impact intersections", "pop_density": 19485.0, "pop_density_peak": 26879.1, "v_design": 50, "design_gap": 0}}, {"type": "Feature", "geometry": {"type": "LineString", "coordinates": [[124.6507846, 8.4771207], [124.6501371, 8.4772796], [124.6500735, 8.4772953]]}, "properties": {"city": "cdo", "name": "Mayor J. R. Borja Avenue", "highway": "primary", "v_posted": 40, "posted_imputed": false, "v_safe": 30, "gap": 10, "R": 3.16, "exposure": 0.219, "vru_150m": 1, "sss": 15.2, "recommended": 30, "fatal_reduction_pct": 68.4, "why": "pedestrian activity (1 VRU site<=50m)", "pop_density": 748.2, "pop_density_peak": 748.2, "v_design": 60, "design_gap": 30}}, {"type": "Feature", "geometry": {"type": "LineString", "coordinates": [[124.6500643, 8.4771823], [124.6501192, 8.47717], [124.6507707, 8.4770113]]}, "properties": {"city": "cdo", "name": "Mayor J. R. Borja Avenue", "highway": "primary", "v_posted": 40, "posted_imputed": false, "v_safe": 30, "gap": 10, "R": 3.16, "exposure": 0.219, "vru_150m": 1, "sss": 15.2, "recommended": 30, "fatal_reduction_pct": 68.4, "why": "pedestrian activity (1 VRU site<=50m)", "pop_density": 748.2, "pop_density_peak": 748.2, "v_design": 60, "design_gap": 30}}, {"type": "Feature", "geometry": {"type": "LineString", "coordinates": [[124.6397548, 8.4889711], [124.6398575, 8.488939]]}, "properties": {"city": "cdo", "name": "C. M. Recto Avenue", "highway": "trunk", "v_posted": 60, "posted_imputed": false, "v_safe": 50, "gap": 10, "R": 2.07, "exposure": 1.0, "vru_150m": 5, "sss": 25.0, "recommended": 50, "fatal_reduction_pct": 51.8, "why": "undivided arterial, side-impact intersections", "pop_density": 13367.1, "pop_density_peak": 13367.1, "v_design": 70, "design_gap": 20}}, {"type": "Feature", "geometry": {"type": "LineString", "coordinates": [[124.6322562, 8.4930209], [124.6324414, 8.4926935], [124.6326014, 8.4924553], [124.6327459, 8.4922641], [124.633007, 8.4919511], [124.6330993, 8.4918535], [124.6333413, 8.4915977], [124.6336655, 8.4913081], [124.6339267, 8.4910912], [124.6342723, 8.4908572], [124.6347567, 8.4905782], [124.6350781, 8.4904257], [124.6355121, 8.4902631], [124.6369443, 8.489807], [124.6380484, 8.4894472], [124.638804, 8.4892009]]}, "properties": {"city": "cdo", "name": "C. M. Recto Avenue", "highway": "trunk", "v_posted": 60, "posted_imputed": false, "v_safe": 50, "gap": 10, "R": 2.07, "exposure": 0.402, "vru_150m": 0, "sss": 17.5, "recommended": 50, "fatal_reduction_pct": 51.8, "why": "undivided arterial, side-impact intersections", "pop_density": 13003.8, "pop_density_peak": 14623.9, "v_design": 70, "design_gap": 20}}, {"type": "Feature", "geometry": {"type": "LineString", "coordinates": [[124.6322993, 8.4932226], [124.6313716, 8.4949311], [124.6310599, 8.4955059], [124.6309023, 8.4957964], [124.630877, 8.4958419], [124.63087, 8.4958545], [124.6308458, 8.495898], [124.630786, 8.4960053], [124.6307307, 8.4961045], [124.6306277, 8.4962893], [124.6305329, 8.4964594], [124.6304003, 8.4966974], [124.630284, 8.4969086], [124.6301341, 8.4971944], [124.6299255, 8.4975811], [124.6299021, 8.4976243], [124.6297757, 8.4978624], [124.6296705, 8.4980525], [124.6290452, 8.4991828], [124.628803, 8.4996131], [124.628386, 8.5003716], [124.6277649, 8.5015201], [124.6275769, 8.5018689], [124.6274645, 8.5020797], [124.6273761, 8.5022467], [124.6271873, 8.5026017], [124.6270742, 8.502799], [124.6269703, 8.5029761], [124.6269253, 8.5030463], [124.6267889, 8.5032355], [124.6266602, 8.5033862], [124.6265143, 8.5035426], [124.6262858, 8.5037458], [124.626207, 8.50381], [124.6261436, 8.5038613], [124.6259103, 8.5040205], [124.6255642, 8.5042248], [124.625337, 8.5043393]]}, "properties": {"city": "cdo", "name": "C. M. Recto Avenue", "highway": "trunk", "v_posted": 60, "posted_imputed": false, "v_safe": 50, "gap": 10, "R": 2.07, "exposure": 0.407, "vru_150m": 0, "sss": 17.6, "recommended": 50, "fatal_reduction_pct": 51.8, "why": "undivided arterial, side-impact intersections", "pop_density": 13162.8, "pop_density_peak": 16331.1, "v_design": 70, "design_gap": 20}}, {"type": "Feature", "geometry": {"type": "LineString", "coordinates": [[124.6321816, 8.4931601], [124.6322562, 8.4930209]]}, "properties": {"city": "cdo", "name": "C. M. Recto Avenue", "highway": "trunk", "v_posted": 60, "posted_imputed": false, "v_safe": 50, "gap": 10, "R": 2.07, "exposure": 0.419, "vru_150m": 0, "sss": 17.7, "recommended": 50, "fatal_reduction_pct": 51.8, "why": "undivided arterial, side-impact intersections", "pop_density": 13553.2, "pop_density_peak": 13553.2, "v_design": 70, "design_gap": 20}}, {"type": "Feature", "geometry": {"type": "LineString", "coordinates": [[124.6472769, 8.486741], [124.6471231, 8.4866964]]}, "properties": {"city": "cdo", "name": "C. M. Recto Avenue", "highway": "primary", "v_posted": 60, "posted_imputed": false, "v_safe": 30, "gap": 30, "R": 16.0, "exposure": 1.0, "vru_150m": 5, "sss": 75.0, "recommended": 30, "fatal_reduction_pct": 93.8, "why": "pedestrian activity (1 VRU site<=50m)", "pop_density": 21437.1, "pop_density_peak": 21437.1, "v_design": 60, "design_gap": 30}}, {"type": "Feature", "geometry": {"type": "LineString", "coordinates": [[124.6471231, 8.4866964], [124.6472384, 8.4865904]]}, "properties": {"city": "cdo", "name": "C. M. Recto Avenue", "highway": "primary", "v_posted": 60, "posted_imputed": false, "v_safe": 30, "gap": 30, "R": 16.0, "exposure": 1.0, "vru_150m": 5, "sss": 75.0, "recommended": 30, "fatal_reduction_pct": 93.8, "why": "pedestrian activity (2 VRU site<=50m)", "pop_density": 21437.1, "pop_density_peak": 21437.1, "v_design": 60, "design_gap": 30}}, {"type": "Feature", "geometry": {"type": "LineString", "coordinates": [[124.6471231, 8.4866964], [124.6470044, 8.4867236]]}, "properties": {"city": "cdo", "name": "C. M. Recto Avenue", "highway": "trunk", "v_posted": 60, "posted_imputed": false, "v_safe": 50, "gap": 10, "R": 2.07, "exposure": 1.0, "vru_150m": 5, "sss": 25.0, "recommended": 50, "fatal_reduction_pct": 51.8, "why": "undivided arterial, side-impact intersections", "pop_density": 21437.1, "pop_density_peak": 21437.1, "v_design": 70, "design_gap": 20}}, {"type": "Feature", "geometry": {"type": "LineString", "coordinates": [[124.6445451, 8.4790771], [124.6453839, 8.478831]]}, "properties": {"city": "cdo", "name": "Mayor J. R. Borja Avenue", "highway": "primary", "v_posted": 40, "posted_imputed": false, "v_safe": 30, "gap": 10, "R": 3.16, "exposure": 0.842, "vru_150m": 4, "sss": 23.0, "recommended": 30, "fatal_reduction_pct": 68.4, "why": "pedestrian activity (1 VRU site<=50m)", "pop_density": 6750.6, "pop_density_peak": 7495.8, "v_design": 60, "design_gap": 30}}, {"type": "Feature", "geometry": {"type": "LineString", "coordinates": [[124.6442775, 8.4875335], [124.6455145, 8.487129], [124.6455671, 8.4871132], [124.646132, 8.4869441], [124.6464727, 8.4868498], [124.646755, 8.4867814], [124.6470044, 8.4867236]]}, "properties": {"city": "cdo", "name": "C. M. Recto Avenue", "highway": "trunk", "v_posted": 60, "posted_imputed": false, "v_safe": 50, "gap": 10, "R": 2.07, "exposure": 0.802, "vru_150m": 2, "sss": 22.5, "recommended": 50, "fatal_reduction_pct": 51.8, "why": "undivided arterial, side-impact intersections", "pop_density": 21653.9, "pop_density_peak": 23325.3, "v_design": 70, "design_gap": 20}}, {"type": "Feature", "geometry": {"type": "LineString", "coordinates": [[124.6472579, 8.4866666], [124.6471231, 8.4866964]]}, "properties": {"city": "cdo", "name": "C. M. Recto Avenue", "highway": "trunk", "v_posted": 60, "posted_imputed": false, "v_safe": 30, "gap": 30, "R": 16.0, "exposure": 1.0, "vru_150m": 5, "sss": 75.0, "recommended": 30, "fatal_reduction_pct": 93.8, "why": "pedestrian activity (1 VRU site<=50m)", "pop_density": 21437.1, "pop_density_peak": 21437.1, "v_design": 70, "design_gap": 40}}, {"type": "Feature", "geometry": {"type": "LineString", "coordinates": [[124.6398575, 8.488939], [124.6404646, 8.4887494]]}, "properties": {"city": "cdo", "name": "C. M. Recto Avenue", "highway": "trunk", "v_posted": 60, "posted_imputed": false, "v_safe": 50, "gap": 10, "R": 2.07, "exposure": 0.896, "vru_150m": 4, "sss": 23.7, "recommended": 50, "fatal_reduction_pct": 51.8, "why": "undivided arterial, side-impact intersections", "pop_density": 15565.1, "pop_density_peak": 17763.0, "v_design": 70, "design_gap": 20}}, {"type": "Feature", "geometry": {"type": "LineString", "coordinates": [[124.6390767, 8.4891119], [124.6391697, 8.489108], [124.6395126, 8.4890003], [124.6396744, 8.4889455]]}, "properties": {"city": "cdo", "name": "C. M. Recto Avenue", "highway": "trunk", "v_posted": 60, "posted_imputed": false, "v_safe": 30, "gap": 30, "R": 16.0, "exposure": 1.0, "vru_150m": 5, "sss": 75.0, "recommended": 30, "fatal_reduction_pct": 93.8, "why": "pedestrian activity (1 VRU site<=50m)", "pop_density": 13211.8, "pop_density_peak": 13367.1, "v_design": 70, "design_gap": 40}}, {"type": "Feature", "geometry": {"type": "LineString", "coordinates": [[124.639714, 8.4890568], [124.6395913, 8.4890966], [124.6395491, 8.4891103]]}, "properties": {"city": "cdo", "name": "C. M. Recto Avenue", "highway": "trunk", "v_posted": 60, "posted_imputed": false, "v_safe": 30, "gap": 30, "R": 16.0, "exposure": 1.0, "vru_150m": 5, "sss": 75.0, "recommended": 30, "fatal_reduction_pct": 93.8, "why": "pedestrian activity (1 VRU site<=50m)", "pop_density": 13367.1, "pop_density_peak": 13367.1, "v_design": 70, "design_gap": 40}}, {"type": "Feature", "geometry": {"type": "LineString", "coordinates": [[124.6397548, 8.4889711], [124.639714, 8.4890568]]}, "properties": {"city": "cdo", "name": "C. M. Recto Avenue", "highway": "trunk", "v_posted": 60, "posted_imputed": false, "v_safe": 50, "gap": 10, "R": 2.07, "exposure": 1.0, "vru_150m": 5, "sss": 25.0, "recommended": 50, "fatal_reduction_pct": 51.8, "why": "undivided arterial, side-impact intersections", "pop_density": 13367.1, "pop_density_peak": 13367.1, "v_design": 70, "design_gap": 20}}, {"type": "Feature", "geometry": {"type": "LineString", "coordinates": [[124.6396744, 8.4889455], [124.6397548, 8.4889711]]}, "properties": {"city": "cdo", "name": "C. M. Recto Avenue", "highway": "trunk", "v_posted": 60, "posted_imputed": false, "v_safe": 50, "gap": 10, "R": 2.07, "exposure": 1.0, "vru_150m": 5, "sss": 25.0, "recommended": 50, "fatal_reduction_pct": 51.8, "why": "undivided arterial, side-impact intersections", "pop_density": 13367.1, "pop_density_peak": 13367.1, "v_design": 70, "design_gap": 20}}, {"type": "Feature", "geometry": {"type": "LineString", "coordinates": [[124.6472384, 8.4865904], [124.6476213, 8.4865082], [124.6478982, 8.4864488], [124.6480032, 8.4864262], [124.6482198, 8.48638]]}, "properties": {"city": "cdo", "name": "C. M. Recto Avenue", "highway": "primary", "v_posted": 60, "posted_imputed": false, "v_safe": 30, "gap": 30, "R": 16.0, "exposure": 1.0, "vru_150m": 6, "sss": 75.0, "recommended": 30, "fatal_reduction_pct": 93.8, "why": "pedestrian activity (2 VRU site<=50m)", "pop_density": 27797.6, "pop_density_peak": 34158.1, "v_design": 60, "design_gap": 30}}, {"type": "Feature", "geometry": {"type": "LineString", "coordinates": [[124.6482988, 8.4865089], [124.6480714, 8.4865606], [124.6472769, 8.486741]]}, "properties": {"city": "cdo", "name": "C. M. Recto Avenue", "highway": "primary", "v_posted": 60, "posted_imputed": false, "v_safe": 50, "gap": 10, "R": 2.07, "exposure": 1.0, "vru_150m": 5, "sss": 25.0, "recommended": 50, "fatal_reduction_pct": 51.8, "why": "undivided arterial, side-impact intersections", "pop_density": 27797.6, "pop_density_peak": 34158.1, "v_design": 60, "design_gap": 10}}, {"type": "Feature", "geometry": {"type": "LineString", "coordinates": [[124.6379942, 8.4765608], [124.6378327, 8.4765772], [124.6376662, 8.4765909]]}, "properties": {"city": "cdo", "name": "J. V. Seri\u00f1a Street", "highway": "secondary", "v_posted": 40, "posted_imputed": false, "v_safe": 30, "gap": 10, "R": 3.16, "exposure": 0.953, "vru_150m": 2, "sss": 24.4, "recommended": 30, "fatal_reduction_pct": 68.4, "why": "pedestrian activity (1 VRU site<=50m)", "pop_density": 29828.0, "pop_density_peak": 29828.0, "v_design": 50, "design_gap": 20}}, {"type": "Feature", "geometry": {"type": "LineString", "coordinates": [[124.6417161, 8.4760287], [124.6417839, 8.4760167]]}, "properties": {"city": "cdo", "name": "", "highway": "secondary", "v_posted": 40, "posted_imputed": false, "v_safe": 30, "gap": 10, "R": 3.16, "exposure": 1.0, "vru_150m": 8, "sss": 25.0, "recommended": 30, "fatal_reduction_pct": 68.4, "why": "pedestrian activity (3 VRU site<=50m)", "pop_density": 7239.2, "pop_density_peak": 7239.2, "v_design": 50, "design_gap": 20}}, {"type": "Feature", "geometry": {"type": "LineString", "coordinates": [[124.6418033, 8.476084], [124.641737, 8.4760971]]}, "properties": {"city": "cdo", "name": "", "highway": "secondary", "v_posted": 40, "posted_imputed": false, "v_safe": 30, "gap": 10, "R": 3.16, "exposure": 1.0, "vru_150m": 8, "sss": 25.0, "recommended": 30, "fatal_reduction_pct": 68.4, "why": "pedestrian activity (3 VRU site<=50m)", "pop_density": 7239.2, "pop_density_peak": 7239.2, "v_design": 50, "design_gap": 20}}, {"type": "Feature", "geometry": {"type": "LineString", "coordinates": [[124.6416939, 8.480068], [124.6416103, 8.480089]]}, "properties": {"city": "cdo", "name": "Rio de Oro Boulevard", "highway": "secondary", "v_posted": 60, "posted_imputed": false, "v_safe": 50, "gap": 10, "R": 2.07, "exposure": 0.263, "vru_150m": 0, "sss": 15.8, "recommended": 50, "fatal_reduction_pct": 51.8, "why": "undivided arterial, side-impact intersections", "pop_density": 8508.7, "pop_density_peak": 8508.7, "v_design": 50, "design_gap": 0}}, {"type": "Feature", "geometry": {"type": "LineString", "coordinates": [[124.642455, 8.4879935], [124.6425714, 8.4882027]]}, "properties": {"city": "cdo", "name": "Rio de Oro Boulevard", "highway": "secondary", "v_posted": 60, "posted_imputed": false, "v_safe": 50, "gap": 10, "R": 2.07, "exposure": 0.787, "vru_150m": 0, "sss": 22.3, "recommended": 50, "fatal_reduction_pct": 51.8, "why": "undivided arterial, side-impact intersections", "pop_density": 25450.1, "pop_density_peak": 27477.7, "v_design": 50, "design_gap": 0}}, {"type": "Feature", "geometry": {"type": "LineString", "coordinates": [[124.6421736, 8.4759491], [124.642276, 8.4759326]]}, "properties": {"city": "cdo", "name": "Justo Gaerlan Street", "highway": "secondary", "v_posted": 40, "posted_imputed": false, "v_safe": 30, "gap": 10, "R": 3.16, "exposure": 1.0, "vru_150m": 8, "sss": 25.0, "recommended": 30, "fatal_reduction_pct": 68.4, "why": "pedestrian activity (3 VRU site<=50m)", "pop_density": 7239.2, "pop_density_peak": 7239.2, "v_design": 50, "design_gap": 20}}, {"type": "Feature", "geometry": {"type": "LineString", "coordinates": [[124.642276, 8.4759326], [124.6424147, 8.4759579]]}, "properties": {"city": "cdo", "name": "Justo Gaerlan Street", "highway": "secondary", "v_posted": 40, "posted_imputed": false, "v_safe": 30, "gap": 10, "R": 3.16, "exposure": 1.0, "vru_150m": 8, "sss": 25.0, "recommended": 30, "fatal_reduction_pct": 68.4, "why": "pedestrian activity (3 VRU site<=50m)", "pop_density": 7239.2, "pop_density_peak": 7239.2, "v_design": 50, "design_gap": 20}}, {"type": "Feature", "geometry": {"type": "LineString", "coordinates": [[124.6446547, 8.4794774], [124.6445451, 8.4790771]]}, "properties": {"city": "cdo", "name": "Don Apolinar Velez Street", "highway": "primary", "v_posted": 50, "posted_imputed": false, "v_safe": 30, "gap": 20, "R": 7.72, "exposure": 0.712, "vru_150m": 3, "sss": 42.8, "recommended": 30, "fatal_reduction_pct": 87.0, "why": "pedestrian activity (2 VRU site<=50m)", "pop_density": 9028.3, "pop_density_peak": 12051.2, "v_design": 60, "design_gap": 30}}, {"type": "Feature", "geometry": {"type": "LineString", "coordinates": [[124.6453839, 8.478831], [124.646436, 8.4785202]]}, "properties": {"city": "cdo", "name": "Mayor J. R. Borja Avenue", "highway": "primary", "v_posted": 40, "posted_imputed": false, "v_safe": 30, "gap": 10, "R": 3.16, "exposure": 0.539, "vru_150m": 2, "sss": 19.2, "recommended": 30, "fatal_reduction_pct": 68.4, "why": "pedestrian activity (1 VRU site<=50m)", "pop_density": 7517.7, "pop_density_peak": 7539.6, "v_design": 60, "design_gap": 30}}, {"type": "Feature", "geometry": {"type": "LineString", "coordinates": [[124.6528369, 8.4635127], [124.652967, 8.4634172], [124.6530958, 8.4633456], [124.6532741, 8.4632673], [124.6534015, 8.4632268], [124.6535356, 8.4631877], [124.6536362, 8.4631492]]}, "properties": {"city": "cdo", "name": "Eastern Diversion Road", "highway": "tertiary", "v_posted": 60, "posted_imputed": false, "v_safe": 50, "gap": 10, "R": 2.07, "exposure": 0.26, "vru_150m": 0, "sss": 15.7, "recommended": 50, "fatal_reduction_pct": 51.8, "why": "undivided arterial, side-impact intersections", "pop_density": 8405.8, "pop_density_peak": 8796.9, "v_design": 45, "design_gap": -5}}, {"type": "Feature", "geometry": {"type": "LineString", "coordinates": [[124.6536362, 8.4631492], [124.6536992, 8.4631061], [124.6537542, 8.4630464], [124.6537837, 8.4629847], [124.6538025, 8.4629078], [124.6538146, 8.462807], [124.6538132, 8.4625576], [124.6538186, 8.4622684], [124.6538253, 8.462153], [124.6538495, 8.4620137], [124.6538816, 8.4619063]]}, "properties": {"city": "cdo", "name": "Eastern Diversion Road", "highway": "tertiary", "v_posted": 60, "posted_imputed": false, "v_safe": 50, "gap": 10, "R": 2.07, "exposure": 0.205, "vru_150m": 0, "sss": 15.1, "recommended": 50, "fatal_reduction_pct": 51.8, "why": "undivided arterial, side-impact intersections", "pop_density": 6623.1, "pop_density_peak": 8796.9, "v_design": 45, "design_gap": -5}}, {"type": "Feature", "geometry": {"type": "LineString", "coordinates": [[124.6390767, 8.4891119], [124.6391496, 8.4890483], [124.6392536, 8.4890134], [124.6394906, 8.488934]]}, "properties": {"city": "cdo", "name": "", "highway": "trunk_link", "v_posted": 40, "posted_imputed": false, "v_safe": 30, "gap": 10, "R": 3.16, "exposure": 1.0, "vru_150m": 5, "sss": 25.0, "recommended": 30, "fatal_reduction_pct": 68.4, "why": "pedestrian activity (1 VRU site<=50m)", "pop_density": 13211.8, "pop_density_peak": 13367.1, "v_design": 55, "design_gap": 25}}, {"type": "Feature", "geometry": {"type": "LineString", "coordinates": [[124.638804, 8.4892009], [124.6389971, 8.4891379], [124.6390767, 8.4891119]]}, "properties": {"city": "cdo", "name": "C. M. Recto Avenue", "highway": "trunk", "v_posted": 60, "posted_imputed": false, "v_safe": 30, "gap": 30, "R": 16.0, "exposure": 0.881, "vru_150m": 4, "sss": 70.5, "recommended": 30, "fatal_reduction_pct": 93.8, "why": "pedestrian activity (1 VRU site<=50m)", "pop_density": 13056.4, "pop_density_peak": 13056.5, "v_design": 70, "design_gap": 40}}, {"type": "Feature", "geometry": {"type": "LineString", "coordinates": [[124.6323747, 8.4930838], [124.6322993, 8.4932226]]}, "properties": {"city": "cdo", "name": "C. M. Recto Avenue", "highway": "trunk", "v_posted": 60, "posted_imputed": false, "v_safe": 50, "gap": 10, "R": 2.07, "exposure": 0.419, "vru_150m": 0, "sss": 17.7, "recommended": 50, "fatal_reduction_pct": 51.8, "why": "undivided arterial, side-impact intersections", "pop_density": 13553.2, "pop_density_peak": 13553.2, "v_design": 70, "design_gap": 20}}, {"type": "Feature", "geometry": {"type": "LineString", "coordinates": [[124.6421778, 8.487434], [124.6422543, 8.4876052], [124.6424005, 8.4878956], [124.642455, 8.4879935]]}, "properties": {"city": "cdo", "name": "Rio de Oro Boulevard", "highway": "secondary", "v_posted": 60, "posted_imputed": false, "v_safe": 50, "gap": 10, "R": 2.07, "exposure": 0.949, "vru_150m": 0, "sss": 24.4, "recommended": 50, "fatal_reduction_pct": 51.8, "why": "undivided arterial, side-impact intersections", "pop_density": 30693.1, "pop_density_peak": 33908.5, "v_design": 50, "design_gap": 0}}, {"type": "Feature", "geometry": {"type": "LineString", "coordinates": [[124.6425714, 8.4882027], [124.6426306, 8.4882934], [124.6427786, 8.4885204], [124.6429704, 8.4887804]]}, "properties": {"city": "cdo", "name": "Rio de Oro Boulevard", "highway": "secondary", "v_posted": 60, "posted_imputed": false, "v_safe": 50, "gap": 10, "R": 2.07, "exposure": 0.763, "vru_150m": 0, "sss": 22.0, "recommended": 50, "fatal_reduction_pct": 51.8, "why": "undivided arterial, side-impact intersections", "pop_density": 24668.1, "pop_density_peak": 25913.7, "v_design": 50, "design_gap": 0}}, {"type": "Feature", "geometry": {"type": "LineString", "coordinates": [[124.6416103, 8.480089], [124.641526, 8.4801155], [124.6414462, 8.4801533], [124.6413758, 8.4802077], [124.6413269, 8.4802632], [124.6412819, 8.4803337], [124.6412437, 8.4804079], [124.6412156, 8.4804895], [124.6411995, 8.4805751], [124.6411901, 8.4806467], [124.641182, 8.4807336], [124.6411847, 8.4808696], [124.6411995, 8.4810486], [124.641235, 8.4813656], [124.6412685, 8.48157], [124.6413423, 8.4819632], [124.6414038, 8.4822684], [124.6414911, 8.4826787], [124.641522, 8.4828327], [124.6415349, 8.4829117], [124.6415487, 8.4829965]]}, "properties": {"city": "cdo", "name": "Rio de Oro Boulevard", "highway": "secondary", "v_posted": 60, "posted_imputed": false, "v_safe": 50, "gap": 10, "R": 2.07, "exposure": 0.769, "vru_150m": 0, "sss": 22.1, "recommended": 50, "fatal_reduction_pct": 51.8, "why": "undivided arterial, side-impact intersections", "pop_density": 24871.8, "pop_density_peak": 38395.4, "v_design": 50, "design_gap": 0}}, {"type": "Feature", "geometry": {"type": "LineString", "coordinates": [[124.6481358, 8.4862429], [124.6480402, 8.4860896], [124.6477093, 8.4855589], [124.6476249, 8.4854236], [124.6476041, 8.4853902], [124.6475848, 8.4853593], [124.6473713, 8.485017], [124.6473314, 8.4849529], [124.6471864, 8.4846759], [124.6470265, 8.4844146], [124.6469929, 8.4843596]]}, "properties": {"city": "cdo", "name": "Don Apolinar Velez Street", "highway": "primary", "v_posted": 50, "posted_imputed": false, "v_safe": 30, "gap": 20, "R": 7.72, "exposure": 1.0, "vru_150m": 5, "sss": 50.0, "recommended": 30, "fatal_reduction_pct": 87.0, "why": "pedestrian activity (2 VRU site<=50m)", "pop_density": 20241.5, "pop_density_peak": 34158.1, "v_design": 60, "design_gap": 30}}, {"type": "Feature", "geometry": {"type": "LineString", "coordinates": [[124.6378313, 8.4764161], [124.6378327, 8.4765772], [124.637834, 8.4767352]]}, "properties": {"city": "cdo", "name": "Vamenta Boulevard", "highway": "primary", "v_posted": 40, "posted_imputed": false, "v_safe": 30, "gap": 10, "R": 3.16, "exposure": 0.953, "vru_150m": 2, "sss": 24.4, "recommended": 30, "fatal_reduction_pct": 68.4, "why": "pedestrian activity (1 VRU site<=50m)", "pop_density": 29828.0, "pop_density_peak": 29828.0, "v_design": 60, "design_gap": 30}}, {"type": "Feature", "geometry": {"type": "LineString", "coordinates": [[124.6469929, 8.4843596], [124.6466415, 8.4837587], [124.646602, 8.4836915], [124.6462932, 8.4831904]]}, "properties": {"city": "cdo", "name": "Don Apolinar Velez Street", "highway": "primary", "v_posted": 50, "posted_imputed": false, "v_safe": 30, "gap": 20, "R": 7.72, "exposure": 0.75, "vru_150m": 3, "sss": 43.7, "recommended": 30, "fatal_reduction_pct": 87.0, "why": "pedestrian activity (1 VRU site<=50m)", "pop_density": 12110.9, "pop_density_peak": 14223.8, "v_design": 60, "design_gap": 30}}, {"type": "Feature", "geometry": {"type": "LineString", "coordinates": [[124.6422341, 8.4838527], [124.6421348, 8.4828945]]}, "properties": {"city": "cdo", "name": "Burgos Street", "highway": "residential", "v_posted": 40, "posted_imputed": false, "v_safe": 30, "gap": 10, "R": 3.16, "exposure": 1.0, "vru_150m": 1, "sss": 25.0, "recommended": 30, "fatal_reduction_pct": 68.4, "why": "pedestrian activity (1 VRU site<=50m)", "pop_density": 44173.3, "pop_density_peak": 49979.3, "v_design": 35, "design_gap": 5}}, {"type": "Feature", "geometry": {"type": "LineString", "coordinates": [[124.6908144, 8.474848], [124.6900868, 8.4748275]]}, "properties": {"city": "cdo", "name": "C. M. Recto Avenue", "highway": "trunk", "v_posted": 60, "posted_imputed": false, "v_safe": 50, "gap": 10, "R": 2.07, "exposure": 0.376, "vru_150m": 0, "sss": 17.2, "recommended": 50, "fatal_reduction_pct": 51.8, "why": "undivided arterial, side-impact intersections", "pop_density": 12147.6, "pop_density_peak": 12147.6, "v_design": 70, "design_gap": 20}}, {"type": "Feature", "geometry": {"type": "LineString", "coordinates": [[124.6900868, 8.4748275], [124.6898003, 8.4748229], [124.6887276, 8.4747705], [124.6885827, 8.4747672], [124.6881992, 8.4747566], [124.6874813, 8.4747208], [124.687357, 8.4747042], [124.6872007, 8.4746492]]}, "properties": {"city": "cdo", "name": "C. M. Recto Avenue", "highway": "trunk", "v_posted": 60, "posted_imputed": false, "v_safe": 50, "gap": 10, "R": 2.07, "exposure": 0.444, "vru_150m": 0, "sss": 18.0, "recommended": 50, "fatal_reduction_pct": 51.8, "why": "undivided arterial, side-impact intersections", "pop_density": 14348.3, "pop_density_peak": 15559.2, "v_design": 70, "design_gap": 20}}, {"type": "Feature", "geometry": {"type": "LineString", "coordinates": [[124.6685335, 8.4816251], [124.6684354, 8.4816574], [124.6683374, 8.4816896], [124.6682857, 8.4817066], [124.6669914, 8.4821057], [124.6669339, 8.4821248], [124.6668957, 8.4821375], [124.6668191, 8.4821588], [124.6653291, 8.4825456], [124.665271, 8.4825625], [124.6651503, 8.482598], [124.6645073, 8.4827753], [124.663975, 8.4829187], [124.6639513, 8.4829243], [124.6635324, 8.483024], [124.66346, 8.4830389], [124.6628125, 8.4831939], [124.6618905, 8.4834146], [124.6617612, 8.4834454], [124.6616442, 8.4834732], [124.6615057, 8.4835062], [124.6609435, 8.4836399], [124.6607818, 8.4836783], [124.660745, 8.4836871], [124.6605145, 8.483742], [124.6600373, 8.4838555], [124.6599711, 8.4838735], [124.6597661, 8.4839197], [124.6595543, 8.4839698], [124.6591683, 8.4840583], [124.6590978, 8.4840741]]}, "properties": {"city": "cdo", "name": "C. M. Recto Avenue", "highway": "trunk", "v_posted": 60, "posted_imputed": false, "v_safe": 50, "gap": 10, "R": 2.07, "exposure": 0.605, "vru_150m": 0, "sss": 20.1, "recommended": 50, "fatal_reduction_pct": 51.8, "why": "undivided arterial, side-impact intersections", "pop_density": 19573.8, "pop_density_peak": 26473.7, "v_design": 70, "design_gap": 20}}, {"type": "Feature", "geometry": {"type": "LineString", "coordinates": [[124.669641, 8.4812065], [124.6694146, 8.4813065]]}, "properties": {"city": "cdo", "name": "C. M. Recto Avenue", "highway": "trunk", "v_posted": 60, "posted_imputed": false, "v_safe": 50, "gap": 10, "R": 2.07, "exposure": 0.669, "vru_150m": 0, "sss": 20.9, "recommended": 50, "fatal_reduction_pct": 51.8, "why": "undivided arterial, side-impact intersections", "pop_density": 21634.6, "pop_density_peak": 21634.6, "v_design": 70, "design_gap": 20}}, {"type": "Feature", "geometry": {"type": "LineString", "coordinates": [[124.6769035, 8.4773021], [124.6767284, 8.4773997], [124.6764413, 8.4775598], [124.6762627, 8.4776583], [124.6754718, 8.4781005], [124.6753934, 8.4781443], [124.6751476, 8.4782864], [124.6748559, 8.4784477], [124.6732435, 8.4793655], [124.6729547, 8.4795173], [124.6729071, 8.4795423], [124.6724344, 8.4797909], [124.6723258, 8.4798472], [124.6723, 8.4798605], [124.6721084, 8.4799597], [124.6718963, 8.4800695], [124.6717882, 8.4801234], [124.671673, 8.4801852], [124.6715477, 8.4802501], [124.671279, 8.4803869], [124.6707126, 8.4806753], [124.6706039, 8.4807307], [124.670491, 8.4807881]]}, "properties": {"city": "cdo", "name": "C. M. Recto Avenue", "highway": "trunk", "v_posted": 60, "posted_imputed": false, "v_safe": 50, "gap": 10, "R": 2.07, "exposure": 0.689, "vru_150m": 1, "sss": 21.1, "recommended": 50, "fatal_reduction_pct": 51.8, "why": "undivided arterial, side-impact intersections", "pop_density": 19756.7, "pop_density_peak": 25165.9, "v_design": 70, "design_gap": 20}}, {"type": "Feature", "geometry": {"type": "LineString", "coordinates": [[124.7061161, 8.4700794], [124.7056629, 8.4699676], [124.7052424, 8.4698659], [124.7051845, 8.4698514], [124.705097, 8.4698308], [124.7048061, 8.4697631], [124.7045834, 8.4697154], [124.7043903, 8.4696835], [124.7041932, 8.4696623], [124.7040242, 8.469653], [124.7037372, 8.4696464], [124.7034152, 8.4696659], [124.7032404, 8.4696925], [124.7031341, 8.4697114], [124.7030107, 8.469737], [124.7028595, 8.4697684], [124.7027042, 8.4698183], [124.7025435, 8.4698765], [124.702465, 8.4699064], [124.7023811, 8.4699425], [124.7022942, 8.469984], [124.7020957, 8.4700845], [124.701872, 8.4701977], [124.7017832, 8.47024], [124.7013895, 8.4704237], [124.701, 8.4706054], [124.7008666, 8.4706698], [124.7006272, 8.4707878], [124.7003683, 8.4709211], [124.6999586, 8.4711101], [124.6997856, 8.471195], [124.6992626, 8.4714398], [124.6990487, 8.4715459], [124.6988627, 8.4716346], [124.6985508, 8.4717833], [124.698366, 8.4718745], [124.698124, 8.471977], [124.6979785, 8.4720407], [124.6979303, 8.4720619], [124.6978685, 8.4720937], [124.6977483, 8.4721519], [124.6975992, 8.4722242], [124.6970518, 8.4724983], [124.6968982, 8.472563], [124.6966857, 8.4726612], [124.6964966, 8.4727523], [124.6961603, 8.4729154], [124.6958347, 8.4730733], [124.6955281, 8.4732194], [124.6953898, 8.4732853], [124.6952648, 8.4733449], [124.6951174, 8.473412], [124.6948947, 8.4735141], [124.6947672, 8.4735807], [124.6943502, 8.4737878], [124.6942764, 8.4738241], [124.6940137, 8.473947], [124.6938378, 8.4740357], [124.693563, 8.4741579], [124.6933944, 8.4742366], [124.6932249, 8.474315], [124.6929209, 8.4744671], [124.6927362, 8.4745473], [124.6925899, 8.4746214], [124.6924266, 8.4746849], [124.6922612, 8.4747492], [124.6921297, 8.4747755], [124.6919905, 8.4747984], [124.6918058, 8.4748047]]}, "properties": {"city": "cdo", "name": "C. M. Recto Avenue", "highway": "trunk", "v_posted": 60, "posted_imputed": false, "v_safe": 50, "gap": 10, "R": 2.07, "exposure": 0.203, "vru_150m": 0, "sss": 15.0, "recommended": 50, "fatal_reduction_pct": 51.8, "why": "undivided arterial, side-impact intersections", "pop_density": 6556.2, "pop_density_peak": 13365.3, "v_design": 70, "design_gap": 20}}, {"type": "Feature", "geometry": {"type": "LineString", "coordinates": [[124.6872007, 8.4746492], [124.6870874, 8.4746399], [124.6864718, 8.4745742], [124.6862928, 8.4745487], [124.6859818, 8.4745045], [124.6859598, 8.4745014], [124.6858891, 8.474492], [124.6857249, 8.4744698], [124.6854144, 8.474423], [124.6849644, 8.4743414], [124.68454, 8.4742758], [124.6842107, 8.4742227], [124.6838942, 8.4741803], [124.6838054, 8.4741737], [124.6835844, 8.4741663], [124.6833538, 8.4741577], [124.6831526, 8.4741628], [124.6830621, 8.4741696], [124.6829447, 8.4741842], [124.6828566, 8.4741974], [124.6827567, 8.474214], [124.6826054, 8.4742423]]}, "properties": {"city": "cdo", "name": "C. M. Recto Avenue", "highway": "trunk", "v_posted": 60, "posted_imputed": false, "v_safe": 50, "gap": 10, "R": 2.07, "exposure": 0.465, "vru_150m": 0, "sss": 18.3, "recommended": 50, "fatal_reduction_pct": 51.8, "why": "undivided arterial, side-impact intersections", "pop_density": 15051.7, "pop_density_peak": 16269.6, "v_design": 70, "design_gap": 20}}, {"type": "Feature", "geometry": {"type": "LineString", "coordinates": [[124.6908162, 8.4747706], [124.691167, 8.4747851], [124.6913173, 8.4747938], [124.6918058, 8.4748047]]}, "properties": {"city": "cdo", "name": "C. M. Recto Avenue", "highway": "trunk", "v_posted": 60, "posted_imputed": false, "v_safe": 50, "gap": 10, "R": 2.07, "exposure": 0.333, "vru_150m": 0, "sss": 16.7, "recommended": 50, "fatal_reduction_pct": 51.8, "why": "undivided arterial, side-impact intersections", "pop_density": 10769.5, "pop_density_peak": 12147.6, "v_design": 70, "design_gap": 20}}, {"type": "Feature", "geometry": {"type": "LineString", "coordinates": [[124.6900889, 8.4747414], [124.6908162, 8.4747706]]}, "properties": {"city": "cdo", "name": "C. M. Recto Avenue", "highway": "trunk", "v_posted": 60, "posted_imputed": false, "v_safe": 50, "gap": 10, "R": 2.07, "exposure": 0.376, "vru_150m": 0, "sss": 17.2, "recommended": 50, "fatal_reduction_pct": 51.8, "why": "undivided arterial, side-impact intersections", "pop_density": 12147.6, "pop_density_peak": 12147.6, "v_design": 70, "design_gap": 20}}, {"type": "Feature", "geometry": {"type": "LineString", "coordinates": [[124.6918058, 8.4748047], [124.6916185, 8.4748297], [124.6913205, 8.4748694], [124.6911369, 8.4748594], [124.6908144, 8.474848]]}, "properties": {"city": "cdo", "name": "C. M. Recto Avenue", "highway": "trunk", "v_posted": 60, "posted_imputed": false, "v_safe": 50, "gap": 10, "R": 2.07, "exposure": 0.333, "vru_150m": 0, "sss": 16.7, "recommended": 50, "fatal_reduction_pct": 51.8, "why": "undivided arterial, side-impact intersections", "pop_density": 10769.5, "pop_density_peak": 12147.6, "v_design": 70, "design_gap": 20}}, {"type": "Feature", "geometry": {"type": "LineString", "coordinates": [[124.6872007, 8.4746492], [124.6873663, 8.4746173], [124.68858, 8.4746657], [124.6894115, 8.4747055], [124.6898018, 8.4747243], [124.6900889, 8.4747414]]}, "properties": {"city": "cdo", "name": "C. M. Recto Avenue", "highway": "trunk", "v_posted": 60, "posted_imputed": false, "v_safe": 50, "gap": 10, "R": 2.07, "exposure": 0.444, "vru_150m": 0, "sss": 18.0, "recommended": 50, "fatal_reduction_pct": 51.8, "why": "undivided arterial, side-impact intersections", "pop_density": 14348.3, "pop_density_peak": 15559.2, "v_design": 70, "design_gap": 20}}, {"type": "Feature", "geometry": {"type": "LineString", "coordinates": [[124.6808704, 8.4779744], [124.6807146, 8.4779902]]}, "properties": {"city": "cdo", "name": "East Coastal Road", "highway": "primary", "v_posted": 60, "posted_imputed": false, "v_safe": 50, "gap": 10, "R": 2.07, "exposure": 0.452, "vru_150m": 0, "sss": 18.1, "recommended": 50, "fatal_reduction_pct": 51.8, "why": "undivided arterial, side-impact intersections", "pop_density": 14614.8, "pop_density_peak": 15451.9, "v_design": 60, "design_gap": 10}}, {"type": "Feature", "geometry": {"type": "LineString", "coordinates": [[124.6765752, 8.4788743], [124.6764311, 8.4789709]]}, "properties": {"city": "cdo", "name": "East Coastal Road", "highway": "primary", "v_posted": 60, "posted_imputed": false, "v_safe": 50, "gap": 10, "R": 2.07, "exposure": 0.409, "vru_150m": 0, "sss": 17.6, "recommended": 50, "fatal_reduction_pct": 51.8, "why": "undivided arterial, side-impact intersections", "pop_density": 13218.2, "pop_density_peak": 13218.2, "v_design": 60, "design_gap": 10}}, {"type": "Feature", "geometry": {"type": "LineString", "coordinates": [[124.6812862, 8.4745289], [124.6811243, 8.4746079], [124.6809988, 8.4746792], [124.6806124, 8.47492], [124.6805782, 8.4749438], [124.6799507, 8.4753792], [124.6796858, 8.4755623], [124.6795974, 8.4756233], [124.6795243, 8.4756722], [124.6794186, 8.4757462], [124.6793304, 8.4758073], [124.6792724, 8.475847], [124.67874, 8.4762117], [124.6784979, 8.4763699], [124.6781529, 8.4765954], [124.6775974, 8.47693], [124.6773542, 8.4770683], [124.6770339, 8.4772345], [124.6769035, 8.4773021]]}, "properties": {"city": "cdo", "name": "C. M. Recto Avenue", "highway": "trunk", "v_posted": 60, "posted_imputed": false, "v_safe": 50, "gap": 10, "R": 2.07, "exposure": 0.599, "vru_150m": 0, "sss": 20.0, "recommended": 50, "fatal_reduction_pct": 51.8, "why": "undivided arterial, side-impact intersections", "pop_density": 19363.5, "pop_density_peak": 22290.3, "v_design": 70, "design_gap": 20}}, {"type": "Feature", "geometry": {"type": "LineString", "coordinates": [[124.6706387, 8.4820846], [124.6705091, 8.4821324]]}, "properties": {"city": "cdo", "name": "East Coastal Road", "highway": "primary", "v_posted": 60, "posted_imputed": false, "v_safe": 50, "gap": 10, "R": 2.07, "exposure": 0.348, "vru_150m": 0, "sss": 16.8, "recommended": 50, "fatal_reduction_pct": 51.8, "why": "undivided arterial, side-impact intersections", "pop_density": 11247.0, "pop_density_peak": 11247.0, "v_design": 60, "design_gap": 10}}, {"type": "Feature", "geometry": {"type": "LineString", "coordinates": [[124.6826054, 8.4742423], [124.682458, 8.4742725], [124.6822859, 8.4743119], [124.6821688, 8.47433]]}, "properties": {"city": "cdo", "name": "C. M. Recto Avenue", "highway": "trunk", "v_posted": 60, "posted_imputed": false, "v_safe": 50, "gap": 10, "R": 2.07, "exposure": 0.68, "vru_150m": 2, "sss": 21.0, "recommended": 50, "fatal_reduction_pct": 51.8, "why": "undivided arterial, side-impact intersections", "pop_density": 15083.8, "pop_density_peak": 15577.4, "v_design": 70, "design_gap": 20}}, {"type": "Feature", "geometry": {"type": "LineString", "coordinates": [[124.670491, 8.4807881], [124.6699739, 8.4810515], [124.6696806, 8.4811901], [124.669641, 8.4812065]]}, "properties": {"city": "cdo", "name": "C. M. Recto Avenue", "highway": "trunk", "v_posted": 60, "posted_imputed": false, "v_safe": 50, "gap": 10, "R": 2.07, "exposure": 0.723, "vru_150m": 0, "sss": 21.5, "recommended": 50, "fatal_reduction_pct": 51.8, "why": "undivided arterial, side-impact intersections", "pop_density": 23400.3, "pop_density_peak": 25165.9, "v_design": 70, "design_gap": 20}}, {"type": "Feature", "geometry": {"type": "LineString", "coordinates": [[124.6694146, 8.4813065], [124.669311, 8.4813504], [124.6691937, 8.4813968], [124.6690673, 8.4814425], [124.6688041, 8.4815321], [124.6685335, 8.4816251]]}, "properties": {"city": "cdo", "name": "C. M. Recto Avenue", "highway": "trunk", "v_posted": 60, "posted_imputed": false, "v_safe": 50, "gap": 10, "R": 2.07, "exposure": 0.66, "vru_150m": 0, "sss": 20.8, "recommended": 50, "fatal_reduction_pct": 51.8, "why": "undivided arterial, side-impact intersections", "pop_density": 21357.5, "pop_density_peak": 21634.6, "v_design": 70, "design_gap": 20}}, {"type": "Feature", "geometry": {"type": "LineString", "coordinates": [[124.6821688, 8.47433], [124.6820107, 8.474363], [124.6817504, 8.4744019], [124.6815279, 8.474442], [124.6812862, 8.4745289]]}, "properties": {"city": "cdo", "name": "C. M. Recto Avenue", "highway": "trunk", "v_posted": 60, "posted_imputed": false, "v_safe": 50, "gap": 10, "R": 2.07, "exposure": 0.694, "vru_150m": 2, "sss": 21.2, "recommended": 50, "fatal_reduction_pct": 51.8, "why": "undivided arterial, side-impact intersections", "pop_density": 15852.3, "pop_density_peak": 16127.3, "v_design": 70, "design_gap": 20}}, {"type": "Feature", "geometry": {"type": "LineString", "coordinates": [[124.6821688, 8.47433], [124.6821857, 8.4744797], [124.6822192, 8.4747683], [124.6822703, 8.4752097], [124.6823291, 8.4757097]]}, "properties": {"city": "cdo", "name": "East Coastal Road", "highway": "primary", "v_posted": 50, "posted_imputed": false, "v_safe": 30, "gap": 20, "R": 7.72, "exposure": 0.682, "vru_150m": 2, "sss": 42.0, "recommended": 30, "fatal_reduction_pct": 87.0, "why": "pedestrian activity (2 VRU site<=50m)", "pop_density": 15176.4, "pop_density_peak": 15577.4, "v_design": 60, "design_gap": 30}}, {"type": "Feature", "geometry": {"type": "LineString", "coordinates": [[124.5857114, 8.5115014], [124.5857589, 8.5114582], [124.5863453, 8.5109245], [124.5864075, 8.5108692], [124.5864456, 8.5108289], [124.5867989, 8.5104935], [124.5871119, 8.5102111], [124.5873816, 8.5099559], [124.5878789, 8.5094903], [124.5881264, 8.5092561], [124.5884553, 8.5089449], [124.5886684, 8.5087433], [124.589101, 8.5083339], [124.5892862, 8.5081587], [124.5893515, 8.5081024], [124.5895705, 8.5078949], [124.5896828, 8.5077911], [124.5897716, 8.5077079], [124.5900915, 8.5074127], [124.5902261, 8.507284], [124.5903681, 8.5071428], [124.5907989, 8.5067277], [124.5909457, 8.5065956], [124.5912499, 8.506306], [124.5916918, 8.5058853], [124.5920311, 8.5055803], [124.5922662, 8.5053652], [124.5924067, 8.5052366], [124.5925572, 8.5051074], [124.592727, 8.5049436], [124.5927751, 8.5048995], [124.5928428, 8.5048364], [124.5929297, 8.5047581], [124.5931987, 8.5044904], [124.5933214, 8.5043707], [124.5934434, 8.5042619], [124.5935593, 8.504163], [124.593828, 8.5039444], [124.5938969, 8.5039006], [124.5941005, 8.5037923], [124.5941965, 8.503738], [124.5943581, 8.5036571], [124.594515, 8.5035828], [124.5946571, 8.5035245], [124.594771, 8.5034856], [124.5949202, 8.5034356], [124.5951568, 8.5033562], [124.5953645, 8.503297], [124.5955983, 8.5032479], [124.5956788, 8.5032382], [124.5957506, 8.5032255], [124.5959339, 8.5032101], [124.5959799, 8.5032041], [124.5960921, 8.5031949], [124.596422, 8.5031889], [124.59665, 8.5031955], [124.5971805, 8.5032212], [124.5974541, 8.5032441], [124.5976422, 8.5032482], [124.5978439, 8.5032492], [124.5979128, 8.5032521], [124.5982238, 8.5032628], [124.5982632, 8.5032643], [124.598503, 8.5032737], [124.5985528, 8.5032749], [124.59872, 8.5032822], [124.5988024, 8.5032854], [124.5991068, 8.5033008], [124.5992854, 8.5033086], [124.5993525, 8.503314], [124.5994313, 8.503318], [124.5995471, 8.5033265], [124.5998452, 8.5033311], [124.6002314, 8.503354], [124.6002672, 8.5033561], [124.6004244, 8.5033628], [124.6005139, 8.5033688], [124.6008378, 8.5033801], [124.6012688, 8.5034092], [124.6017013, 8.5034238], [124.6018085, 8.5034279], [124.601866, 8.5034324], [124.6020621, 8.5034378], [124.6024954, 8.5034529], [124.6027631, 8.5034622]]}, "properties": {"city": "cdo", "name": "Butuan-Cagayan de Oro-Iligan Road", "highway": "trunk", "v_posted": 60, "posted_imputed": false, "v_safe": 50, "gap": 10, "R": 2.07, "exposure": 0.339, "vru_150m": 0, "sss": 16.7, "recommended": 50, "fatal_reduction_pct": 51.8, "why": "undivided arterial, side-impact intersections", "pop_density": 10964.9, "pop_density_peak": 15947.3, "v_design": 70, "design_gap": 20}}, {"type": "Feature", "geometry": {"type": "LineString", "coordinates": [[124.6199723, 8.5044321], [124.6206347, 8.5044566], [124.6216228, 8.5044773], [124.6217602, 8.5044802], [124.622057, 8.5044864], [124.6227429, 8.5045004], [124.6231316, 8.5045084], [124.6240503, 8.5045044], [124.6242626, 8.5044989]]}, "properties": {"city": "cdo", "name": "C. M. Recto Avenue", "highway": "trunk", "v_posted": 60, "posted_imputed": false, "v_safe": 30, "gap": 30, "R": 16.0, "exposure": 0.442, "vru_150m": 1, "sss": 54.1, "recommended": 30, "fatal_reduction_pct": 93.8, "why": "pedestrian activity (1 VRU site<=50m)", "pop_density": 9789.7, "pop_density_peak": 11420.1, "v_design": 70, "design_gap": 40}}, {"type": "Feature", "geometry": {"type": "LineString", "coordinates": [[124.6195408, 8.5045244], [124.6193376, 8.5045192], [124.6191732, 8.5045149]]}, "properties": {"city": "cdo", "name": "C. M. Recto Avenue", "highway": "trunk", "v_posted": 60, "posted_imputed": false, "v_safe": 50, "gap": 10, "R": 2.07, "exposure": 0.243, "vru_150m": 0, "sss": 15.5, "recommended": 50, "fatal_reduction_pct": 51.8, "why": "undivided arterial, side-impact intersections", "pop_density": 7853.9, "pop_density_peak": 8775.9, "v_design": 70, "design_gap": 20}}, {"type": "Feature", "geometry": {"type": "LineString", "coordinates": [[124.6244499, 8.5045957], [124.6242694, 8.5046125], [124.624051, 8.5046211], [124.623472, 8.5046229], [124.6231306, 8.5046212], [124.622749, 8.5046142], [124.6219646, 8.5045998], [124.6216187, 8.5045927], [124.621446, 8.5045891], [124.6213787, 8.5045857], [124.6207286, 8.5045696], [124.6204357, 8.504557]]}, "properties": {"city": "cdo", "name": "C. M. Recto Avenue", "highway": "trunk", "v_posted": 60, "posted_imputed": false, "v_safe": 30, "gap": 30, "R": 16.0, "exposure": 0.454, "vru_150m": 1, "sss": 54.5, "recommended": 30, "fatal_reduction_pct": 93.8, "why": "pedestrian activity (1 VRU site<=50m)", "pop_density": 10269.8, "pop_density_peak": 11420.1, "v_design": 70, "design_gap": 40}}, {"type": "Feature", "geometry": {"type": "LineString", "coordinates": [[124.6040374, 8.5035296], [124.6048495, 8.503601]]}, "properties": {"city": "cdo", "name": "C. M. Recto Avenue", "highway": "trunk", "v_posted": 60, "posted_imputed": false, "v_safe": 50, "gap": 10, "R": 2.07, "exposure": 0.39, "vru_150m": 0, "sss": 17.4, "recommended": 50, "fatal_reduction_pct": 51.8, "why": "undivided arterial, side-impact intersections", "pop_density": 12601.5, "pop_density_peak": 13155.6, "v_design": 70, "design_gap": 20}}, {"type": "Feature", "geometry": {"type": "LineString", "coordinates": [[124.6242626, 8.5044989], [124.6244373, 8.5044791]]}, "properties": {"city": "cdo", "name": "C. M. Recto Avenue", "highway": "trunk", "v_posted": 60, "posted_imputed": false, "v_safe": 50, "gap": 10, "R": 2.07, "exposure": 0.264, "vru_150m": 0, "sss": 15.8, "recommended": 50, "fatal_reduction_pct": 51.8, "why": "undivided arterial, side-impact intersections", "pop_density": 8528.8, "pop_density_peak": 8528.8, "v_design": 70, "design_gap": 20}}, {"type": "Feature", "geometry": {"type": "LineString", "coordinates": [[124.6227753, 8.5125464], [124.6226101, 8.5125386], [124.6221016, 8.5125144], [124.6219534, 8.5125074]]}, "properties": {"city": "cdo", "name": "West Coastal Road", "highway": "primary", "v_posted": 50, "posted_imputed": false, "v_safe": 30, "gap": 20, "R": 7.72, "exposure": 0.492, "vru_150m": 1, "sss": 37.3, "recommended": 30, "fatal_reduction_pct": 87.0, "why": "pedestrian activity (1 VRU site<=50m)", "pop_density": 11799.1, "pop_density_peak": 11869.8, "v_design": 60, "design_gap": 30}}, {"type": "Feature", "geometry": {"type": "LineString", "coordinates": [[124.6027631, 8.5034622], [124.602966, 8.5034714], [124.603209, 8.5034899], [124.6033083, 8.5034973], [124.6033581, 8.503501]]}, "properties": {"city": "cdo", "name": "Butuan-Cagayan de Oro-Iligan Road", "highway": "trunk", "v_posted": 60, "posted_imputed": false, "v_safe": 30, "gap": 30, "R": 16.0, "exposure": 0.51, "vru_150m": 1, "sss": 56.6, "recommended": 30, "fatal_reduction_pct": 93.8, "why": "pedestrian activity (1 VRU site<=50m)", "pop_density": 12528.5, "pop_density_peak": 12528.5, "v_design": 70, "design_gap": 40}}, {"type": "Feature", "geometry": {"type": "LineString", "coordinates": [[124.6158677, 8.5044199], [124.6152848, 8.5044035], [124.6136593, 8.5043442], [124.6134192, 8.5043354], [124.613182, 8.5043335], [124.6123087, 8.5043163], [124.6119426, 8.5042991], [124.611704, 8.504283], [124.6108172, 8.5041736], [124.6104565, 8.5041438], [124.609761, 8.5040806], [124.6096935, 8.5040745], [124.6095058, 8.5040574], [124.6092997, 8.5040368], [124.6090631, 8.5040189], [124.6087008, 8.5039952], [124.6085819, 8.5039874], [124.6083682, 8.5039685], [124.6083254, 8.5039647], [124.6082825, 8.5039609], [124.6080453, 8.5039399], [124.607486, 8.5038967], [124.6073337, 8.5038839], [124.6064923, 8.5038219], [124.606284, 8.5038065], [124.6055042, 8.503749], [124.605278, 8.5037291], [124.6048932, 8.5036953], [124.6048181, 8.5036887]]}, "properties": {"city": "cdo", "name": "C. M. Recto Avenue", "highway": "trunk", "v_posted": 60, "posted_imputed": false, "v_safe": 50, "gap": 10, "R": 2.07, "exposure": 0.275, "vru_150m": 0, "sss": 15.9, "recommended": 50, "fatal_reduction_pct": 51.8, "why": "undivided arterial, side-impact intersections", "pop_density": 8891.4, "pop_density_peak": 12047.5, "v_design": 70, "design_gap": 20}}, {"type": "Feature", "geometry": {"type": "LineString", "coordinates": [[124.6048181, 8.5036887], [124.6041968, 8.503634]]}, "properties": {"city": "cdo", "name": "C. M. Recto Avenue", "highway": "trunk", "v_posted": 60, "posted_imputed": false, "v_safe": 50, "gap": 10, "R": 2.07, "exposure": 0.51, "vru_150m": 1, "sss": 18.9, "recommended": 50, "fatal_reduction_pct": 51.8, "why": "undivided arterial, side-impact intersections", "pop_density": 12515.4, "pop_density_peak": 12983.4, "v_design": 70, "design_gap": 20}}, {"type": "Feature", "geometry": {"type": "LineString", "coordinates": [[124.6041968, 8.503634], [124.6039262, 8.5036088], [124.6034214, 8.5035616]]}, "properties": {"city": "cdo", "name": "C. M. Recto Avenue", "highway": "trunk", "v_posted": 60, "posted_imputed": false, "v_safe": 50, "gap": 10, "R": 2.07, "exposure": 0.523, "vru_150m": 1, "sss": 19.0, "recommended": 50, "fatal_reduction_pct": 51.8, "why": "undivided arterial, side-impact intersections", "pop_density": 13069.5, "pop_density_peak": 13155.6, "v_design": 70, "design_gap": 20}}, {"type": "Feature", "geometry": {"type": "LineString", "coordinates": [[124.6048495, 8.503601], [124.6050429, 8.5036198], [124.6052844, 8.5036379], [124.6067866, 8.5037521], [124.6076172, 8.5038151], [124.6079365, 8.5038393], [124.6082599, 8.5038647], [124.6083027, 8.503868], [124.6083454, 8.5038714], [124.6085842, 8.5038901], [124.6095615, 8.5039667], [124.6096137, 8.5039708], [124.6097729, 8.5039833], [124.6108476, 8.5040676], [124.6116784, 8.5041691], [124.6119576, 8.504186], [124.6127155, 8.5042109], [124.6136633, 8.5042421], [124.6144252, 8.5042664], [124.615258, 8.5042929], [124.615871, 8.5043082]]}, "properties": {"city": "cdo", "name": "C. M. Recto Avenue", "highway": "trunk", "v_posted": 60, "posted_imputed": false, "v_safe": 50, "gap": 10, "R": 2.07, "exposure": 0.254, "vru_150m": 0, "sss": 15.7, "recommended": 50, "fatal_reduction_pct": 51.8, "why": "undivided arterial, side-impact intersections", "pop_density": 8211.9, "pop_density_peak": 12047.5, "v_design": 70, "design_gap": 20}}, {"type": "Feature", "geometry": {"type": "LineString", "coordinates": [[124.6033581, 8.503501], [124.6034241, 8.5034697]]}, "properties": {"city": "cdo", "name": "C. M. Recto Avenue", "highway": "trunk", "v_posted": 60, "posted_imputed": false, "v_safe": 50, "gap": 10, "R": 2.07, "exposure": 0.518, "vru_150m": 1, "sss": 19.0, "recommended": 50, "fatal_reduction_pct": 51.8, "why": "undivided arterial, side-impact intersections", "pop_density": 12842.1, "pop_density_peak": 13155.6, "v_design": 70, "design_gap": 20}}, {"type": "Feature", "geometry": {"type": "LineString", "coordinates": [[124.625337, 8.5043393], [124.6251569, 8.5044068], [124.6249185, 8.5044834], [124.6247382, 8.5045349], [124.6246114, 8.5045643], [124.6244499, 8.5045957]]}, "properties": {"city": "cdo", "name": "C. M. Recto Avenue", "highway": "trunk", "v_posted": 60, "posted_imputed": false, "v_safe": 50, "gap": 10, "R": 2.07, "exposure": 0.25, "vru_150m": 0, "sss": 15.6, "recommended": 50, "fatal_reduction_pct": 51.8, "why": "undivided arterial, side-impact intersections", "pop_density": 8078.8, "pop_density_peak": 8528.8, "v_design": 70, "design_gap": 20}}, {"type": "Feature", "geometry": {"type": "LineString", "coordinates": [[124.6186809, 8.5043966], [124.6187586, 8.5043978], [124.6191947, 8.5043985]]}, "properties": {"city": "cdo", "name": "C. M. Recto Avenue", "highway": "trunk", "v_posted": 60, "posted_imputed": false, "v_safe": 50, "gap": 10, "R": 2.07, "exposure": 0.222, "vru_150m": 0, "sss": 15.3, "recommended": 50, "fatal_reduction_pct": 51.8, "why": "undivided arterial, side-impact intersections", "pop_density": 7168.2, "pop_density_peak": 7168.2, "v_design": 70, "design_gap": 20}}, {"type": "Feature", "geometry": {"type": "LineString", "coordinates": [[124.615871, 8.5043082], [124.6164407, 8.5043244], [124.6172649, 8.5043478], [124.6173409, 8.50435], [124.6176005, 8.5043579], [124.6177657, 8.5043636], [124.6182519, 8.5043812], [124.6186809, 8.5043966]]}, "properties": {"city": "cdo", "name": "C. M. Recto Avenue", "highway": "trunk", "v_posted": 60, "posted_imputed": false, "v_safe": 30, "gap": 30, "R": 16.0, "exposure": 0.535, "vru_150m": 2, "sss": 57.5, "recommended": 30, "fatal_reduction_pct": 93.8, "why": "pedestrian activity (1 VRU site<=50m)", "pop_density": 7258.7, "pop_density_peak": 7368.0, "v_design": 70, "design_gap": 40}}, {"type": "Feature", "geometry": {"type": "LineString", "coordinates": [[124.6191732, 8.5045149], [124.6187548, 8.504511], [124.618434, 8.5045014], [124.6180827, 8.5044889], [124.6177609, 8.5044775], [124.6172608, 8.5044633], [124.617045, 8.5044572], [124.6163724, 8.5044381], [124.6158677, 8.5044199]]}, "properties": {"city": "cdo", "name": "C. M. Recto Avenue", "highway": "trunk", "v_posted": 60, "posted_imputed": false, "v_safe": 50, "gap": 10, "R": 2.07, "exposure": 0.538, "vru_150m": 2, "sss": 19.2, "recommended": 50, "fatal_reduction_pct": 51.8, "why": "undivided arterial, side-impact intersections", "pop_density": 7425.0, "pop_density_peak": 8078.2, "v_design": 70, "design_gap": 20}}, {"type": "Feature", "geometry": {"type": "LineString", "coordinates": [[124.6240292, 8.4982544], [124.624, 8.4983064]]}, "properties": {"city": "cdo", "name": "Mayor P. N. Roa Street", "highway": "primary", "v_posted": 40, "posted_imputed": false, "v_safe": 30, "gap": 10, "R": 3.16, "exposure": 0.552, "vru_150m": 2, "sss": 19.4, "recommended": 30, "fatal_reduction_pct": 68.4, "why": "pedestrian activity (1 VRU site<=50m)", "pop_density": 8198.3, "pop_density_peak": 8198.3, "v_design": 60, "design_gap": 30}}, {"type": "Feature", "geometry": {"type": "LineString", "coordinates": [[124.610792, 8.5147493], [124.6108816, 8.5150239], [124.611075, 8.5157756], [124.6111451, 8.5160228], [124.6112982, 8.5165346], [124.611367, 8.5167644], [124.6115058, 8.517271], [124.611715, 8.5180096], [124.6119283, 8.5187029], [124.6119688, 8.5189219], [124.611988, 8.5190988], [124.6119959, 8.5191891], [124.6119893, 8.5196836], [124.6120142, 8.5201594]]}, "properties": {"city": "cdo", "name": "Barra Road", "highway": "unclassified", "v_posted": 40, "posted_imputed": false, "v_safe": 30, "gap": 10, "R": 3.16, "exposure": 0.445, "vru_150m": 0, "sss": 18.1, "recommended": 30, "fatal_reduction_pct": 68.4, "why": "local road, frontage/pedestrian mixing", "pop_density": 14386.0, "pop_density_peak": 17559.0, "v_design": 40, "design_gap": 10}}, {"type": "Feature", "geometry": {"type": "LineString", "coordinates": [[124.6198822, 8.5045333], [124.6195408, 8.5045244]]}, "properties": {"city": "cdo", "name": "C. M. Recto Avenue", "highway": "trunk", "v_posted": 60, "posted_imputed": false, "v_safe": 50, "gap": 10, "R": 2.07, "exposure": 0.271, "vru_150m": 0, "sss": 15.9, "recommended": 50, "fatal_reduction_pct": 51.8, "why": "undivided arterial, side-impact intersections", "pop_density": 8775.9, "pop_density_peak": 8775.9, "v_design": 70, "design_gap": 20}}, {"type": "Feature", "geometry": {"type": "LineString", "coordinates": [[124.6191947, 8.5043985], [124.6198868, 8.5044284], [124.6199723, 8.5044321]]}, "properties": {"city": "cdo", "name": "C. M. Recto Avenue", "highway": "trunk", "v_posted": 60, "posted_imputed": false, "v_safe": 50, "gap": 10, "R": 2.07, "exposure": 0.235, "vru_150m": 0, "sss": 15.4, "recommended": 50, "fatal_reduction_pct": 51.8, "why": "undivided arterial, side-impact intersections", "pop_density": 7612.3, "pop_density_peak": 8056.4, "v_design": 70, "design_gap": 20}}, {"type": "Feature", "geometry": {"type": "LineString", "coordinates": [[124.6204357, 8.504557], [124.6198822, 8.5045333]]}, "properties": {"city": "cdo", "name": "C. M. Recto Avenue", "highway": "trunk", "v_posted": 60, "posted_imputed": false, "v_safe": 50, "gap": 10, "R": 2.07, "exposure": 0.29, "vru_150m": 0, "sss": 16.1, "recommended": 50, "fatal_reduction_pct": 51.8, "why": "undivided arterial, side-impact intersections", "pop_density": 9376.4, "pop_density_peak": 9977.0, "v_design": 70, "design_gap": 20}}, {"type": "Feature", "geometry": {"type": "LineString", "coordinates": [[124.6034241, 8.5034697], [124.6040374, 8.5035296]]}, "properties": {"city": "cdo", "name": "C. M. Recto Avenue", "highway": "trunk", "v_posted": 60, "posted_imputed": false, "v_safe": 50, "gap": 10, "R": 2.07, "exposure": 0.525, "vru_150m": 1, "sss": 19.1, "recommended": 50, "fatal_reduction_pct": 51.8, "why": "undivided arterial, side-impact intersections", "pop_density": 13155.6, "pop_density_peak": 13155.6, "v_design": 70, "design_gap": 20}}, {"type": "Feature", "geometry": {"type": "LineString", "coordinates": [[124.6034214, 8.5035616], [124.6033581, 8.503501]]}, "properties": {"city": "cdo", "name": "C. M. Recto Avenue", "highway": "trunk", "v_posted": 60, "posted_imputed": false, "v_safe": 50, "gap": 10, "R": 2.07, "exposure": 0.518, "vru_150m": 1, "sss": 19.0, "recommended": 50, "fatal_reduction_pct": 51.8, "why": "undivided arterial, side-impact intersections", "pop_density": 12842.1, "pop_density_peak": 13155.6, "v_design": 70, "design_gap": 20}}, {"type": "Feature", "geometry": {"type": "LineString", "coordinates": [[124.6521063, 8.4952448], [124.6522915, 8.4952504]]}, "properties": {"city": "cdo", "name": "Rio de Oro Boulevard", "highway": "secondary", "v_posted": 60, "posted_imputed": false, "v_safe": 50, "gap": 10, "R": 2.07, "exposure": 0.577, "vru_150m": 0, "sss": 19.7, "recommended": 50, "fatal_reduction_pct": 51.8, "why": "undivided arterial, side-impact intersections", "pop_density": 18666.3, "pop_density_peak": 18666.3, "v_design": 50, "design_gap": 0}}]}