{"type": "FeatureCollection", "features": [{"type": "Feature", "geometry": {"type": "LineString", "coordinates": [[125.573163, 7.0427797], [125.5731717, 7.0428756], [125.5731818, 7.0429418], [125.5731953, 7.0430044], [125.573219, 7.0430752], [125.5732571, 7.0431647], [125.5732987, 7.04324], [125.5734012, 7.0433931], [125.5742212, 7.0445245]]}, "properties": {"city": "davao", "name": "Kilowatt Street", "highway": "residential", "v_posted": 40, "posted_imputed": false, "v_safe": 30, "gap": 10, "R": 3.16, "exposure": 0.157, "vru_150m": 0, "sss": 14.5, "recommended": 30, "fatal_reduction_pct": 68.4, "why": "local road, frontage/pedestrian mixing", "pop_density": 5062.8, "pop_density_peak": 6895.3, "v_design": 35, "design_gap": 5}}, {"type": "Feature", "geometry": {"type": "LineString", "coordinates": [[125.5754511, 7.0423422], [125.5737678, 7.0428295]]}, "properties": {"city": "davao", "name": "Resistor Street", "highway": "residential", "v_posted": 40, "posted_imputed": false, "v_safe": 30, "gap": 10, "R": 3.16, "exposure": 0.275, "vru_150m": 1, "sss": 15.9, "recommended": 30, "fatal_reduction_pct": 68.4, "why": "local road, frontage/pedestrian mixing", "pop_density": 3048.0, "pop_density_peak": 3928.5, "v_design": 35, "design_gap": 5}}, {"type": "Feature", "geometry": {"type": "LineString", "coordinates": [[125.5737678, 7.0428295], [125.5739615, 7.0431038], [125.5741348, 7.0433492], [125.5744662, 7.0437989], [125.57449, 7.0438285], [125.5745205, 7.0438591], [125.5745715, 7.0438949]]}, "properties": {"city": "davao", "name": "Microfarad Street", "highway": "residential", "v_posted": 40, "posted_imputed": false, "v_safe": 30, "gap": 10, "R": 3.16, "exposure": 0.284, "vru_150m": 1, "sss": 16.0, "recommended": 30, "fatal_reduction_pct": 68.4, "why": "pedestrian activity (1 VRU site<=50m)", "pop_density": 3381.4, "pop_density_peak": 3928.5, "v_design": 35, "design_gap": 5}}, {"type": "Feature", "geometry": {"type": "LineString", "coordinates": [[125.5896788, 7.0451366], [125.5905114, 7.0453672]]}, "properties": {"city": "davao", "name": "", "highway": "service", "v_posted": 40, "posted_imputed": false, "v_safe": 30, "gap": 10, "R": 3.16, "exposure": 0.371, "vru_150m": 0, "sss": 17.1, "recommended": 30, "fatal_reduction_pct": 68.4, "why": "local road, frontage/pedestrian mixing", "pop_density": 11988.1, "pop_density_peak": 13280.3, "v_design": 25, "design_gap": -5}}, {"type": "Feature", "geometry": {"type": "LineString", "coordinates": [[125.5720891, 7.0414677], [125.5728698, 7.0424288], [125.5730898, 7.042692], [125.573163, 7.0427797]]}, "properties": {"city": "davao", "name": "Kilowatt Street", "highway": "residential", "v_posted": 40, "posted_imputed": false, "v_safe": 30, "gap": 10, "R": 3.16, "exposure": 0.246, "vru_150m": 0, "sss": 15.6, "recommended": 30, "fatal_reduction_pct": 68.4, "why": "local road, frontage/pedestrian mixing", "pop_density": 7955.5, "pop_density_peak": 10075.9, "v_design": 35, "design_gap": 5}}, {"type": "Feature", "geometry": {"type": "LineString", "coordinates": [[125.5744237, 7.038881], [125.5745722, 7.0389158], [125.5755179, 7.0391374], [125.5758414, 7.0392131], [125.5759822, 7.0392384], [125.5761377, 7.0392531], [125.5762906, 7.0392544], [125.576406, 7.0392491], [125.5765376, 7.039243], [125.5767935, 7.039231], [125.577035, 7.0392197], [125.5774614, 7.0391997], [125.5777944, 7.0391847], [125.5780501, 7.0391732], [125.5783453, 7.0391766]]}, "properties": {"city": "davao", "name": "Davao City Coastal Road", "highway": "primary", "v_posted": 60, "posted_imputed": false, "v_safe": 50, "gap": 10, "R": 2.07, "exposure": 0.2, "vru_150m": 0, "sss": 15.0, "recommended": 50, "fatal_reduction_pct": 51.8, "why": "undivided arterial, side-impact intersections", "pop_density": 6463.7, "pop_density_peak": 10660.6, "v_design": 60, "design_gap": 10}}, {"type": "Feature", "geometry": {"type": "LineString", "coordinates": [[125.5525856, 7.0462085], [125.5527203, 7.0462306], [125.5529769, 7.0462727], [125.5532196, 7.0463073], [125.5534637, 7.0463365], [125.553866, 7.0463779], [125.5543221, 7.0464164], [125.5546814, 7.046427], [125.5555263, 7.0464337], [125.5562143, 7.046435], [125.557078, 7.0464324], [125.5573033, 7.0464257], [125.5576549, 7.0464091], [125.5580677, 7.0463838], [125.5587288, 7.0463285], [125.5593216, 7.046266], [125.5596475, 7.0462194], [125.5598795, 7.0461782], [125.5600372, 7.0461415], [125.5601819, 7.0460962], [125.56035, 7.0460315]]}, "properties": {"city": "davao", "name": "Davao City Coastal Road", "highway": "primary", "v_posted": 60, "posted_imputed": false, "v_safe": 50, "gap": 10, "R": 2.07, "exposure": 0.097, "vru_150m": 0, "sss": 13.7, "recommended": 50, "fatal_reduction_pct": 51.8, "why": "undivided arterial, side-impact intersections", "pop_density": 3130.4, "pop_density_peak": 7230.2, "v_design": 60, "design_gap": 10}}, {"type": "Feature", "geometry": {"type": "LineString", "coordinates": [[125.5720333, 7.0479477], [125.5721922, 7.0476782], [125.5722345, 7.0476023], [125.5723418, 7.0474153], [125.5725067, 7.0471484], [125.5727335, 7.0467799], [125.5735653, 7.0456894], [125.5737068, 7.0454599], [125.5741404, 7.0446713], [125.5742212, 7.0445245]]}, "properties": {"city": "davao", "name": "Daffodil Street", "highway": "residential", "v_posted": 40, "posted_imputed": false, "v_safe": 30, "gap": 10, "R": 3.16, "exposure": 0.505, "vru_150m": 2, "sss": 18.8, "recommended": 30, "fatal_reduction_pct": 68.4, "why": "local road, frontage/pedestrian mixing", "pop_density": 5655.4, "pop_density_peak": 13098.2, "v_design": 35, "design_gap": 5}}, {"type": "Feature", "geometry": {"type": "LineString", "coordinates": [[125.56035, 7.0460315], [125.5608422, 7.0458109], [125.5613343, 7.0455904], [125.5618264, 7.0453698], [125.5623186, 7.0451493], [125.5628107, 7.0449287], [125.5633028, 7.0447082], [125.563795, 7.0444876], [125.5642871, 7.0442671], [125.5647793, 7.0440465], [125.5652714, 7.043826], [125.5657635, 7.0436054]]}, "properties": {"city": "davao", "name": "Davao City Coastal Road", "highway": "primary", "v_posted": 60, "posted_imputed": false, "v_safe": 50, "gap": 10, "R": 2.07, "exposure": 0.188, "vru_150m": 0, "sss": 14.9, "recommended": 50, "fatal_reduction_pct": 51.8, "why": "undivided arterial, side-impact intersections", "pop_density": 6092.6, "pop_density_peak": 8673.9, "v_design": 60, "design_gap": 10}}, {"type": "Feature", "geometry": {"type": "LineString", "coordinates": [[125.5804333, 7.0395751], [125.5806403, 7.0396255], [125.5809254, 7.0396949], [125.5811897, 7.0397721], [125.581415, 7.0398413], [125.5819292, 7.0400239], [125.5831426, 7.0405182], [125.5843762, 7.0410206], [125.5854459, 7.0414605], [125.5857886, 7.0415979], [125.5861096, 7.0417176], [125.5863427, 7.041798], [125.5865481, 7.0418689]]}, "properties": {"city": "davao", "name": "Davao City Coastal Road", "highway": "primary", "v_posted": 60, "posted_imputed": false, "v_safe": 50, "gap": 10, "R": 2.07, "exposure": 0.038, "vru_150m": 0, "sss": 13.0, "recommended": 50, "fatal_reduction_pct": 51.8, "why": "undivided arterial, side-impact intersections", "pop_density": 1234.6, "pop_density_peak": 3055.2, "v_design": 60, "design_gap": 10}}, {"type": "Feature", "geometry": {"type": "LineString", "coordinates": [[125.5801274, 7.0395071], [125.5804333, 7.0395751]]}, "properties": {"city": "davao", "name": "Davao City Coastal Road", "highway": "primary", "v_posted": 60, "posted_imputed": false, "v_safe": 50, "gap": 10, "R": 2.07, "exposure": 0.094, "vru_150m": 0, "sss": 13.7, "recommended": 50, "fatal_reduction_pct": 51.8, "why": "undivided arterial, side-impact intersections", "pop_density": 3055.2, "pop_density_peak": 3055.2, "v_design": 60, "design_gap": 10}}, {"type": "Feature", "geometry": {"type": "LineString", "coordinates": [[125.5905768, 7.0451393], [125.5905114, 7.0453672], [125.5903549, 7.0459122]]}, "properties": {"city": "davao", "name": "Tandok Street", "highway": "service", "v_posted": 40, "posted_imputed": false, "v_safe": 30, "gap": 10, "R": 3.16, "exposure": 0.382, "vru_150m": 0, "sss": 17.3, "recommended": 30, "fatal_reduction_pct": 68.4, "why": "local road, frontage/pedestrian mixing", "pop_density": 12349.7, "pop_density_peak": 13280.3, "v_design": 25, "design_gap": -5}}, {"type": "Feature", "geometry": {"type": "LineString", "coordinates": [[125.5746211, 7.0302706], [125.5746223, 7.0306933], [125.5746412, 7.0308824], [125.5746692, 7.0311059], [125.5747175, 7.0313761], [125.574743, 7.0314946], [125.5747926, 7.0317475], [125.5748141, 7.0319072], [125.574865, 7.0322985], [125.574865, 7.0324236], [125.5748557, 7.0325448], [125.5748235, 7.0330692], [125.5747269, 7.0337932], [125.5747162, 7.033917], [125.5747309, 7.0340954], [125.574747, 7.0342112], [125.5747806, 7.0343669], [125.5748369, 7.0345027], [125.5748945, 7.0346358], [125.5749629, 7.0347423], [125.575034, 7.0348634], [125.575085, 7.0349406], [125.5751279, 7.0349938], [125.575152, 7.0350165], [125.5753264, 7.0351642], [125.5753586, 7.0351934], [125.5753908, 7.0352241], [125.5754793, 7.0353305], [125.5755021, 7.0353625], [125.5755249, 7.0354038], [125.5755422, 7.0354387], [125.575553, 7.0354757], [125.5755638, 7.0355251], [125.5755745, 7.0355741], [125.5755874, 7.0356107], [125.5756049, 7.0356536], [125.5756281, 7.0357072], [125.5756603, 7.0357831], [125.5757099, 7.0358989], [125.5758628, 7.0362277], [125.5759701, 7.0364593], [125.5759996, 7.0365192], [125.5760224, 7.0365618], [125.5760948, 7.0366882], [125.5761096, 7.0367214], [125.576115, 7.0367481], [125.576119, 7.0367747], [125.576115, 7.0368106], [125.5761069, 7.0368452], [125.5760922, 7.0368759], [125.5760748, 7.0369011], [125.5760533, 7.0369225], [125.5760252, 7.0369411], [125.5759943, 7.0369557], [125.5759647, 7.0369637], [125.5759272, 7.0369664], [125.5758902, 7.0369625], [125.5758509, 7.0369577], [125.5757944, 7.0369451], [125.5757381, 7.0369291], [125.5756824, 7.0369165], [125.575637, 7.0369084], [125.5755747, 7.0369034], [125.5753397, 7.036892], [125.5752072, 7.0369019], [125.5751722, 7.0369058], [125.575145, 7.0369108], [125.5751225, 7.0369185], [125.5751037, 7.0369264], [125.5750783, 7.0369431], [125.5750635, 7.0369571], [125.5750488, 7.0369784], [125.5750393, 7.0370076], [125.575034, 7.0370436], [125.5750367, 7.0370729], [125.5750433, 7.0371048], [125.5750541, 7.0371354], [125.5750642, 7.0371594], [125.5751192, 7.0372752], [125.5751782, 7.0374029], [125.5752332, 7.0375181], [125.5752647, 7.0376013], [125.5752754, 7.0376345], [125.5752861, 7.0376785], [125.5752935, 7.0377237], [125.5752969, 7.0377636], [125.5752942, 7.0378102], [125.5752861, 7.0378542], [125.5752794, 7.0378968], [125.575264, 7.0379546], [125.5752459, 7.0380032], [125.5752221, 7.038053], [125.5751929, 7.0381071], [125.5751326, 7.0382015], [125.5750045, 7.0383779], [125.5749254, 7.038479], [125.5747952, 7.0386332], [125.574739, 7.0386867], [125.5746722, 7.0387353], [125.5746068, 7.0387772], [125.5745291, 7.038818]]}, "properties": {"city": "davao", "name": "Punta Dumalag Road", "highway": "unclassified", "v_posted": 40, "posted_imputed": false, "v_safe": 30, "gap": 10, "R": 3.16, "exposure": 0.588, "vru_150m": 2, "sss": 19.8, "recommended": 30, "fatal_reduction_pct": 68.4, "why": "pedestrian activity (1 VRU site<=50m)", "pop_density": 10123.3, "pop_density_peak": 15450.3, "v_design": 35, "design_gap": 5}}, {"type": "Feature", "geometry": {"type": "LineString", "coordinates": [[125.5783453, 7.0391766], [125.578442, 7.0391815], [125.578541, 7.0391865], [125.5787248, 7.0392078], [125.5789273, 7.0392463], [125.5791392, 7.0392902], [125.5793812, 7.0393413], [125.5799158, 7.0394601], [125.5801274, 7.0395071]]}, "properties": {"city": "davao", "name": "Davao City Coastal Road", "highway": "primary", "v_posted": 60, "posted_imputed": false, "v_safe": 50, "gap": 10, "R": 2.07, "exposure": 0.084, "vru_150m": 0, "sss": 13.5, "recommended": 50, "fatal_reduction_pct": 51.8, "why": "undivided arterial, side-impact intersections", "pop_density": 2705.0, "pop_density_peak": 3613.7, "v_design": 60, "design_gap": 10}}, {"type": "Feature", "geometry": {"type": "LineString", "coordinates": [[125.5657635, 7.0436054], [125.5659631, 7.0435129], [125.5662632, 7.0433738], [125.5665765, 7.0432087], [125.5667741, 7.0430756], [125.5669646, 7.0429266], [125.5672226, 7.0426939], [125.5674804, 7.0424615], [125.5676942, 7.0422957], [125.5679234, 7.0421279], [125.5683741, 7.0418085], [125.5688381, 7.0415104], [125.5694698, 7.041139], [125.5700706, 7.0407877], [125.5702167, 7.0406972], [125.570363, 7.040596], [125.5705065, 7.0404775], [125.5706433, 7.0403537], [125.5710939, 7.0399478], [125.5716746, 7.0394367], [125.5718999, 7.0392637], [125.5720286, 7.0391771], [125.5721533, 7.039104], [125.5722834, 7.0390308], [125.5724296, 7.0389575], [125.5726348, 7.038883], [125.5729029, 7.0388072], [125.5731297, 7.0387673], [125.5733778, 7.0387406], [125.5735989, 7.0387392], [125.5738123, 7.0387553], [125.5740309, 7.0387952], [125.5741804, 7.0388279]]}, "properties": {"city": "davao", "name": "Davao City Coastal Road", "highway": "primary", "v_posted": 60, "posted_imputed": false, "v_safe": 50, "gap": 10, "R": 2.07, "exposure": 0.238, "vru_150m": 0, "sss": 15.5, "recommended": 50, "fatal_reduction_pct": 51.8, "why": "undivided arterial, side-impact intersections", "pop_density": 7683.5, "pop_density_peak": 12164.7, "v_design": 60, "design_gap": 10}}, {"type": "Feature", "geometry": {"type": "LineString", "coordinates": [[125.5917209, 7.0432506], [125.5916788, 7.043222], [125.5916389, 7.0431994], [125.5915844, 7.043171], [125.5915306, 7.0431508], [125.5914666, 7.0431302], [125.5911118, 7.0430344]]}, "properties": {"city": "davao", "name": "Davao City Coastal Road", "highway": "primary", "v_posted": 60, "posted_imputed": false, "v_safe": 50, "gap": 10, "R": 2.07, "exposure": 0.144, "vru_150m": 0, "sss": 14.3, "recommended": 50, "fatal_reduction_pct": 51.8, "why": "undivided arterial, side-impact intersections", "pop_density": 4650.7, "pop_density_peak": 4650.7, "v_design": 60, "design_gap": 10}}, {"type": "Feature", "geometry": {"type": "LineString", "coordinates": [[125.5911118, 7.0430344], [125.591484, 7.0430597], [125.5915385, 7.0430592], [125.5915986, 7.0430544], [125.5916446, 7.0430485], [125.5917003, 7.0430369], [125.5917848, 7.0430136]]}, "properties": {"city": "davao", "name": "Davao City Coastal Road", "highway": "primary", "v_posted": 60, "posted_imputed": false, "v_safe": 50, "gap": 10, "R": 2.07, "exposure": 0.13, "vru_150m": 0, "sss": 14.1, "recommended": 50, "fatal_reduction_pct": 51.8, "why": "undivided arterial, side-impact intersections", "pop_density": 4215.1, "pop_density_peak": 4650.7, "v_design": 60, "design_gap": 10}}, {"type": "Feature", "geometry": {"type": "LineString", "coordinates": [[125.5868828, 7.0419852], [125.587091, 7.0420551], [125.5873727, 7.0421495], [125.5879134, 7.042314], [125.5882783, 7.0424094], [125.5899042, 7.0427881], [125.5907558, 7.0429612], [125.5911118, 7.0430344]]}, "properties": {"city": "davao", "name": "Davao City Coastal Road", "highway": "primary", "v_posted": 60, "posted_imputed": false, "v_safe": 50, "gap": 10, "R": 2.07, "exposure": 0.13, "vru_150m": 0, "sss": 14.1, "recommended": 50, "fatal_reduction_pct": 51.8, "why": "undivided arterial, side-impact intersections", "pop_density": 4207.0, "pop_density_peak": 5604.3, "v_design": 60, "design_gap": 10}}, {"type": "Feature", "geometry": {"type": "LineString", "coordinates": [[125.5865481, 7.0418689], [125.5868828, 7.0419852]]}, "properties": {"city": "davao", "name": "Davao City Coastal Road", "highway": "primary", "v_posted": 60, "posted_imputed": false, "v_safe": 50, "gap": 10, "R": 2.07, "exposure": 0.042, "vru_150m": 0, "sss": 13.0, "recommended": 50, "fatal_reduction_pct": 51.8, "why": "undivided arterial, side-impact intersections", "pop_density": 1370.7, "pop_density_peak": 2741.4, "v_design": 60, "design_gap": 10}}, {"type": "Feature", "geometry": {"type": "LineString", "coordinates": [[125.574457, 7.0295999], [125.5745077, 7.0297151], [125.5745499, 7.0297842], [125.5745955, 7.0298761], [125.574621, 7.0299466], [125.574625, 7.0300185], [125.574621, 7.0300904], [125.5746236, 7.0301622], [125.5746211, 7.0302706]]}, "properties": {"city": "davao", "name": "Punta Dumalag Road", "highway": "unclassified", "v_posted": 40, "posted_imputed": false, "v_safe": 30, "gap": 10, "R": 3.16, "exposure": 0.478, "vru_150m": 0, "sss": 18.5, "recommended": 30, "fatal_reduction_pct": 68.4, "why": "local road, frontage/pedestrian mixing", "pop_density": 15450.3, "pop_density_peak": 15450.3, "v_design": 40, "design_gap": 10}}, {"type": "Feature", "geometry": {"type": "LineString", "coordinates": [[125.5733191, 7.0429666], [125.5731953, 7.0430044]]}, "properties": {"city": "davao", "name": "Resistor Street", "highway": "residential", "v_posted": 40, "posted_imputed": false, "v_safe": 30, "gap": 10, "R": 3.16, "exposure": 0.141, "vru_150m": 0, "sss": 14.3, "recommended": 30, "fatal_reduction_pct": 68.4, "why": "local road, frontage/pedestrian mixing", "pop_density": 4550.5, "pop_density_peak": 4550.5, "v_design": 35, "design_gap": 5}}, {"type": "Feature", "geometry": {"type": "LineString", "coordinates": [[125.5737678, 7.0428295], [125.5734467, 7.0429276], [125.5733191, 7.0429666]]}, "properties": {"city": "davao", "name": "Resistor Street", "highway": "residential", "v_posted": 40, "posted_imputed": false, "v_safe": 30, "gap": 10, "R": 3.16, "exposure": 0.131, "vru_150m": 0, "sss": 14.1, "recommended": 30, "fatal_reduction_pct": 68.4, "why": "local road, frontage/pedestrian mixing", "pop_density": 4239.5, "pop_density_peak": 4550.5, "v_design": 35, "design_gap": 5}}, {"type": "Feature", "geometry": {"type": "LineString", "coordinates": [[125.5896788, 7.0451366], [125.5888955, 7.0448969]]}, "properties": {"city": "davao", "name": "", "highway": "residential", "v_posted": 40, "posted_imputed": false, "v_safe": 30, "gap": 10, "R": 3.16, "exposure": 0.608, "vru_150m": 2, "sss": 20.1, "recommended": 30, "fatal_reduction_pct": 68.4, "why": "local road, frontage/pedestrian mixing", "pop_density": 11201.1, "pop_density_peak": 11706.2, "v_design": 35, "design_gap": 5}}, {"type": "Feature", "geometry": {"type": "LineString", "coordinates": [[125.5742212, 7.0445245], [125.5743811, 7.0442369], [125.5745715, 7.0438949]]}, "properties": {"city": "davao", "name": "Daffodil Street", "highway": "residential", "v_posted": 40, "posted_imputed": false, "v_safe": 30, "gap": 10, "R": 3.16, "exposure": 0.275, "vru_150m": 1, "sss": 15.9, "recommended": 30, "fatal_reduction_pct": 68.4, "why": "local road, frontage/pedestrian mixing", "pop_density": 3032.3, "pop_density_peak": 3230.3, "v_design": 35, "design_gap": 5}}, {"type": "Feature", "geometry": {"type": "LineString", "coordinates": [[125.573163, 7.0427797], [125.5733191, 7.0429666]]}, "properties": {"city": "davao", "name": "Kilowatt Street", "highway": "residential", "v_posted": 40, "posted_imputed": false, "v_safe": 30, "gap": 10, "R": 3.16, "exposure": 0.177, "vru_150m": 0, "sss": 14.7, "recommended": 30, "fatal_reduction_pct": 68.4, "why": "local road, frontage/pedestrian mixing", "pop_density": 5722.9, "pop_density_peak": 6895.3, "v_design": 35, "design_gap": 5}}, {"type": "Feature", "geometry": {"type": "LineString", "coordinates": [[125.5741804, 7.0388279], [125.5742949, 7.0388529], [125.5744237, 7.038881]]}, "properties": {"city": "davao", "name": "Davao City Coastal Road", "highway": "primary", "v_posted": 60, "posted_imputed": false, "v_safe": 50, "gap": 10, "R": 2.07, "exposure": 0.353, "vru_150m": 0, "sss": 16.9, "recommended": 50, "fatal_reduction_pct": 51.8, "why": "undivided arterial, side-impact intersections", "pop_density": 11412.6, "pop_density_peak": 12164.7, "v_design": 60, "design_gap": 10}}, {"type": "Feature", "geometry": {"type": "LineString", "coordinates": [[125.5745291, 7.038818], [125.5744237, 7.038881]]}, "properties": {"city": "davao", "name": "Punta Dumalag Road", "highway": "unclassified", "v_posted": 40, "posted_imputed": false, "v_safe": 30, "gap": 10, "R": 3.16, "exposure": 0.33, "vru_150m": 0, "sss": 16.6, "recommended": 30, "fatal_reduction_pct": 68.4, "why": "local road, frontage/pedestrian mixing", "pop_density": 10660.6, "pop_density_peak": 10660.6, "v_design": 40, "design_gap": 10}}, {"type": "Feature", "geometry": {"type": "LineString", "coordinates": [[125.5983881, 7.0451127], [125.5983062, 7.0454035], [125.5982571, 7.0456153], [125.598222, 7.0457802], [125.5981761, 7.0460477], [125.5981325, 7.0463119], [125.598109, 7.0464523], [125.598078, 7.0466228], [125.5980092, 7.0469348], [125.5979763, 7.0470726], [125.5979434, 7.047201], [125.5979045, 7.0473361], [125.5978898, 7.0473817], [125.5977538, 7.0478227], [125.5976305, 7.0482271]]}, "properties": {"city": "davao", "name": "Dahlia Street", "highway": "residential", "v_posted": 40, "posted_imputed": false, "v_safe": 30, "gap": 10, "R": 3.16, "exposure": 0.778, "vru_150m": 0, "sss": 22.2, "recommended": 30, "fatal_reduction_pct": 68.4, "why": "local road, frontage/pedestrian mixing", "pop_density": 25159.3, "pop_density_peak": 30889.3, "v_design": 35, "design_gap": 5}}, {"type": "Feature", "geometry": {"type": "LineString", "coordinates": [[125.592894, 7.0433491], [125.5933374, 7.0434233], [125.5940227, 7.0435388], [125.594629, 7.0436419], [125.5951959, 7.0437383], [125.5957941, 7.0438407], [125.5963523, 7.0439375], [125.5968128, 7.0440174], [125.5973548, 7.044108], [125.5977924, 7.0441817], [125.5982823, 7.0442643], [125.5987618, 7.0443451], [125.5989483, 7.0443766], [125.5991644, 7.044413]]}, "properties": {"city": "davao", "name": "Davao City Coastal Road", "highway": "primary", "v_posted": 60, "posted_imputed": false, "v_safe": 50, "gap": 10, "R": 2.07, "exposure": 0.616, "vru_150m": 1, "sss": 20.2, "recommended": 50, "fatal_reduction_pct": 51.8, "why": "undivided arterial, side-impact intersections", "pop_density": 16805.5, "pop_density_peak": 27688.7, "v_design": 60, "design_gap": 10}}, {"type": "Feature", "geometry": {"type": "LineString", "coordinates": [[125.5994818, 7.0444681], [125.5997007, 7.0445062], [125.6001454, 7.0445835], [125.6007124, 7.044682], [125.6012794, 7.0447806], [125.6019357, 7.0448937], [125.6026755, 7.045019], [125.6028799, 7.0450578], [125.603057, 7.0450965], [125.6032241, 7.0451409], [125.6033958, 7.0451963], [125.6035475, 7.0452546], [125.6036965, 7.0453197], [125.6038422, 7.0453914], [125.6039846, 7.0454696], [125.6044689, 7.0457455], [125.6048726, 7.0459733], [125.6051912, 7.0461531], [125.6053448, 7.0462397]]}, "properties": {"city": "davao", "name": "Davao City Coastal Road", "highway": "primary", "v_posted": 60, "posted_imputed": false, "v_safe": 50, "gap": 10, "R": 2.07, "exposure": 0.221, "vru_150m": 0, "sss": 15.3, "recommended": 50, "fatal_reduction_pct": 51.8, "why": "undivided arterial, side-impact intersections", "pop_density": 7138.2, "pop_density_peak": 13303.3, "v_design": 60, "design_gap": 10}}, {"type": "Feature", "geometry": {"type": "LineString", "coordinates": [[125.5991644, 7.044413], [125.5994818, 7.0444681]]}, "properties": {"city": "davao", "name": "Davao City Coastal Road", "highway": "primary", "v_posted": 60, "posted_imputed": false, "v_safe": 50, "gap": 10, "R": 2.07, "exposure": 0.293, "vru_150m": 0, "sss": 16.2, "recommended": 50, "fatal_reduction_pct": 51.8, "why": "undivided arterial, side-impact intersections", "pop_density": 9478.2, "pop_density_peak": 11781.2, "v_design": 60, "design_gap": 10}}, {"type": "Feature", "geometry": {"type": "LineString", "coordinates": [[125.5917848, 7.0430136], [125.5918288, 7.0429795], [125.5918794, 7.0429562], [125.591934, 7.0429449], [125.5919898, 7.0429462], [125.5920439, 7.0429601], [125.5920933, 7.0429858], [125.5921356, 7.043022], [125.5921684, 7.0430668], [125.5921902, 7.0431178]]}, "properties": {"city": "davao", "name": "Times Beach Rotunda", "highway": "primary", "v_posted": 60, "posted_imputed": false, "v_safe": 50, "gap": 10, "R": 2.07, "exposure": 0.117, "vru_150m": 0, "sss": 14.0, "recommended": 50, "fatal_reduction_pct": 51.8, "why": "undivided arterial, side-impact intersections", "pop_density": 3779.4, "pop_density_peak": 3779.4, "v_design": 55, "design_gap": 5}}, {"type": "Feature", "geometry": {"type": "LineString", "coordinates": [[125.6053448, 7.0462397], [125.6057812, 7.0464941], [125.6064839, 7.0469036], [125.6071865, 7.047313], [125.6078891, 7.0477225], [125.6085918, 7.048132], [125.609023, 7.0483833]]}, "properties": {"city": "davao", "name": "Davao City Coastal Road", "highway": "primary", "v_posted": 60, "posted_imputed": false, "v_safe": 50, "gap": 10, "R": 2.07, "exposure": 0.355, "vru_150m": 0, "sss": 16.9, "recommended": 50, "fatal_reduction_pct": 51.8, "why": "undivided arterial, side-impact intersections", "pop_density": 11480.5, "pop_density_peak": 21865.4, "v_design": 60, "design_gap": 10}}, {"type": "Feature", "geometry": {"type": "LineString", "coordinates": [[125.5917209, 7.0432506], [125.5917125, 7.0431999], [125.591715, 7.0431486], [125.5917284, 7.043099], [125.591752, 7.0430533], [125.5917848, 7.0430136]]}, "properties": {"city": "davao", "name": "Times Beach Rotunda", "highway": "primary", "v_posted": 60, "posted_imputed": false, "v_safe": 50, "gap": 10, "R": 2.07, "exposure": 0.13, "vru_150m": 0, "sss": 14.1, "recommended": 50, "fatal_reduction_pct": 51.8, "why": "undivided arterial, side-impact intersections", "pop_density": 4215.1, "pop_density_peak": 4650.7, "v_design": 60, "design_gap": 10}}, {"type": "Feature", "geometry": {"type": "LineString", "coordinates": [[125.5917818, 7.0433555], [125.5917556, 7.0433241], [125.5917351, 7.0432888], [125.5917209, 7.0432506]]}, "properties": {"city": "davao", "name": "Times Beach Rotunda", "highway": "primary", "v_posted": 60, "posted_imputed": false, "v_safe": 50, "gap": 10, "R": 2.07, "exposure": 0.13, "vru_150m": 0, "sss": 14.1, "recommended": 50, "fatal_reduction_pct": 51.8, "why": "undivided arterial, side-impact intersections", "pop_density": 4215.1, "pop_density_peak": 4650.7, "v_design": 60, "design_gap": 10}}, {"type": "Feature", "geometry": {"type": "LineString", "coordinates": [[125.5920376, 7.0434143], [125.5919837, 7.0434266], [125.5919284, 7.0434266], [125.5918745, 7.0434142], [125.5918247, 7.0433901], [125.5917818, 7.0433555]]}, "properties": {"city": "davao", "name": "Times Beach Rotunda", "highway": "primary", "v_posted": 60, "posted_imputed": false, "v_safe": 50, "gap": 10, "R": 2.07, "exposure": 0.117, "vru_150m": 0, "sss": 14.0, "recommended": 50, "fatal_reduction_pct": 51.8, "why": "undivided arterial, side-impact intersections", "pop_density": 3779.4, "pop_density_peak": 3779.4, "v_design": 60, "design_gap": 10}}, {"type": "Feature", "geometry": {"type": "LineString", "coordinates": [[125.5921197, 7.0433657], [125.5920946, 7.0433854], [125.592067, 7.0434017], [125.5920376, 7.0434143]]}, "properties": {"city": "davao", "name": "Times Beach Rotunda", "highway": "primary", "v_posted": 60, "posted_imputed": false, "v_safe": 50, "gap": 10, "R": 2.07, "exposure": 0.117, "vru_150m": 0, "sss": 14.0, "recommended": 50, "fatal_reduction_pct": 51.8, "why": "undivided arterial, side-impact intersections", "pop_density": 3779.4, "pop_density_peak": 3779.4, "v_design": 60, "design_gap": 10}}, {"type": "Feature", "geometry": {"type": "LineString", "coordinates": [[125.5921902, 7.0431178], [125.5921996, 7.0431712], [125.5921969, 7.0432253], [125.592182, 7.0432775], [125.5921559, 7.0433251], [125.5921197, 7.0433657]]}, "properties": {"city": "davao", "name": "Times Beach Rotunda", "highway": "primary", "v_posted": 60, "posted_imputed": false, "v_safe": 50, "gap": 10, "R": 2.07, "exposure": 0.117, "vru_150m": 0, "sss": 14.0, "recommended": 50, "fatal_reduction_pct": 51.8, "why": "undivided arterial, side-impact intersections", "pop_density": 3779.4, "pop_density_peak": 3779.4, "v_design": 60, "design_gap": 10}}, {"type": "Feature", "geometry": {"type": "LineString", "coordinates": [[125.5843706, 7.0542078], [125.5845079, 7.0536277], [125.5845549, 7.0534295], [125.5845756, 7.0533417], [125.5846111, 7.0531918], [125.5846973, 7.0528277], [125.5847548, 7.0525848], [125.5848386, 7.0522309], [125.5848751, 7.0520768], [125.5849147, 7.0519095], [125.5849728, 7.0516641], [125.5850977, 7.0511366], [125.5851227, 7.0510309], [125.5852255, 7.050597], [125.5853103, 7.0502388]]}, "properties": {"city": "davao", "name": "Colonel Emilio D. Escandor Street", "highway": "unclassified", "v_posted": 40, "posted_imputed": false, "v_safe": 30, "gap": 10, "R": 3.16, "exposure": 0.125, "vru_150m": 0, "sss": 14.1, "recommended": 30, "fatal_reduction_pct": 68.4, "why": "local road, frontage/pedestrian mixing", "pop_density": 4029.4, "pop_density_peak": 12540.3, "v_design": 40, "design_gap": 10}}, {"type": "Feature", "geometry": {"type": "LineString", "coordinates": [[125.5967947, 7.0622284], [125.5957218, 7.0619707], [125.5940549, 7.0615702], [125.5934352, 7.0614214], [125.5933604, 7.0614034], [125.5929431, 7.0613032], [125.5927468, 7.061256], [125.5915502, 7.0609686], [125.5910783, 7.0608552]]}, "properties": {"city": "davao", "name": "Camia Street", "highway": "residential", "v_posted": 40, "posted_imputed": false, "v_safe": 30, "gap": 10, "R": 3.16, "exposure": 0.449, "vru_150m": 1, "sss": 18.1, "recommended": 30, "fatal_reduction_pct": 68.4, "why": "local road, frontage/pedestrian mixing", "pop_density": 10057.8, "pop_density_peak": 11096.9, "v_design": 35, "design_gap": 5}}, {"type": "Feature", "geometry": {"type": "LineString", "coordinates": [[125.590985, 7.0588648], [125.5926573, 7.0592624], [125.5931925, 7.0593897], [125.5938151, 7.0595377], [125.5938899, 7.0595557], [125.5945036, 7.0597013], [125.5952893, 7.0599038], [125.5953223, 7.0599064], [125.5953529, 7.0598969]]}, "properties": {"city": "davao", "name": "Molave Street", "highway": "residential", "v_posted": 40, "posted_imputed": false, "v_safe": 30, "gap": 10, "R": 3.16, "exposure": 0.643, "vru_150m": 2, "sss": 20.5, "recommended": 30, "fatal_reduction_pct": 68.4, "why": "local road, frontage/pedestrian mixing", "pop_density": 13092.8, "pop_density_peak": 14443.1, "v_design": 35, "design_gap": 5}}, {"type": "Feature", "geometry": {"type": "LineString", "coordinates": [[125.5904023, 7.0586816], [125.5903953, 7.058642], [125.5903983, 7.0586037], [125.5908204, 7.056831], [125.5908444, 7.0567305], [125.5908683, 7.0566299], [125.5908834, 7.0565668]]}, "properties": {"city": "davao", "name": "Calamansi Street", "highway": "residential", "v_posted": 40, "posted_imputed": false, "v_safe": 30, "gap": 10, "R": 3.16, "exposure": 0.579, "vru_150m": 2, "sss": 19.7, "recommended": 30, "fatal_reduction_pct": 68.4, "why": "pedestrian activity (1 VRU site<=50m)", "pop_density": 9675.6, "pop_density_peak": 11797.3, "v_design": 35, "design_gap": 5}}, {"type": "Feature", "geometry": {"type": "LineString", "coordinates": [[125.5905711, 7.0525545], [125.5906036, 7.0525421], [125.5906478, 7.0525448], [125.5910477, 7.0526391], [125.5917826, 7.0528125], [125.5924036, 7.0529641], [125.5930066, 7.0531081], [125.5938402, 7.0533071], [125.5945935, 7.0534869], [125.595218, 7.0536383], [125.5958822, 7.0537993], [125.5967934, 7.0540202], [125.597411, 7.05417], [125.598034, 7.054321], [125.5986622, 7.0544733]]}, "properties": {"city": "davao", "name": "Luisa Street", "highway": "residential", "v_posted": 40, "posted_imputed": false, "v_safe": 30, "gap": 10, "R": 3.16, "exposure": 1.0, "vru_150m": 0, "sss": 25.0, "recommended": 30, "fatal_reduction_pct": 68.4, "why": "local road, frontage/pedestrian mixing", "pop_density": 43156.8, "pop_density_peak": 59386.0, "v_design": 35, "design_gap": 5}}, {"type": "Feature", "geometry": {"type": "LineString", "coordinates": [[125.5883674, 7.058852], [125.5889784, 7.0589948], [125.5896254, 7.0591459], [125.5908484, 7.0594375]]}, "properties": {"city": "davao", "name": "Sampaguita Street", "highway": "residential", "v_posted": 40, "posted_imputed": false, "v_safe": 30, "gap": 10, "R": 3.16, "exposure": 0.329, "vru_150m": 0, "sss": 16.6, "recommended": 30, "fatal_reduction_pct": 68.4, "why": "local road, frontage/pedestrian mixing", "pop_density": 10633.3, "pop_density_peak": 11797.3, "v_design": 35, "design_gap": 5}}, {"type": "Feature", "geometry": {"type": "LineString", "coordinates": [[125.5909836, 7.061258], [125.5910361, 7.0610345], [125.5910783, 7.0608552], [125.5911699, 7.0604653], [125.5912472, 7.0601363], [125.5912816, 7.0599903], [125.5913817, 7.0595641]]}, "properties": {"city": "davao", "name": "Duhat Street", "highway": "residential", "v_posted": 40, "posted_imputed": false, "v_safe": 30, "gap": 10, "R": 3.16, "exposure": 0.316, "vru_150m": 0, "sss": 16.5, "recommended": 30, "fatal_reduction_pct": 68.4, "why": "local road, frontage/pedestrian mixing", "pop_density": 10225.1, "pop_density_peak": 10552.4, "v_design": 35, "design_gap": 5}}, {"type": "Feature", "geometry": {"type": "LineString", "coordinates": [[125.5890138, 7.0561112], [125.589644, 7.0562647], [125.5902686, 7.0564168], [125.5908834, 7.0565668]]}, "properties": {"city": "davao", "name": "Marang Street", "highway": "residential", "v_posted": 40, "posted_imputed": false, "v_safe": 30, "gap": 10, "R": 3.16, "exposure": 0.552, "vru_150m": 2, "sss": 19.4, "recommended": 30, "fatal_reduction_pct": 68.4, "why": "pedestrian activity (1 VRU site<=50m)", "pop_density": 8188.7, "pop_density_peak": 8614.8, "v_design": 35, "design_gap": 5}}, {"type": "Feature", "geometry": {"type": "LineString", "coordinates": [[125.5913, 7.0548226], [125.5907483, 7.0546939], [125.590713, 7.0546911], [125.5906749, 7.054699]]}, "properties": {"city": "davao", "name": "Kamuning Street", "highway": "residential", "v_posted": 40, "posted_imputed": false, "v_safe": 30, "gap": 10, "R": 3.16, "exposure": 0.364, "vru_150m": 0, "sss": 17.1, "recommended": 30, "fatal_reduction_pct": 68.4, "why": "local road, frontage/pedestrian mixing", "pop_density": 11783.1, "pop_density_peak": 12049.2, "v_design": 35, "design_gap": 5}}, {"type": "Feature", "geometry": {"type": "LineString", "coordinates": [[125.5904419, 7.0611312], [125.5904887, 7.0609367], [125.5907013, 7.0600505]]}, "properties": {"city": "davao", "name": "Durian Street", "highway": "residential", "v_posted": 40, "posted_imputed": false, "v_safe": 30, "gap": 10, "R": 3.16, "exposure": 0.312, "vru_150m": 0, "sss": 16.4, "recommended": 30, "fatal_reduction_pct": 68.4, "why": "local road, frontage/pedestrian mixing", "pop_density": 10089.4, "pop_density_peak": 10349.5, "v_design": 35, "design_gap": 5}}, {"type": "Feature", "geometry": {"type": "LineString", "coordinates": [[125.5912472, 7.0601363], [125.5929183, 7.0605379]]}, "properties": {"city": "davao", "name": "Sampaloc Street", "highway": "residential", "v_posted": 40, "posted_imputed": false, "v_safe": 30, "gap": 10, "R": 3.16, "exposure": 0.477, "vru_150m": 1, "sss": 18.5, "recommended": 30, "fatal_reduction_pct": 68.4, "why": "local road, frontage/pedestrian mixing", "pop_density": 11211.8, "pop_density_peak": 12525.7, "v_design": 35, "design_gap": 5}}, {"type": "Feature", "geometry": {"type": "LineString", "coordinates": [[125.5735494, 7.06378], [125.5716236, 7.0629442], [125.5716015, 7.0629285], [125.571589, 7.0629082]]}, "properties": {"city": "davao", "name": "Polaris Street", "highway": "residential", "v_posted": 40, "posted_imputed": false, "v_safe": 30, "gap": 10, "R": 3.16, "exposure": 0.174, "vru_150m": 0, "sss": 14.7, "recommended": 30, "fatal_reduction_pct": 68.4, "why": "local road, frontage/pedestrian mixing", "pop_density": 5636.5, "pop_density_peak": 6879.0, "v_design": 35, "design_gap": 5}}, {"type": "Feature", "geometry": {"type": "LineString", "coordinates": [[125.5751601, 7.0560415], [125.5753667, 7.0565185], [125.5755884, 7.0570468], [125.5757898, 7.0575267], [125.5758836, 7.0577495], [125.5759184, 7.0578244], [125.5759567, 7.057885], [125.5760279, 7.0579563], [125.5761351, 7.0580463], [125.5762475, 7.0581393], [125.5764464, 7.058297], [125.5767763, 7.0585435], [125.5768271, 7.0586], [125.5768566, 7.0586526], [125.57687, 7.0587251], [125.5768674, 7.0588028], [125.5768184, 7.059102], [125.5767741, 7.0594067], [125.5767337, 7.0596115], [125.5767033, 7.059743], [125.576673, 7.0598272], [125.5766399, 7.0599089], [125.5765918, 7.0599975], [125.5764886, 7.0601563], [125.5761756, 7.0605716], [125.575566, 7.0614236], [125.5744641, 7.0628903], [125.574393, 7.0629681], [125.5743078, 7.0630154], [125.5742481, 7.063038], [125.5741301, 7.0630513]]}, "properties": {"city": "davao", "name": "Aquarius Street", "highway": "residential", "v_posted": 40, "posted_imputed": false, "v_safe": 30, "gap": 10, "R": 3.16, "exposure": 0.176, "vru_150m": 0, "sss": 14.7, "recommended": 30, "fatal_reduction_pct": 68.4, "why": "local road, frontage/pedestrian mixing", "pop_density": 5689.0, "pop_density_peak": 11000.7, "v_design": 30, "design_gap": 0}}, {"type": "Feature", "geometry": {"type": "LineString", "coordinates": [[125.5744949, 7.064516], [125.575731, 7.0627937], [125.5774722, 7.0604706]]}, "properties": {"city": "davao", "name": "Mercury Street", "highway": "residential", "v_posted": 40, "posted_imputed": false, "v_safe": 30, "gap": 10, "R": 3.16, "exposure": 0.136, "vru_150m": 0, "sss": 14.2, "recommended": 30, "fatal_reduction_pct": 68.4, "why": "local road, frontage/pedestrian mixing", "pop_density": 4398.7, "pop_density_peak": 8017.0, "v_design": 35, "design_gap": 5}}, {"type": "Feature", "geometry": {"type": "LineString", "coordinates": [[125.5715794, 7.0624212], [125.571966, 7.0625905], [125.5724063, 7.0627772], [125.5728915, 7.0629746], [125.5731962, 7.063092], [125.573298, 7.0631218], [125.5734066, 7.0631398], [125.5735528, 7.0631491]]}, "properties": {"city": "davao", "name": "Comet Street", "highway": "residential", "v_posted": 40, "posted_imputed": false, "v_safe": 30, "gap": 10, "R": 3.16, "exposure": 0.11, "vru_150m": 0, "sss": 13.9, "recommended": 30, "fatal_reduction_pct": 68.4, "why": "local road, frontage/pedestrian mixing", "pop_density": 3556.8, "pop_density_peak": 5364.9, "v_design": 35, "design_gap": 5}}, {"type": "Feature", "geometry": {"type": "LineString", "coordinates": [[125.5724063, 7.0627772], [125.5724657, 7.0625977], [125.572483, 7.0625337], [125.5725195, 7.060959]]}, "properties": {"city": "davao", "name": "Planet Street", "highway": "residential", "v_posted": 40, "posted_imputed": false, "v_safe": 30, "gap": 10, "R": 3.16, "exposure": 0.093, "vru_150m": 0, "sss": 13.7, "recommended": 30, "fatal_reduction_pct": 68.4, "why": "local road, frontage/pedestrian mixing", "pop_density": 2992.8, "pop_density_peak": 3083.3, "v_design": 35, "design_gap": 5}}, {"type": "Feature", "geometry": {"type": "LineString", "coordinates": [[125.5728915, 7.0629746], [125.573023, 7.0627432], [125.5730405, 7.062662], [125.5730472, 7.0625935], [125.5730457, 7.0609548], [125.5730438, 7.0605132]]}, "properties": {"city": "davao", "name": "Galaxy Street", "highway": "residential", "v_posted": 40, "posted_imputed": false, "v_safe": 30, "gap": 10, "R": 3.16, "exposure": 0.084, "vru_150m": 0, "sss": 13.6, "recommended": 30, "fatal_reduction_pct": 68.4, "why": "local road, frontage/pedestrian mixing", "pop_density": 2727.2, "pop_density_peak": 2776.3, "v_design": 35, "design_gap": 5}}, {"type": "Feature", "geometry": {"type": "LineString", "coordinates": [[125.5702207, 7.0587619], [125.5725792, 7.0577362]]}, "properties": {"city": "davao", "name": "Lunar Street", "highway": "residential", "v_posted": 40, "posted_imputed": false, "v_safe": 30, "gap": 10, "R": 3.16, "exposure": 0.257, "vru_150m": 0, "sss": 15.7, "recommended": 30, "fatal_reduction_pct": 68.4, "why": "local road, frontage/pedestrian mixing", "pop_density": 8323.2, "pop_density_peak": 9134.6, "v_design": 35, "design_gap": 5}}, {"type": "Feature", "geometry": {"type": "LineString", "coordinates": [[125.5785819, 7.0581681], [125.578596, 7.0582659], [125.5786162, 7.0583604], [125.5786456, 7.0584396], [125.5786798, 7.0585048], [125.578722, 7.0585727], [125.5788467, 7.0587365]]}, "properties": {"city": "davao", "name": "Maple Extension", "highway": "residential", "v_posted": 40, "posted_imputed": false, "v_safe": 30, "gap": 10, "R": 3.16, "exposure": 0.432, "vru_150m": 1, "sss": 17.9, "recommended": 30, "fatal_reduction_pct": 68.4, "why": "local road, frontage/pedestrian mixing", "pop_density": 9374.9, "pop_density_peak": 11670.1, "v_design": 35, "design_gap": 5}}, {"type": "Feature", "geometry": {"type": "LineString", "coordinates": [[125.5710035, 7.0603621], [125.5714423, 7.0601448], [125.5718811, 7.0599189], [125.5720152, 7.0598597], [125.5721198, 7.0598324], [125.572276, 7.0598098], [125.5723786, 7.0598058], [125.5725624, 7.0598138], [125.5728754, 7.0597888], [125.5730378, 7.0597572], [125.57318, 7.0597177], [125.5733228, 7.0596687], [125.5734821, 7.0596053], [125.5744612, 7.0591688], [125.5749242, 7.0589408], [125.5753545, 7.0587676]]}, "properties": {"city": "davao", "name": "Venus Street", "highway": "residential", "v_posted": 40, "posted_imputed": false, "v_safe": 30, "gap": 10, "R": 3.16, "exposure": 0.28, "vru_150m": 1, "sss": 16.0, "recommended": 30, "fatal_reduction_pct": 68.4, "why": "local road, frontage/pedestrian mixing", "pop_density": 3242.7, "pop_density_peak": 4034.8, "v_design": 35, "design_gap": 5}}, {"type": "Feature", "geometry": {"type": "LineString", "coordinates": [[125.5743417, 7.0575722], [125.5749242, 7.0589408]]}, "properties": {"city": "davao", "name": "Scorpio Street", "highway": "residential", "v_posted": 40, "posted_imputed": false, "v_safe": 30, "gap": 10, "R": 3.16, "exposure": 0.649, "vru_150m": 3, "sss": 20.6, "recommended": 30, "fatal_reduction_pct": 68.4, "why": "local road, frontage/pedestrian mixing", "pop_density": 3945.5, "pop_density_peak": 5491.5, "v_design": 35, "design_gap": 5}}, {"type": "Feature", "geometry": {"type": "LineString", "coordinates": [[125.5747757, 7.0573866], [125.5753545, 7.0587676], [125.5767033, 7.059743]]}, "properties": {"city": "davao", "name": "Sagittarius Street", "highway": "residential", "v_posted": 40, "posted_imputed": false, "v_safe": 30, "gap": 10, "R": 3.16, "exposure": 0.349, "vru_150m": 1, "sss": 16.9, "recommended": 30, "fatal_reduction_pct": 68.4, "why": "local road, frontage/pedestrian mixing", "pop_density": 6012.8, "pop_density_peak": 8512.3, "v_design": 35, "design_gap": 5}}, {"type": "Feature", "geometry": {"type": "LineString", "coordinates": [[125.5752091, 7.0572054], [125.5753717, 7.0576373], [125.57555, 7.0580532], [125.5755984, 7.0581433], [125.5756452, 7.0582035], [125.5757035, 7.0582608], [125.5758098, 7.0583445], [125.5768184, 7.059102]]}, "properties": {"city": "davao", "name": "Capricorn Street", "highway": "residential", "v_posted": 40, "posted_imputed": false, "v_safe": 30, "gap": 10, "R": 3.16, "exposure": 0.222, "vru_150m": 0, "sss": 15.3, "recommended": 30, "fatal_reduction_pct": 68.4, "why": "local road, frontage/pedestrian mixing", "pop_density": 7175.1, "pop_density_peak": 10603.7, "v_design": 35, "design_gap": 5}}, {"type": "Feature", "geometry": {"type": "LineString", "coordinates": [[125.571819, 7.058658], [125.5723786, 7.0598058]]}, "properties": {"city": "davao", "name": "Cancer Street", "highway": "residential", "v_posted": 40, "posted_imputed": false, "v_safe": 30, "gap": 10, "R": 3.16, "exposure": 0.093, "vru_150m": 0, "sss": 13.7, "recommended": 30, "fatal_reduction_pct": 68.4, "why": "local road, frontage/pedestrian mixing", "pop_density": 3003.4, "pop_density_peak": 3042.1, "v_design": 35, "design_gap": 5}}, {"type": "Feature", "geometry": {"type": "LineString", "coordinates": [[125.5722748, 7.0584618], [125.5728754, 7.0597888]]}, "properties": {"city": "davao", "name": "Leo Street", "highway": "residential", "v_posted": 40, "posted_imputed": false, "v_safe": 30, "gap": 10, "R": 3.16, "exposure": 0.308, "vru_150m": 1, "sss": 16.4, "recommended": 30, "fatal_reduction_pct": 68.4, "why": "local road, frontage/pedestrian mixing", "pop_density": 4373.9, "pop_density_peak": 5985.7, "v_design": 35, "design_gap": 5}}, {"type": "Feature", "geometry": {"type": "LineString", "coordinates": [[125.5733406, 7.056716], [125.573373, 7.0567564], [125.5733985, 7.0567968], [125.5734797, 7.0569297], [125.5736389, 7.0572755], [125.5738482, 7.0577842], [125.5740389, 7.058214], [125.5744612, 7.0591688], [125.5746565, 7.0596348]]}, "properties": {"city": "davao", "name": "Libra Street", "highway": "residential", "v_posted": 40, "posted_imputed": false, "v_safe": 30, "gap": 10, "R": 3.16, "exposure": 0.165, "vru_150m": 0, "sss": 14.6, "recommended": 30, "fatal_reduction_pct": 68.4, "why": "local road, frontage/pedestrian mixing", "pop_density": 5330.1, "pop_density_peak": 11052.6, "v_design": 35, "design_gap": 5}}, {"type": "Feature", "geometry": {"type": "LineString", "coordinates": [[125.571966, 7.0625905], [125.5720066, 7.0624105], [125.5720112, 7.0623246], [125.5719985, 7.0611222], [125.5720058, 7.0610832], [125.5720306, 7.0610393], [125.5720745, 7.061002], [125.5721248, 7.0609757], [125.5721959, 7.0609624], [125.5722646, 7.0609611], [125.5725195, 7.060959], [125.5730457, 7.0609548], [125.573556, 7.0609507], [125.5741133, 7.0609462], [125.5743339, 7.0609445], [125.574513, 7.0609624], [125.5746357, 7.060981], [125.5747772, 7.0610209], [125.5749388, 7.0610722], [125.5751237, 7.0611612], [125.5753961, 7.0613191], [125.575566, 7.0614236], [125.5759884, 7.0617031]]}, "properties": {"city": "davao", "name": "Jupiter Street", "highway": "residential", "v_posted": 40, "posted_imputed": false, "v_safe": 30, "gap": 10, "R": 3.16, "exposure": 0.087, "vru_150m": 0, "sss": 13.6, "recommended": 30, "fatal_reduction_pct": 68.4, "why": "local road, frontage/pedestrian mixing", "pop_density": 2815.7, "pop_density_peak": 3141.1, "v_design": 25, "design_gap": -5}}, {"type": "Feature", "geometry": {"type": "LineString", "coordinates": [[125.5741301, 7.0622494], [125.5742617, 7.0621802], [125.574362, 7.0621288], [125.5744334, 7.0620735], [125.5746116, 7.0618608], [125.5751237, 7.0611612]]}, "properties": {"city": "davao", "name": "Eagle Street", "highway": "residential", "v_posted": 40, "posted_imputed": false, "v_safe": 30, "gap": 10, "R": 3.16, "exposure": 0.262, "vru_150m": 1, "sss": 15.8, "recommended": 30, "fatal_reduction_pct": 68.4, "why": "local road, frontage/pedestrian mixing", "pop_density": 2508.4, "pop_density_peak": 2744.7, "v_design": 35, "design_gap": 5}}, {"type": "Feature", "geometry": {"type": "LineString", "coordinates": [[125.5643509, 7.0614422], [125.5660372, 7.0607102], [125.5660922, 7.0606962], [125.5661499, 7.0606909], [125.5662324, 7.0606955]]}, "properties": {"city": "davao", "name": "C. Villafuerte Street", "highway": "residential", "v_posted": 40, "posted_imputed": false, "v_safe": 30, "gap": 10, "R": 3.16, "exposure": 0.306, "vru_150m": 0, "sss": 16.3, "recommended": 30, "fatal_reduction_pct": 68.4, "why": "local road, frontage/pedestrian mixing", "pop_density": 9895.1, "pop_density_peak": 10521.6, "v_design": 35, "design_gap": 5}}, {"type": "Feature", "geometry": {"type": "LineString", "coordinates": [[125.566293, 7.0598013], [125.5664764, 7.0602231], [125.5665086, 7.0603156], [125.5665086, 7.0603781], [125.5665026, 7.0604247], [125.5664744, 7.0604813], [125.5664214, 7.0605338], [125.5663329, 7.060607], [125.5662324, 7.0606955], [125.5661941, 7.0607834], [125.5661472, 7.0609245], [125.5659846, 7.0614722], [125.5656817, 7.0622921]]}, "properties": {"city": "davao", "name": "Balusong Avenue", "highway": "residential", "v_posted": 40, "posted_imputed": false, "v_safe": 30, "gap": 10, "R": 3.16, "exposure": 0.281, "vru_150m": 0, "sss": 16.0, "recommended": 30, "fatal_reduction_pct": 68.4, "why": "local road, frontage/pedestrian mixing", "pop_density": 9084.3, "pop_density_peak": 13126.2, "v_design": 35, "design_gap": 5}}, {"type": "Feature", "geometry": {"type": "LineString", "coordinates": [[125.5641451, 7.0655538], [125.5641054, 7.0665353], [125.5639872, 7.0687603], [125.5639414, 7.0694999], [125.5639283, 7.0696959], [125.5639151, 7.0697641], [125.5639022, 7.069805], [125.5638861, 7.0698383], [125.5638598, 7.069877], [125.5638426, 7.0698972], [125.5638214, 7.069917], [125.5638009, 7.0699335]]}, "properties": {"city": "davao", "name": "Mount Apo Street", "highway": "residential", "v_posted": 40, "posted_imputed": false, "v_safe": 30, "gap": 10, "R": 3.16, "exposure": 0.102, "vru_150m": 0, "sss": 13.8, "recommended": 30, "fatal_reduction_pct": 68.4, "why": "local road, frontage/pedestrian mixing", "pop_density": 3300.7, "pop_density_peak": 9304.5, "v_design": 35, "design_gap": 5}}, {"type": "Feature", "geometry": {"type": "LineString", "coordinates": [[125.5804816, 7.0528051], [125.5806426, 7.0529328], [125.58067, 7.0529627], [125.5806848, 7.0529987], [125.5806895, 7.0530393], [125.5806888, 7.0530785], [125.5806624, 7.0531896], [125.5806133, 7.053396], [125.5805429, 7.0536919], [125.5804396, 7.0541266], [125.5803314, 7.0545445], [125.5802498, 7.0548599], [125.580171, 7.0551797], [125.580093, 7.0554963], [125.5800094, 7.0558358], [125.5799345, 7.0561399], [125.5798537, 7.0564675], [125.5797773, 7.0567776], [125.5796979, 7.0570998], [125.579632, 7.0573802], [125.5796126, 7.0574574], [125.5795918, 7.0575299], [125.5795629, 7.0575998], [125.5795112, 7.0577167]]}, "properties": {"city": "davao", "name": "Mercedes Benz Street", "highway": "residential", "v_posted": 40, "posted_imputed": false, "v_safe": 30, "gap": 10, "R": 3.16, "exposure": 0.237, "vru_150m": 0, "sss": 15.5, "recommended": 30, "fatal_reduction_pct": 68.4, "why": "local road, frontage/pedestrian mixing", "pop_density": 7669.0, "pop_density_peak": 10136.4, "v_design": 35, "design_gap": 5}}, {"type": "Feature", "geometry": {"type": "LineString", "coordinates": [[125.5798537, 7.0564675], [125.5793255, 7.0563327], [125.579008, 7.0562534]]}, "properties": {"city": "davao", "name": "Toyota Street", "highway": "residential", "v_posted": 40, "posted_imputed": false, "v_safe": 30, "gap": 10, "R": 3.16, "exposure": 0.238, "vru_150m": 0, "sss": 15.5, "recommended": 30, "fatal_reduction_pct": 68.4, "why": "local road, frontage/pedestrian mixing", "pop_density": 7696.7, "pop_density_peak": 9970.8, "v_design": 35, "design_gap": 5}}, {"type": "Feature", "geometry": {"type": "LineString", "coordinates": [[125.5799345, 7.0561399], [125.5790959, 7.0559271]]}, "properties": {"city": "davao", "name": "Cortina Street", "highway": "residential", "v_posted": 40, "posted_imputed": false, "v_safe": 30, "gap": 10, "R": 3.16, "exposure": 0.216, "vru_150m": 0, "sss": 15.2, "recommended": 30, "fatal_reduction_pct": 68.4, "why": "local road, frontage/pedestrian mixing", "pop_density": 6974.2, "pop_density_peak": 8525.6, "v_design": 35, "design_gap": 5}}, {"type": "Feature", "geometry": {"type": "LineString", "coordinates": [[125.5800094, 7.0558358], [125.5791771, 7.0556252]]}, "properties": {"city": "davao", "name": "Mirage Street", "highway": "residential", "v_posted": 40, "posted_imputed": false, "v_safe": 30, "gap": 10, "R": 3.16, "exposure": 0.188, "vru_150m": 0, "sss": 14.9, "recommended": 30, "fatal_reduction_pct": 68.4, "why": "local road, frontage/pedestrian mixing", "pop_density": 6096.5, "pop_density_peak": 8525.6, "v_design": 35, "design_gap": 5}}, {"type": "Feature", "geometry": {"type": "LineString", "coordinates": [[125.580093, 7.0554963], [125.5792697, 7.0552813]]}, "properties": {"city": "davao", "name": "Laser Street", "highway": "residential", "v_posted": 40, "posted_imputed": false, "v_safe": 30, "gap": 10, "R": 3.16, "exposure": 0.166, "vru_150m": 0, "sss": 14.6, "recommended": 30, "fatal_reduction_pct": 68.4, "why": "local road, frontage/pedestrian mixing", "pop_density": 5356.3, "pop_density_peak": 7045.2, "v_design": 35, "design_gap": 5}}, {"type": "Feature", "geometry": {"type": "LineString", "coordinates": [[125.5802498, 7.0548599], [125.5794711, 7.0546605]]}, "properties": {"city": "davao", "name": "Telstar Street", "highway": "residential", "v_posted": 40, "posted_imputed": false, "v_safe": 30, "gap": 10, "R": 3.16, "exposure": 0.154, "vru_150m": 0, "sss": 14.4, "recommended": 30, "fatal_reduction_pct": 68.4, "why": "local road, frontage/pedestrian mixing", "pop_density": 4994.5, "pop_density_peak": 7045.2, "v_design": 35, "design_gap": 5}}, {"type": "Feature", "geometry": {"type": "LineString", "coordinates": [[125.5793517, 7.0549765], [125.580171, 7.0551797]]}, "properties": {"city": "davao", "name": "Lancer Street", "highway": "residential", "v_posted": 40, "posted_imputed": false, "v_safe": 30, "gap": 10, "R": 3.16, "exposure": 0.154, "vru_150m": 0, "sss": 14.4, "recommended": 30, "fatal_reduction_pct": 68.4, "why": "local road, frontage/pedestrian mixing", "pop_density": 4994.5, "pop_density_peak": 7045.2, "v_design": 35, "design_gap": 5}}, {"type": "Feature", "geometry": {"type": "LineString", "coordinates": [[125.5882234, 7.059463], [125.5887203, 7.0595808], [125.5892542, 7.0597074], [125.5898084, 7.0598388], [125.5902823, 7.0599512], [125.5907013, 7.0600505]]}, "properties": {"city": "davao", "name": "Orchid Street", "highway": "residential", "v_posted": 40, "posted_imputed": false, "v_safe": 30, "gap": 10, "R": 3.16, "exposure": 0.309, "vru_150m": 0, "sss": 16.4, "recommended": 30, "fatal_reduction_pct": 68.4, "why": "local road, frontage/pedestrian mixing", "pop_density": 9981.0, "pop_density_peak": 10349.5, "v_design": 35, "design_gap": 5}}, {"type": "Feature", "geometry": {"type": "LineString", "coordinates": [[125.5752279, 7.065027], [125.5748583, 7.0648021], [125.5744949, 7.064516], [125.5742924, 7.0643257], [125.5742159, 7.0642178], [125.574169, 7.0641021], [125.5741449, 7.0640142], [125.5741341, 7.0639463], [125.5741324, 7.0637081], [125.5741281, 7.0631278], [125.5741301, 7.0630513], [125.5741301, 7.0622494], [125.5741133, 7.0609462], [125.5741059, 7.0608386], [125.5740912, 7.0607388], [125.5740577, 7.0606337], [125.5739401, 7.0603925], [125.5734821, 7.0596053]]}, "properties": {"city": "davao", "name": "Virgo Street", "highway": "residential", "v_posted": 40, "posted_imputed": false, "v_safe": 30, "gap": 10, "R": 3.16, "exposure": 0.082, "vru_150m": 0, "sss": 13.5, "recommended": 30, "fatal_reduction_pct": 68.4, "why": "local road, frontage/pedestrian mixing", "pop_density": 2660.1, "pop_density_peak": 3151.4, "v_design": 35, "design_gap": 5}}, {"type": "Feature", "geometry": {"type": "LineString", "coordinates": [[125.573556, 7.0609507], [125.5735528, 7.0631491], [125.5735494, 7.06378], [125.5736104, 7.0645013], [125.5736466, 7.0645865], [125.5736876, 7.0646437], [125.5737573, 7.0647043], [125.5743031, 7.0651049], [125.5745185, 7.0652659]]}, "properties": {"city": "davao", "name": "Milky Way Street", "highway": "residential", "v_posted": 40, "posted_imputed": false, "v_safe": 30, "gap": 10, "R": 3.16, "exposure": 0.086, "vru_150m": 0, "sss": 13.6, "recommended": 30, "fatal_reduction_pct": 68.4, "why": "local road, frontage/pedestrian mixing", "pop_density": 2795.0, "pop_density_peak": 3182.1, "v_design": 35, "design_gap": 5}}, {"type": "Feature", "geometry": {"type": "LineString", "coordinates": [[125.5783259, 7.0599359], [125.5783459, 7.0599675], [125.5783526, 7.0599981], [125.5783452, 7.0600287], [125.5783224, 7.0600673], [125.5781173, 7.0603509], [125.5778094, 7.0607648], [125.5761308, 7.0630807], [125.5748583, 7.0648021], [125.5745185, 7.0652659], [125.574314, 7.0655419]]}, "properties": {"city": "davao", "name": "Pluto Street", "highway": "residential", "v_posted": 40, "posted_imputed": false, "v_safe": 30, "gap": 10, "R": 3.16, "exposure": 0.135, "vru_150m": 0, "sss": 14.2, "recommended": 30, "fatal_reduction_pct": 68.4, "why": "local road, frontage/pedestrian mixing", "pop_density": 4351.0, "pop_density_peak": 9957.4, "v_design": 35, "design_gap": 5}}, {"type": "Feature", "geometry": {"type": "LineString", "coordinates": [[125.5909583, 7.0807786], [125.5905999, 7.0808795], [125.5903357, 7.0809539], [125.5899121, 7.0810572], [125.5894248, 7.0811761], [125.5888903, 7.0813146], [125.5884305, 7.0814338], [125.5879217, 7.0815657], [125.5876359, 7.0816398], [125.5874976, 7.0816487]]}, "properties": {"city": "davao", "name": "J. P. Rodriguez Street", "highway": "residential", "v_posted": 40, "posted_imputed": false, "v_safe": 30, "gap": 10, "R": 3.16, "exposure": 0.216, "vru_150m": 1, "sss": 15.2, "recommended": 30, "fatal_reduction_pct": 68.4, "why": "local road, frontage/pedestrian mixing", "pop_density": 647.4, "pop_density_peak": 1009.2, "v_design": 35, "design_gap": 5}}, {"type": "Feature", "geometry": {"type": "LineString", "coordinates": [[125.5905711, 7.0525545], [125.5905452, 7.0525838], [125.5905298, 7.052622], [125.5904855, 7.052801], [125.5903691, 7.0532716], [125.5903177, 7.0534794], [125.5902823, 7.0536232], [125.5902126, 7.053908], [125.5901378, 7.0542159], [125.5900681, 7.0545082], [125.5900362, 7.0546391]]}, "properties": {"city": "davao", "name": "Kasoy Street", "highway": "residential", "v_posted": 40, "posted_imputed": false, "v_safe": 30, "gap": 10, "R": 3.16, "exposure": 0.432, "vru_150m": 0, "sss": 17.9, "recommended": 30, "fatal_reduction_pct": 68.4, "why": "local road, frontage/pedestrian mixing", "pop_density": 13963.2, "pop_density_peak": 15147.2, "v_design": 35, "design_gap": 5}}, {"type": "Feature", "geometry": {"type": "LineString", "coordinates": [[125.5879673, 7.0605486], [125.5879821, 7.060486], [125.5880005, 7.0604078], [125.5880138, 7.0603517], [125.5880467, 7.0602123], [125.5880783, 7.0600783], [125.5881184, 7.0599084], [125.5881756, 7.0596658], [125.5882234, 7.059463]]}, "properties": {"city": "davao", "name": "Carlos Villa-Abrille Drive", "highway": "secondary", "v_posted": 40, "posted_imputed": false, "v_safe": 30, "gap": 10, "R": 3.16, "exposure": 0.584, "vru_150m": 2, "sss": 19.8, "recommended": 30, "fatal_reduction_pct": 68.4, "why": "pedestrian activity (1 VRU site<=50m)", "pop_density": 9931.3, "pop_density_peak": 10393.4, "v_design": 50, "design_gap": 20}}, {"type": "Feature", "geometry": {"type": "LineString", "coordinates": [[125.5912833, 7.0576141], [125.5916214, 7.0576941], [125.5920716, 7.0578007], [125.5926481, 7.0579371], [125.5931843, 7.058064], [125.5935023, 7.0581393]]}, "properties": {"city": "davao", "name": "Carlos Avenue", "highway": "residential", "v_posted": 40, "posted_imputed": false, "v_safe": 30, "gap": 10, "R": 3.16, "exposure": 0.543, "vru_150m": 1, "sss": 19.3, "recommended": 30, "fatal_reduction_pct": 68.4, "why": "pedestrian activity (1 VRU site<=50m)", "pop_density": 13881.2, "pop_density_peak": 15303.1, "v_design": 35, "design_gap": 5}}, {"type": "Feature", "geometry": {"type": "LineString", "coordinates": [[125.5860199, 7.055909], [125.5864108, 7.0560056], [125.5865828, 7.0560478], [125.5880885, 7.056419], [125.5885571, 7.0565345], [125.5888943, 7.0566178]]}, "properties": {"city": "davao", "name": "Jaroda Street", "highway": "residential", "v_posted": 40, "posted_imputed": false, "v_safe": 30, "gap": 10, "R": 3.16, "exposure": 0.367, "vru_150m": 1, "sss": 17.1, "recommended": 30, "fatal_reduction_pct": 68.4, "why": "local road, frontage/pedestrian mixing", "pop_density": 6768.7, "pop_density_peak": 9426.8, "v_design": 35, "design_gap": 5}}, {"type": "Feature", "geometry": {"type": "LineString", "coordinates": [[125.5718811, 7.0599189], [125.5713339, 7.0588667]]}, "properties": {"city": "davao", "name": "Gemini Street", "highway": "residential", "v_posted": 40, "posted_imputed": false, "v_safe": 30, "gap": 10, "R": 3.16, "exposure": 0.117, "vru_150m": 0, "sss": 14.0, "recommended": 30, "fatal_reduction_pct": 68.4, "why": "local road, frontage/pedestrian mixing", "pop_density": 3780.0, "pop_density_peak": 4517.9, "v_design": 35, "design_gap": 5}}, {"type": "Feature", "geometry": {"type": "LineString", "coordinates": [[125.570889, 7.0590582], [125.5714423, 7.0601448]]}, "properties": {"city": "davao", "name": "Taurus Street", "highway": "residential", "v_posted": 40, "posted_imputed": false, "v_safe": 30, "gap": 10, "R": 3.16, "exposure": 0.166, "vru_150m": 0, "sss": 14.6, "recommended": 30, "fatal_reduction_pct": 68.4, "why": "local road, frontage/pedestrian mixing", "pop_density": 5384.7, "pop_density_peak": 7511.8, "v_design": 35, "design_gap": 5}}, {"type": "Feature", "geometry": {"type": "LineString", "coordinates": [[125.573346, 7.0517944], [125.5744181, 7.0524844], [125.5747557, 7.0527566], [125.574916, 7.0528982], [125.5753444, 7.05326], [125.5753829, 7.0532895], [125.5755404, 7.0534125], [125.5758794, 7.0536693], [125.5759484, 7.0537234], [125.5762651, 7.0539654], [125.5763209, 7.0540052], [125.5766245, 7.0542611], [125.5767305, 7.0543451], [125.5769711, 7.0545767], [125.5770356, 7.0546664], [125.5770685, 7.0547669], [125.5770873, 7.05487], [125.5770752, 7.0549718], [125.5770262, 7.0551269], [125.5769004, 7.0553955], [125.5767868, 7.0556382]]}, "properties": {"city": "davao", "name": "Tinikling Street", "highway": "residential", "v_posted": 40, "posted_imputed": false, "v_safe": 30, "gap": 10, "R": 3.16, "exposure": 0.406, "vru_150m": 0, "sss": 17.6, "recommended": 30, "fatal_reduction_pct": 68.4, "why": "local road, frontage/pedestrian mixing", "pop_density": 13127.1, "pop_density_peak": 13993.4, "v_design": 30, "design_gap": 0}}, {"type": "Feature", "geometry": {"type": "LineString", "coordinates": [[125.5715734, 7.0487497], [125.5713238, 7.0484349], [125.570287, 7.0471043], [125.5701757, 7.0469614], [125.5701591, 7.0469182], [125.5701651, 7.0468786], [125.5701876, 7.0468403]]}, "properties": {"city": "davao", "name": "Yellowbell Street", "highway": "residential", "v_posted": 40, "posted_imputed": false, "v_safe": 30, "gap": 10, "R": 3.16, "exposure": 0.372, "vru_150m": 0, "sss": 17.1, "recommended": 30, "fatal_reduction_pct": 68.4, "why": "local road, frontage/pedestrian mixing", "pop_density": 12024.5, "pop_density_peak": 13209.1, "v_design": 35, "design_gap": 5}}, {"type": "Feature", "geometry": {"type": "LineString", "coordinates": [[125.5718543, 7.0491422], [125.5718543, 7.0491901], [125.5718336, 7.0492401], [125.571708, 7.0494548], [125.5715436, 7.0497357], [125.5713103, 7.0501447], [125.5711552, 7.0504131], [125.5709957, 7.050679], [125.5708622, 7.0509016], [125.5706996, 7.0511746]]}, "properties": {"city": "davao", "name": "Nara Street", "highway": "residential", "v_posted": 40, "posted_imputed": false, "v_safe": 30, "gap": 10, "R": 3.16, "exposure": 0.423, "vru_150m": 0, "sss": 17.8, "recommended": 30, "fatal_reduction_pct": 68.4, "why": "local road, frontage/pedestrian mixing", "pop_density": 13692.6, "pop_density_peak": 15844.1, "v_design": 35, "design_gap": 5}}, {"type": "Feature", "geometry": {"type": "LineString", "coordinates": [[125.5651521, 7.0534708], [125.5651853, 7.053464], [125.5658466, 7.0533297], [125.5659049, 7.0533208], [125.5659584, 7.0533168], [125.5660091, 7.0533158], [125.5660646, 7.0533187]]}, "properties": {"city": "davao", "name": "Cordillera Street", "highway": "tertiary", "v_posted": 40, "posted_imputed": false, "v_safe": 30, "gap": 10, "R": 3.16, "exposure": 0.492, "vru_150m": 1, "sss": 18.6, "recommended": 30, "fatal_reduction_pct": 68.4, "why": "pedestrian activity (1 VRU site<=50m)", "pop_density": 11795.4, "pop_density_peak": 12420.0, "v_design": 45, "design_gap": 15}}, {"type": "Feature", "geometry": {"type": "LineString", "coordinates": [[125.5608875, 7.0615644], [125.5608691, 7.0616732], [125.5608125, 7.0620078], [125.5607386, 7.0624439], [125.5606069, 7.0632221], [125.5605494, 7.0635621]]}, "properties": {"city": "davao", "name": "SPED Road", "highway": "residential", "v_posted": 40, "posted_imputed": false, "v_safe": 30, "gap": 10, "R": 3.16, "exposure": 0.835, "vru_150m": 4, "sss": 22.9, "recommended": 30, "fatal_reduction_pct": 68.4, "why": "local road, frontage/pedestrian mixing", "pop_density": 5597.5, "pop_density_peak": 10184.7, "v_design": 35, "design_gap": 5}}, {"type": "Feature", "geometry": {"type": "LineString", "coordinates": [[125.5889437, 7.0635112], [125.5889547, 7.0632434], [125.5889737, 7.062982], [125.5889832, 7.0628512], [125.5890443, 7.0621022], [125.5890645, 7.0618547], [125.5891541, 7.0609348]]}, "properties": {"city": "davao", "name": "Saint Raphael Street", "highway": "residential", "v_posted": 40, "posted_imputed": false, "v_safe": 30, "gap": 10, "R": 3.16, "exposure": 0.311, "vru_150m": 1, "sss": 16.4, "recommended": 30, "fatal_reduction_pct": 68.4, "why": "local road, frontage/pedestrian mixing", "pop_density": 4473.3, "pop_density_peak": 9353.1, "v_design": 35, "design_gap": 5}}, {"type": "Feature", "geometry": {"type": "LineString", "coordinates": [[125.574083, 7.05052], [125.5744059, 7.0507098], [125.5745207, 7.0507605], [125.5746115, 7.0507732], [125.5747154, 7.050767], [125.574864, 7.0507287], [125.5755314, 7.0504092], [125.5761803, 7.0501038], [125.5765024, 7.0499574]]}, "properties": {"city": "davao", "name": "Curacha Street", "highway": "residential", "v_posted": 40, "posted_imputed": false, "v_safe": 30, "gap": 10, "R": 3.16, "exposure": 0.477, "vru_150m": 1, "sss": 18.5, "recommended": 30, "fatal_reduction_pct": 68.4, "why": "local road, frontage/pedestrian mixing", "pop_density": 11193.7, "pop_density_peak": 14603.0, "v_design": 35, "design_gap": 5}}, {"type": "Feature", "geometry": {"type": "LineString", "coordinates": [[125.5765837, 7.0472369], [125.5764934, 7.0480227], [125.576405, 7.0487926], [125.5763617, 7.0492054], [125.5763436, 7.0493851], [125.5763382, 7.049467], [125.576355, 7.0495615], [125.5764175, 7.0497253], [125.5765024, 7.0499574]]}, "properties": {"city": "davao", "name": "Curadang Street", "highway": "residential", "v_posted": 40, "posted_imputed": false, "v_safe": 30, "gap": 10, "R": 3.16, "exposure": 0.138, "vru_150m": 0, "sss": 14.2, "recommended": 30, "fatal_reduction_pct": 68.4, "why": "local road, frontage/pedestrian mixing", "pop_density": 4457.1, "pop_density_peak": 7634.5, "v_design": 35, "design_gap": 5}}, {"type": "Feature", "geometry": {"type": "LineString", "coordinates": [[125.5767222, 7.0489748], [125.576405, 7.0487926], [125.5759734, 7.0485446], [125.5758184, 7.0484555], [125.5754176, 7.0482252]]}, "properties": {"city": "davao", "name": "Malaque\u00f1a Street", "highway": "residential", "v_posted": 40, "posted_imputed": false, "v_safe": 30, "gap": 10, "R": 3.16, "exposure": 0.125, "vru_150m": 0, "sss": 14.1, "recommended": 30, "fatal_reduction_pct": 68.4, "why": "local road, frontage/pedestrian mixing", "pop_density": 4039.2, "pop_density_peak": 4178.3, "v_design": 35, "design_gap": 5}}, {"type": "Feature", "geometry": {"type": "LineString", "coordinates": [[125.5640463, 7.0607528], [125.5637685, 7.0600839], [125.5635048, 7.059449]]}, "properties": {"city": "davao", "name": "Pag-asa Avenue", "highway": "residential", "v_posted": 40, "posted_imputed": false, "v_safe": 30, "gap": 10, "R": 3.16, "exposure": 0.438, "vru_150m": 1, "sss": 18.0, "recommended": 30, "fatal_reduction_pct": 68.4, "why": "local road, frontage/pedestrian mixing", "pop_density": 9608.5, "pop_density_peak": 11781.0, "v_design": 35, "design_gap": 5}}, {"type": "Feature", "geometry": {"type": "LineString", "coordinates": [[125.5634332, 7.0592802], [125.5633717, 7.0591253]]}, "properties": {"city": "davao", "name": "Dove Street", "highway": "residential", "v_posted": 40, "posted_imputed": false, "v_safe": 30, "gap": 10, "R": 3.16, "exposure": 0.18, "vru_150m": 0, "sss": 14.8, "recommended": 30, "fatal_reduction_pct": 68.4, "why": "local road, frontage/pedestrian mixing", "pop_density": 5837.9, "pop_density_peak": 5837.9, "v_design": 35, "design_gap": 5}}, {"type": "Feature", "geometry": {"type": "LineString", "coordinates": [[125.5630671, 7.0588692], [125.5627111, 7.0588644], [125.5624538, 7.0588609], [125.5623705, 7.0588541], [125.5622922, 7.0588339], [125.5622369, 7.0588065], [125.5622003, 7.058777], [125.5619935, 7.0585572], [125.5619748, 7.0585161], [125.5619747, 7.0584821]]}, "properties": {"city": "davao", "name": "Dove Street", "highway": "residential", "v_posted": 40, "posted_imputed": false, "v_safe": 30, "gap": 10, "R": 3.16, "exposure": 0.206, "vru_150m": 0, "sss": 15.1, "recommended": 30, "fatal_reduction_pct": 68.4, "why": "local road, frontage/pedestrian mixing", "pop_density": 6648.9, "pop_density_peak": 7460.0, "v_design": 35, "design_gap": 5}}, {"type": "Feature", "geometry": {"type": "LineString", "coordinates": [[125.5633717, 7.0591253], [125.5633543, 7.0590745], [125.5633106, 7.0589276], [125.5632957, 7.0588769]]}, "properties": {"city": "davao", "name": "Dove Street", "highway": "residential", "v_posted": 40, "posted_imputed": false, "v_safe": 30, "gap": 10, "R": 3.16, "exposure": 0.18, "vru_150m": 0, "sss": 14.8, "recommended": 30, "fatal_reduction_pct": 68.4, "why": "local road, frontage/pedestrian mixing", "pop_density": 5837.9, "pop_density_peak": 5837.9, "v_design": 35, "design_gap": 5}}, {"type": "Feature", "geometry": {"type": "LineString", "coordinates": [[125.5616725, 7.0609671], [125.562295, 7.0607119]]}, "properties": {"city": "davao", "name": "9th Street", "highway": "residential", "v_posted": 40, "posted_imputed": false, "v_safe": 30, "gap": 10, "R": 3.16, "exposure": 0.372, "vru_150m": 0, "sss": 17.1, "recommended": 30, "fatal_reduction_pct": 68.4, "why": "local road, frontage/pedestrian mixing", "pop_density": 12029.6, "pop_density_peak": 12140.2, "v_design": 35, "design_gap": 5}}, {"type": "Feature", "geometry": {"type": "LineString", "coordinates": [[125.5623259, 7.0599614], [125.5619347, 7.0601651], [125.5618607, 7.0602081], [125.5618235, 7.0602404], [125.5617999, 7.060277], [125.561786, 7.0603133]]}, "properties": {"city": "davao", "name": "10th Street", "highway": "residential", "v_posted": 40, "posted_imputed": false, "v_safe": 30, "gap": 10, "R": 3.16, "exposure": 0.466, "vru_150m": 1, "sss": 18.3, "recommended": 30, "fatal_reduction_pct": 68.4, "why": "local road, frontage/pedestrian mixing", "pop_density": 10770.4, "pop_density_peak": 11919.0, "v_design": 35, "design_gap": 5}}, {"type": "Feature", "geometry": {"type": "LineString", "coordinates": [[125.5872652, 7.0826623], [125.586904, 7.0826993], [125.5866237, 7.0827253], [125.5865714, 7.0827333], [125.5865285, 7.0827426], [125.5864843, 7.0827679], [125.5864445, 7.0828064], [125.5864126, 7.0828584], [125.5863979, 7.0829143], [125.5863923, 7.0829748], [125.5863967, 7.0831483], [125.586417, 7.0834945], [125.5864279, 7.0836806], [125.5864332, 7.0837788], [125.5864431, 7.083962], [125.5864469, 7.0841294], [125.5864495, 7.0843183], [125.586447, 7.0846617], [125.5864434, 7.0851423], [125.5864313, 7.0858795], [125.5864173, 7.0862747], [125.5864213, 7.0865515], [125.5864371, 7.0868867], [125.5864428, 7.0871212], [125.5864441, 7.0872968], [125.5864425, 7.087442], [125.586449, 7.0880502], [125.586451, 7.088239], [125.5864527, 7.0884046], [125.5864544, 7.0885489], [125.5864507, 7.0886903], [125.5864337, 7.0892637], [125.5864246, 7.0895723]]}, "properties": {"city": "davao", "name": "Datu Loho Road", "highway": "unclassified", "v_posted": 40, "posted_imputed": false, "v_safe": 30, "gap": 10, "R": 3.16, "exposure": 0.235, "vru_150m": 1, "sss": 15.4, "recommended": 30, "fatal_reduction_pct": 68.4, "why": "local road, frontage/pedestrian mixing", "pop_density": 1409.5, "pop_density_peak": 1665.1, "v_design": 40, "design_gap": 10}}, {"type": "Feature", "geometry": {"type": "LineString", "coordinates": [[125.5771355, 7.0601658], [125.5770807, 7.0602359], [125.5759884, 7.0617031], [125.5753665, 7.0625279], [125.5746223, 7.0635071], [125.5745794, 7.0635537], [125.5745123, 7.0636056], [125.5744292, 7.0636522], [125.5743085, 7.0636881], [125.5741324, 7.0637081]]}, "properties": {"city": "davao", "name": "Mars Street", "highway": "residential", "v_posted": 40, "posted_imputed": false, "v_safe": 30, "gap": 10, "R": 3.16, "exposure": 0.147, "vru_150m": 0, "sss": 14.3, "recommended": 30, "fatal_reduction_pct": 68.4, "why": "local road, frontage/pedestrian mixing", "pop_density": 4746.4, "pop_density_peak": 10050.3, "v_design": 35, "design_gap": 5}}, {"type": "Feature", "geometry": {"type": "LineString", "coordinates": [[125.5792507, 7.059608], [125.579126, 7.0595904], [125.5790345, 7.0595716], [125.5789302, 7.0595326], [125.5788329, 7.0594787], [125.5787124, 7.0593936], [125.5784154, 7.0591729], [125.5776214, 7.0584938]]}, "properties": {"city": "davao", "name": "Oak Street", "highway": "residential", "v_posted": 40, "posted_imputed": false, "v_safe": 30, "gap": 10, "R": 3.16, "exposure": 0.411, "vru_150m": 1, "sss": 17.6, "recommended": 30, "fatal_reduction_pct": 68.4, "why": "local road, frontage/pedestrian mixing", "pop_density": 8550.1, "pop_density_peak": 12044.9, "v_design": 35, "design_gap": 5}}, {"type": "Feature", "geometry": {"type": "LineString", "coordinates": [[125.5719985, 7.0611222], [125.5715538, 7.0610882]]}, "properties": {"city": "davao", "name": "", "highway": "service", "v_posted": 40, "posted_imputed": false, "v_safe": 30, "gap": 10, "R": 3.16, "exposure": 0.102, "vru_150m": 0, "sss": 13.8, "recommended": 30, "fatal_reduction_pct": 68.4, "why": "local road, frontage/pedestrian mixing", "pop_density": 3288.8, "pop_density_peak": 3494.4, "v_design": 25, "design_gap": -5}}, {"type": "Feature", "geometry": {"type": "LineString", "coordinates": [[125.5788467, 7.0587365], [125.5784154, 7.0591729]]}, "properties": {"city": "davao", "name": "", "highway": "residential", "v_posted": 40, "posted_imputed": false, "v_safe": 30, "gap": 10, "R": 3.16, "exposure": 0.416, "vru_150m": 1, "sss": 17.7, "recommended": 30, "fatal_reduction_pct": 68.4, "why": "local road, frontage/pedestrian mixing", "pop_density": 8752.2, "pop_density_peak": 10424.8, "v_design": 35, "design_gap": 5}}, {"type": "Feature", "geometry": {"type": "LineString", "coordinates": [[125.5747853, 7.0595549], [125.5750064, 7.0596972], [125.5751351, 7.0597824], [125.5753651, 7.0599672], [125.5761756, 7.0605716]]}, "properties": {"city": "davao", "name": "Uranus Street", "highway": "residential", "v_posted": 40, "posted_imputed": false, "v_safe": 30, "gap": 10, "R": 3.16, "exposure": 0.827, "vru_150m": 4, "sss": 22.8, "recommended": 30, "fatal_reduction_pct": 68.4, "why": "pedestrian activity (1 VRU site<=50m)", "pop_density": 4412.5, "pop_density_peak": 6495.1, "v_design": 35, "design_gap": 5}}, {"type": "Feature", "geometry": {"type": "LineString", "coordinates": [[125.5911765, 7.0635701], [125.5917272, 7.0637032], [125.5924261, 7.0638722]]}, "properties": {"city": "davao", "name": "South Street", "highway": "residential", "v_posted": 40, "posted_imputed": false, "v_safe": 30, "gap": 10, "R": 3.16, "exposure": 0.265, "vru_150m": 0, "sss": 15.8, "recommended": 30, "fatal_reduction_pct": 68.4, "why": "local road, frontage/pedestrian mixing", "pop_density": 8584.1, "pop_density_peak": 9602.7, "v_design": 35, "design_gap": 5}}, {"type": "Feature", "geometry": {"type": "LineString", "coordinates": [[125.5704526, 7.059246], [125.570889, 7.0590582], [125.5713339, 7.0588667], [125.571819, 7.058658], [125.5722748, 7.0584618], [125.5727919, 7.0582392], [125.5738482, 7.0577842], [125.5743417, 7.0575722], [125.5747757, 7.0573866], [125.5752091, 7.0572054], [125.5755884, 7.0570468], [125.5760881, 7.0568378], [125.57619, 7.0568032], [125.5762906, 7.0568012], [125.5763751, 7.0568245], [125.5764583, 7.0568731], [125.5770883, 7.0573762]]}, "properties": {"city": "davao", "name": "Earth Street", "highway": "residential", "v_posted": 40, "posted_imputed": false, "v_safe": 30, "gap": 10, "R": 3.16, "exposure": 0.196, "vru_150m": 0, "sss": 15.0, "recommended": 30, "fatal_reduction_pct": 68.4, "why": "local road, frontage/pedestrian mixing", "pop_density": 6352.5, "pop_density_peak": 10286.4, "v_design": 35, "design_gap": 5}}, {"type": "Feature", "geometry": {"type": "LineString", "coordinates": [[125.589989, 7.0517493], [125.5900122, 7.0516477]]}, "properties": {"city": "davao", "name": "Tulip Drive", "highway": "secondary", "v_posted": 40, "posted_imputed": false, "v_safe": 30, "gap": 10, "R": 3.16, "exposure": 0.56, "vru_150m": 1, "sss": 19.5, "recommended": 30, "fatal_reduction_pct": 68.4, "why": "pedestrian activity (1 VRU site<=50m)", "pop_density": 14569.9, "pop_density_peak": 14569.9, "v_design": 50, "design_gap": 20}}, {"type": "Feature", "geometry": {"type": "LineString", "coordinates": [[125.5805429, 7.0536919], [125.5804598, 7.0536735], [125.5804142, 7.0536714], [125.5803777, 7.0536765], [125.5803488, 7.0536868], [125.5803095, 7.0537131], [125.5796996, 7.0543715], [125.5796002, 7.054482], [125.579528, 7.0545712], [125.5794711, 7.0546605], [125.5794248, 7.0547482], [125.5793903, 7.0548396], [125.5793517, 7.0549765], [125.5792697, 7.0552813], [125.5791771, 7.0556252], [125.5790959, 7.0559271], [125.579008, 7.0562534], [125.5789329, 7.0565328], [125.5788185, 7.0569576], [125.5788039, 7.0569989], [125.5787891, 7.0570388], [125.5787663, 7.0570774], [125.5787088, 7.0571513]]}, "properties": {"city": "davao", "name": "Rolls Royce Street", "highway": "residential", "v_posted": 40, "posted_imputed": false, "v_safe": 30, "gap": 10, "R": 3.16, "exposure": 0.261, "vru_150m": 0, "sss": 15.8, "recommended": 30, "fatal_reduction_pct": 68.4, "why": "local road, frontage/pedestrian mixing", "pop_density": 8433.0, "pop_density_peak": 13241.0, "v_design": 35, "design_gap": 5}}, {"type": "Feature", "geometry": {"type": "LineString", "coordinates": [[125.5803314, 7.0545445], [125.5796996, 7.0543715]]}, "properties": {"city": "davao", "name": "Pajero Street", "highway": "residential", "v_posted": 40, "posted_imputed": false, "v_safe": 30, "gap": 10, "R": 3.16, "exposure": 0.18, "vru_150m": 0, "sss": 14.8, "recommended": 30, "fatal_reduction_pct": 68.4, "why": "local road, frontage/pedestrian mixing", "pop_density": 5836.9, "pop_density_peak": 8730.1, "v_design": 35, "design_gap": 5}}, {"type": "Feature", "geometry": {"type": "LineString", "coordinates": [[125.5793255, 7.0563327], [125.5792577, 7.0566576], [125.5792186, 7.0568452], [125.5792163, 7.0568831], [125.5792203, 7.056929], [125.5792411, 7.0569656], [125.5792799, 7.0569916], [125.5793343, 7.0570168], [125.5796979, 7.0570998]]}, "properties": {"city": "davao", "name": "Continental Street", "highway": "residential", "v_posted": 40, "posted_imputed": false, "v_safe": 30, "gap": 10, "R": 3.16, "exposure": 0.241, "vru_150m": 0, "sss": 15.5, "recommended": 30, "fatal_reduction_pct": 68.4, "why": "local road, frontage/pedestrian mixing", "pop_density": 7779.6, "pop_density_peak": 10136.4, "v_design": 25, "design_gap": -5}}, {"type": "Feature", "geometry": {"type": "LineString", "coordinates": [[125.5792577, 7.0566576], [125.5797773, 7.0567776]]}, "properties": {"city": "davao", "name": "Volks Wagon Street", "highway": "residential", "v_posted": 40, "posted_imputed": false, "v_safe": 30, "gap": 10, "R": 3.16, "exposure": 0.238, "vru_150m": 0, "sss": 15.5, "recommended": 30, "fatal_reduction_pct": 68.4, "why": "local road, frontage/pedestrian mixing", "pop_density": 7696.8, "pop_density_peak": 9970.8, "v_design": 35, "design_gap": 5}}, {"type": "Feature", "geometry": {"type": "LineString", "coordinates": [[125.569956, 7.0581701], [125.5699731, 7.0582104], [125.5699918, 7.0582547], [125.5702207, 7.0587619], [125.5704526, 7.059246], [125.5710035, 7.0603621], [125.5712128, 7.0608245], [125.5712534, 7.0608811], [125.5713364, 7.0609412], [125.5715597, 7.061047]]}, "properties": {"city": "davao", "name": "Aries Street", "highway": "residential", "v_posted": 40, "posted_imputed": false, "v_safe": 30, "gap": 10, "R": 3.16, "exposure": 0.172, "vru_150m": 0, "sss": 14.6, "recommended": 30, "fatal_reduction_pct": 68.4, "why": "local road, frontage/pedestrian mixing", "pop_density": 5554.2, "pop_density_peak": 9673.8, "v_design": 35, "design_gap": 5}}, {"type": "Feature", "geometry": {"type": "LineString", "coordinates": [[125.5602011, 7.0606358], [125.5610413, 7.0607618]]}, "properties": {"city": "davao", "name": "", "highway": "residential", "v_posted": 40, "posted_imputed": false, "v_safe": 30, "gap": 10, "R": 3.16, "exposure": 0.48, "vru_150m": 1, "sss": 18.5, "recommended": 30, "fatal_reduction_pct": 68.4, "why": "pedestrian activity (1 VRU site<=50m)", "pop_density": 11325.0, "pop_density_peak": 12140.2, "v_design": 35, "design_gap": 5}}, {"type": "Feature", "geometry": {"type": "LineString", "coordinates": [[125.560649, 7.0797845], [125.5604432, 7.080131], [125.5603489, 7.0803218], [125.5602905, 7.0804824], [125.5602499, 7.0806248], [125.5602108, 7.0807922], [125.5601903, 7.0809764], [125.5601546, 7.0814368], [125.5601328, 7.0819046], [125.5601243, 7.0822238], [125.5601231, 7.082271], [125.5601115, 7.0825349], [125.5601016, 7.0827625], [125.5600908, 7.0830082], [125.5600854, 7.083122], [125.5600747, 7.0831999], [125.5600549, 7.0832775], [125.56003, 7.0833602], [125.5599966, 7.0834369], [125.5599593, 7.0834995], [125.5598292, 7.0836985], [125.5596937, 7.0839101], [125.5595361, 7.0841603], [125.5594143, 7.0843515], [125.5593501, 7.0844553], [125.5592724, 7.0845569], [125.5590081, 7.0849021], [125.5586855, 7.0852538], [125.5584375, 7.0855076], [125.5583627, 7.0855724], [125.558294, 7.0856193], [125.5582229, 7.0856497], [125.5580187, 7.0857218]]}, "properties": {"city": "davao", "name": "Matina Pangi Road", "highway": "unclassified", "v_posted": 40, "posted_imputed": false, "v_safe": 30, "gap": 10, "R": 3.16, "exposure": 0.125, "vru_150m": 0, "sss": 14.1, "recommended": 30, "fatal_reduction_pct": 68.4, "why": "local road, frontage/pedestrian mixing", "pop_density": 4037.3, "pop_density_peak": 12071.5, "v_design": 40, "design_gap": 10}}, {"type": "Feature", "geometry": {"type": "LineString", "coordinates": [[125.5767885, 7.0578301], [125.57643, 7.0575426], [125.57635, 7.0574956], [125.5762666, 7.0574543], [125.5761806, 7.0574313], [125.5761123, 7.0574308], [125.5760261, 7.057437], [125.5759332, 7.0574633], [125.5757898, 7.0575267]]}, "properties": {"city": "davao", "name": "Pisces Street", "highway": "residential", "v_posted": 40, "posted_imputed": false, "v_safe": 30, "gap": 10, "R": 3.16, "exposure": 0.197, "vru_150m": 0, "sss": 15.0, "recommended": 30, "fatal_reduction_pct": 68.4, "why": "local road, frontage/pedestrian mixing", "pop_density": 6359.4, "pop_density_peak": 8972.4, "v_design": 35, "design_gap": 5}}, {"type": "Feature", "geometry": {"type": "LineString", "coordinates": [[125.5868274, 7.054856], [125.5874773, 7.0550143], [125.587495, 7.0550186], [125.5882632, 7.0552057], [125.5885516, 7.055276], [125.5891749, 7.055428]]}, "properties": {"city": "davao", "name": "Luis Villa-Abrille Road", "highway": "residential", "v_posted": 40, "posted_imputed": false, "v_safe": 30, "gap": 10, "R": 3.16, "exposure": 0.337, "vru_150m": 1, "sss": 16.7, "recommended": 30, "fatal_reduction_pct": 68.4, "why": "local road, frontage/pedestrian mixing", "pop_density": 5538.4, "pop_density_peak": 7762.6, "v_design": 35, "design_gap": 5}}, {"type": "Feature", "geometry": {"type": "LineString", "coordinates": [[125.5880297, 7.0839125], [125.5878872, 7.0833335], [125.5877745, 7.0828996], [125.5875802, 7.082234], [125.5874338, 7.0816669]]}, "properties": {"city": "davao", "name": "N. S. Monteverde Street", "highway": "residential", "v_posted": 40, "posted_imputed": false, "v_safe": 30, "gap": 10, "R": 3.16, "exposure": 0.043, "vru_150m": 0, "sss": 13.0, "recommended": 30, "fatal_reduction_pct": 68.4, "why": "local road, frontage/pedestrian mixing", "pop_density": 1390.9, "pop_density_peak": 1715.4, "v_design": 35, "design_gap": 5}}, {"type": "Feature", "geometry": {"type": "LineString", "coordinates": [[125.5765189, 7.0633621], [125.5764879, 7.0634038], [125.5764569, 7.0634456], [125.5764259, 7.0634873], [125.5763949, 7.063529], [125.5757813, 7.0643597]]}, "properties": {"city": "davao", "name": "Surveyor Extension", "highway": "residential", "v_posted": 40, "posted_imputed": false, "v_safe": 30, "gap": 10, "R": 3.16, "exposure": 0.074, "vru_150m": 0, "sss": 13.4, "recommended": 30, "fatal_reduction_pct": 68.4, "why": "local road, frontage/pedestrian mixing", "pop_density": 2387.6, "pop_density_peak": 3072.6, "v_design": 35, "design_gap": 5}}, {"type": "Feature", "geometry": {"type": "LineString", "coordinates": [[125.5753665, 7.0625279], [125.575731, 7.0627937], [125.5761308, 7.0630807], [125.5765189, 7.0633621]]}, "properties": {"city": "davao", "name": "Surveyor Street", "highway": "residential", "v_posted": 40, "posted_imputed": false, "v_safe": 30, "gap": 10, "R": 3.16, "exposure": 0.065, "vru_150m": 0, "sss": 13.3, "recommended": 30, "fatal_reduction_pct": 68.4, "why": "local road, frontage/pedestrian mixing", "pop_density": 2101.9, "pop_density_peak": 2501.1, "v_design": 35, "design_gap": 5}}, {"type": "Feature", "geometry": {"type": "LineString", "coordinates": [[125.5639803, 7.0700733], [125.5639906, 7.0700897], [125.5639965, 7.070108], [125.5639977, 7.0701271], [125.5639942, 7.0701461], [125.5639862, 7.0701635], [125.5639742, 7.0701786], [125.5639588, 7.0701903], [125.563941, 7.0701979], [125.5639219, 7.070201], [125.5639026, 7.0701994], [125.5638829, 7.0701926], [125.5638657, 7.0701808], [125.5638522, 7.070165], [125.5638433, 7.0701462], [125.5638397, 7.0701258], [125.5638415, 7.0701057], [125.5638484, 7.0700867], [125.56386, 7.0700701], [125.5638754, 7.0700569], [125.5638928, 7.0700484], [125.5639117, 7.0700444], [125.5639311, 7.070045], [125.5639497, 7.0700503], [125.5639664, 7.07006], [125.5639803, 7.0700733]]}, "properties": {"city": "davao", "name": "", "highway": "residential", "v_posted": 40, "posted_imputed": false, "v_safe": 30, "gap": 10, "R": 3.16, "exposure": 0.0, "vru_150m": 0, "sss": 12.5, "recommended": 30, "fatal_reduction_pct": 68.4, "why": "local road, frontage/pedestrian mixing", "pop_density": 0.0, "pop_density_peak": 0.0, "v_design": 35, "design_gap": 5}}, {"type": "Feature", "geometry": {"type": "LineString", "coordinates": [[125.5869733, 7.06042], [125.5869974, 7.0603182]]}, "properties": {"city": "davao", "name": "", "highway": "primary_link", "v_posted": 40, "posted_imputed": false, "v_safe": 30, "gap": 10, "R": 3.16, "exposure": 0.747, "vru_150m": 3, "sss": 21.8, "recommended": 30, "fatal_reduction_pct": 68.4, "why": "pedestrian activity (1 VRU site<=50m)", "pop_density": 11911.3, "pop_density_peak": 11911.3, "v_design": 45, "design_gap": 15}}, {"type": "Feature", "geometry": {"type": "LineString", "coordinates": [[125.5906749, 7.054699], [125.5906527, 7.0547243], [125.5906422, 7.0547577], [125.5902686, 7.0564168], [125.5896254, 7.0591459]]}, "properties": {"city": "davao", "name": "Kamuning Street", "highway": "residential", "v_posted": 40, "posted_imputed": false, "v_safe": 30, "gap": 10, "R": 3.16, "exposure": 0.292, "vru_150m": 0, "sss": 16.1, "recommended": 30, "fatal_reduction_pct": 68.4, "why": "local road, frontage/pedestrian mixing", "pop_density": 9438.4, "pop_density_peak": 11517.0, "v_design": 35, "design_gap": 5}}, {"type": "Feature", "geometry": {"type": "LineString", "coordinates": [[125.571589, 7.0629082], [125.5715803, 7.062883], [125.571576, 7.062851], [125.5715794, 7.0624212], [125.5715538, 7.0610882], [125.5715597, 7.061047], [125.5716498, 7.0608453], [125.5717141, 7.0607509], [125.5717803, 7.0606658], [125.5718945, 7.0605877], [125.5720105, 7.0605358], [125.5720957, 7.0605165], [125.5723867, 7.0605059], [125.5730438, 7.0605132], [125.5736433, 7.0605145], [125.5737318, 7.0605059], [125.5737821, 7.0604879], [125.5738451, 7.0604566], [125.5739401, 7.0603925], [125.574106, 7.060277], [125.5742031, 7.0601913], [125.5742924, 7.0601093], [125.5743822, 7.0600068], [125.5744413, 7.0599303], [125.5745901, 7.059716], [125.5746565, 7.0596348], [125.5747853, 7.0595549], [125.5748811, 7.0595137], [125.5749958, 7.0594724], [125.5751447, 7.0594312], [125.5752587, 7.0594132], [125.5753317, 7.0594132], [125.5754236, 7.0594338], [125.5754927, 7.0594658], [125.5764886, 7.0601563], [125.5765562, 7.0601914], [125.5766312, 7.0602097], [125.5767158, 7.0602191], [125.5769082, 7.0602284], [125.5770807, 7.0602359]]}, "properties": {"city": "davao", "name": "Saturn Street", "highway": "residential", "v_posted": 40, "posted_imputed": false, "v_safe": 30, "gap": 10, "R": 3.16, "exposure": 1.0, "vru_150m": 5, "sss": 25.0, "recommended": 30, "fatal_reduction_pct": 68.4, "why": "local road, frontage/pedestrian mixing", "pop_density": 5439.6, "pop_density_peak": 10050.3, "v_design": 25, "design_gap": -5}}, {"type": "Feature", "geometry": {"type": "LineString", "coordinates": [[125.5656817, 7.0622921], [125.5648829, 7.0626463], [125.5643355, 7.0628767], [125.5642844, 7.0628982]]}, "properties": {"city": "davao", "name": "Amolo Street", "highway": "residential", "v_posted": 40, "posted_imputed": false, "v_safe": 30, "gap": 10, "R": 3.16, "exposure": 0.489, "vru_150m": 2, "sss": 18.6, "recommended": 30, "fatal_reduction_pct": 68.4, "why": "local road, frontage/pedestrian mixing", "pop_density": 4789.6, "pop_density_peak": 6491.5, "v_design": 35, "design_gap": 5}}, {"type": "Feature", "geometry": {"type": "LineString", "coordinates": [[125.5898057, 7.0516971], [125.5899529, 7.0515893], [125.5900396, 7.0515277]]}, "properties": {"city": "davao", "name": "", "highway": "primary_link", "v_posted": 40, "posted_imputed": false, "v_safe": 30, "gap": 10, "R": 3.16, "exposure": 0.56, "vru_150m": 1, "sss": 19.5, "recommended": 30, "fatal_reduction_pct": 68.4, "why": "pedestrian activity (1 VRU site<=50m)", "pop_density": 14569.9, "pop_density_peak": 14569.9, "v_design": 45, "design_gap": 15}}, {"type": "Feature", "geometry": {"type": "LineString", "coordinates": [[125.5900143, 7.0518326], [125.589989, 7.0517493]]}, "properties": {"city": "davao", "name": "Carlos Villa-Abrille Drive", "highway": "secondary", "v_posted": 40, "posted_imputed": false, "v_safe": 30, "gap": 10, "R": 3.16, "exposure": 0.56, "vru_150m": 1, "sss": 19.5, "recommended": 30, "fatal_reduction_pct": 68.4, "why": "pedestrian activity (1 VRU site<=50m)", "pop_density": 14569.9, "pop_density_peak": 14569.9, "v_design": 50, "design_gap": 20}}, {"type": "Feature", "geometry": {"type": "LineString", "coordinates": [[125.5900687, 7.0517682], [125.5900143, 7.0518326]]}, "properties": {"city": "davao", "name": "Carlos Villa-Abrille Drive", "highway": "secondary", "v_posted": 40, "posted_imputed": false, "v_safe": 30, "gap": 10, "R": 3.16, "exposure": 0.56, "vru_150m": 1, "sss": 19.5, "recommended": 30, "fatal_reduction_pct": 68.4, "why": "pedestrian activity (1 VRU site<=50m)", "pop_density": 14569.9, "pop_density_peak": 14569.9, "v_design": 50, "design_gap": 20}}, {"type": "Feature", "geometry": {"type": "LineString", "coordinates": [[125.5904023, 7.0586816], [125.5904218, 7.0587157], [125.5904635, 7.0587408], [125.590985, 7.0588648]]}, "properties": {"city": "davao", "name": "Molave Street", "highway": "residential", "v_posted": 40, "posted_imputed": false, "v_safe": 30, "gap": 10, "R": 3.16, "exposure": 0.385, "vru_150m": 0, "sss": 17.3, "recommended": 30, "fatal_reduction_pct": 68.4, "why": "local road, frontage/pedestrian mixing", "pop_density": 12447.2, "pop_density_peak": 13097.1, "v_design": 35, "design_gap": 5}}, {"type": "Feature", "geometry": {"type": "LineString", "coordinates": [[125.590985, 7.0588648], [125.5911344, 7.0582379], [125.5912833, 7.0576141], [125.5914994, 7.0567166], [125.5916825, 7.0559362], [125.5918958, 7.0550804], [125.591916, 7.0550359], [125.5919522, 7.0550078]]}, "properties": {"city": "davao", "name": "Durian Street", "highway": "residential", "v_posted": 40, "posted_imputed": false, "v_safe": 30, "gap": 10, "R": 3.16, "exposure": 0.605, "vru_150m": 2, "sss": 20.1, "recommended": 30, "fatal_reduction_pct": 68.4, "why": "local road, frontage/pedestrian mixing", "pop_density": 11072.1, "pop_density_peak": 13097.1, "v_design": 35, "design_gap": 5}}, {"type": "Feature", "geometry": {"type": "LineString", "coordinates": [[125.5836044, 7.0575638], [125.5845758, 7.0577862], [125.587562, 7.0585094]]}, "properties": {"city": "davao", "name": "Carlos Villa-Abrille Extension", "highway": "unclassified", "v_posted": 40, "posted_imputed": false, "v_safe": 30, "gap": 10, "R": 3.16, "exposure": 0.148, "vru_150m": 0, "sss": 14.4, "recommended": 30, "fatal_reduction_pct": 68.4, "why": "local road, frontage/pedestrian mixing", "pop_density": 4799.0, "pop_density_peak": 7815.4, "v_design": 40, "design_gap": 10}}, {"type": "Feature", "geometry": {"type": "LineString", "coordinates": [[125.5907555, 7.065193], [125.5920391, 7.0655105]]}, "properties": {"city": "davao", "name": "", "highway": "residential", "v_posted": 40, "posted_imputed": false, "v_safe": 30, "gap": 10, "R": 3.16, "exposure": 0.476, "vru_150m": 0, "sss": 18.5, "recommended": 30, "fatal_reduction_pct": 68.4, "why": "local road, frontage/pedestrian mixing", "pop_density": 15401.2, "pop_density_peak": 25815.7, "v_design": 35, "design_gap": 5}}, {"type": "Feature", "geometry": {"type": "LineString", "coordinates": [[125.5892258, 7.0606382], [125.5892094, 7.0607062], [125.5891777, 7.0608373]]}, "properties": {"city": "davao", "name": "", "highway": "service", "v_posted": 40, "posted_imputed": false, "v_safe": 30, "gap": 10, "R": 3.16, "exposure": 0.431, "vru_150m": 1, "sss": 17.9, "recommended": 30, "fatal_reduction_pct": 68.4, "why": "local road, frontage/pedestrian mixing", "pop_density": 9353.1, "pop_density_peak": 9353.1, "v_design": 25, "design_gap": -5}}, {"type": "Feature", "geometry": {"type": "LineString", "coordinates": [[125.5880138, 7.0603517], [125.5885176, 7.0604708], [125.5888566, 7.0605509], [125.5888746, 7.0605552], [125.5892258, 7.0606382], [125.5896554, 7.0607397], [125.5897831, 7.0607699], [125.5904887, 7.0609367]]}, "properties": {"city": "davao", "name": "", "highway": "service", "v_posted": 40, "posted_imputed": false, "v_safe": 30, "gap": 10, "R": 3.16, "exposure": 0.449, "vru_150m": 1, "sss": 18.1, "recommended": 30, "fatal_reduction_pct": 68.4, "why": "local road, frontage/pedestrian mixing", "pop_density": 10047.8, "pop_density_peak": 10393.4, "v_design": 25, "design_gap": -5}}, {"type": "Feature", "geometry": {"type": "LineString", "coordinates": [[125.5888089, 7.0607495], [125.5888403, 7.060619], [125.5888566, 7.0605509]]}, "properties": {"city": "davao", "name": "", "highway": "service", "v_posted": 40, "posted_imputed": false, "v_safe": 30, "gap": 10, "R": 3.16, "exposure": 0.431, "vru_150m": 1, "sss": 17.9, "recommended": 30, "fatal_reduction_pct": 68.4, "why": "local road, frontage/pedestrian mixing", "pop_density": 9353.1, "pop_density_peak": 9353.1, "v_design": 25, "design_gap": -5}}, {"type": "Feature", "geometry": {"type": "LineString", "coordinates": [[125.591425, 7.0806232], [125.591369, 7.0806779]]}, "properties": {"city": "davao", "name": "J. P. Rodriguez Street", "highway": "residential", "v_posted": 40, "posted_imputed": false, "v_safe": 30, "gap": 10, "R": 3.16, "exposure": 0.013, "vru_150m": 0, "sss": 12.7, "recommended": 30, "fatal_reduction_pct": 68.4, "why": "local road, frontage/pedestrian mixing", "pop_density": 430.1, "pop_density_peak": 430.1, "v_design": 35, "design_gap": 5}}, {"type": "Feature", "geometry": {"type": "LineString", "coordinates": [[125.5909421, 7.0807137], [125.5913507, 7.0806135]]}, "properties": {"city": "davao", "name": "J. P. Rodriguez Street", "highway": "residential", "v_posted": 40, "posted_imputed": false, "v_safe": 30, "gap": 10, "R": 3.16, "exposure": 0.013, "vru_150m": 0, "sss": 12.7, "recommended": 30, "fatal_reduction_pct": 68.4, "why": "local road, frontage/pedestrian mixing", "pop_density": 430.1, "pop_density_peak": 430.1, "v_design": 35, "design_gap": 5}}, {"type": "Feature", "geometry": {"type": "LineString", "coordinates": [[125.5874976, 7.0816487], [125.5876176, 7.0815754], [125.5879047, 7.081501], [125.5884144, 7.0813689], [125.5888746, 7.0812496], [125.589406, 7.0811119]]}, "properties": {"city": "davao", "name": "J. P. Rodriguez Street", "highway": "residential", "v_posted": 40, "posted_imputed": false, "v_safe": 30, "gap": 10, "R": 3.16, "exposure": 0.02, "vru_150m": 0, "sss": 12.7, "recommended": 30, "fatal_reduction_pct": 68.4, "why": "local road, frontage/pedestrian mixing", "pop_density": 643.6, "pop_density_peak": 1009.2, "v_design": 35, "design_gap": 5}}, {"type": "Feature", "geometry": {"type": "LineString", "coordinates": [[125.5932668, 7.0801317], [125.5924805, 7.0803415], [125.591425, 7.0806232]]}, "properties": {"city": "davao", "name": "Don Julian Rodriguez Street", "highway": "residential", "v_posted": 40, "posted_imputed": false, "v_safe": 30, "gap": 10, "R": 3.16, "exposure": 0.019, "vru_150m": 0, "sss": 12.7, "recommended": 30, "fatal_reduction_pct": 68.4, "why": "local road, frontage/pedestrian mixing", "pop_density": 623.1, "pop_density_peak": 816.0, "v_design": 35, "design_gap": 5}}, {"type": "Feature", "geometry": {"type": "LineString", "coordinates": [[125.5874976, 7.0816487], [125.5874338, 7.0816669], [125.5869578, 7.0817924], [125.5868827, 7.081819], [125.586821, 7.0818523], [125.5867694, 7.0818988]]}, "properties": {"city": "davao", "name": "J. P. Rodriguez Street", "highway": "residential", "v_posted": 40, "posted_imputed": false, "v_safe": 30, "gap": 10, "R": 3.16, "exposure": 0.031, "vru_150m": 0, "sss": 12.9, "recommended": 30, "fatal_reduction_pct": 68.4, "why": "local road, frontage/pedestrian mixing", "pop_density": 1009.2, "pop_density_peak": 1009.2, "v_design": 35, "design_gap": 5}}, {"type": "Feature", "geometry": {"type": "LineString", "coordinates": [[125.5901676, 7.0630664], [125.5902639, 7.0626664], [125.5903496, 7.0623143], [125.5904353, 7.0619623], [125.5905209, 7.0616102], [125.5905819, 7.0613595], [125.5906036, 7.0612703]]}, "properties": {"city": "davao", "name": "", "highway": "residential", "v_posted": 40, "posted_imputed": false, "v_safe": 30, "gap": 10, "R": 3.16, "exposure": 0.369, "vru_150m": 1, "sss": 17.1, "recommended": 30, "fatal_reduction_pct": 68.4, "why": "local road, frontage/pedestrian mixing", "pop_density": 6847.2, "pop_density_peak": 9271.1, "v_design": 35, "design_gap": 5}}, {"type": "Feature", "geometry": {"type": "LineString", "coordinates": [[125.5628677, 7.0596988], [125.5625743, 7.0598349], [125.5623259, 7.0599614]]}, "properties": {"city": "davao", "name": "10th Street", "highway": "residential", "v_posted": 40, "posted_imputed": false, "v_safe": 30, "gap": 10, "R": 3.16, "exposure": 0.323, "vru_150m": 0, "sss": 16.5, "recommended": 30, "fatal_reduction_pct": 68.4, "why": "local road, frontage/pedestrian mixing", "pop_density": 10435.8, "pop_density_peak": 11249.8, "v_design": 35, "design_gap": 5}}, {"type": "Feature", "geometry": {"type": "LineString", "coordinates": [[125.5888676, 7.0541163], [125.5889988, 7.054148], [125.5893558, 7.0542341], [125.589451, 7.0542571]]}, "properties": {"city": "davao", "name": "CT Drive", "highway": "residential", "v_posted": 40, "posted_imputed": false, "v_safe": 30, "gap": 10, "R": 3.16, "exposure": 0.337, "vru_150m": 0, "sss": 16.7, "recommended": 30, "fatal_reduction_pct": 68.4, "why": "local road, frontage/pedestrian mixing", "pop_density": 10906.3, "pop_density_peak": 12026.7, "v_design": 35, "design_gap": 5}}, {"type": "Feature", "geometry": {"type": "LineString", "coordinates": [[125.5611136, 7.0603254], [125.5610413, 7.0607618], [125.5609119, 7.061438], [125.5608875, 7.0615644]]}, "properties": {"city": "davao", "name": "7th Avenue", "highway": "residential", "v_posted": 40, "posted_imputed": false, "v_safe": 30, "gap": 10, "R": 3.16, "exposure": 0.738, "vru_150m": 3, "sss": 21.7, "recommended": 30, "fatal_reduction_pct": 68.4, "why": "local road, frontage/pedestrian mixing", "pop_density": 11162.5, "pop_density_peak": 12140.2, "v_design": 35, "design_gap": 5}}, {"type": "Feature", "geometry": {"type": "LineString", "coordinates": [[125.5638754, 7.0700569], [125.5638009, 7.0699335]]}, "properties": {"city": "davao", "name": "", "highway": "residential", "v_posted": 40, "posted_imputed": false, "v_safe": 30, "gap": 10, "R": 3.16, "exposure": 0.0, "vru_150m": 0, "sss": 12.5, "recommended": 30, "fatal_reduction_pct": 68.4, "why": "local road, frontage/pedestrian mixing", "pop_density": 0.0, "pop_density_peak": 0.0, "v_design": 35, "design_gap": 5}}, {"type": "Feature", "geometry": {"type": "LineString", "coordinates": [[125.562295, 7.0607119], [125.5631502, 7.0603518]]}, "properties": {"city": "davao", "name": "9th Street", "highway": "residential", "v_posted": 40, "posted_imputed": false, "v_safe": 30, "gap": 10, "R": 3.16, "exposure": 0.494, "vru_150m": 1, "sss": 18.7, "recommended": 30, "fatal_reduction_pct": 68.4, "why": "local road, frontage/pedestrian mixing", "pop_density": 11893.8, "pop_density_peak": 11919.0, "v_design": 35, "design_gap": 5}}, {"type": "Feature", "geometry": {"type": "LineString", "coordinates": [[125.5776104, 7.0570153], [125.5782347, 7.0575049], [125.578305, 7.0575659], [125.5783714, 7.057635], [125.5784344, 7.0577242], [125.5784907, 7.0578333], [125.578533, 7.0579378], [125.5785611, 7.0580371], [125.5785819, 7.0581681]]}, "properties": {"city": "davao", "name": "Maple Street", "highway": "residential", "v_posted": 40, "posted_imputed": false, "v_safe": 30, "gap": 10, "R": 3.16, "exposure": 0.378, "vru_150m": 0, "sss": 17.2, "recommended": 30, "fatal_reduction_pct": 68.4, "why": "local road, frontage/pedestrian mixing", "pop_density": 12224.7, "pop_density_peak": 13333.9, "v_design": 35, "design_gap": 5}}, {"type": "Feature", "geometry": {"type": "LineString", "coordinates": [[125.5736389, 7.0572755], [125.5753667, 7.0565185], [125.5760385, 7.0562209], [125.5761264, 7.0561983], [125.5762249, 7.056185], [125.5763054, 7.056183], [125.5764181, 7.056197], [125.5765059, 7.0562223], [125.5766138, 7.0562682], [125.576701, 7.0563141], [125.5768036, 7.0563826], [125.5776104, 7.0570153]]}, "properties": {"city": "davao", "name": "Solar Street", "highway": "residential", "v_posted": 40, "posted_imputed": false, "v_safe": 30, "gap": 10, "R": 3.16, "exposure": 0.428, "vru_150m": 1, "sss": 17.9, "recommended": 30, "fatal_reduction_pct": 68.4, "why": "local road, frontage/pedestrian mixing", "pop_density": 9235.5, "pop_density_peak": 13333.9, "v_design": 30, "design_gap": 0}}, {"type": "Feature", "geometry": {"type": "LineString", "coordinates": [[125.5751193, 7.0559514], [125.5751601, 7.0560415]]}, "properties": {"city": "davao", "name": "Aquarius Street", "highway": "residential", "v_posted": 40, "posted_imputed": false, "v_safe": 30, "gap": 10, "R": 3.16, "exposure": 0.34, "vru_150m": 0, "sss": 16.8, "recommended": 30, "fatal_reduction_pct": 68.4, "why": "local road, frontage/pedestrian mixing", "pop_density": 11000.7, "pop_density_peak": 11000.7, "v_design": 35, "design_gap": 5}}, {"type": "Feature", "geometry": {"type": "LineString", "coordinates": [[125.5710669, 7.0577943], [125.5699918, 7.0582547]]}, "properties": {"city": "davao", "name": "MacArthur Highway", "highway": "primary", "v_posted": 40, "posted_imputed": false, "v_safe": 30, "gap": 10, "R": 3.16, "exposure": 0.448, "vru_150m": 1, "sss": 18.1, "recommended": 30, "fatal_reduction_pct": 68.4, "why": "pedestrian activity (1 VRU site<=50m)", "pop_density": 10025.7, "pop_density_peak": 10377.7, "v_design": 60, "design_gap": 30}}, {"type": "Feature", "geometry": {"type": "LineString", "coordinates": [[125.5699918, 7.0582547], [125.5697022, 7.0583788], [125.5695177, 7.0584577], [125.5691559, 7.0586127], [125.5690265, 7.058668]]}, "properties": {"city": "davao", "name": "MacArthur Highway", "highway": "primary", "v_posted": 40, "posted_imputed": false, "v_safe": 30, "gap": 10, "R": 3.16, "exposure": 0.615, "vru_150m": 2, "sss": 20.2, "recommended": 30, "fatal_reduction_pct": 68.4, "why": "pedestrian activity (1 VRU site<=50m)", "pop_density": 11612.1, "pop_density_peak": 13550.4, "v_design": 60, "design_gap": 30}}, {"type": "Feature", "geometry": {"type": "LineString", "coordinates": [[125.5772696, 7.057521], [125.5778313, 7.0579695], [125.5779053, 7.0580397], [125.5779603, 7.0581106], [125.5779945, 7.0581661], [125.5780313, 7.0582393]]}, "properties": {"city": "davao", "name": "Earth Street", "highway": "residential", "v_posted": 40, "posted_imputed": false, "v_safe": 30, "gap": 10, "R": 3.16, "exposure": 0.345, "vru_150m": 0, "sss": 16.8, "recommended": 30, "fatal_reduction_pct": 68.4, "why": "local road, frontage/pedestrian mixing", "pop_density": 11165.6, "pop_density_peak": 12044.9, "v_design": 35, "design_gap": 5}}, {"type": "Feature", "geometry": {"type": "LineString", "coordinates": [[125.5898057, 7.0516971], [125.5898592, 7.0517139], [125.5899272, 7.0517326], [125.589989, 7.0517493]]}, "properties": {"city": "davao", "name": "Quimpo Boulevard", "highway": "primary", "v_posted": 40, "posted_imputed": false, "v_safe": 30, "gap": 10, "R": 3.16, "exposure": 0.56, "vru_150m": 1, "sss": 19.5, "recommended": 30, "fatal_reduction_pct": 68.4, "why": "pedestrian activity (1 VRU site<=50m)", "pop_density": 14569.9, "pop_density_peak": 14569.9, "v_design": 60, "design_gap": 30}}, {"type": "Feature", "geometry": {"type": "LineString", "coordinates": [[125.5815303, 7.0592875], [125.5815759, 7.0591843]]}, "properties": {"city": "davao", "name": "", "highway": "residential", "v_posted": 40, "posted_imputed": false, "v_safe": 30, "gap": 10, "R": 3.16, "exposure": 0.516, "vru_150m": 1, "sss": 18.9, "recommended": 30, "fatal_reduction_pct": 68.4, "why": "local road, frontage/pedestrian mixing", "pop_density": 12775.5, "pop_density_peak": 12775.5, "v_design": 35, "design_gap": 5}}, {"type": "Feature", "geometry": {"type": "LineString", "coordinates": [[125.5715734, 7.0487497], [125.5720333, 7.0479477]]}, "properties": {"city": "davao", "name": "Daffodil Street", "highway": "residential", "v_posted": 40, "posted_imputed": false, "v_safe": 30, "gap": 10, "R": 3.16, "exposure": 0.393, "vru_150m": 0, "sss": 17.4, "recommended": 30, "fatal_reduction_pct": 68.4, "why": "local road, frontage/pedestrian mixing", "pop_density": 12716.6, "pop_density_peak": 13098.2, "v_design": 35, "design_gap": 5}}, {"type": "Feature", "geometry": {"type": "LineString", "coordinates": [[125.5723478, 7.0571424], [125.5723849, 7.05723], [125.5724858, 7.0574689], [125.572482, 7.0575063]]}, "properties": {"city": "davao", "name": "Virgo Street", "highway": "residential", "v_posted": 40, "posted_imputed": false, "v_safe": 30, "gap": 10, "R": 3.16, "exposure": 0.282, "vru_150m": 0, "sss": 16.0, "recommended": 30, "fatal_reduction_pct": 68.4, "why": "local road, frontage/pedestrian mixing", "pop_density": 9134.6, "pop_density_peak": 9134.6, "v_design": 35, "design_gap": 5}}, {"type": "Feature", "geometry": {"type": "LineString", "coordinates": [[125.572482, 7.0575063], [125.5724525, 7.0574828], [125.5723516, 7.0572443], [125.5723146, 7.0571567]]}, "properties": {"city": "davao", "name": "Virgo Street", "highway": "residential", "v_posted": 40, "posted_imputed": false, "v_safe": 30, "gap": 10, "R": 3.16, "exposure": 0.282, "vru_150m": 0, "sss": 16.0, "recommended": 30, "fatal_reduction_pct": 68.4, "why": "local road, frontage/pedestrian mixing", "pop_density": 9134.6, "pop_density_peak": 9134.6, "v_design": 35, "design_gap": 5}}, {"type": "Feature", "geometry": {"type": "LineString", "coordinates": [[125.5891541, 7.0609348], [125.5891777, 7.0608373]]}, "properties": {"city": "davao", "name": "Saint Raphael Street", "highway": "residential", "v_posted": 40, "posted_imputed": false, "v_safe": 30, "gap": 10, "R": 3.16, "exposure": 0.431, "vru_150m": 1, "sss": 17.9, "recommended": 30, "fatal_reduction_pct": 68.4, "why": "local road, frontage/pedestrian mixing", "pop_density": 9353.1, "pop_density_peak": 9353.1, "v_design": 35, "design_gap": 5}}, {"type": "Feature", "geometry": {"type": "LineString", "coordinates": [[125.5896554, 7.0607397], [125.589639, 7.0608078], [125.5896079, 7.0609374]]}, "properties": {"city": "davao", "name": "", "highway": "service", "v_posted": 40, "posted_imputed": false, "v_safe": 30, "gap": 10, "R": 3.16, "exposure": 0.307, "vru_150m": 0, "sss": 16.3, "recommended": 30, "fatal_reduction_pct": 68.4, "why": "local road, frontage/pedestrian mixing", "pop_density": 9920.8, "pop_density_peak": 9920.8, "v_design": 25, "design_gap": -5}}, {"type": "Feature", "geometry": {"type": "LineString", "coordinates": [[125.5769669, 7.0497148], [125.5769331, 7.0497493], [125.5768848, 7.0497788], [125.5765024, 7.0499574]]}, "properties": {"city": "davao", "name": "Curacha Street", "highway": "residential", "v_posted": 40, "posted_imputed": false, "v_safe": 30, "gap": 10, "R": 3.16, "exposure": 0.18, "vru_150m": 0, "sss": 14.8, "recommended": 30, "fatal_reduction_pct": 68.4, "why": "local road, frontage/pedestrian mixing", "pop_density": 5823.8, "pop_density_peak": 7634.5, "v_design": 35, "design_gap": 5}}, {"type": "Feature", "geometry": {"type": "LineString", "coordinates": [[125.5749415, 7.047935], [125.5754176, 7.0482252]]}, "properties": {"city": "davao", "name": "Malaque\u00f1a Street", "highway": "residential", "v_posted": 40, "posted_imputed": false, "v_safe": 30, "gap": 10, "R": 3.16, "exposure": 0.166, "vru_150m": 0, "sss": 14.6, "recommended": 30, "fatal_reduction_pct": 68.4, "why": "local road, frontage/pedestrian mixing", "pop_density": 5373.0, "pop_density_peak": 6567.7, "v_design": 35, "design_gap": 5}}, {"type": "Feature", "geometry": {"type": "LineString", "coordinates": [[125.5776214, 7.0584938], [125.5768854, 7.0579077]]}, "properties": {"city": "davao", "name": "Pisces Street", "highway": "residential", "v_posted": 40, "posted_imputed": false, "v_safe": 30, "gap": 10, "R": 3.16, "exposure": 0.325, "vru_150m": 0, "sss": 16.6, "recommended": 30, "fatal_reduction_pct": 68.4, "why": "local road, frontage/pedestrian mixing", "pop_density": 10508.7, "pop_density_peak": 12044.9, "v_design": 35, "design_gap": 5}}, {"type": "Feature", "geometry": {"type": "LineString", "coordinates": [[125.5913507, 7.0806135], [125.591425, 7.0806232]]}, "properties": {"city": "davao", "name": "J. P. Rodriguez Street", "highway": "residential", "v_posted": 40, "posted_imputed": false, "v_safe": 30, "gap": 10, "R": 3.16, "exposure": 0.013, "vru_150m": 0, "sss": 12.7, "recommended": 30, "fatal_reduction_pct": 68.4, "why": "local road, frontage/pedestrian mixing", "pop_density": 430.1, "pop_density_peak": 430.1, "v_design": 35, "design_gap": 5}}, {"type": "Feature", "geometry": {"type": "LineString", "coordinates": [[125.591369, 7.0806779], [125.5909583, 7.0807786]]}, "properties": {"city": "davao", "name": "J. P. Rodriguez Street", "highway": "residential", "v_posted": 40, "posted_imputed": false, "v_safe": 30, "gap": 10, "R": 3.16, "exposure": 0.211, "vru_150m": 1, "sss": 15.1, "recommended": 30, "fatal_reduction_pct": 68.4, "why": "local road, frontage/pedestrian mixing", "pop_density": 430.1, "pop_density_peak": 430.1, "v_design": 35, "design_gap": 5}}, {"type": "Feature", "geometry": {"type": "LineString", "coordinates": [[125.5635048, 7.059449], [125.5634332, 7.0592802]]}, "properties": {"city": "davao", "name": "Dove Street", "highway": "residential", "v_posted": 40, "posted_imputed": false, "v_safe": 30, "gap": 10, "R": 3.16, "exposure": 0.205, "vru_150m": 0, "sss": 15.1, "recommended": 30, "fatal_reduction_pct": 68.4, "why": "local road, frontage/pedestrian mixing", "pop_density": 6637.0, "pop_density_peak": 7436.1, "v_design": 35, "design_gap": 5}}, {"type": "Feature", "geometry": {"type": "LineString", "coordinates": [[125.5879444, 7.0606459], [125.5879673, 7.0605486]]}, "properties": {"city": "davao", "name": "Carlos Villa-Abrille Drive", "highway": "secondary", "v_posted": 40, "posted_imputed": false, "v_safe": 30, "gap": 10, "R": 3.16, "exposure": 0.729, "vru_150m": 3, "sss": 21.6, "recommended": 30, "fatal_reduction_pct": 68.4, "why": "pedestrian activity (1 VRU site<=50m)", "pop_density": 10393.4, "pop_density_peak": 10393.4, "v_design": 50, "design_gap": 20}}, {"type": "Feature", "geometry": {"type": "LineString", "coordinates": [[125.5913817, 7.0595641], [125.5930559, 7.0599616]]}, "properties": {"city": "davao", "name": "Sampaguita Street", "highway": "residential", "v_posted": 40, "posted_imputed": false, "v_safe": 30, "gap": 10, "R": 3.16, "exposure": 0.479, "vru_150m": 1, "sss": 18.5, "recommended": 30, "fatal_reduction_pct": 68.4, "why": "local road, frontage/pedestrian mixing", "pop_density": 11290.8, "pop_density_peak": 12683.7, "v_design": 35, "design_gap": 5}}, {"type": "Feature", "geometry": {"type": "LineString", "coordinates": [[125.5911344, 7.0582379], [125.5928176, 7.058633], [125.593352, 7.0587584]]}, "properties": {"city": "davao", "name": "Loreto Street", "highway": "residential", "v_posted": 40, "posted_imputed": false, "v_safe": 30, "gap": 10, "R": 3.16, "exposure": 0.566, "vru_150m": 1, "sss": 19.6, "recommended": 30, "fatal_reduction_pct": 68.4, "why": "local road, frontage/pedestrian mixing", "pop_density": 14808.9, "pop_density_peak": 15303.1, "v_design": 35, "design_gap": 5}}, {"type": "Feature", "geometry": {"type": "LineString", "coordinates": [[125.5908834, 7.0565668], [125.5914994, 7.0567166]]}, "properties": {"city": "davao", "name": "Marang Street", "highway": "residential", "v_posted": 40, "posted_imputed": false, "v_safe": 30, "gap": 10, "R": 3.16, "exposure": 0.566, "vru_150m": 2, "sss": 19.6, "recommended": 30, "fatal_reduction_pct": 68.4, "why": "pedestrian activity (1 VRU site<=50m)", "pop_density": 8946.5, "pop_density_peak": 9278.2, "v_design": 35, "design_gap": 5}}, {"type": "Feature", "geometry": {"type": "LineString", "coordinates": [[125.5904186, 7.0612275], [125.5904419, 7.0611312]]}, "properties": {"city": "davao", "name": "Durian Street", "highway": "residential", "v_posted": 40, "posted_imputed": false, "v_safe": 30, "gap": 10, "R": 3.16, "exposure": 0.295, "vru_150m": 0, "sss": 16.2, "recommended": 30, "fatal_reduction_pct": 68.4, "why": "local road, frontage/pedestrian mixing", "pop_density": 9550.2, "pop_density_peak": 9829.3, "v_design": 35, "design_gap": 5}}, {"type": "Feature", "geometry": {"type": "LineString", "coordinates": [[125.5913, 7.0548226], [125.5914481, 7.0542025], [125.5915469, 7.0537919], [125.5916261, 7.0534625], [125.5917326, 7.0530202], [125.5917826, 7.0528125], [125.5918409, 7.0525705], [125.5919285, 7.0522065]]}, "properties": {"city": "davao", "name": "Calamansi Street", "highway": "residential", "v_posted": 40, "posted_imputed": false, "v_safe": 30, "gap": 10, "R": 3.16, "exposure": 0.627, "vru_150m": 0, "sss": 20.3, "recommended": 30, "fatal_reduction_pct": 68.4, "why": "local road, frontage/pedestrian mixing", "pop_density": 20292.5, "pop_density_peak": 30166.1, "v_design": 35, "design_gap": 5}}, {"type": "Feature", "geometry": {"type": "LineString", "coordinates": [[125.5718543, 7.0491422], [125.5718409, 7.049097], [125.5718146, 7.0490521], [125.5715734, 7.0487497]]}, "properties": {"city": "davao", "name": "Yellowbell Street", "highway": "residential", "v_posted": 40, "posted_imputed": false, "v_safe": 30, "gap": 10, "R": 3.16, "exposure": 0.394, "vru_150m": 0, "sss": 17.4, "recommended": 30, "fatal_reduction_pct": 68.4, "why": "local road, frontage/pedestrian mixing", "pop_density": 12728.0, "pop_density_peak": 13121.1, "v_design": 35, "design_gap": 5}}, {"type": "Feature", "geometry": {"type": "LineString", "coordinates": [[125.5711552, 7.0504131], [125.5717124, 7.0508189], [125.571937, 7.0509853], [125.5722284, 7.0511593]]}, "properties": {"city": "davao", "name": "Tinikling Street", "highway": "residential", "v_posted": 40, "posted_imputed": false, "v_safe": 30, "gap": 10, "R": 3.16, "exposure": 0.503, "vru_150m": 0, "sss": 18.8, "recommended": 30, "fatal_reduction_pct": 68.4, "why": "local road, frontage/pedestrian mixing", "pop_density": 16278.9, "pop_density_peak": 16713.8, "v_design": 35, "design_gap": 5}}, {"type": "Feature", "geometry": {"type": "LineString", "coordinates": [[125.5886523, 7.0511467], [125.5888608, 7.0512541], [125.5891547, 7.0514006], [125.5892179, 7.051432], [125.5893038, 7.0514746], [125.589455, 7.0515469], [125.5896068, 7.0516194], [125.5896645, 7.0516448], [125.5897379, 7.0516737], [125.5898057, 7.0516971]]}, "properties": {"city": "davao", "name": "Quimpo Boulevard", "highway": "primary", "v_posted": 40, "posted_imputed": false, "v_safe": 30, "gap": 10, "R": 3.16, "exposure": 0.544, "vru_150m": 1, "sss": 19.3, "recommended": 30, "fatal_reduction_pct": 68.4, "why": "pedestrian activity (1 VRU site<=50m)", "pop_density": 13913.3, "pop_density_peak": 14569.9, "v_design": 60, "design_gap": 30}}, {"type": "Feature", "geometry": {"type": "LineString", "coordinates": [[125.5756969, 7.0644735], [125.5756026, 7.0646025], [125.575378, 7.0649166], [125.5752982, 7.0649898], [125.5752279, 7.065027]]}, "properties": {"city": "davao", "name": "Surveyor Extension", "highway": "residential", "v_posted": 40, "posted_imputed": false, "v_safe": 30, "gap": 10, "R": 3.16, "exposure": 0.067, "vru_150m": 0, "sss": 13.3, "recommended": 30, "fatal_reduction_pct": 68.4, "why": "local road, frontage/pedestrian mixing", "pop_density": 2163.2, "pop_density_peak": 2163.2, "v_design": 35, "design_gap": 5}}, {"type": "Feature", "geometry": {"type": "LineString", "coordinates": [[125.589406, 7.0811119], [125.5898921, 7.0809859], [125.5903179, 7.0808755], [125.5905792, 7.0808078], [125.5909421, 7.0807137]]}, "properties": {"city": "davao", "name": "J. P. Rodriguez Street", "highway": "residential", "v_posted": 40, "posted_imputed": false, "v_safe": 30, "gap": 10, "R": 3.16, "exposure": 0.408, "vru_150m": 2, "sss": 17.6, "recommended": 30, "fatal_reduction_pct": 68.4, "why": "local road, frontage/pedestrian mixing", "pop_density": 440.3, "pop_density_peak": 450.4, "v_design": 35, "design_gap": 5}}, {"type": "Feature", "geometry": {"type": "LineString", "coordinates": [[125.5722284, 7.0511593], [125.5727904, 7.0514528], [125.5730432, 7.0516118], [125.573346, 7.0517944]]}, "properties": {"city": "davao", "name": "Tinikling Street", "highway": "residential", "v_posted": 40, "posted_imputed": false, "v_safe": 30, "gap": 10, "R": 3.16, "exposure": 0.466, "vru_150m": 0, "sss": 18.3, "recommended": 30, "fatal_reduction_pct": 68.4, "why": "local road, frontage/pedestrian mixing", "pop_density": 15073.8, "pop_density_peak": 16713.8, "v_design": 35, "design_gap": 5}}, {"type": "Feature", "geometry": {"type": "LineString", "coordinates": [[125.5874338, 7.0816669], [125.5871569, 7.080627]]}, "properties": {"city": "davao", "name": "N. S. Monteverde Street", "highway": "residential", "v_posted": 40, "posted_imputed": false, "v_safe": 30, "gap": 10, "R": 3.16, "exposure": 0.025, "vru_150m": 0, "sss": 12.8, "recommended": 30, "fatal_reduction_pct": 68.4, "why": "local road, frontage/pedestrian mixing", "pop_density": 813.4, "pop_density_peak": 1009.2, "v_design": 35, "design_gap": 5}}, {"type": "Feature", "geometry": {"type": "LineString", "coordinates": [[125.5908484, 7.0594375], [125.590985, 7.0588648]]}, "properties": {"city": "davao", "name": "Durian Street", "highway": "residential", "v_posted": 40, "posted_imputed": false, "v_safe": 30, "gap": 10, "R": 3.16, "exposure": 0.385, "vru_150m": 0, "sss": 17.3, "recommended": 30, "fatal_reduction_pct": 68.4, "why": "local road, frontage/pedestrian mixing", "pop_density": 12447.2, "pop_density_peak": 13097.1, "v_design": 35, "design_gap": 5}}, {"type": "Feature", "geometry": {"type": "LineString", "coordinates": [[125.5907013, 7.0600505], [125.5908484, 7.0594375]]}, "properties": {"city": "davao", "name": "Durian Street", "highway": "residential", "v_posted": 40, "posted_imputed": false, "v_safe": 30, "gap": 10, "R": 3.16, "exposure": 0.342, "vru_150m": 0, "sss": 16.8, "recommended": 30, "fatal_reduction_pct": 68.4, "why": "local road, frontage/pedestrian mixing", "pop_density": 11073.4, "pop_density_peak": 11797.3, "v_design": 35, "design_gap": 5}}, {"type": "Feature", "geometry": {"type": "LineString", "coordinates": [[125.5908484, 7.0594375], [125.5913817, 7.0595641]]}, "properties": {"city": "davao", "name": "Sampaguita Street", "highway": "residential", "v_posted": 40, "posted_imputed": false, "v_safe": 30, "gap": 10, "R": 3.16, "exposure": 0.335, "vru_150m": 0, "sss": 16.7, "recommended": 30, "fatal_reduction_pct": 68.4, "why": "local road, frontage/pedestrian mixing", "pop_density": 10847.6, "pop_density_peak": 11797.3, "v_design": 35, "design_gap": 5}}, {"type": "Feature", "geometry": {"type": "LineString", "coordinates": [[125.5942671, 7.0548746], [125.5920671, 7.0543501], [125.5914481, 7.0542025], [125.5908857, 7.0540685], [125.5902126, 7.053908], [125.5895695, 7.0537547]]}, "properties": {"city": "davao", "name": "First Street", "highway": "residential", "v_posted": 40, "posted_imputed": false, "v_safe": 30, "gap": 10, "R": 3.16, "exposure": 0.487, "vru_150m": 0, "sss": 18.6, "recommended": 30, "fatal_reduction_pct": 68.4, "why": "local road, frontage/pedestrian mixing", "pop_density": 15736.0, "pop_density_peak": 21532.7, "v_design": 35, "design_gap": 5}}, {"type": "Feature", "geometry": {"type": "LineString", "coordinates": [[125.5879247, 7.0508526], [125.5882177, 7.0509583], [125.5884504, 7.0510536]]}, "properties": {"city": "davao", "name": "Quimpo Boulevard", "highway": "primary", "v_posted": 40, "posted_imputed": false, "v_safe": 30, "gap": 10, "R": 3.16, "exposure": 0.619, "vru_150m": 2, "sss": 20.2, "recommended": 30, "fatal_reduction_pct": 68.4, "why": "pedestrian activity (1 VRU site<=50m)", "pop_density": 11779.5, "pop_density_peak": 13415.7, "v_design": 60, "design_gap": 30}}, {"type": "Feature", "geometry": {"type": "LineString", "coordinates": [[125.5908834, 7.0565668], [125.5913, 7.0548226]]}, "properties": {"city": "davao", "name": "Calamansi Street", "highway": "residential", "v_posted": 40, "posted_imputed": false, "v_safe": 30, "gap": 10, "R": 3.16, "exposure": 0.319, "vru_150m": 0, "sss": 16.5, "recommended": 30, "fatal_reduction_pct": 68.4, "why": "local road, frontage/pedestrian mixing", "pop_density": 10332.0, "pop_density_peak": 12049.2, "v_design": 35, "design_gap": 5}}, {"type": "Feature", "geometry": {"type": "LineString", "coordinates": [[125.5900362, 7.0546391], [125.5899363, 7.0550574], [125.5898059, 7.0555986], [125.589644, 7.0562647], [125.5889784, 7.0589948]]}, "properties": {"city": "davao", "name": "Kasoy Street", "highway": "residential", "v_posted": 40, "posted_imputed": false, "v_safe": 30, "gap": 10, "R": 3.16, "exposure": 0.623, "vru_150m": 2, "sss": 20.3, "recommended": 30, "fatal_reduction_pct": 68.4, "why": "local road, frontage/pedestrian mixing", "pop_density": 12022.1, "pop_density_peak": 13136.8, "v_design": 35, "design_gap": 5}}, {"type": "Feature", "geometry": {"type": "LineString", "coordinates": [[125.5767868, 7.0556382], [125.5768871, 7.0556912], [125.5769716, 7.0557484], [125.5770282, 7.055791], [125.5771315, 7.0558673]]}, "properties": {"city": "davao", "name": "MacArthur Highway", "highway": "primary", "v_posted": 40, "posted_imputed": false, "v_safe": 30, "gap": 10, "R": 3.16, "exposure": 0.518, "vru_150m": 1, "sss": 19.0, "recommended": 30, "fatal_reduction_pct": 68.4, "why": "pedestrian activity (1 VRU site<=50m)", "pop_density": 12871.0, "pop_density_peak": 12871.0, "v_design": 60, "design_gap": 30}}, {"type": "Feature", "geometry": {"type": "LineString", "coordinates": [[125.587562, 7.0585094], [125.5880986, 7.0586394], [125.5883321, 7.0586959], [125.5884004, 7.0587124]]}, "properties": {"city": "davao", "name": "Carlos Villa-Abrille Extension", "highway": "unclassified", "v_posted": 40, "posted_imputed": false, "v_safe": 30, "gap": 10, "R": 3.16, "exposure": 0.267, "vru_150m": 0, "sss": 15.8, "recommended": 30, "fatal_reduction_pct": 68.4, "why": "local road, frontage/pedestrian mixing", "pop_density": 8642.3, "pop_density_peak": 9469.2, "v_design": 40, "design_gap": 10}}, {"type": "Feature", "geometry": {"type": "LineString", "coordinates": [[125.5853103, 7.0502388], [125.5853475, 7.0500772], [125.5853698, 7.049988]]}, "properties": {"city": "davao", "name": "Colonel Emilio D. Escandor Street", "highway": "unclassified", "v_posted": 40, "posted_imputed": false, "v_safe": 30, "gap": 10, "R": 3.16, "exposure": 0.51, "vru_150m": 1, "sss": 18.9, "recommended": 30, "fatal_reduction_pct": 68.4, "why": "local road, frontage/pedestrian mixing", "pop_density": 12540.3, "pop_density_peak": 12540.3, "v_design": 40, "design_gap": 10}}, {"type": "Feature", "geometry": {"type": "LineString", "coordinates": [[125.5734821, 7.0596053], [125.5734027, 7.0594481], [125.5733002, 7.0592454], [125.5727919, 7.0582392], [125.5725792, 7.0577362], [125.572482, 7.0575063]]}, "properties": {"city": "davao", "name": "Virgo Street", "highway": "residential", "v_posted": 40, "posted_imputed": false, "v_safe": 30, "gap": 10, "R": 3.16, "exposure": 0.332, "vru_150m": 1, "sss": 16.7, "recommended": 30, "fatal_reduction_pct": 68.4, "why": "local road, frontage/pedestrian mixing", "pop_density": 5344.2, "pop_density_peak": 9134.6, "v_design": 35, "design_gap": 5}}, {"type": "Feature", "geometry": {"type": "LineString", "coordinates": [[125.5660646, 7.0533187], [125.5660189, 7.0535008], [125.5659662, 7.0537284], [125.5659357, 7.0538837], [125.5659178, 7.0539933], [125.5659092, 7.0540601], [125.5659018, 7.0541307], [125.5659078, 7.0542158], [125.5659279, 7.0542951], [125.5659574, 7.054371], [125.5659976, 7.0544374]]}, "properties": {"city": "davao", "name": "Congressman I. Veloso Road", "highway": "secondary", "v_posted": 40, "posted_imputed": false, "v_safe": 30, "gap": 10, "R": 3.16, "exposure": 0.604, "vru_150m": 2, "sss": 20.1, "recommended": 30, "fatal_reduction_pct": 68.4, "why": "pedestrian activity (1 VRU site<=50m)", "pop_density": 11013.9, "pop_density_peak": 11170.8, "v_design": 50, "design_gap": 20}}, {"type": "Feature", "geometry": {"type": "LineString", "coordinates": [[125.5796192, 7.0596387], [125.5792507, 7.059608]]}, "properties": {"city": "davao", "name": "Oak Street", "highway": "residential", "v_posted": 40, "posted_imputed": false, "v_safe": 30, "gap": 10, "R": 3.16, "exposure": 0.366, "vru_150m": 1, "sss": 17.1, "recommended": 30, "fatal_reduction_pct": 68.4, "why": "local road, frontage/pedestrian mixing", "pop_density": 6723.2, "pop_density_peak": 8391.2, "v_design": 35, "design_gap": 5}}, {"type": "Feature", "geometry": {"type": "LineString", "coordinates": [[125.5632957, 7.0588769], [125.5632664, 7.0588794], [125.563237, 7.0588788], [125.5630671, 7.0588692]]}, "properties": {"city": "davao", "name": "Dove Street", "highway": "residential", "v_posted": 40, "posted_imputed": false, "v_safe": 30, "gap": 10, "R": 3.16, "exposure": 0.18, "vru_150m": 0, "sss": 14.8, "recommended": 30, "fatal_reduction_pct": 68.4, "why": "local road, frontage/pedestrian mixing", "pop_density": 5837.9, "pop_density_peak": 5837.9, "v_design": 35, "design_gap": 5}}, {"type": "Feature", "geometry": {"type": "LineString", "coordinates": [[125.5635048, 7.059449], [125.5628677, 7.0596988]]}, "properties": {"city": "davao", "name": "10th Street", "highway": "residential", "v_posted": 40, "posted_imputed": false, "v_safe": 30, "gap": 10, "R": 3.16, "exposure": 0.289, "vru_150m": 0, "sss": 16.1, "recommended": 30, "fatal_reduction_pct": 68.4, "why": "local road, frontage/pedestrian mixing", "pop_density": 9342.9, "pop_density_peak": 11249.8, "v_design": 35, "design_gap": 5}}, {"type": "Feature", "geometry": {"type": "LineString", "coordinates": [[125.5995375, 7.0575233], [125.5996829, 7.0568651], [125.5996983, 7.0568215], [125.5997154, 7.0567932], [125.5997424, 7.0567676], [125.5997742, 7.0567468], [125.6001083, 7.0565655], [125.6001336, 7.0565518], [125.6002775, 7.0564737]]}, "properties": {"city": "davao", "name": "Aquino Street", "highway": "residential", "v_posted": 40, "posted_imputed": false, "v_safe": 30, "gap": 10, "R": 3.16, "exposure": 0.702, "vru_150m": 2, "sss": 21.3, "recommended": 30, "fatal_reduction_pct": 68.4, "why": "local road, frontage/pedestrian mixing", "pop_density": 16281.0, "pop_density_peak": 19578.3, "v_design": 35, "design_gap": 5}}, {"type": "Feature", "geometry": {"type": "LineString", "coordinates": [[125.5980059, 7.0571631], [125.598718, 7.0573306], [125.5995375, 7.0575233], [125.6001024, 7.057659], [125.600299, 7.057715], [125.6007177, 7.0578677], [125.600938, 7.0579527], [125.6011998, 7.0580671]]}, "properties": {"city": "davao", "name": "Daang Patnubay Street", "highway": "residential", "v_posted": 40, "posted_imputed": false, "v_safe": 30, "gap": 10, "R": 3.16, "exposure": 0.644, "vru_150m": 2, "sss": 20.6, "recommended": 30, "fatal_reduction_pct": 68.4, "why": "local road, frontage/pedestrian mixing", "pop_density": 13156.6, "pop_density_peak": 13500.3, "v_design": 35, "design_gap": 5}}, {"type": "Feature", "geometry": {"type": "LineString", "coordinates": [[125.5976688, 7.049445], [125.5986841, 7.0511934], [125.5989429, 7.051634], [125.599039, 7.0517957], [125.5993271, 7.0523058], [125.5995481, 7.0526409], [125.5996672, 7.0528163], [125.59979, 7.0529557], [125.5999132, 7.0530423], [125.5999959, 7.0530895], [125.6001957, 7.0531716], [125.600451, 7.0532354], [125.6010516, 7.0533843], [125.6014229, 7.0534679], [125.6018622, 7.0535539], [125.6019225, 7.0535657]]}, "properties": {"city": "davao", "name": "Eagle Street", "highway": "residential", "v_posted": 40, "posted_imputed": false, "v_safe": 30, "gap": 10, "R": 3.16, "exposure": 1.0, "vru_150m": 2, "sss": 25.0, "recommended": 30, "fatal_reduction_pct": 68.4, "why": "pedestrian activity (1 VRU site<=50m)", "pop_density": 39727.6, "pop_density_peak": 50351.3, "v_design": 35, "design_gap": 5}}, {"type": "Feature", "geometry": {"type": "LineString", "coordinates": [[125.6045959, 7.0518302], [125.6044585, 7.0521308], [125.6043395, 7.0523911], [125.6043076, 7.0524558], [125.6042691, 7.0525199], [125.6042212, 7.0525809], [125.6041694, 7.0526322], [125.6041198, 7.0526757], [125.6040356, 7.0527342], [125.6040109, 7.0527503], [125.6039792, 7.052763], [125.6039495, 7.0527636]]}, "properties": {"city": "davao", "name": "Holy Trinity Street", "highway": "residential", "v_posted": 40, "posted_imputed": false, "v_safe": 30, "gap": 10, "R": 3.16, "exposure": 0.761, "vru_150m": 1, "sss": 22.0, "recommended": 30, "fatal_reduction_pct": 68.4, "why": "local road, frontage/pedestrian mixing", "pop_density": 22682.3, "pop_density_peak": 25361.1, "v_design": 35, "design_gap": 5}}, {"type": "Feature", "geometry": {"type": "LineString", "coordinates": [[125.6015687, 7.0522776], [125.6011666, 7.0522597], [125.6007571, 7.0522778], [125.6004021, 7.0523282], [125.6002072, 7.0523771], [125.6000123, 7.0524375], [125.5995481, 7.0526409]]}, "properties": {"city": "davao", "name": "Oriole Street", "highway": "residential", "v_posted": 40, "posted_imputed": false, "v_safe": 30, "gap": 10, "R": 3.16, "exposure": 1.0, "vru_150m": 1, "sss": 25.0, "recommended": 30, "fatal_reduction_pct": 68.4, "why": "local road, frontage/pedestrian mixing", "pop_density": 42102.4, "pop_density_peak": 43411.4, "v_design": 35, "design_gap": 5}}, {"type": "Feature", "geometry": {"type": "LineString", "coordinates": [[125.5993271, 7.0523058], [125.5990532, 7.0524404], [125.5989885, 7.0524766], [125.5989707, 7.0525219], [125.5989737, 7.0525648], [125.5989955, 7.0526174], [125.5992218, 7.0529799], [125.5993829, 7.053182], [125.5995383, 7.0533194], [125.5995976, 7.0533628], [125.5998552, 7.0535005], [125.6000111, 7.0535604], [125.6000966, 7.053588], [125.6012204, 7.0538592], [125.6012607, 7.0538578], [125.6013042, 7.0538438], [125.6013237, 7.0538259], [125.6013452, 7.0537766], [125.6014229, 7.0534679]]}, "properties": {"city": "davao", "name": "Dove Street", "highway": "residential", "v_posted": 40, "posted_imputed": false, "v_safe": 30, "gap": 10, "R": 3.16, "exposure": 1.0, "vru_150m": 2, "sss": 25.0, "recommended": 30, "fatal_reduction_pct": 68.4, "why": "local road, frontage/pedestrian mixing", "pop_density": 40354.5, "pop_density_peak": 43159.5, "v_design": 25, "design_gap": -5}}, {"type": "Feature", "geometry": {"type": "LineString", "coordinates": [[125.602119, 7.051144], [125.6016818, 7.0510788], [125.6012406, 7.0510548], [125.6008864, 7.0510583], [125.6005196, 7.0511059], [125.6001878, 7.0511553], [125.5997955, 7.0512638], [125.5994535, 7.0513909], [125.5989429, 7.051634]]}, "properties": {"city": "davao", "name": "Peacock Street", "highway": "residential", "v_posted": 40, "posted_imputed": false, "v_safe": 30, "gap": 10, "R": 3.16, "exposure": 1.0, "vru_150m": 0, "sss": 25.0, "recommended": 30, "fatal_reduction_pct": 68.4, "why": "local road, frontage/pedestrian mixing", "pop_density": 50846.2, "pop_density_peak": 56208.4, "v_design": 35, "design_gap": 5}}, {"type": "Feature", "geometry": {"type": "LineString", "coordinates": [[125.5986841, 7.0511934], [125.5991094, 7.0509879], [125.5996699, 7.0507822], [125.5998826, 7.0507237], [125.6003755, 7.0506103], [125.6005988, 7.0505691], [125.6012895, 7.0505338]]}, "properties": {"city": "davao", "name": "Diamond Street", "highway": "residential", "v_posted": 40, "posted_imputed": false, "v_safe": 30, "gap": 10, "R": 3.16, "exposure": 1.0, "vru_150m": 0, "sss": 25.0, "recommended": 30, "fatal_reduction_pct": 68.4, "why": "local road, frontage/pedestrian mixing", "pop_density": 53519.3, "pop_density_peak": 56208.4, "v_design": 35, "design_gap": 5}}, {"type": "Feature", "geometry": {"type": "LineString", "coordinates": [[125.5930786, 7.0466931], [125.5930165, 7.0469576]]}, "properties": {"city": "davao", "name": "", "highway": "residential", "v_posted": 40, "posted_imputed": false, "v_safe": 30, "gap": 10, "R": 3.16, "exposure": 1.0, "vru_150m": 1, "sss": 25.0, "recommended": 30, "fatal_reduction_pct": 68.4, "why": "local road, frontage/pedestrian mixing", "pop_density": 35329.6, "pop_density_peak": 35329.7, "v_design": 35, "design_gap": 5}}, {"type": "Feature", "geometry": {"type": "LineString", "coordinates": [[125.5969432, 7.0615851], [125.5968439, 7.0615614], [125.5942149, 7.0609329]]}, "properties": {"city": "davao", "name": "Camachile Street", "highway": "residential", "v_posted": 40, "posted_imputed": false, "v_safe": 30, "gap": 10, "R": 3.16, "exposure": 0.747, "vru_150m": 3, "sss": 21.8, "recommended": 30, "fatal_reduction_pct": 68.4, "why": "local road, frontage/pedestrian mixing", "pop_density": 11870.2, "pop_density_peak": 12899.5, "v_design": 35, "design_gap": 5}}, {"type": "Feature", "geometry": {"type": "LineString", "coordinates": [[125.5943552, 7.0603345], [125.5958426, 7.0606907], [125.5964604, 7.0608387], [125.5969929, 7.0609662], [125.5970846, 7.0609881]]}, "properties": {"city": "davao", "name": "Calachuchi Street", "highway": "residential", "v_posted": 40, "posted_imputed": false, "v_safe": 30, "gap": 10, "R": 3.16, "exposure": 0.456, "vru_150m": 1, "sss": 18.2, "recommended": 30, "fatal_reduction_pct": 68.4, "why": "local road, frontage/pedestrian mixing", "pop_density": 10370.5, "pop_density_peak": 10606.0, "v_design": 35, "design_gap": 5}}, {"type": "Feature", "geometry": {"type": "LineString", "coordinates": [[125.5945036, 7.0597013], [125.5943552, 7.0603345], [125.5942149, 7.0609329], [125.5940549, 7.0615702]]}, "properties": {"city": "davao", "name": "Jasmine Street", "highway": "residential", "v_posted": 40, "posted_imputed": false, "v_safe": 30, "gap": 10, "R": 3.16, "exposure": 0.623, "vru_150m": 2, "sss": 20.3, "recommended": 30, "fatal_reduction_pct": 68.4, "why": "local road, frontage/pedestrian mixing", "pop_density": 11996.2, "pop_density_peak": 12895.6, "v_design": 35, "design_gap": 5}}, {"type": "Feature", "geometry": {"type": "LineString", "coordinates": [[125.5972517, 7.0575656], [125.5966446, 7.060083], [125.5966427, 7.0600908], [125.5966388, 7.0601069], [125.5964604, 7.0608387]]}, "properties": {"city": "davao", "name": "Atis Street", "highway": "residential", "v_posted": 40, "posted_imputed": false, "v_safe": 30, "gap": 10, "R": 3.16, "exposure": 0.397, "vru_150m": 0, "sss": 17.5, "recommended": 30, "fatal_reduction_pct": 68.4, "why": "local road, frontage/pedestrian mixing", "pop_density": 12849.9, "pop_density_peak": 14280.2, "v_design": 35, "design_gap": 5}}, {"type": "Feature", "geometry": {"type": "LineString", "coordinates": [[125.5966297, 7.0574186], [125.5960011, 7.0600319], [125.5958426, 7.0606907]]}, "properties": {"city": "davao", "name": "Aguho Street", "highway": "residential", "v_posted": 40, "posted_imputed": false, "v_safe": 30, "gap": 10, "R": 3.16, "exposure": 0.639, "vru_150m": 2, "sss": 20.5, "recommended": 30, "fatal_reduction_pct": 68.4, "why": "local road, frontage/pedestrian mixing", "pop_density": 12908.5, "pop_density_peak": 14280.2, "v_design": 35, "design_gap": 5}}, {"type": "Feature", "geometry": {"type": "LineString", "coordinates": [[125.5922457, 7.0536143], [125.5944371, 7.0541548], [125.5956203, 7.0544466], [125.5966359, 7.0546787]]}, "properties": {"city": "davao", "name": "Cesario Street", "highway": "residential", "v_posted": 40, "posted_imputed": false, "v_safe": 30, "gap": 10, "R": 3.16, "exposure": 1.0, "vru_150m": 1, "sss": 25.0, "recommended": 30, "fatal_reduction_pct": 68.4, "why": "local road, frontage/pedestrian mixing", "pop_density": 34270.5, "pop_density_peak": 43289.7, "v_design": 35, "design_gap": 5}}, {"type": "Feature", "geometry": {"type": "LineString", "coordinates": [[125.593352, 7.0587584], [125.5936123, 7.0588156], [125.5939453, 7.0588976], [125.5939706, 7.0589036], [125.594044, 7.0589208]]}, "properties": {"city": "davao", "name": "Loreto Street", "highway": "unclassified", "v_posted": 40, "posted_imputed": false, "v_safe": 30, "gap": 10, "R": 3.16, "exposure": 0.67, "vru_150m": 2, "sss": 20.9, "recommended": 30, "fatal_reduction_pct": 68.4, "why": "local road, frontage/pedestrian mixing", "pop_density": 14530.7, "pop_density_peak": 14618.3, "v_design": 40, "design_gap": 10}}, {"type": "Feature", "geometry": {"type": "LineString", "coordinates": [[125.5948716, 7.059115], [125.5950487, 7.0584192], [125.5952458, 7.0576444]]}, "properties": {"city": "davao", "name": "Macopa Street", "highway": "residential", "v_posted": 40, "posted_imputed": false, "v_safe": 30, "gap": 10, "R": 3.16, "exposure": 0.638, "vru_150m": 2, "sss": 20.5, "recommended": 30, "fatal_reduction_pct": 68.4, "why": "local road, frontage/pedestrian mixing", "pop_density": 12835.5, "pop_density_peak": 14361.0, "v_design": 35, "design_gap": 5}}, {"type": "Feature", "geometry": {"type": "LineString", "coordinates": [[125.5960102, 7.0572723], [125.5960325, 7.0571798], [125.5961769, 7.0565815], [125.5963115, 7.0560233], [125.5964624, 7.0553979]]}, "properties": {"city": "davao", "name": "Mangga Street", "highway": "residential", "v_posted": 40, "posted_imputed": false, "v_safe": 30, "gap": 10, "R": 3.16, "exposure": 0.613, "vru_150m": 1, "sss": 20.2, "recommended": 30, "fatal_reduction_pct": 68.4, "why": "local road, frontage/pedestrian mixing", "pop_density": 16698.1, "pop_density_peak": 19557.0, "v_design": 35, "design_gap": 5}}, {"type": "Feature", "geometry": {"type": "LineString", "coordinates": [[125.5964624, 7.0553979], [125.595657, 7.0552059], [125.5942671, 7.0548746]]}, "properties": {"city": "davao", "name": "First Avenue Street", "highway": "residential", "v_posted": 40, "posted_imputed": false, "v_safe": 30, "gap": 10, "R": 3.16, "exposure": 0.708, "vru_150m": 1, "sss": 21.4, "recommended": 30, "fatal_reduction_pct": 68.4, "why": "local road, frontage/pedestrian mixing", "pop_density": 20544.8, "pop_density_peak": 21532.7, "v_design": 35, "design_gap": 5}}, {"type": "Feature", "geometry": {"type": "LineString", "coordinates": [[125.5920671, 7.0543501], [125.5922457, 7.0536143], [125.5924036, 7.0529641]]}, "properties": {"city": "davao", "name": "Benjie Street", "highway": "residential", "v_posted": 40, "posted_imputed": false, "v_safe": 30, "gap": 10, "R": 3.16, "exposure": 0.722, "vru_150m": 0, "sss": 21.5, "recommended": 30, "fatal_reduction_pct": 68.4, "why": "local road, frontage/pedestrian mixing", "pop_density": 23361.3, "pop_density_peak": 30943.8, "v_design": 35, "design_gap": 5}}, {"type": "Feature", "geometry": {"type": "LineString", "coordinates": [[125.5937003, 7.0572939], [125.5949759, 7.0575832], [125.5952458, 7.0576444], [125.5958847, 7.0577893]]}, "properties": {"city": "davao", "name": "San Francisco Street", "highway": "residential", "v_posted": 40, "posted_imputed": false, "v_safe": 30, "gap": 10, "R": 3.16, "exposure": 0.612, "vru_150m": 2, "sss": 20.2, "recommended": 30, "fatal_reduction_pct": 68.4, "why": "local road, frontage/pedestrian mixing", "pop_density": 11451.4, "pop_density_peak": 11734.2, "v_design": 35, "design_gap": 5}}, {"type": "Feature", "geometry": {"type": "LineString", "coordinates": [[125.593352, 7.0587584], [125.5935023, 7.0581393], [125.5935704, 7.0578546], [125.5935927, 7.0577611], [125.5937003, 7.0572939], [125.5937778, 7.0569571], [125.5938425, 7.0566714], [125.5939232, 7.056322], [125.5939811, 7.0560712], [125.5941208, 7.0554866], [125.5942671, 7.0548746]]}, "properties": {"city": "davao", "name": "University Avenue", "highway": "unclassified", "v_posted": 40, "posted_imputed": false, "v_safe": 30, "gap": 10, "R": 3.16, "exposure": 0.558, "vru_150m": 1, "sss": 19.5, "recommended": 30, "fatal_reduction_pct": 68.4, "why": "local road, frontage/pedestrian mixing", "pop_density": 14458.2, "pop_density_peak": 21532.7, "v_design": 40, "design_gap": 10}}, {"type": "Feature", "geometry": {"type": "LineString", "coordinates": [[125.5963115, 7.0560233], [125.5952656, 7.0557671], [125.5941208, 7.0554866], [125.5927269, 7.0551636], [125.5920688, 7.055009], [125.5920034, 7.055002], [125.5919522, 7.0550078]]}, "properties": {"city": "davao", "name": "Richardo Street", "highway": "residential", "v_posted": 40, "posted_imputed": false, "v_safe": 30, "gap": 10, "R": 3.16, "exposure": 0.47, "vru_150m": 0, "sss": 18.4, "recommended": 30, "fatal_reduction_pct": 68.4, "why": "local road, frontage/pedestrian mixing", "pop_density": 15202.8, "pop_density_peak": 20175.0, "v_design": 35, "design_gap": 5}}, {"type": "Feature", "geometry": {"type": "LineString", "coordinates": [[125.598718, 7.0573306], [125.5989374, 7.0563722], [125.5989647, 7.0562615], [125.5989996, 7.0561777], [125.5990586, 7.0561098], [125.5991136, 7.0560712], [125.5991886, 7.0560361]]}, "properties": {"city": "davao", "name": "E. Lopez Street", "highway": "residential", "v_posted": 40, "posted_imputed": false, "v_safe": 30, "gap": 10, "R": 3.16, "exposure": 0.647, "vru_150m": 0, "sss": 20.6, "recommended": 30, "fatal_reduction_pct": 68.4, "why": "local road, frontage/pedestrian mixing", "pop_density": 20932.0, "pop_density_peak": 29764.6, "v_design": 35, "design_gap": 5}}, {"type": "Feature", "geometry": {"type": "LineString", "coordinates": [[125.5960102, 7.0572723], [125.5966297, 7.0574186], [125.5972517, 7.0575656]]}, "properties": {"city": "davao", "name": "Champaca Street", "highway": "residential", "v_posted": 40, "posted_imputed": false, "v_safe": 30, "gap": 10, "R": 3.16, "exposure": 0.518, "vru_150m": 1, "sss": 19.0, "recommended": 30, "fatal_reduction_pct": 68.4, "why": "local road, frontage/pedestrian mixing", "pop_density": 12869.2, "pop_density_peak": 13839.3, "v_design": 35, "design_gap": 5}}, {"type": "Feature", "geometry": {"type": "LineString", "coordinates": [[125.5988126, 7.0580611], [125.5987703, 7.0580507], [125.5983035, 7.0579359], [125.5978442, 7.057823]]}, "properties": {"city": "davao", "name": "Isaac T. Robillo Sr. Street", "highway": "residential", "v_posted": 40, "posted_imputed": false, "v_safe": 30, "gap": 10, "R": 3.16, "exposure": 0.39, "vru_150m": 0, "sss": 17.4, "recommended": 30, "fatal_reduction_pct": 68.4, "why": "local road, frontage/pedestrian mixing", "pop_density": 12605.1, "pop_density_peak": 14148.9, "v_design": 35, "design_gap": 5}}, {"type": "Feature", "geometry": {"type": "LineString", "coordinates": [[125.5938425, 7.0566714], [125.5955861, 7.0570762], [125.5960325, 7.0571798]]}, "properties": {"city": "davao", "name": "Champaca Street", "highway": "residential", "v_posted": 40, "posted_imputed": false, "v_safe": 30, "gap": 10, "R": 3.16, "exposure": 0.506, "vru_150m": 1, "sss": 18.8, "recommended": 30, "fatal_reduction_pct": 68.4, "why": "pedestrian activity (1 VRU site<=50m)", "pop_density": 12358.6, "pop_density_peak": 13839.3, "v_design": 35, "design_gap": 5}}, {"type": "Feature", "geometry": {"type": "LineString", "coordinates": [[125.5939811, 7.0560712], [125.5956769, 7.0564653], [125.5961769, 7.0565815]]}, "properties": {"city": "davao", "name": "Talisay Street", "highway": "residential", "v_posted": 40, "posted_imputed": false, "v_safe": 30, "gap": 10, "R": 3.16, "exposure": 0.482, "vru_150m": 1, "sss": 18.5, "recommended": 30, "fatal_reduction_pct": 68.4, "why": "local road, frontage/pedestrian mixing", "pop_density": 11415.1, "pop_density_peak": 12476.9, "v_design": 35, "design_gap": 5}}, {"type": "Feature", "geometry": {"type": "LineString", "coordinates": [[125.5931925, 7.0593897], [125.5930559, 7.0599616], [125.5929183, 7.0605379], [125.5928314, 7.0609018], [125.5927468, 7.061256]]}, "properties": {"city": "davao", "name": "Dao Street", "highway": "residential", "v_posted": 40, "posted_imputed": false, "v_safe": 30, "gap": 10, "R": 3.16, "exposure": 0.523, "vru_150m": 1, "sss": 19.0, "recommended": 30, "fatal_reduction_pct": 68.4, "why": "local road, frontage/pedestrian mixing", "pop_density": 13045.9, "pop_density_peak": 14443.1, "v_design": 35, "design_gap": 5}}, {"type": "Feature", "geometry": {"type": "LineString", "coordinates": [[125.5976305, 7.0482271], [125.5976315, 7.0482758], [125.59764, 7.0483257], [125.5976578, 7.0483709], [125.5977275, 7.048482], [125.59801, 7.0489448], [125.5981376, 7.0491704], [125.5984368, 7.0498019], [125.5987195, 7.050304], [125.598903, 7.0506155], [125.5991094, 7.0509879]]}, "properties": {"city": "davao", "name": "Opal Street", "highway": "residential", "v_posted": 40, "posted_imputed": false, "v_safe": 30, "gap": 10, "R": 3.16, "exposure": 1.0, "vru_150m": 1, "sss": 25.0, "recommended": 30, "fatal_reduction_pct": 68.4, "why": "local road, frontage/pedestrian mixing", "pop_density": 36404.0, "pop_density_peak": 44605.3, "v_design": 35, "design_gap": 5}}, {"type": "Feature", "geometry": {"type": "LineString", "coordinates": [[125.5967493, 7.048158], [125.5968052, 7.048139], [125.5968525, 7.0481334], [125.5969021, 7.048136], [125.5976305, 7.0482271]]}, "properties": {"city": "davao", "name": "Emerald Street", "highway": "residential", "v_posted": 40, "posted_imputed": false, "v_safe": 30, "gap": 10, "R": 3.16, "exposure": 1.0, "vru_150m": 1, "sss": 25.0, "recommended": 30, "fatal_reduction_pct": 68.4, "why": "local road, frontage/pedestrian mixing", "pop_density": 35432.7, "pop_density_peak": 39976.1, "v_design": 35, "design_gap": 5}}, {"type": "Feature", "geometry": {"type": "LineString", "coordinates": [[125.6015595, 7.048539], [125.6015175, 7.0485353], [125.6014484, 7.0485257], [125.6013953, 7.0485157], [125.6010354, 7.0484022], [125.6007417, 7.048297], [125.6004265, 7.0481886], [125.6001932, 7.0481201], [125.5998668, 7.0480385]]}, "properties": {"city": "davao", "name": "Ilang-Ilang Extension", "highway": "residential", "v_posted": 40, "posted_imputed": false, "v_safe": 30, "gap": 10, "R": 3.16, "exposure": 0.991, "vru_150m": 0, "sss": 24.9, "recommended": 30, "fatal_reduction_pct": 68.4, "why": "local road, frontage/pedestrian mixing", "pop_density": 32048.4, "pop_density_peak": 40005.8, "v_design": 35, "design_gap": 5}}, {"type": "Feature", "geometry": {"type": "LineString", "coordinates": [[125.5998668, 7.0480385], [125.599863, 7.0481136], [125.599809, 7.0482926], [125.5997558, 7.0484436], [125.5996887, 7.0485979], [125.5995993, 7.0487511], [125.5993114, 7.0490443]]}, "properties": {"city": "davao", "name": "Cadena De Amor Street", "highway": "residential", "v_posted": 40, "posted_imputed": false, "v_safe": 30, "gap": 10, "R": 3.16, "exposure": 1.0, "vru_150m": 0, "sss": 25.0, "recommended": 30, "fatal_reduction_pct": 68.4, "why": "local road, frontage/pedestrian mixing", "pop_density": 43295.6, "pop_density_peak": 46585.3, "v_design": 35, "design_gap": 5}}, {"type": "Feature", "geometry": {"type": "LineString", "coordinates": [[125.6011428, 7.0603789], [125.6012137, 7.0600638], [125.6012133, 7.059971], [125.6011983, 7.0598936], [125.6011743, 7.0598082], [125.6011401, 7.0597064], [125.6010839, 7.0595388], [125.6010031, 7.0593073], [125.6008971, 7.0590034], [125.6008441, 7.0588515]]}, "properties": {"city": "davao", "name": "R. Magsaysay Street", "highway": "residential", "v_posted": 40, "posted_imputed": false, "v_safe": 30, "gap": 10, "R": 3.16, "exposure": 0.622, "vru_150m": 2, "sss": 20.3, "recommended": 30, "fatal_reduction_pct": 68.4, "why": "local road, frontage/pedestrian mixing", "pop_density": 11953.9, "pop_density_peak": 12884.1, "v_design": 35, "design_gap": 5}}, {"type": "Feature", "geometry": {"type": "LineString", "coordinates": [[125.6008441, 7.0588515], [125.6007257, 7.0588236], [125.6001302, 7.0586832], [125.5993116, 7.0584902]]}, "properties": {"city": "davao", "name": "Roxas Street", "highway": "residential", "v_posted": 40, "posted_imputed": false, "v_safe": 30, "gap": 10, "R": 3.16, "exposure": 0.631, "vru_150m": 2, "sss": 20.4, "recommended": 30, "fatal_reduction_pct": 68.4, "why": "local road, frontage/pedestrian mixing", "pop_density": 12449.3, "pop_density_peak": 13409.8, "v_design": 35, "design_gap": 5}}, {"type": "Feature", "geometry": {"type": "LineString", "coordinates": [[125.6043637, 7.0533926], [125.604211, 7.0533751], [125.6038383, 7.0533324], [125.603705, 7.0533242], [125.6035466, 7.0533467], [125.6034178, 7.0533893], [125.6032723, 7.0534539], [125.6030899, 7.0535797], [125.6030115, 7.0536575], [125.6029783, 7.0537032], [125.6029431, 7.0537613], [125.6028941, 7.0539277], [125.6028402, 7.0543425], [125.6027, 7.0555895], [125.6026648, 7.0558338], [125.6025916, 7.0563843], [125.6024616, 7.0573628], [125.6024328, 7.0576044]]}, "properties": {"city": "davao", "name": "", "highway": "residential", "v_posted": 40, "posted_imputed": false, "v_safe": 30, "gap": 10, "R": 3.16, "exposure": 0.653, "vru_150m": 2, "sss": 20.7, "recommended": 30, "fatal_reduction_pct": 68.4, "why": "pedestrian activity (1 VRU site<=50m)", "pop_density": 13637.3, "pop_density_peak": 19659.8, "v_design": 30, "design_gap": 0}}, {"type": "Feature", "geometry": {"type": "LineString", "coordinates": [[125.6001618, 7.0547791], [125.6005096, 7.0554193], [125.6009515, 7.0562246], [125.6009884, 7.0562788], [125.6010342, 7.0563302]]}, "properties": {"city": "davao", "name": "", "highway": "residential", "v_posted": 40, "posted_imputed": false, "v_safe": 30, "gap": 10, "R": 3.16, "exposure": 0.914, "vru_150m": 2, "sss": 23.9, "recommended": 30, "fatal_reduction_pct": 68.4, "why": "pedestrian activity (1 VRU site<=50m)", "pop_density": 27696.2, "pop_density_peak": 46536.6, "v_design": 35, "design_gap": 5}}, {"type": "Feature", "geometry": {"type": "LineString", "coordinates": [[125.6039495, 7.0527636], [125.6039165, 7.0527563], [125.6038851, 7.0527378], [125.6035419, 7.0524337], [125.6033561, 7.0523159], [125.6031898, 7.0522414], [125.6029518, 7.0521782], [125.6025421, 7.0520823], [125.6022491, 7.0520005], [125.6020869, 7.0519564]]}, "properties": {"city": "davao", "name": "Sparrow Street", "highway": "residential", "v_posted": 40, "posted_imputed": false, "v_safe": 30, "gap": 10, "R": 3.16, "exposure": 1.0, "vru_150m": 2, "sss": 25.0, "recommended": 30, "fatal_reduction_pct": 68.4, "why": "local road, frontage/pedestrian mixing", "pop_density": 37307.3, "pop_density_peak": 45978.8, "v_design": 35, "design_gap": 5}}, {"type": "Feature", "geometry": {"type": "LineString", "coordinates": [[125.6031575, 7.0486343], [125.6027681, 7.0492114], [125.6025916, 7.0495032], [125.6025196, 7.049654], [125.6024552, 7.0498089], [125.602406, 7.0499126], [125.6023114, 7.0500763], [125.6021744, 7.050287], [125.6019673, 7.0505678]]}, "properties": {"city": "davao", "name": "Kabacan Street", "highway": "residential", "v_posted": 40, "posted_imputed": false, "v_safe": 30, "gap": 10, "R": 3.16, "exposure": 0.988, "vru_150m": 1, "sss": 24.8, "recommended": 30, "fatal_reduction_pct": 68.4, "why": "pedestrian activity (1 VRU site<=50m)", "pop_density": 31855.9, "pop_density_peak": 44238.5, "v_design": 35, "design_gap": 5}}, {"type": "Feature", "geometry": {"type": "LineString", "coordinates": [[125.599703, 7.0550143], [125.6000413, 7.055663], [125.6003883, 7.0563281], [125.6003977, 7.0563507], [125.6003997, 7.0563773], [125.6003916, 7.0564033], [125.6003738, 7.0564222], [125.6002775, 7.0564737]]}, "properties": {"city": "davao", "name": "", "highway": "service", "v_posted": 40, "posted_imputed": false, "v_safe": 30, "gap": 10, "R": 3.16, "exposure": 0.89, "vru_150m": 2, "sss": 23.6, "recommended": 30, "fatal_reduction_pct": 68.4, "why": "local road, frontage/pedestrian mixing", "pop_density": 26415.8, "pop_density_peak": 40090.9, "v_design": 25, "design_gap": -5}}, {"type": "Feature", "geometry": {"type": "LineString", "coordinates": [[125.6001083, 7.0565655], [125.5993885, 7.0552387], [125.5993824, 7.0552247], [125.5993798, 7.0552074], [125.5993835, 7.0551928], [125.5993918, 7.0551835], [125.599407, 7.0551746], [125.5995212, 7.0551072]]}, "properties": {"city": "davao", "name": "Sandawa Park Drive", "highway": "service", "v_posted": 40, "posted_imputed": false, "v_safe": 30, "gap": 10, "R": 3.16, "exposure": 1.0, "vru_150m": 2, "sss": 25.0, "recommended": 30, "fatal_reduction_pct": 68.4, "why": "local road, frontage/pedestrian mixing", "pop_density": 33253.4, "pop_density_peak": 40090.9, "v_design": 25, "design_gap": -5}}, {"type": "Feature", "geometry": {"type": "LineString", "coordinates": [[125.5932656, 7.0617922], [125.5933604, 7.0614034], [125.593445, 7.0610565], [125.5936334, 7.0602832], [125.5938151, 7.0595377], [125.5939706, 7.0589036]]}, "properties": {"city": "davao", "name": "Juna Avenue", "highway": "unclassified", "v_posted": 40, "posted_imputed": false, "v_safe": 30, "gap": 10, "R": 3.16, "exposure": 0.54, "vru_150m": 1, "sss": 19.2, "recommended": 30, "fatal_reduction_pct": 68.4, "why": "local road, frontage/pedestrian mixing", "pop_density": 13733.7, "pop_density_peak": 14618.3, "v_design": 40, "design_gap": 10}}, {"type": "Feature", "geometry": {"type": "LineString", "coordinates": [[125.594044, 7.0589208], [125.5938899, 7.0595557], [125.5937087, 7.0602992], [125.5934352, 7.0614214], [125.5933404, 7.0618101]]}, "properties": {"city": "davao", "name": "Juna Avenue", "highway": "unclassified", "v_posted": 40, "posted_imputed": false, "v_safe": 30, "gap": 10, "R": 3.16, "exposure": 0.54, "vru_150m": 1, "sss": 19.2, "recommended": 30, "fatal_reduction_pct": 68.4, "why": "local road, frontage/pedestrian mixing", "pop_density": 13733.7, "pop_density_peak": 14618.3, "v_design": 40, "design_gap": 10}}, {"type": "Feature", "geometry": {"type": "LineString", "coordinates": [[125.5998786, 7.0591697], [125.6, 7.0591988], [125.6005993, 7.0593422]]}, "properties": {"city": "davao", "name": "", "highway": "service", "v_posted": 40, "posted_imputed": false, "v_safe": 30, "gap": 10, "R": 3.16, "exposure": 0.633, "vru_150m": 2, "sss": 20.4, "recommended": 30, "fatal_reduction_pct": 68.4, "why": "local road, frontage/pedestrian mixing", "pop_density": 12542.0, "pop_density_peak": 13595.1, "v_design": 25, "design_gap": -5}}, {"type": "Feature", "geometry": {"type": "LineString", "coordinates": [[125.6000237, 7.0591047], [125.5999033, 7.0590728], [125.5992108, 7.0588893]]}, "properties": {"city": "davao", "name": "Bonifacio Street", "highway": "service", "v_posted": 40, "posted_imputed": false, "v_safe": 30, "gap": 10, "R": 3.16, "exposure": 0.617, "vru_150m": 2, "sss": 20.2, "recommended": 30, "fatal_reduction_pct": 68.4, "why": "local road, frontage/pedestrian mixing", "pop_density": 11683.4, "pop_density_peak": 13595.1, "v_design": 25, "design_gap": -5}}, {"type": "Feature", "geometry": {"type": "LineString", "coordinates": [[125.6, 7.0591988], [125.6000237, 7.0591047], [125.6000548, 7.0589816], [125.6000736, 7.0589074], [125.6001302, 7.0586832], [125.6001889, 7.0584508], [125.6002034, 7.0583936], [125.6002575, 7.0581794]]}, "properties": {"city": "davao", "name": "", "highway": "service", "v_posted": 40, "posted_imputed": false, "v_safe": 30, "gap": 10, "R": 3.16, "exposure": 0.632, "vru_150m": 2, "sss": 20.4, "recommended": 30, "fatal_reduction_pct": 68.4, "why": "local road, frontage/pedestrian mixing", "pop_density": 12512.3, "pop_density_peak": 13595.1, "v_design": 25, "design_gap": -5}}, {"type": "Feature", "geometry": {"type": "LineString", "coordinates": [[125.6003913, 7.0601952], [125.6004637, 7.0598984], [125.6004671, 7.0598842], [125.6005268, 7.0596394], [125.6005829, 7.0594096], [125.6005993, 7.0593422], [125.6006293, 7.0592191], [125.6006532, 7.0591212], [125.6007257, 7.0588236]]}, "properties": {"city": "davao", "name": "President CP Garcia Street", "highway": "service", "v_posted": 40, "posted_imputed": false, "v_safe": 30, "gap": 10, "R": 3.16, "exposure": 0.51, "vru_150m": 1, "sss": 18.9, "recommended": 30, "fatal_reduction_pct": 68.4, "why": "local road, frontage/pedestrian mixing", "pop_density": 12532.3, "pop_density_peak": 13575.8, "v_design": 25, "design_gap": -5}}, {"type": "Feature", "geometry": {"type": "LineString", "coordinates": [[125.6008477, 7.0583229], [125.600589, 7.058263], [125.6002575, 7.0581794], [125.60018, 7.0581579]]}, "properties": {"city": "davao", "name": "", "highway": "service", "v_posted": 40, "posted_imputed": false, "v_safe": 30, "gap": 10, "R": 3.16, "exposure": 0.612, "vru_150m": 2, "sss": 20.2, "recommended": 30, "fatal_reduction_pct": 68.4, "why": "local road, frontage/pedestrian mixing", "pop_density": 11429.4, "pop_density_peak": 11429.4, "v_design": 25, "design_gap": -5}}, {"type": "Feature", "geometry": {"type": "LineString", "coordinates": [[125.6001607, 7.0582297], [125.5994244, 7.0580262]]}, "properties": {"city": "davao", "name": "Juan Luna Street", "highway": "service", "v_posted": 40, "posted_imputed": false, "v_safe": 30, "gap": 10, "R": 3.16, "exposure": 0.384, "vru_150m": 0, "sss": 17.3, "recommended": 30, "fatal_reduction_pct": 68.4, "why": "local road, frontage/pedestrian mixing", "pop_density": 12419.6, "pop_density_peak": 13409.8, "v_design": 25, "design_gap": -5}}, {"type": "Feature", "geometry": {"type": "LineString", "coordinates": [[125.593124, 7.0640409], [125.59283, 7.0652524], [125.5927782, 7.065466]]}, "properties": {"city": "davao", "name": "East Street", "highway": "residential", "v_posted": 40, "posted_imputed": false, "v_safe": 30, "gap": 10, "R": 3.16, "exposure": 0.254, "vru_150m": 0, "sss": 15.7, "recommended": 30, "fatal_reduction_pct": 68.4, "why": "local road, frontage/pedestrian mixing", "pop_density": 8228.6, "pop_density_peak": 8301.8, "v_design": 35, "design_gap": 5}}, {"type": "Feature", "geometry": {"type": "LineString", "coordinates": [[125.59283, 7.0652524], [125.592139, 7.0650855]]}, "properties": {"city": "davao", "name": "North Street", "highway": "residential", "v_posted": 40, "posted_imputed": false, "v_safe": 30, "gap": 10, "R": 3.16, "exposure": 0.238, "vru_150m": 0, "sss": 15.5, "recommended": 30, "fatal_reduction_pct": 68.4, "why": "local road, frontage/pedestrian mixing", "pop_density": 7700.4, "pop_density_peak": 9278.1, "v_design": 35, "design_gap": 5}}, {"type": "Feature", "geometry": {"type": "LineString", "coordinates": [[125.5976688, 7.049445], [125.5969876, 7.0498504], [125.5966489, 7.050052]]}, "properties": {"city": "davao", "name": "Melate Street", "highway": "residential", "v_posted": 40, "posted_imputed": false, "v_safe": 30, "gap": 10, "R": 3.16, "exposure": 1.0, "vru_150m": 1, "sss": 25.0, "recommended": 30, "fatal_reduction_pct": 68.4, "why": "local road, frontage/pedestrian mixing", "pop_density": 46660.8, "pop_density_peak": 60926.0, "v_design": 35, "design_gap": 5}}, {"type": "Feature", "geometry": {"type": "LineString", "coordinates": [[125.5928176, 7.058633], [125.5926573, 7.0592624]]}, "properties": {"city": "davao", "name": "", "highway": "residential", "v_posted": 40, "posted_imputed": false, "v_safe": 30, "gap": 10, "R": 3.16, "exposure": 0.568, "vru_150m": 1, "sss": 19.6, "recommended": 30, "fatal_reduction_pct": 68.4, "why": "local road, frontage/pedestrian mixing", "pop_density": 14873.1, "pop_density_peak": 15303.1, "v_design": 35, "design_gap": 5}}, {"type": "Feature", "geometry": {"type": "LineString", "coordinates": [[125.5976305, 7.0482271], [125.5977604, 7.0482518], [125.5978657, 7.0482764], [125.597969, 7.0483047], [125.5980616, 7.0483328], [125.5983157, 7.0484205], [125.5984457, 7.0484767], [125.5985912, 7.0485453], [125.5987452, 7.0486246], [125.5988923, 7.0487103], [125.5990224, 7.0487988], [125.5991491, 7.0488973], [125.5992336, 7.0489692], [125.5993114, 7.0490443], [125.5997611, 7.0495036], [125.6000523, 7.049811], [125.6004868, 7.0501385], [125.6005318, 7.0501784], [125.600566, 7.0502196], [125.6005835, 7.0502689], [125.6005901, 7.0503328], [125.6005988, 7.0505691]]}, "properties": {"city": "davao", "name": "Emerald Street", "highway": "residential", "v_posted": 40, "posted_imputed": false, "v_safe": 30, "gap": 10, "R": 3.16, "exposure": 1.0, "vru_150m": 0, "sss": 25.0, "recommended": 30, "fatal_reduction_pct": 68.4, "why": "local road, frontage/pedestrian mixing", "pop_density": 44265.3, "pop_density_peak": 56208.4, "v_design": 35, "design_gap": 5}}, {"type": "Feature", "geometry": {"type": "LineString", "coordinates": [[125.5995976, 7.0533628], [125.5993445, 7.0536366]]}, "properties": {"city": "davao", "name": "", "highway": "residential", "v_posted": 40, "posted_imputed": false, "v_safe": 30, "gap": 10, "R": 3.16, "exposure": 1.0, "vru_150m": 4, "sss": 25.0, "recommended": 30, "fatal_reduction_pct": 68.4, "why": "pedestrian activity (1 VRU site<=50m)", "pop_density": 46357.4, "pop_density_peak": 49555.3, "v_design": 35, "design_gap": 5}}, {"type": "Feature", "geometry": {"type": "LineString", "coordinates": [[125.6010516, 7.0533843], [125.6011004, 7.0527525], [125.6010997, 7.0527105], [125.6010856, 7.0526719], [125.6010501, 7.0526467], [125.6009871, 7.052636], [125.6007953, 7.052652], [125.6002761, 7.0527762], [125.6001983, 7.0528173], [125.600131, 7.0528778], [125.5999959, 7.0530895]]}, "properties": {"city": "davao", "name": "Parakeet Street", "highway": "residential", "v_posted": 40, "posted_imputed": false, "v_safe": 30, "gap": 10, "R": 3.16, "exposure": 1.0, "vru_150m": 1, "sss": 25.0, "recommended": 30, "fatal_reduction_pct": 68.4, "why": "local road, frontage/pedestrian mixing", "pop_density": 42222.0, "pop_density_peak": 43411.4, "v_design": 25, "design_gap": -5}}, {"type": "Feature", "geometry": {"type": "LineString", "coordinates": [[125.6038153, 7.0503636], [125.6041153, 7.0504911], [125.6041686, 7.0505204], [125.6042261, 7.0505598], [125.6042815, 7.0505862], [125.6043387, 7.0506078], [125.6043793, 7.0506237], [125.6044085, 7.0506424], [125.6044348, 7.050669], [125.6044583, 7.0507021], [125.604503, 7.0507697], [125.60453, 7.0508267], [125.6045535, 7.0509033], [125.6045891, 7.0510657], [125.6045958, 7.0511339], [125.6045981, 7.0512001], [125.6045808, 7.05156], [125.6045814, 7.0516184], [125.6045873, 7.0516679], [125.6045989, 7.0517128], [125.6046071, 7.0517585], [125.6046052, 7.0517975], [125.6045959, 7.0518302]]}, "properties": {"city": "davao", "name": "Holy Trinity Street", "highway": "service", "v_posted": 40, "posted_imputed": false, "v_safe": 30, "gap": 10, "R": 3.16, "exposure": 0.726, "vru_150m": 1, "sss": 21.6, "recommended": 30, "fatal_reduction_pct": 68.4, "why": "local road, frontage/pedestrian mixing", "pop_density": 21270.4, "pop_density_peak": 23804.1, "v_design": 20, "design_gap": -10}}, {"type": "Feature", "geometry": {"type": "LineString", "coordinates": [[125.5996829, 7.0568651], [125.5996493, 7.0568431], [125.5996225, 7.0568172], [125.599591, 7.0567699], [125.5991886, 7.0560361]]}, "properties": {"city": "davao", "name": "Lapu-Lapu Street", "highway": "residential", "v_posted": 40, "posted_imputed": false, "v_safe": 30, "gap": 10, "R": 3.16, "exposure": 0.723, "vru_150m": 1, "sss": 21.5, "recommended": 30, "fatal_reduction_pct": 68.4, "why": "local road, frontage/pedestrian mixing", "pop_density": 21140.5, "pop_density_peak": 29764.6, "v_design": 35, "design_gap": 5}}, {"type": "Feature", "geometry": {"type": "LineString", "coordinates": [[125.6019673, 7.0505678], [125.6020268, 7.050636], [125.6020719, 7.0507211], [125.6020961, 7.0507971], [125.6021069, 7.0508858], [125.602119, 7.051144]]}, "properties": {"city": "davao", "name": "Fortune Street", "highway": "residential", "v_posted": 40, "posted_imputed": false, "v_safe": 30, "gap": 10, "R": 3.16, "exposure": 1.0, "vru_150m": 1, "sss": 25.0, "recommended": 30, "fatal_reduction_pct": 68.4, "why": "local road, frontage/pedestrian mixing", "pop_density": 45108.6, "pop_density_peak": 45978.7, "v_design": 35, "design_gap": 5}}, {"type": "Feature", "geometry": {"type": "LineString", "coordinates": [[125.6018748, 7.0485487], [125.6018105, 7.0489299], [125.6017669, 7.0490823], [125.6017268, 7.0492233], [125.6016757, 7.049368], [125.6016045, 7.0495256], [125.6015241, 7.0496461], [125.601418, 7.0498692], [125.6012824, 7.0501756]]}, "properties": {"city": "davao", "name": "Azucena Street", "highway": "residential", "v_posted": 40, "posted_imputed": false, "v_safe": 30, "gap": 10, "R": 3.16, "exposure": 1.0, "vru_150m": 1, "sss": 25.0, "recommended": 30, "fatal_reduction_pct": 68.4, "why": "local road, frontage/pedestrian mixing", "pop_density": 37011.2, "pop_density_peak": 47081.7, "v_design": 35, "design_gap": 5}}, {"type": "Feature", "geometry": {"type": "LineString", "coordinates": [[125.6054878, 7.05073], [125.6054323, 7.0507096], [125.6053864, 7.05069], [125.6053211, 7.0506594], [125.6052707, 7.05063], [125.6052303, 7.0506026], [125.6051439, 7.0505299], [125.6050146, 7.0504115], [125.6047099, 7.05009], [125.6045275, 7.049885], [125.6043127, 7.0496972], [125.6041413, 7.0495512], [125.6040867, 7.0495036], [125.603991, 7.0494202], [125.6036695, 7.0491082], [125.6036217, 7.0490627], [125.6035859, 7.0490218], [125.6035632, 7.0489893], [125.6034866, 7.0488362], [125.6034325, 7.0487401], [125.6034029, 7.0487023], [125.603376, 7.0486783], [125.6033489, 7.0486621], [125.6032816, 7.0486458], [125.6032235, 7.0486382], [125.6031575, 7.0486343]]}, "properties": {"city": "davao", "name": "Narra Street", "highway": "residential", "v_posted": 40, "posted_imputed": false, "v_safe": 30, "gap": 10, "R": 3.16, "exposure": 0.799, "vru_150m": 2, "sss": 22.5, "recommended": 30, "fatal_reduction_pct": 68.4, "why": "local road, frontage/pedestrian mixing", "pop_density": 21488.7, "pop_density_peak": 26706.1, "v_design": 35, "design_gap": 5}}, {"type": "Feature", "geometry": {"type": "LineString", "coordinates": [[125.6023188, 7.0536183], [125.6019225, 7.0535657]]}, "properties": {"city": "davao", "name": "Eagle Street", "highway": "residential", "v_posted": 40, "posted_imputed": false, "v_safe": 30, "gap": 10, "R": 3.16, "exposure": 1.0, "vru_150m": 2, "sss": 25.0, "recommended": 30, "fatal_reduction_pct": 68.4, "why": "local road, frontage/pedestrian mixing", "pop_density": 34770.6, "pop_density_peak": 34770.6, "v_design": 35, "design_gap": 5}}, {"type": "Feature", "geometry": {"type": "LineString", "coordinates": [[125.6028261, 7.0506236], [125.6030323, 7.0502662], [125.6031221, 7.0501232], [125.6032603, 7.0498456]]}, "properties": {"city": "davao", "name": "", "highway": "residential", "v_posted": 40, "posted_imputed": false, "v_safe": 30, "gap": 10, "R": 3.16, "exposure": 0.91, "vru_150m": 1, "sss": 23.9, "recommended": 30, "fatal_reduction_pct": 68.4, "why": "local road, frontage/pedestrian mixing", "pop_density": 28701.8, "pop_density_peak": 32405.1, "v_design": 35, "design_gap": 5}}, {"type": "Feature", "geometry": {"type": "LineString", "coordinates": [[125.5999033, 7.0590728], [125.5998786, 7.0591697], [125.5998305, 7.0593586], [125.5998027, 7.0594678], [125.5997712, 7.0595917], [125.5997388, 7.0597187], [125.5996631, 7.0600161]]}, "properties": {"city": "davao", "name": "", "highway": "service", "v_posted": 40, "posted_imputed": false, "v_safe": 30, "gap": 10, "R": 3.16, "exposure": 0.658, "vru_150m": 2, "sss": 20.7, "recommended": 30, "fatal_reduction_pct": 68.4, "why": "local road, frontage/pedestrian mixing", "pop_density": 13917.6, "pop_density_peak": 14240.1, "v_design": 25, "design_gap": -5}}, {"type": "Feature", "geometry": {"type": "LineString", "coordinates": [[125.6020869, 7.0519564], [125.6021052, 7.051715], [125.6021113, 7.0515972], [125.6021176, 7.0513483], [125.602119, 7.051144]]}, "properties": {"city": "davao", "name": "Do\u00f1a Candelaria Avenue", "highway": "residential", "v_posted": 40, "posted_imputed": false, "v_safe": 30, "gap": 10, "R": 3.16, "exposure": 1.0, "vru_150m": 0, "sss": 25.0, "recommended": 30, "fatal_reduction_pct": 68.4, "why": "local road, frontage/pedestrian mixing", "pop_density": 45978.7, "pop_density_peak": 45978.8, "v_design": 35, "design_gap": 5}}, {"type": "Feature", "geometry": {"type": "LineString", "coordinates": [[125.603902, 7.0518098], [125.6044585, 7.0521308]]}, "properties": {"city": "davao", "name": "Begonia Street", "highway": "service", "v_posted": 40, "posted_imputed": false, "v_safe": 30, "gap": 10, "R": 3.16, "exposure": 0.77, "vru_150m": 1, "sss": 22.1, "recommended": 30, "fatal_reduction_pct": 68.4, "why": "pedestrian activity (1 VRU site<=50m)", "pop_density": 23031.0, "pop_density_peak": 27818.6, "v_design": 25, "design_gap": -5}}, {"type": "Feature", "geometry": {"type": "LineString", "coordinates": [[125.6019225, 7.0535657], [125.601927, 7.0535215], [125.6019469, 7.053327], [125.6019788, 7.0530141], [125.6020111, 7.0526985], [125.6020515, 7.0523026], [125.6020869, 7.0519564]]}, "properties": {"city": "davao", "name": "Do\u00f1a Candelaria Avenue", "highway": "residential", "v_posted": 40, "posted_imputed": false, "v_safe": 30, "gap": 10, "R": 3.16, "exposure": 1.0, "vru_150m": 2, "sss": 25.0, "recommended": 30, "fatal_reduction_pct": 68.4, "why": "local road, frontage/pedestrian mixing", "pop_density": 40374.7, "pop_density_peak": 45978.8, "v_design": 35, "design_gap": 5}}, {"type": "Feature", "geometry": {"type": "LineString", "coordinates": [[125.6005393, 7.056861], [125.6006582, 7.056998]]}, "properties": {"city": "davao", "name": "Quimpo Boulevard", "highway": "primary", "v_posted": 40, "posted_imputed": false, "v_safe": 30, "gap": 10, "R": 3.16, "exposure": 0.797, "vru_150m": 3, "sss": 22.5, "recommended": 30, "fatal_reduction_pct": 68.4, "why": "pedestrian activity (1 VRU site<=50m)", "pop_density": 15921.8, "pop_density_peak": 19578.3, "v_design": 60, "design_gap": 30}}, {"type": "Feature", "geometry": {"type": "LineString", "coordinates": [[125.6017129, 7.0574885], [125.6019749, 7.0575405], [125.6021264, 7.0575623], [125.6024328, 7.0576044]]}, "properties": {"city": "davao", "name": "Quimpo Boulevard", "highway": "primary", "v_posted": 40, "posted_imputed": false, "v_safe": 30, "gap": 10, "R": 3.16, "exposure": 0.738, "vru_150m": 3, "sss": 21.7, "recommended": 30, "fatal_reduction_pct": 68.4, "why": "pedestrian activity (1 VRU site<=50m)", "pop_density": 11135.9, "pop_density_peak": 12237.8, "v_design": 60, "design_gap": 30}}, {"type": "Feature", "geometry": {"type": "LineString", "coordinates": [[125.5936334, 7.0602832], [125.5937087, 7.0602992]]}, "properties": {"city": "davao", "name": "", "highway": "unclassified", "v_posted": 40, "posted_imputed": false, "v_safe": 30, "gap": 10, "R": 3.16, "exposure": 0.557, "vru_150m": 1, "sss": 19.5, "recommended": 30, "fatal_reduction_pct": 68.4, "why": "local road, frontage/pedestrian mixing", "pop_density": 14413.9, "pop_density_peak": 14413.9, "v_design": 40, "design_gap": 10}}, {"type": "Feature", "geometry": {"type": "LineString", "coordinates": [[125.5995212, 7.0551072], [125.599703, 7.0550143], [125.6001618, 7.0547791]]}, "properties": {"city": "davao", "name": "", "highway": "residential", "v_posted": 40, "posted_imputed": false, "v_safe": 30, "gap": 10, "R": 3.16, "exposure": 1.0, "vru_150m": 2, "sss": 25.0, "recommended": 30, "fatal_reduction_pct": 68.4, "why": "local road, frontage/pedestrian mixing", "pop_density": 43313.7, "pop_density_peak": 46536.6, "v_design": 35, "design_gap": 5}}, {"type": "Feature", "geometry": {"type": "LineString", "coordinates": [[125.6111408, 7.0513451], [125.611153, 7.0518966], [125.6111651, 7.0524471], [125.6111773, 7.0529976], [125.6111895, 7.0535482]]}, "properties": {"city": "davao", "name": "Davao City Coastal Road", "highway": "primary", "v_posted": 60, "posted_imputed": false, "v_safe": 50, "gap": 10, "R": 2.07, "exposure": 0.145, "vru_150m": 0, "sss": 14.3, "recommended": 50, "fatal_reduction_pct": 51.8, "why": "undivided arterial, side-impact intersections", "pop_density": 4705.1, "pop_density_peak": 7057.7, "v_design": 60, "design_gap": 10}}, {"type": "Feature", "geometry": {"type": "LineString", "coordinates": [[125.6012288, 7.0573712], [125.6013089, 7.0573975], [125.6013902, 7.0574199], [125.6014826, 7.0574448]]}, "properties": {"city": "davao", "name": "Quimpo Boulevard", "highway": "primary", "v_posted": 40, "posted_imputed": false, "v_safe": 30, "gap": 10, "R": 3.16, "exposure": 1.0, "vru_150m": 5, "sss": 25.0, "recommended": 30, "fatal_reduction_pct": 68.4, "why": "pedestrian activity (1 VRU site<=50m)", "pop_density": 12237.8, "pop_density_peak": 12237.8, "v_design": 60, "design_gap": 30}}, {"type": "Feature", "geometry": {"type": "LineString", "coordinates": [[125.5964624, 7.0553979], [125.5966359, 7.0546787], [125.5967934, 7.0540202], [125.5969417, 7.0534011]]}, "properties": {"city": "davao", "name": "Mangga Street", "highway": "residential", "v_posted": 40, "posted_imputed": false, "v_safe": 30, "gap": 10, "R": 3.16, "exposure": 1.0, "vru_150m": 1, "sss": 25.0, "recommended": 30, "fatal_reduction_pct": 68.4, "why": "local road, frontage/pedestrian mixing", "pop_density": 45763.1, "pop_density_peak": 59386.0, "v_design": 35, "design_gap": 5}}, {"type": "Feature", "geometry": {"type": "LineString", "coordinates": [[125.5953529, 7.0598969], [125.5953712, 7.0598775], [125.5953836, 7.059853], [125.5955257, 7.0592685], [125.5958847, 7.0577893], [125.5960102, 7.0572723]]}, "properties": {"city": "davao", "name": "Mangga Street", "highway": "residential", "v_posted": 40, "posted_imputed": false, "v_safe": 30, "gap": 10, "R": 3.16, "exposure": 0.506, "vru_150m": 1, "sss": 18.8, "recommended": 30, "fatal_reduction_pct": 68.4, "why": "local road, frontage/pedestrian mixing", "pop_density": 12361.7, "pop_density_peak": 13839.3, "v_design": 35, "design_gap": 5}}, {"type": "Feature", "geometry": {"type": "LineString", "coordinates": [[125.5928314, 7.0609018], [125.593445, 7.0610565]]}, "properties": {"city": "davao", "name": "", "highway": "service", "v_posted": 40, "posted_imputed": false, "v_safe": 30, "gap": 10, "R": 3.16, "exposure": 0.514, "vru_150m": 1, "sss": 18.9, "recommended": 30, "fatal_reduction_pct": 68.4, "why": "pedestrian activity (1 VRU site<=50m)", "pop_density": 12712.6, "pop_density_peak": 12899.5, "v_design": 25, "design_gap": -5}}, {"type": "Feature", "geometry": {"type": "LineString", "coordinates": [[125.6166564, 7.0627918], [125.6167455, 7.0629228], [125.6168383, 7.0630502], [125.6169351, 7.0631668], [125.6170618, 7.0632988], [125.6171736, 7.0634033], [125.6172624, 7.0634851], [125.6173469, 7.0635546], [125.6174538, 7.0636382]]}, "properties": {"city": "davao", "name": "Davao City Coastal Road", "highway": "primary", "v_posted": 60, "posted_imputed": false, "v_safe": 50, "gap": 10, "R": 2.07, "exposure": 1.0, "vru_150m": 1, "sss": 25.0, "recommended": 50, "fatal_reduction_pct": 51.8, "why": "undivided arterial, side-impact intersections", "pop_density": 240906.0, "pop_density_peak": 412731.0, "v_design": 60, "design_gap": 10}}, {"type": "Feature", "geometry": {"type": "LineString", "coordinates": [[125.6164767, 7.0625231], [125.6166564, 7.0627918]]}, "properties": {"city": "davao", "name": "Davao City Coastal Road", "highway": "primary", "v_posted": 60, "posted_imputed": false, "v_safe": 50, "gap": 10, "R": 2.07, "exposure": 1.0, "vru_150m": 0, "sss": 25.0, "recommended": 50, "fatal_reduction_pct": 51.8, "why": "undivided arterial, side-impact intersections", "pop_density": 412730.9, "pop_density_peak": 412731.0, "v_design": 60, "design_gap": 10}}, {"type": "Feature", "geometry": {"type": "LineString", "coordinates": [[125.6140436, 7.0592001], [125.6142395, 7.0594653]]}, "properties": {"city": "davao", "name": "Davao City Coastal Road", "highway": "primary", "v_posted": 60, "posted_imputed": false, "v_safe": 50, "gap": 10, "R": 2.07, "exposure": 1.0, "vru_150m": 0, "sss": 25.0, "recommended": 50, "fatal_reduction_pct": 51.8, "why": "undivided arterial, side-impact intersections", "pop_density": 143732.2, "pop_density_peak": 143732.2, "v_design": 60, "design_gap": 10}}, {"type": "Feature", "geometry": {"type": "LineString", "coordinates": [[125.6111954, 7.0538481], [125.6112, 7.0540757], [125.6112119, 7.0542364], [125.6112237, 7.0543667], [125.6112533, 7.0545725], [125.6113165, 7.0549038], [125.6114015, 7.0552036], [125.6114864, 7.0554476], [125.6115851, 7.0556946], [125.6117263, 7.0559778], [125.6118567, 7.0562081], [125.6119682, 7.0563796], [125.6121272, 7.0565971], [125.6123622, 7.0569146], [125.6126061, 7.0572439], [125.6128636, 7.0575937], [125.6130693, 7.057873], [125.6132421, 7.0581092], [125.6133909, 7.0583098], [125.6136161, 7.0586183], [125.6137698, 7.0588279], [125.6139104, 7.0590197], [125.6140436, 7.0592001]]}, "properties": {"city": "davao", "name": "Davao City Coastal Road", "highway": "primary", "v_posted": 60, "posted_imputed": false, "v_safe": 50, "gap": 10, "R": 2.07, "exposure": 1.0, "vru_150m": 1, "sss": 25.0, "recommended": 50, "fatal_reduction_pct": 51.8, "why": "undivided arterial, side-impact intersections", "pop_density": 86629.8, "pop_density_peak": 143732.1, "v_design": 60, "design_gap": 10}}, {"type": "Feature", "geometry": {"type": "LineString", "coordinates": [[125.609023, 7.0483833], [125.6090344, 7.04839], [125.609265, 7.0485247], [125.6096627, 7.0487571], [125.6100638, 7.0489915], [125.6105348, 7.0492667], [125.6106409, 7.0493292], [125.6107247, 7.0493857], [125.610803, 7.0494461], [125.6108717, 7.0495135], [125.6109325, 7.0495838], [125.6109811, 7.0496618], [125.6110193, 7.0497465], [125.6110583, 7.0498625], [125.611089, 7.0499845], [125.611116, 7.050119], [125.6111298, 7.0502604], [125.6111374, 7.0503951], [125.6111408, 7.0513451]]}, "properties": {"city": "davao", "name": "Davao City Coastal Road", "highway": "primary", "v_posted": 60, "posted_imputed": false, "v_safe": 50, "gap": 10, "R": 2.07, "exposure": 0.279, "vru_150m": 0, "sss": 16.0, "recommended": 50, "fatal_reduction_pct": 51.8, "why": "undivided arterial, side-impact intersections", "pop_density": 9027.9, "pop_density_peak": 21865.4, "v_design": 55, "design_gap": 5}}, {"type": "Feature", "geometry": {"type": "LineString", "coordinates": [[125.6142395, 7.0594653], [125.614516, 7.0598309], [125.6147342, 7.0601256], [125.6150013, 7.0604864], [125.6151913, 7.0607335], [125.6153473, 7.0609413], [125.6155158, 7.0611655], [125.6157719, 7.0615146], [125.61592, 7.0617135], [125.6160543, 7.0618954], [125.6162557, 7.0621888], [125.6163752, 7.0623671], [125.6164767, 7.0625231]]}, "properties": {"city": "davao", "name": "Davao City Coastal Road", "highway": "primary", "v_posted": 60, "posted_imputed": false, "v_safe": 50, "gap": 10, "R": 2.07, "exposure": 1.0, "vru_150m": 0, "sss": 25.0, "recommended": 50, "fatal_reduction_pct": 51.8, "why": "undivided arterial, side-impact intersections", "pop_density": 259336.1, "pop_density_peak": 412730.7, "v_design": 60, "design_gap": 10}}, {"type": "Feature", "geometry": {"type": "LineString", "coordinates": [[125.6001069, 7.05843], [125.6001607, 7.0582297], [125.60018, 7.0581579], [125.6002218, 7.0580024], [125.6002276, 7.0579809], [125.600299, 7.057715]]}, "properties": {"city": "davao", "name": "T. Martinez Street", "highway": "service", "v_posted": 40, "posted_imputed": false, "v_safe": 30, "gap": 10, "R": 3.16, "exposure": 0.747, "vru_150m": 3, "sss": 21.8, "recommended": 30, "fatal_reduction_pct": 68.4, "why": "local road, frontage/pedestrian mixing", "pop_density": 11847.4, "pop_density_peak": 12265.4, "v_design": 25, "design_gap": -5}}, {"type": "Feature", "geometry": {"type": "LineString", "coordinates": [[125.6240319, 7.0692715], [125.6243012, 7.0694488]]}, "properties": {"city": "davao", "name": "Davao City Coastal Road", "highway": "primary", "v_posted": 60, "posted_imputed": false, "v_safe": 50, "gap": 10, "R": 2.07, "exposure": 1.0, "vru_150m": 6, "sss": 25.0, "recommended": 50, "fatal_reduction_pct": 51.8, "why": "undivided arterial, side-impact intersections", "pop_density": 7597.1, "pop_density_peak": 9185.1, "v_design": 60, "design_gap": 10}}, {"type": "Feature", "geometry": {"type": "LineString", "coordinates": [[125.6186359, 7.0642621], [125.6191124, 7.0645353], [125.6194314, 7.0647161], [125.6198036, 7.064917], [125.6201813, 7.0651174], [125.6203013, 7.0651811], [125.6203818, 7.0652315], [125.620481, 7.0653099], [125.6205654, 7.0653849], [125.6206336, 7.0654559], [125.6207185, 7.0655603], [125.6208197, 7.0657083], [125.6209333, 7.0658793], [125.6210759, 7.0660983], [125.6212132, 7.0663124], [125.6213806, 7.0665677], [125.6215376, 7.0668068], [125.6216573, 7.0669902], [125.6217489, 7.0671287], [125.6218921, 7.0673502], [125.6219987, 7.067507], [125.6221039, 7.0676603], [125.6221923, 7.0677745], [125.6222821, 7.0678901], [125.6224055, 7.0680332], [125.6225053, 7.0681361], [125.6225961, 7.0682262], [125.6227023, 7.0683232], [125.6228519, 7.0684536], [125.6230148, 7.0685849], [125.6232103, 7.0687231], [125.6234573, 7.0688879], [125.6237555, 7.0690869], [125.6240319, 7.0692715]]}, "properties": {"city": "davao", "name": "Davao City Coastal Road", "highway": "primary", "v_posted": 60, "posted_imputed": false, "v_safe": 50, "gap": 10, "R": 2.07, "exposure": 0.639, "vru_150m": 2, "sss": 20.5, "recommended": 50, "fatal_reduction_pct": 51.8, "why": "undivided arterial, side-impact intersections", "pop_density": 12877.9, "pop_density_peak": 21824.4, "v_design": 60, "design_gap": 10}}, {"type": "Feature", "geometry": {"type": "LineString", "coordinates": [[125.6243012, 7.0694488], [125.6245494, 7.0696181], [125.6248376, 7.0698147], [125.6250707, 7.0699833], [125.6252444, 7.0701126], [125.6253955, 7.070239], [125.6255209, 7.0703654], [125.6257258, 7.0705756], [125.6258981, 7.0707878], [125.6260043, 7.0709392], [125.6260981, 7.0710872], [125.6262383, 7.07134], [125.6264197, 7.0716937], [125.6266042, 7.0720578], [125.6267602, 7.0723635], [125.6268688, 7.0725801], [125.6269132, 7.0726935], [125.6269611, 7.0728386], [125.6269893, 7.0729583], [125.6270149, 7.0731191], [125.6270255, 7.0732435], [125.6270277, 7.0734017], [125.6270238, 7.0735541], [125.6270151, 7.0737291]]}, "properties": {"city": "davao", "name": "Davao City Coastal Road", "highway": "primary", "v_posted": 60, "posted_imputed": false, "v_safe": 50, "gap": 10, "R": 2.07, "exposure": 0.775, "vru_150m": 3, "sss": 22.2, "recommended": 50, "fatal_reduction_pct": 51.8, "why": "undivided arterial, side-impact intersections", "pop_density": 14117.9, "pop_density_peak": 17798.7, "v_design": 60, "design_gap": 10}}, {"type": "Feature", "geometry": {"type": "LineString", "coordinates": [[125.59926, 7.0546218], [125.5992879, 7.0546737], [125.5993169, 7.0547275], [125.5993388, 7.0547683], [125.5993783, 7.0548417], [125.5994821, 7.0550296], [125.5995212, 7.0551072]]}, "properties": {"city": "davao", "name": "Quimpo Boulevard", "highway": "primary", "v_posted": 40, "posted_imputed": false, "v_safe": 30, "gap": 10, "R": 3.16, "exposure": 1.0, "vru_150m": 2, "sss": 25.0, "recommended": 30, "fatal_reduction_pct": 68.4, "why": "pedestrian activity (1 VRU site<=50m)", "pop_density": 43687.5, "pop_density_peak": 47284.1, "v_design": 60, "design_gap": 30}}, {"type": "Feature", "geometry": {"type": "LineString", "coordinates": [[125.5969417, 7.0534011], [125.5975337, 7.0535471], [125.5977751, 7.0536066], [125.5979275, 7.0536441], [125.5979878, 7.053659], [125.5980671, 7.0536786]]}, "properties": {"city": "davao", "name": "Quimpo Boulevard", "highway": "primary", "v_posted": 40, "posted_imputed": false, "v_safe": 30, "gap": 10, "R": 3.16, "exposure": 1.0, "vru_150m": 2, "sss": 25.0, "recommended": 30, "fatal_reduction_pct": 68.4, "why": "pedestrian activity (1 VRU site<=50m)", "pop_density": 56922.7, "pop_density_peak": 58346.4, "v_design": 60, "design_gap": 30}}, {"type": "Feature", "geometry": {"type": "LineString", "coordinates": [[125.5981376, 7.0491704], [125.5976688, 7.049445]]}, "properties": {"city": "davao", "name": "Melate Street", "highway": "residential", "v_posted": 40, "posted_imputed": false, "v_safe": 30, "gap": 10, "R": 3.16, "exposure": 1.0, "vru_150m": 1, "sss": 25.0, "recommended": 30, "fatal_reduction_pct": 68.4, "why": "pedestrian activity (1 VRU site<=50m)", "pop_density": 32395.6, "pop_density_peak": 32395.6, "v_design": 35, "design_gap": 5}}, {"type": "Feature", "geometry": {"type": "LineString", "coordinates": [[125.6014826, 7.0574448], [125.6017129, 7.0574885]]}, "properties": {"city": "davao", "name": "Quimpo Boulevard", "highway": "primary", "v_posted": 40, "posted_imputed": false, "v_safe": 30, "gap": 10, "R": 3.16, "exposure": 0.876, "vru_150m": 4, "sss": 23.4, "recommended": 30, "fatal_reduction_pct": 68.4, "why": "pedestrian activity (1 VRU site<=50m)", "pop_density": 12237.8, "pop_density_peak": 12237.8, "v_design": 60, "design_gap": 30}}, {"type": "Feature", "geometry": {"type": "LineString", "coordinates": [[125.6010431, 7.0572853], [125.6010965, 7.0573121], [125.6011596, 7.0573416], [125.6012288, 7.0573712]]}, "properties": {"city": "davao", "name": "Quimpo Boulevard", "highway": "primary", "v_posted": 40, "posted_imputed": false, "v_safe": 30, "gap": 10, "R": 3.16, "exposure": 0.876, "vru_150m": 4, "sss": 23.4, "recommended": 30, "fatal_reduction_pct": 68.4, "why": "pedestrian activity (1 VRU site<=50m)", "pop_density": 12237.8, "pop_density_peak": 12237.8, "v_design": 60, "design_gap": 30}}, {"type": "Feature", "geometry": {"type": "LineString", "coordinates": [[125.5995212, 7.0551072], [125.599588, 7.0552287], [125.5998411, 7.0556888], [125.6000619, 7.0560896], [125.6002775, 7.0564737], [125.6003366, 7.0565716], [125.6003903, 7.056659], [125.60046, 7.0567606], [125.6005393, 7.056861]]}, "properties": {"city": "davao", "name": "Quimpo Boulevard", "highway": "primary", "v_posted": 40, "posted_imputed": false, "v_safe": 30, "gap": 10, "R": 3.16, "exposure": 0.89, "vru_150m": 2, "sss": 23.6, "recommended": 30, "fatal_reduction_pct": 68.4, "why": "pedestrian activity (1 VRU site<=50m)", "pop_density": 26415.8, "pop_density_peak": 40090.9, "v_design": 60, "design_gap": 30}}, {"type": "Feature", "geometry": {"type": "LineString", "coordinates": [[125.6012288, 7.0573712], [125.6012235, 7.0574225], [125.6012185, 7.0574918]]}, "properties": {"city": "davao", "name": "G. E. Torres Street", "highway": "secondary", "v_posted": 40, "posted_imputed": false, "v_safe": 30, "gap": 10, "R": 3.16, "exposure": 1.0, "vru_150m": 5, "sss": 25.0, "recommended": 30, "fatal_reduction_pct": 68.4, "why": "pedestrian activity (1 VRU site<=50m)", "pop_density": 12237.8, "pop_density_peak": 12237.8, "v_design": 50, "design_gap": 20}}, {"type": "Feature", "geometry": {"type": "LineString", "coordinates": [[125.6043127, 7.0496972], [125.6041011, 7.049965], [125.60407, 7.0500099], [125.604044, 7.0500365], [125.6040114, 7.0500635], [125.6039658, 7.0500875], [125.6039122, 7.0501092], [125.6038874, 7.0501258], [125.6038719, 7.0501516], [125.6038153, 7.0503636]]}, "properties": {"city": "davao", "name": "Durian Street", "highway": "service", "v_posted": 40, "posted_imputed": false, "v_safe": 30, "gap": 10, "R": 3.16, "exposure": 0.781, "vru_150m": 0, "sss": 22.3, "recommended": 30, "fatal_reduction_pct": 68.4, "why": "local road, frontage/pedestrian mixing", "pop_density": 25255.1, "pop_density_peak": 26706.1, "v_design": 25, "design_gap": -5}}, {"type": "Feature", "geometry": {"type": "LineString", "coordinates": [[125.6019538, 7.0481293], [125.6019814, 7.0481425], [125.6020189, 7.0481478], [125.6020715, 7.0481501], [125.6023925, 7.0481521], [125.6024993, 7.0481638], [125.6026148, 7.0481809], [125.6026656, 7.0481958], [125.6027198, 7.048224], [125.6027833, 7.0482666], [125.6028365, 7.0483075], [125.6030562, 7.048489], [125.6031034, 7.0485388], [125.6031271, 7.0485732], [125.6031469, 7.0486069], [125.6031575, 7.0486343]]}, "properties": {"city": "davao", "name": "San Isidro Street", "highway": "residential", "v_posted": 40, "posted_imputed": false, "v_safe": 30, "gap": 10, "R": 3.16, "exposure": 0.728, "vru_150m": 2, "sss": 21.6, "recommended": 30, "fatal_reduction_pct": 68.4, "why": "local road, frontage/pedestrian mixing", "pop_density": 17699.1, "pop_density_peak": 18653.6, "v_design": 35, "design_gap": 5}}, {"type": "Feature", "geometry": {"type": "LineString", "coordinates": [[125.6179339, 7.0637567], [125.6179755, 7.0637319], [125.6180211, 7.0637159], [125.6180691, 7.0637091], [125.6181175, 7.0637119], [125.6181643, 7.0637242], [125.6182078, 7.0637454], [125.6182461, 7.0637748], [125.6182779, 7.0638111], [125.6183017, 7.0638529], [125.6183168, 7.0638987], [125.6183223, 7.0639464]]}, "properties": {"city": "davao", "name": "Roxas Rotunda", "highway": "primary", "v_posted": 60, "posted_imputed": false, "v_safe": 50, "gap": 10, "R": 2.07, "exposure": 1.0, "vru_150m": 1, "sss": 25.0, "recommended": 50, "fatal_reduction_pct": 51.8, "why": "undivided arterial, side-impact intersections", "pop_density": 37117.7, "pop_density_peak": 37117.7, "v_design": 55, "design_gap": 5}}, {"type": "Feature", "geometry": {"type": "LineString", "coordinates": [[125.5991886, 7.0560361], [125.5990306, 7.055748]]}, "properties": {"city": "davao", "name": "Lapu-Lapu Street", "highway": "residential", "v_posted": 40, "posted_imputed": false, "v_safe": 30, "gap": 10, "R": 3.16, "exposure": 0.936, "vru_150m": 1, "sss": 24.2, "recommended": 30, "fatal_reduction_pct": 68.4, "why": "local road, frontage/pedestrian mixing", "pop_density": 29764.6, "pop_density_peak": 29764.6, "v_design": 35, "design_gap": 5}}, {"type": "Feature", "geometry": {"type": "LineString", "coordinates": [[125.6111895, 7.0535482], [125.6111954, 7.0538481]]}, "properties": {"city": "davao", "name": "Davao City Coastal Road", "highway": "primary", "v_posted": 60, "posted_imputed": false, "v_safe": 50, "gap": 10, "R": 2.07, "exposure": 0.312, "vru_150m": 0, "sss": 16.4, "recommended": 50, "fatal_reduction_pct": 51.8, "why": "undivided arterial, side-impact intersections", "pop_density": 10080.5, "pop_density_peak": 13103.3, "v_design": 60, "design_gap": 10}}, {"type": "Feature", "geometry": {"type": "LineString", "coordinates": [[125.5954745, 7.0483775], [125.5952408, 7.0485188]]}, "properties": {"city": "davao", "name": "", "highway": "residential", "v_posted": 40, "posted_imputed": false, "v_safe": 30, "gap": 10, "R": 3.16, "exposure": 1.0, "vru_150m": 0, "sss": 25.0, "recommended": 30, "fatal_reduction_pct": 68.4, "why": "local road, frontage/pedestrian mixing", "pop_density": 52554.7, "pop_density_peak": 52554.7, "v_design": 35, "design_gap": 5}}, {"type": "Feature", "geometry": {"type": "LineString", "coordinates": [[125.5966489, 7.050052], [125.5965368, 7.0501222]]}, "properties": {"city": "davao", "name": "", "highway": "residential", "v_posted": 40, "posted_imputed": false, "v_safe": 30, "gap": 10, "R": 3.16, "exposure": 1.0, "vru_150m": 1, "sss": 25.0, "recommended": 30, "fatal_reduction_pct": 68.4, "why": "local road, frontage/pedestrian mixing", "pop_density": 60926.0, "pop_density_peak": 60926.0, "v_design": 35, "design_gap": 5}}, {"type": "Feature", "geometry": {"type": "LineString", "coordinates": [[125.5998668, 7.0480385], [125.5997742, 7.0480045], [125.5995919, 7.0479377], [125.5993613, 7.0478619], [125.5990639, 7.0477641], [125.5983291, 7.0475248], [125.5978898, 7.0473817]]}, "properties": {"city": "davao", "name": "Ilang-Ilang Street", "highway": "residential", "v_posted": 40, "posted_imputed": false, "v_safe": 30, "gap": 10, "R": 3.16, "exposure": 1.0, "vru_150m": 0, "sss": 25.0, "recommended": 30, "fatal_reduction_pct": 68.4, "why": "local road, frontage/pedestrian mixing", "pop_density": 33094.3, "pop_density_peak": 40005.8, "v_design": 35, "design_gap": 5}}, {"type": "Feature", "geometry": {"type": "LineString", "coordinates": [[125.594044, 7.0589208], [125.5948716, 7.059115], [125.5955257, 7.0592685]]}, "properties": {"city": "davao", "name": "Loreto Street", "highway": "residential", "v_posted": 40, "posted_imputed": false, "v_safe": 30, "gap": 10, "R": 3.16, "exposure": 0.644, "vru_150m": 2, "sss": 20.6, "recommended": 30, "fatal_reduction_pct": 68.4, "why": "pedestrian activity (1 VRU site<=50m)", "pop_density": 13160.1, "pop_density_peak": 14618.3, "v_design": 35, "design_gap": 5}}, {"type": "Feature", "geometry": {"type": "LineString", "coordinates": [[125.6010342, 7.0563302], [125.6010784, 7.0563681], [125.6011308, 7.0563944], [125.6011965, 7.0564155], [125.6012794, 7.0564334], [125.6013619, 7.0564485], [125.6014941, 7.0564594]]}, "properties": {"city": "davao", "name": "", "highway": "residential", "v_posted": 40, "posted_imputed": false, "v_safe": 30, "gap": 10, "R": 3.16, "exposure": 0.739, "vru_150m": 2, "sss": 21.7, "recommended": 30, "fatal_reduction_pct": 68.4, "why": "pedestrian activity (1 VRU site<=50m)", "pop_density": 18276.0, "pop_density_peak": 18276.0, "v_design": 35, "design_gap": 5}}, {"type": "Feature", "geometry": {"type": "LineString", "coordinates": [[125.6178383, 7.0639842], [125.6178361, 7.0639412], [125.6178416, 7.0638985], [125.6178546, 7.0638574], [125.6178748, 7.0638193], [125.6179016, 7.0637853], [125.6179339, 7.0637567]]}, "properties": {"city": "davao", "name": "Roxas Rotunda", "highway": "primary", "v_posted": 60, "posted_imputed": false, "v_safe": 50, "gap": 10, "R": 2.07, "exposure": 1.0, "vru_150m": 2, "sss": 25.0, "recommended": 50, "fatal_reduction_pct": 51.8, "why": "undivided arterial, side-impact intersections", "pop_density": 37117.7, "pop_density_peak": 37117.7, "v_design": 60, "design_gap": 10}}, {"type": "Feature", "geometry": {"type": "LineString", "coordinates": [[125.6179028, 7.0641166], [125.6178791, 7.0640876], [125.6178602, 7.0640554], [125.6178465, 7.0640206], [125.6178383, 7.0639842]]}, "properties": {"city": "davao", "name": "Roxas Rotunda", "highway": "primary", "v_posted": 60, "posted_imputed": false, "v_safe": 50, "gap": 10, "R": 2.07, "exposure": 1.0, "vru_150m": 2, "sss": 25.0, "recommended": 50, "fatal_reduction_pct": 51.8, "why": "undivided arterial, side-impact intersections", "pop_density": 37117.7, "pop_density_peak": 37117.7, "v_design": 60, "design_gap": 10}}, {"type": "Feature", "geometry": {"type": "LineString", "coordinates": [[125.6181254, 7.0641873], [125.618077, 7.0641917], [125.6180286, 7.0641864], [125.6179822, 7.0641717], [125.6179397, 7.0641481], [125.6179028, 7.0641166]]}, "properties": {"city": "davao", "name": "Roxas Rotunda", "highway": "primary", "v_posted": 60, "posted_imputed": false, "v_safe": 50, "gap": 10, "R": 2.07, "exposure": 1.0, "vru_150m": 3, "sss": 25.0, "recommended": 50, "fatal_reduction_pct": 51.8, "why": "undivided arterial, side-impact intersections", "pop_density": 37117.7, "pop_density_peak": 37117.7, "v_design": 60, "design_gap": 10}}, {"type": "Feature", "geometry": {"type": "LineString", "coordinates": [[125.6182164, 7.0641496], [125.6181879, 7.0641662], [125.6181574, 7.0641788], [125.6181254, 7.0641873]]}, "properties": {"city": "davao", "name": "Roxas Rotunda", "highway": "primary", "v_posted": 60, "posted_imputed": false, "v_safe": 50, "gap": 10, "R": 2.07, "exposure": 1.0, "vru_150m": 3, "sss": 25.0, "recommended": 50, "fatal_reduction_pct": 51.8, "why": "undivided arterial, side-impact intersections", "pop_density": 37117.7, "pop_density_peak": 37117.7, "v_design": 60, "design_gap": 10}}, {"type": "Feature", "geometry": {"type": "LineString", "coordinates": [[125.6183223, 7.0639464], [125.6183184, 7.0639938], [125.6183051, 7.0640396], [125.6182831, 7.0640818], [125.6182531, 7.064119], [125.6182164, 7.0641496]]}, "properties": {"city": "davao", "name": "Roxas Rotunda", "highway": "primary", "v_posted": 60, "posted_imputed": false, "v_safe": 50, "gap": 10, "R": 2.07, "exposure": 1.0, "vru_150m": 2, "sss": 25.0, "recommended": 50, "fatal_reduction_pct": 51.8, "why": "undivided arterial, side-impact intersections", "pop_density": 37117.7, "pop_density_peak": 37117.7, "v_design": 60, "design_gap": 10}}, {"type": "Feature", "geometry": {"type": "LineString", "coordinates": [[125.6183223, 7.0639464], [125.6183938, 7.0640323], [125.6184697, 7.0641138], [125.6185506, 7.0641905], [125.6186359, 7.0642621]]}, "properties": {"city": "davao", "name": "Davao City Coastal Road", "highway": "primary", "v_posted": 60, "posted_imputed": false, "v_safe": 50, "gap": 10, "R": 2.07, "exposure": 0.947, "vru_150m": 2, "sss": 24.3, "recommended": 50, "fatal_reduction_pct": 51.8, "why": "undivided arterial, side-impact intersections", "pop_density": 29471.0, "pop_density_peak": 37117.7, "v_design": 60, "design_gap": 10}}, {"type": "Feature", "geometry": {"type": "LineString", "coordinates": [[125.6186359, 7.0642621], [125.6185344, 7.0642228], [125.6184302, 7.0641908], [125.618324, 7.0641663], [125.6182164, 7.0641496]]}, "properties": {"city": "davao", "name": "Davao City Coastal Road", "highway": "primary", "v_posted": 60, "posted_imputed": false, "v_safe": 50, "gap": 10, "R": 2.07, "exposure": 0.947, "vru_150m": 2, "sss": 24.3, "recommended": 50, "fatal_reduction_pct": 51.8, "why": "undivided arterial, side-impact intersections", "pop_density": 29471.0, "pop_density_peak": 37117.7, "v_design": 60, "design_gap": 10}}, {"type": "Feature", "geometry": {"type": "LineString", "coordinates": [[125.6174538, 7.0636382], [125.6176235, 7.0637043], [125.6176868, 7.0637246], [125.6177514, 7.06374], [125.6178116, 7.0637496], [125.6178724, 7.0637549], [125.6179339, 7.0637567]]}, "properties": {"city": "davao", "name": "Davao City Coastal Road", "highway": "primary", "v_posted": 60, "posted_imputed": false, "v_safe": 50, "gap": 10, "R": 2.07, "exposure": 1.0, "vru_150m": 1, "sss": 25.0, "recommended": 50, "fatal_reduction_pct": 51.8, "why": "undivided arterial, side-impact intersections", "pop_density": 53099.4, "pop_density_peak": 69081.1, "v_design": 60, "design_gap": 10}}, {"type": "Feature", "geometry": {"type": "LineString", "coordinates": [[125.6178383, 7.0639842], [125.6177159, 7.063874], [125.6174538, 7.0636382]]}, "properties": {"city": "davao", "name": "Davao City Coastal Road", "highway": "primary", "v_posted": 60, "posted_imputed": false, "v_safe": 30, "gap": 30, "R": 16.0, "exposure": 1.0, "vru_150m": 2, "sss": 75.0, "recommended": 30, "fatal_reduction_pct": 93.8, "why": "pedestrian activity (1 VRU site<=50m)", "pop_density": 53099.4, "pop_density_peak": 69081.1, "v_design": 60, "design_gap": 30}}, {"type": "Feature", "geometry": {"type": "LineString", "coordinates": [[125.6007257, 7.0588236], [125.6007974, 7.0585294], [125.6008477, 7.0583229], [125.6009124, 7.0580577], [125.600938, 7.0579527]]}, "properties": {"city": "davao", "name": "F. Dagohoy Street", "highway": "service", "v_posted": 40, "posted_imputed": false, "v_safe": 30, "gap": 10, "R": 3.16, "exposure": 0.755, "vru_150m": 3, "sss": 21.9, "recommended": 30, "fatal_reduction_pct": 68.4, "why": "local road, frontage/pedestrian mixing", "pop_density": 12494.5, "pop_density_peak": 13500.2, "v_design": 25, "design_gap": -5}}, {"type": "Feature", "geometry": {"type": "LineString", "coordinates": [[125.5924261, 7.0638722], [125.593124, 7.0640409], [125.5933215, 7.0640887]]}, "properties": {"city": "davao", "name": "South Street", "highway": "residential", "v_posted": 40, "posted_imputed": false, "v_safe": 30, "gap": 10, "R": 3.16, "exposure": 0.277, "vru_150m": 0, "sss": 16.0, "recommended": 30, "fatal_reduction_pct": 68.4, "why": "local road, frontage/pedestrian mixing", "pop_density": 8952.2, "pop_density_peak": 9602.7, "v_design": 35, "design_gap": 5}}, {"type": "Feature", "geometry": {"type": "LineString", "coordinates": [[125.592139, 7.0650855], [125.5915011, 7.064943], [125.5914599, 7.0649206], [125.5914491, 7.064894]]}, "properties": {"city": "davao", "name": "North Street", "highway": "residential", "v_posted": 40, "posted_imputed": false, "v_safe": 30, "gap": 10, "R": 3.16, "exposure": 0.286, "vru_150m": 0, "sss": 16.1, "recommended": 30, "fatal_reduction_pct": 68.4, "why": "local road, frontage/pedestrian mixing", "pop_density": 9245.8, "pop_density_peak": 9278.1, "v_design": 35, "design_gap": 5}}, {"type": "Feature", "geometry": {"type": "LineString", "coordinates": [[125.5914491, 7.064894], [125.5917272, 7.0637032]]}, "properties": {"city": "davao", "name": "West Street", "highway": "residential", "v_posted": 40, "posted_imputed": false, "v_safe": 30, "gap": 10, "R": 3.16, "exposure": 0.291, "vru_150m": 0, "sss": 16.1, "recommended": 30, "fatal_reduction_pct": 68.4, "why": "local road, frontage/pedestrian mixing", "pop_density": 9426.7, "pop_density_peak": 9639.9, "v_design": 35, "design_gap": 5}}, {"type": "Feature", "geometry": {"type": "LineString", "coordinates": [[125.6006582, 7.056998], [125.6007071, 7.0570461], [125.6007525, 7.0570853]]}, "properties": {"city": "davao", "name": "Quimpo Boulevard", "highway": "primary", "v_posted": 40, "posted_imputed": false, "v_safe": 30, "gap": 10, "R": 3.16, "exposure": 0.752, "vru_150m": 3, "sss": 21.9, "recommended": 30, "fatal_reduction_pct": 68.4, "why": "pedestrian activity (1 VRU site<=50m)", "pop_density": 12265.4, "pop_density_peak": 12265.4, "v_design": 60, "design_gap": 30}}, {"type": "Feature", "geometry": {"type": "LineString", "coordinates": [[125.5972517, 7.0575656], [125.5978711, 7.0577119]]}, "properties": {"city": "davao", "name": "Champaca Street", "highway": "residential", "v_posted": 40, "posted_imputed": false, "v_safe": 30, "gap": 10, "R": 3.16, "exposure": 0.379, "vru_150m": 0, "sss": 17.2, "recommended": 30, "fatal_reduction_pct": 68.4, "why": "local road, frontage/pedestrian mixing", "pop_density": 12270.6, "pop_density_peak": 12642.0, "v_design": 35, "design_gap": 5}}, {"type": "Feature", "geometry": {"type": "LineString", "coordinates": [[125.5942671, 7.0548746], [125.5944371, 7.0541548], [125.5945935, 7.0534869], [125.5947364, 7.0528771]]}, "properties": {"city": "davao", "name": "University Avenue", "highway": "unclassified", "v_posted": 40, "posted_imputed": false, "v_safe": 30, "gap": 10, "R": 3.16, "exposure": 1.0, "vru_150m": 0, "sss": 25.0, "recommended": 30, "fatal_reduction_pct": 68.4, "why": "local road, frontage/pedestrian mixing", "pop_density": 45415.3, "pop_density_peak": 57356.6, "v_design": 40, "design_gap": 10}}, {"type": "Feature", "geometry": {"type": "LineString", "coordinates": [[125.597411, 7.05417], [125.5966297, 7.0574186]]}, "properties": {"city": "davao", "name": "Aguho Street", "highway": "residential", "v_posted": 40, "posted_imputed": false, "v_safe": 30, "gap": 10, "R": 3.16, "exposure": 1.0, "vru_150m": 1, "sss": 25.0, "recommended": 30, "fatal_reduction_pct": 68.4, "why": "local road, frontage/pedestrian mixing", "pop_density": 36612.6, "pop_density_peak": 59386.0, "v_design": 35, "design_gap": 5}}, {"type": "Feature", "geometry": {"type": "LineString", "coordinates": [[125.598034, 7.054321], [125.5972517, 7.0575656]]}, "properties": {"city": "davao", "name": "Atis Street", "highway": "residential", "v_posted": 40, "posted_imputed": false, "v_safe": 30, "gap": 10, "R": 3.16, "exposure": 1.0, "vru_150m": 0, "sss": 25.0, "recommended": 30, "fatal_reduction_pct": 68.4, "why": "local road, frontage/pedestrian mixing", "pop_density": 33699.1, "pop_density_peak": 55499.0, "v_design": 35, "design_gap": 5}}, {"type": "Feature", "geometry": {"type": "LineString", "coordinates": [[125.6012185, 7.0574918], [125.6012152, 7.0575602], [125.6012116, 7.0576447]]}, "properties": {"city": "davao", "name": "G. E. Torres Street", "highway": "secondary", "v_posted": 40, "posted_imputed": false, "v_safe": 30, "gap": 10, "R": 3.16, "exposure": 1.0, "vru_150m": 5, "sss": 25.0, "recommended": 30, "fatal_reduction_pct": 68.4, "why": "pedestrian activity (1 VRU site<=50m)", "pop_density": 12237.8, "pop_density_peak": 12237.8, "v_design": 50, "design_gap": 20}}, {"type": "Feature", "geometry": {"type": "LineString", "coordinates": [[125.5991376, 7.0543944], [125.59926, 7.0546218]]}, "properties": {"city": "davao", "name": "Quimpo Boulevard", "highway": "primary", "v_posted": 40, "posted_imputed": false, "v_safe": 30, "gap": 10, "R": 3.16, "exposure": 1.0, "vru_150m": 2, "sss": 25.0, "recommended": 30, "fatal_reduction_pct": 68.4, "why": "pedestrian activity (1 VRU site<=50m)", "pop_density": 54090.5, "pop_density_peak": 60897.0, "v_design": 60, "design_gap": 30}}, {"type": "Feature", "geometry": {"type": "LineString", "coordinates": [[125.5990206, 7.0542128], [125.5991376, 7.0543944]]}, "properties": {"city": "davao", "name": "Quimpo Boulevard", "highway": "primary", "v_posted": 40, "posted_imputed": false, "v_safe": 30, "gap": 10, "R": 3.16, "exposure": 1.0, "vru_150m": 2, "sss": 25.0, "recommended": 30, "fatal_reduction_pct": 68.4, "why": "pedestrian activity (1 VRU site<=50m)", "pop_density": 60896.9, "pop_density_peak": 60897.0, "v_design": 60, "design_gap": 30}}, {"type": "Feature", "geometry": {"type": "LineString", "coordinates": [[125.599177, 7.0539168], [125.599975, 7.0541122]]}, "properties": {"city": "davao", "name": "Maya Street", "highway": "tertiary", "v_posted": 40, "posted_imputed": false, "v_safe": 30, "gap": 10, "R": 3.16, "exposure": 1.0, "vru_150m": 3, "sss": 25.0, "recommended": 30, "fatal_reduction_pct": 68.4, "why": "pedestrian activity (1 VRU site<=50m)", "pop_density": 55226.1, "pop_density_peak": 60896.9, "v_design": 45, "design_gap": 15}}, {"type": "Feature", "geometry": {"type": "LineString", "coordinates": [[125.5989429, 7.051634], [125.5987637, 7.0517425], [125.5981072, 7.0521316], [125.5979318, 7.0522355], [125.5978247, 7.0523021]]}, "properties": {"city": "davao", "name": "Peacock Street", "highway": "residential", "v_posted": 40, "posted_imputed": false, "v_safe": 30, "gap": 10, "R": 3.16, "exposure": 1.0, "vru_150m": 1, "sss": 25.0, "recommended": 30, "fatal_reduction_pct": 68.4, "why": "local road, frontage/pedestrian mixing", "pop_density": 56504.8, "pop_density_peak": 62658.3, "v_design": 35, "design_gap": 5}}, {"type": "Feature", "geometry": {"type": "LineString", "coordinates": [[125.6018631, 7.0540686], [125.6018934, 7.0538124], [125.60191, 7.0536719], [125.6019225, 7.0535657]]}, "properties": {"city": "davao", "name": "Do\u00f1a Candelaria Avenue", "highway": "residential", "v_posted": 40, "posted_imputed": false, "v_safe": 30, "gap": 10, "R": 3.16, "exposure": 1.0, "vru_150m": 2, "sss": 25.0, "recommended": 30, "fatal_reduction_pct": 68.4, "why": "local road, frontage/pedestrian mixing", "pop_density": 33632.9, "pop_density_peak": 34770.6, "v_design": 35, "design_gap": 5}}, {"type": "Feature", "geometry": {"type": "LineString", "coordinates": [[125.6020869, 7.0519564], [125.6016237, 7.0518795], [125.6010335, 7.0518463], [125.600558, 7.0518949], [125.6002461, 7.0519466], [125.5999795, 7.0520164], [125.5996956, 7.0521281], [125.5993271, 7.0523058]]}, "properties": {"city": "davao", "name": "Sparrow Street", "highway": "residential", "v_posted": 40, "posted_imputed": false, "v_safe": 30, "gap": 10, "R": 3.16, "exposure": 1.0, "vru_150m": 1, "sss": 25.0, "recommended": 30, "fatal_reduction_pct": 68.4, "why": "local road, frontage/pedestrian mixing", "pop_density": 46725.3, "pop_density_peak": 53171.5, "v_design": 35, "design_gap": 5}}, {"type": "Feature", "geometry": {"type": "LineString", "coordinates": [[125.6018052, 7.0545599], [125.6018106, 7.0545141], [125.6018233, 7.0544068], [125.601848, 7.0541968], [125.6018631, 7.0540686]]}, "properties": {"city": "davao", "name": "Do\u00f1a Candelaria Avenue", "highway": "residential", "v_posted": 40, "posted_imputed": false, "v_safe": 30, "gap": 10, "R": 3.16, "exposure": 1.0, "vru_150m": 1, "sss": 25.0, "recommended": 30, "fatal_reduction_pct": 68.4, "why": "local road, frontage/pedestrian mixing", "pop_density": 32996.9, "pop_density_peak": 33498.7, "v_design": 35, "design_gap": 5}}, {"type": "Feature", "geometry": {"type": "LineString", "coordinates": [[125.6270024, 7.0739326], [125.6269747, 7.074277], [125.626947, 7.0746213], [125.6269193, 7.0749657], [125.6268916, 7.0753101], [125.6268639, 7.0756544], [125.6268362, 7.0759988], [125.6268085, 7.0763431], [125.6267807, 7.0766875], [125.626753, 7.0770318], [125.6267253, 7.0773762], [125.6266976, 7.0777205], [125.6266699, 7.0780649], [125.6266422, 7.0784093], [125.6266145, 7.0787536], [125.6265868, 7.079098]]}, "properties": {"city": "davao", "name": "Davao City Coastal Road", "highway": "primary", "v_posted": 60, "posted_imputed": false, "v_safe": 50, "gap": 10, "R": 2.07, "exposure": 0.545, "vru_150m": 0, "sss": 19.3, "recommended": 50, "fatal_reduction_pct": 51.8, "why": "undivided arterial, side-impact intersections", "pop_density": 17613.6, "pop_density_peak": 19183.2, "v_design": 60, "design_gap": 10}}, {"type": "Feature", "geometry": {"type": "LineString", "coordinates": [[125.6270151, 7.0737291], [125.627003, 7.0739222], [125.6270024, 7.0739326]]}, "properties": {"city": "davao", "name": "Davao City Coastal Road", "highway": "primary", "v_posted": 60, "posted_imputed": false, "v_safe": 50, "gap": 10, "R": 2.07, "exposure": 0.52, "vru_150m": 0, "sss": 19.0, "recommended": 50, "fatal_reduction_pct": 51.8, "why": "undivided arterial, side-impact intersections", "pop_density": 16832.1, "pop_density_peak": 16832.1, "v_design": 60, "design_gap": 10}}, {"type": "Feature", "geometry": {"type": "LineString", "coordinates": [[125.5906667, 7.0902975], [125.5907384, 7.0903345], [125.5908014, 7.0903565], [125.5908772, 7.0903724], [125.590963, 7.0903831], [125.5911649, 7.0903977], [125.5914546, 7.0904203], [125.5916406, 7.0904348], [125.5919633, 7.0904628], [125.5924089, 7.0905049], [125.592635, 7.0905242], [125.5928583, 7.0905432], [125.5931116, 7.0905519]]}, "properties": {"city": "davao", "name": "Riverside-Bacaca Road", "highway": "unclassified", "v_posted": 40, "posted_imputed": false, "v_safe": 30, "gap": 10, "R": 3.16, "exposure": 0.014, "vru_150m": 0, "sss": 12.7, "recommended": 30, "fatal_reduction_pct": 68.4, "why": "local road, frontage/pedestrian mixing", "pop_density": 448.9, "pop_density_peak": 1245.8, "v_design": 40, "design_gap": 10}}, {"type": "Feature", "geometry": {"type": "LineString", "coordinates": [[125.5805574, 7.0958189], [125.5806546, 7.0958056], [125.5807465, 7.0957956], [125.5808559, 7.0957882], [125.5811415, 7.0957767], [125.5818253, 7.095749], [125.5824494, 7.0957314], [125.5834858, 7.095702], [125.5835635, 7.0956998], [125.585068, 7.0956576], [125.5862463, 7.0956246], [125.5862966, 7.0956212], [125.5863469, 7.0956106], [125.5863924, 7.0955895]]}, "properties": {"city": "davao", "name": "", "highway": "residential", "v_posted": 40, "posted_imputed": false, "v_safe": 30, "gap": 10, "R": 3.16, "exposure": 0.215, "vru_150m": 1, "sss": 15.2, "recommended": 30, "fatal_reduction_pct": 68.4, "why": "local road, frontage/pedestrian mixing", "pop_density": 604.7, "pop_density_peak": 1443.7, "v_design": 35, "design_gap": 5}}, {"type": "Feature", "geometry": {"type": "LineString", "coordinates": [[125.5883676, 7.105133], [125.588427, 7.1052073], [125.5884425, 7.1053115], [125.5884451, 7.1053291]]}, "properties": {"city": "davao", "name": "Tamarind Avenue", "highway": "residential", "v_posted": 40, "posted_imputed": false, "v_safe": 30, "gap": 10, "R": 3.16, "exposure": 0.123, "vru_150m": 0, "sss": 14.0, "recommended": 30, "fatal_reduction_pct": 68.4, "why": "local road, frontage/pedestrian mixing", "pop_density": 3985.0, "pop_density_peak": 4841.7, "v_design": 35, "design_gap": 5}}, {"type": "Feature", "geometry": {"type": "LineString", "coordinates": [[125.5804063, 7.0884097], [125.5805879, 7.0884715], [125.5806818, 7.088513], [125.5808575, 7.0885884], [125.5811469, 7.0887204], [125.5812689, 7.0887792], [125.5817651, 7.0890306], [125.5820614, 7.0891807], [125.5824367, 7.0893956], [125.5825623, 7.0894675], [125.5826005, 7.0894894], [125.5826766, 7.0895283], [125.5827152, 7.0895453], [125.5827842, 7.0895679], [125.5828634, 7.0895719], [125.5829515, 7.0895725], [125.5831612, 7.089575], [125.5834762, 7.0895783], [125.5837993, 7.0895817], [125.5840436, 7.0895804], [125.5840731, 7.0895802], [125.5848183, 7.0895762], [125.5851026, 7.0895747], [125.5855268, 7.0895739], [125.5864246, 7.0895723]]}, "properties": {"city": "davao", "name": "City Jail Road", "highway": "tertiary", "v_posted": 40, "posted_imputed": false, "v_safe": 30, "gap": 10, "R": 3.16, "exposure": 0.427, "vru_150m": 2, "sss": 17.8, "recommended": 30, "fatal_reduction_pct": 68.4, "why": "pedestrian activity (2 VRU site<=50m)", "pop_density": 1447.7, "pop_density_peak": 1931.4, "v_design": 45, "design_gap": 15}}, {"type": "Feature", "geometry": {"type": "LineString", "coordinates": [[125.5884032, 7.105746], [125.5883627, 7.1054847], [125.5883419, 7.1053442]]}, "properties": {"city": "davao", "name": "Tamarind Avenue", "highway": "residential", "v_posted": 40, "posted_imputed": false, "v_safe": 30, "gap": 10, "R": 3.16, "exposure": 0.14, "vru_150m": 0, "sss": 14.2, "recommended": 30, "fatal_reduction_pct": 68.4, "why": "local road, frontage/pedestrian mixing", "pop_density": 4516.8, "pop_density_peak": 4516.9, "v_design": 35, "design_gap": 5}}, {"type": "Feature", "geometry": {"type": "LineString", "coordinates": [[125.5818977, 7.1030051], [125.5819191, 7.1031368], [125.5819583, 7.1033467], [125.5819782, 7.1034536], [125.5820085, 7.1035843], [125.5820485, 7.1037412], [125.5820949, 7.103911], [125.582166, 7.1041558], [125.5822069, 7.1043104], [125.5822491, 7.1044778], [125.5823216, 7.1047693], [125.5823998, 7.1050407], [125.5824226, 7.1051107], [125.5824892, 7.1053269], [125.5825188, 7.1054095], [125.5825724, 7.1055279], [125.5826153, 7.1056117], [125.5826535, 7.1056969], [125.582691, 7.1057948], [125.5827139, 7.10588], [125.5827259, 7.1059458], [125.5827306, 7.106007], [125.5827266, 7.1060695], [125.5827138, 7.1061221], [125.5826957, 7.1061673], [125.5826629, 7.1062066], [125.5826233, 7.1062366], [125.5825597, 7.1062658], [125.5824825, 7.1062904], [125.5823491, 7.106327], [125.5822767, 7.1063576], [125.582227, 7.1063956], [125.5821674, 7.1064468], [125.5820996, 7.1065193], [125.582056, 7.1065792], [125.5820051, 7.1066557], [125.5819019, 7.1068421], [125.5818768, 7.10689], [125.5817196, 7.1071901], [125.5815607, 7.1075066], [125.5813945, 7.1078147], [125.5812514, 7.1081003], [125.5811374, 7.108264], [125.5810328, 7.1083838], [125.5809483, 7.1084769], [125.5808517, 7.1085608], [125.5807351, 7.108646], [125.5805969, 7.1087138], [125.5804293, 7.108787], [125.5799183, 7.1090066], [125.5795851, 7.1091536], [125.5794302, 7.1092242], [125.5788119, 7.1094857], [125.5784934, 7.1096407], [125.5783516, 7.1097179], [125.578247, 7.1097811], [125.5781601, 7.109857], [125.5778375, 7.1101974], [125.5772395, 7.1108285], [125.5765166, 7.1115198]]}, "properties": {"city": "davao", "name": "Magtuod-Tugbok Road", "highway": "secondary", "v_posted": 60, "posted_imputed": false, "v_safe": 50, "gap": 10, "R": 2.07, "exposure": 0.065, "vru_150m": 0, "sss": 13.3, "recommended": 50, "fatal_reduction_pct": 51.8, "why": "undivided arterial, side-impact intersections", "pop_density": 2089.5, "pop_density_peak": 5576.9, "v_design": 45, "design_gap": -5}}, {"type": "Feature", "geometry": {"type": "LineString", "coordinates": [[125.5883419, 7.1053442], [125.5883393, 7.1053266], [125.5883238, 7.1052223], [125.5883676, 7.105133]]}, "properties": {"city": "davao", "name": "Tamarind Avenue", "highway": "residential", "v_posted": 40, "posted_imputed": false, "v_safe": 30, "gap": 10, "R": 3.16, "exposure": 0.145, "vru_150m": 0, "sss": 14.3, "recommended": 30, "fatal_reduction_pct": 68.4, "why": "local road, frontage/pedestrian mixing", "pop_density": 4679.3, "pop_density_peak": 4841.7, "v_design": 35, "design_gap": 5}}, {"type": "Feature", "geometry": {"type": "LineString", "coordinates": [[125.5884451, 7.1053291], [125.5884659, 7.1054697], [125.588506, 7.1057633]]}, "properties": {"city": "davao", "name": "Tamarind Avenue", "highway": "residential", "v_posted": 40, "posted_imputed": false, "v_safe": 30, "gap": 10, "R": 3.16, "exposure": 0.097, "vru_150m": 0, "sss": 13.7, "recommended": 30, "fatal_reduction_pct": 68.4, "why": "local road, frontage/pedestrian mixing", "pop_density": 3128.3, "pop_density_peak": 3128.3, "v_design": 35, "design_gap": 5}}, {"type": "Feature", "geometry": {"type": "LineString", "coordinates": [[125.5883627, 7.1054847], [125.5884659, 7.1054697]]}, "properties": {"city": "davao", "name": "", "highway": "residential", "v_posted": 40, "posted_imputed": false, "v_safe": 30, "gap": 10, "R": 3.16, "exposure": 0.118, "vru_150m": 0, "sss": 14.0, "recommended": 30, "fatal_reduction_pct": 68.4, "why": "local road, frontage/pedestrian mixing", "pop_density": 3822.6, "pop_density_peak": 4516.8, "v_design": 35, "design_gap": 5}}, {"type": "Feature", "geometry": {"type": "LineString", "coordinates": [[125.5887582, 7.1070397], [125.5887535, 7.1068188], [125.5887475, 7.1065992], [125.5887361, 7.1063929]]}, "properties": {"city": "davao", "name": "Waan Bypass Road", "highway": "unclassified", "v_posted": 40, "posted_imputed": false, "v_safe": 30, "gap": 10, "R": 3.16, "exposure": 0.048, "vru_150m": 0, "sss": 13.1, "recommended": 30, "fatal_reduction_pct": 68.4, "why": "local road, frontage/pedestrian mixing", "pop_density": 1536.6, "pop_density_peak": 2842.1, "v_design": 40, "design_gap": 10}}, {"type": "Feature", "geometry": {"type": "LineString", "coordinates": [[125.5887582, 7.1070397], [125.5887203, 7.1070865], [125.5886932, 7.1071312], [125.5886697, 7.1071834], [125.5886465, 7.1072446], [125.5885584, 7.1075074], [125.5885403, 7.107558], [125.5885134, 7.1075992], [125.5884826, 7.1076305], [125.5884424, 7.1076538], [125.5883834, 7.1076725], [125.5882084, 7.1077244], [125.5881299, 7.1077517], [125.5880642, 7.1077796]]}, "properties": {"city": "davao", "name": "Waan Bypass Road", "highway": "unclassified", "v_posted": 40, "posted_imputed": false, "v_safe": 30, "gap": 10, "R": 3.16, "exposure": 0.004, "vru_150m": 0, "sss": 12.5, "recommended": 30, "fatal_reduction_pct": 68.4, "why": "local road, frontage/pedestrian mixing", "pop_density": 115.5, "pop_density_peak": 231.0, "v_design": 40, "design_gap": 10}}, {"type": "Feature", "geometry": {"type": "LineString", "coordinates": [[125.5765166, 7.1115198], [125.576355, 7.1116888], [125.5762548, 7.111795], [125.5761857, 7.1118492], [125.5761203, 7.1118834], [125.5760318, 7.1118997], [125.5759365, 7.1119024], [125.5758266, 7.1118914], [125.5756693, 7.1118418], [125.5755564, 7.1118033], [125.5754511, 7.1117793], [125.5753378, 7.1117693], [125.5752232, 7.111778], [125.5750904, 7.1117972], [125.5748986, 7.1118265], [125.5745472, 7.1118785], [125.5743025, 7.1119037], [125.5740839, 7.1119157], [125.5739136, 7.1119117], [125.5737868, 7.1118931], [125.573634, 7.1118452], [125.5734019, 7.111736], [125.5732087, 7.1116602], [125.5729875, 7.1116096], [125.5727796, 7.1115844], [125.572561, 7.1115763], [125.5723612, 7.111587], [125.5721051, 7.1116203], [125.5711716, 7.111774], [125.5710436, 7.1118079], [125.5709282, 7.1118645], [125.570823, 7.1119437], [125.5707049, 7.1120621], [125.5703509, 7.1124307], [125.5702235, 7.1125339], [125.5700833, 7.1125984], [125.5699398, 7.1126503], [125.5698299, 7.1126636], [125.5697226, 7.1126656], [125.5695476, 7.112649], [125.5693019, 7.1125934], [125.5691063, 7.1125492], [125.568991, 7.1125518], [125.568879, 7.1125871], [125.5687891, 7.1126409], [125.5686979, 7.1127408], [125.5685458, 7.1129384], [125.5683553, 7.1132225], [125.5683305, 7.1132648], [125.5682876, 7.1133383], [125.5682272, 7.1135166], [125.5681682, 7.1137136], [125.5680958, 7.1139012], [125.5680482, 7.1139764], [125.5679892, 7.1140343], [125.56789, 7.1141115], [125.567733, 7.1142339], [125.5675554, 7.1143816], [125.5673133, 7.1146102], [125.5671698, 7.1147676], [125.5670223, 7.1149246], [125.5669178, 7.1150213], [125.5667487, 7.1151455], [125.5666025, 7.1152453], [125.5663866, 7.1153864], [125.5662324, 7.1154942], [125.5661277, 7.115594], [125.5659547, 7.1158814], [125.5657952, 7.1161293], [125.5657643, 7.1161808], [125.5656785, 7.1162886], [125.565547, 7.1164403], [125.5654626, 7.1165335], [125.5653271, 7.116636], [125.5650026, 7.1168948], [125.5645399, 7.1172748], [125.5639189, 7.1177885], [125.5637239, 7.1179741], [125.563634, 7.1180838], [125.5635464, 7.1182016], [125.5634838, 7.1183161], [125.5634335, 7.1184332], [125.5633993, 7.1185396], [125.5633691, 7.1186754], [125.5633624, 7.1188012], [125.5633604, 7.1189662], [125.5633771, 7.1190939], [125.5633986, 7.1191921], [125.5634375, 7.1193068], [125.5635556, 7.1195384], [125.5637942, 7.1199585], [125.5645935, 7.1212524], [125.5647821, 7.1215162], [125.5649038, 7.121739], [125.5649184, 7.1217747], [125.5649449, 7.1218393], [125.5651112, 7.1223503], [125.5651341, 7.1224077], [125.5652151, 7.1226901], [125.5654989, 7.1238798], [125.5657543, 7.1248334], [125.5658071, 7.1250577], [125.565838, 7.125222], [125.56584, 7.1253705], [125.565838, 7.1255215], [125.5657749, 7.1265918], [125.5657529, 7.1269653], [125.5657281, 7.1270898], [125.5656805, 7.1271722], [125.5656067, 7.1272481], [125.5654854, 7.1273213], [125.565366, 7.1273791], [125.5651957, 7.1274271], [125.5649717, 7.1274736], [125.5647075, 7.1275122], [125.5644152, 7.1275388], [125.5641724, 7.1275469], [125.5636494, 7.1275009], [125.5634864, 7.1274996], [125.5633282, 7.1275376], [125.5631847, 7.1276466], [125.5630472, 7.1278157], [125.5626503, 7.1284131], [125.5625323, 7.1285346], [125.5623438, 7.128666], [125.5622671, 7.1287054], [125.5621184, 7.1287817], [125.5607238, 7.1294977], [125.5606548, 7.1295365], [125.5602276, 7.1297766], [125.5601035, 7.1298663], [125.5599653, 7.1299728], [125.5598258, 7.1301099], [125.5597052, 7.1302589]]}, "properties": {"city": "davao", "name": "Magtuod-Tugbok Road", "highway": "secondary", "v_posted": 60, "posted_imputed": false, "v_safe": 50, "gap": 10, "R": 2.07, "exposure": 0.051, "vru_150m": 0, "sss": 13.1, "recommended": 50, "fatal_reduction_pct": 51.8, "why": "undivided arterial, side-impact intersections", "pop_density": 1636.4, "pop_density_peak": 5576.9, "v_design": 45, "design_gap": -5}}, {"type": "Feature", "geometry": {"type": "LineString", "coordinates": [[125.5878409, 7.1081808], [125.5879468, 7.1079326], [125.5879851, 7.1078621], [125.5880199, 7.1078149], [125.5880642, 7.1077796]]}, "properties": {"city": "davao", "name": "Waan Bypass Road", "highway": "unclassified", "v_posted": 40, "posted_imputed": false, "v_safe": 30, "gap": 10, "R": 3.16, "exposure": 0.0, "vru_150m": 0, "sss": 12.5, "recommended": 30, "fatal_reduction_pct": 68.4, "why": "local road, frontage/pedestrian mixing", "pop_density": 0.0, "pop_density_peak": 0.0, "v_design": 40, "design_gap": 10}}, {"type": "Feature", "geometry": {"type": "LineString", "coordinates": [[125.5887361, 7.1063929], [125.5887227, 7.1062332], [125.5886929, 7.1059232]]}, "properties": {"city": "davao", "name": "Waan Bypass Road", "highway": "unclassified", "v_posted": 40, "posted_imputed": false, "v_safe": 30, "gap": 10, "R": 3.16, "exposure": 0.092, "vru_150m": 0, "sss": 13.7, "recommended": 30, "fatal_reduction_pct": 68.4, "why": "local road, frontage/pedestrian mixing", "pop_density": 2985.2, "pop_density_peak": 3128.3, "v_design": 40, "design_gap": 10}}, {"type": "Feature", "geometry": {"type": "LineString", "coordinates": [[125.5886929, 7.1059232], [125.588681, 7.1057909]]}, "properties": {"city": "davao", "name": "Waan Bypass Road", "highway": "service", "v_posted": 40, "posted_imputed": false, "v_safe": 30, "gap": 10, "R": 3.16, "exposure": 0.097, "vru_150m": 0, "sss": 13.7, "recommended": 30, "fatal_reduction_pct": 68.4, "why": "local road, frontage/pedestrian mixing", "pop_density": 3128.3, "pop_density_peak": 3128.3, "v_design": 25, "design_gap": -5}}, {"type": "Feature", "geometry": {"type": "LineString", "coordinates": [[125.6062415, 7.0909266], [125.6061838, 7.0908292], [125.6061242, 7.0907284], [125.6060248, 7.0905606], [125.6059258, 7.0903934], [125.6057653, 7.0900991], [125.6056298, 7.0898506], [125.6055039, 7.0896198], [125.605387, 7.0894172], [125.6053718, 7.0893889], [125.6053236, 7.0892967], [125.6053021, 7.0892405], [125.6052893, 7.0891747], [125.6052887, 7.0891068], [125.6052954, 7.0890409], [125.6053141, 7.0889722], [125.6053921, 7.0887948], [125.6054436, 7.0886829], [125.6054829, 7.0885882], [125.6054917, 7.0885682], [125.6055294, 7.0884706], [125.6055543, 7.0883873], [125.6055861, 7.088276], [125.6056131, 7.0881701], [125.6056388, 7.08806], [125.6056709, 7.0879137], [125.605728, 7.0876425], [125.6057576, 7.0875015], [125.6057937, 7.0873299], [125.6058109, 7.0872484], [125.6058508, 7.0870584], [125.6058941, 7.0868529], [125.6059033, 7.086809], [125.605912, 7.0867605], [125.605935, 7.0866327], [125.6059505, 7.0865297], [125.605957, 7.0864704], [125.6059604, 7.0864005], [125.605959, 7.0863167], [125.605951, 7.0861762], [125.60593, 7.085829], [125.6059089, 7.0854787], [125.6058953, 7.0853233], [125.6058839, 7.0850652], [125.6058745, 7.0849516], [125.6058559, 7.0848428]]}, "properties": {"city": "davao", "name": "J. A. Sarenas Avenue", "highway": "secondary", "v_posted": 40, "posted_imputed": false, "v_safe": 30, "gap": 10, "R": 3.16, "exposure": 0.617, "vru_150m": 1, "sss": 20.2, "recommended": 30, "fatal_reduction_pct": 68.4, "why": "pedestrian activity (1 VRU site<=50m)", "pop_density": 16863.7, "pop_density_peak": 19926.9, "v_design": 50, "design_gap": 20}}, {"type": "Feature", "geometry": {"type": "LineString", "coordinates": [[125.613325, 7.1087281], [125.6133419, 7.1086377]]}, "properties": {"city": "davao", "name": "", "highway": "primary", "v_posted": 60, "posted_imputed": false, "v_safe": 30, "gap": 30, "R": 16.0, "exposure": 0.743, "vru_150m": 2, "sss": 65.4, "recommended": 30, "fatal_reduction_pct": 93.8, "why": "pedestrian activity (1 VRU site<=50m)", "pop_density": 18490.2, "pop_density_peak": 18490.2, "v_design": 60, "design_gap": 30}}, {"type": "Feature", "geometry": {"type": "LineString", "coordinates": [[125.6132977, 7.1088739], [125.6132656, 7.1090454], [125.6132384, 7.109139], [125.6132064, 7.1092247], [125.6131751, 7.1092942], [125.6131413, 7.1093519], [125.6131066, 7.1093925], [125.6130624, 7.1094338], [125.6130217, 7.1094622]]}, "properties": {"city": "davao", "name": "Manuel M. Garcia Road", "highway": "secondary", "v_posted": 40, "posted_imputed": false, "v_safe": 30, "gap": 10, "R": 3.16, "exposure": 0.743, "vru_150m": 2, "sss": 21.8, "recommended": 30, "fatal_reduction_pct": 68.4, "why": "pedestrian activity (1 VRU site<=50m)", "pop_density": 18490.3, "pop_density_peak": 18490.3, "v_design": 50, "design_gap": 20}}, {"type": "Feature", "geometry": {"type": "LineString", "coordinates": [[125.6130463, 7.1130685], [125.612988, 7.1132879], [125.6129727, 7.1133622], [125.6129682, 7.1134475], [125.6129742, 7.1135155], [125.6129866, 7.1135742], [125.6134097, 7.1145094], [125.6134982, 7.1147516], [125.6136444, 7.1151945], [125.613757, 7.1155734], [125.6137853, 7.1156649], [125.6138432, 7.1158521], [125.6138571, 7.1159069], [125.6138858, 7.1160065], [125.6139293, 7.1161428], [125.6139663, 7.1162061], [125.614013, 7.1162542], [125.6141223, 7.1163385], [125.6150103, 7.1167464], [125.6150645, 7.1167705], [125.6154494, 7.1169373], [125.6158546, 7.1170816], [125.6161525, 7.1171486], [125.6163142, 7.117185], [125.6164272, 7.1172109], [125.6166555, 7.1172693], [125.6171621, 7.1174358], [125.6176631, 7.1176165], [125.6179096, 7.1177356], [125.6182059, 7.1178855], [125.6185815, 7.1180755], [125.6185951, 7.1180824], [125.6189146, 7.1182399], [125.6190515, 7.1183074], [125.6191374, 7.1183498], [125.6192252, 7.1183931], [125.6193212, 7.1184447], [125.620301, 7.1189713], [125.6214353, 7.1195529], [125.6215846, 7.1196336], [125.6226812, 7.1202268], [125.6230491, 7.1204326], [125.6233882, 7.120617], [125.6235106, 7.1206819]]}, "properties": {"city": "davao", "name": "Buhangin-Cabantian Road", "highway": "secondary", "v_posted": 60, "posted_imputed": false, "v_safe": 30, "gap": 30, "R": 16.0, "exposure": 0.974, "vru_150m": 1, "sss": 74.0, "recommended": 30, "fatal_reduction_pct": 93.8, "why": "pedestrian activity (1 VRU site<=50m)", "pop_density": 31313.4, "pop_density_peak": 75881.7, "v_design": 50, "design_gap": 20}}, {"type": "Feature", "geometry": {"type": "LineString", "coordinates": [[125.5961436, 7.0894033], [125.5962456, 7.089365], [125.5963556, 7.0893317], [125.596489, 7.0893018], [125.5966124, 7.0892805], [125.5967244, 7.0892685], [125.5968304, 7.0892724], [125.5969323, 7.0892925], [125.5970295, 7.0893264], [125.5971139, 7.0893729], [125.5971904, 7.0894302], [125.5972809, 7.0895167], [125.5973795, 7.0896191], [125.5975954, 7.0898388], [125.597747, 7.0900064], [125.5978046, 7.0900803], [125.5978583, 7.0901595], [125.5979065, 7.0902547], [125.5980104, 7.0904962], [125.5980487, 7.0905927], [125.5980917, 7.0907051]]}, "properties": {"city": "davao", "name": "Riverside-Bacaca Road", "highway": "unclassified", "v_posted": 40, "posted_imputed": false, "v_safe": 30, "gap": 10, "R": 3.16, "exposure": 0.03, "vru_150m": 0, "sss": 12.9, "recommended": 30, "fatal_reduction_pct": 68.4, "why": "local road, frontage/pedestrian mixing", "pop_density": 976.6, "pop_density_peak": 2009.0, "v_design": 35, "design_gap": 5}}, {"type": "Feature", "geometry": {"type": "LineString", "coordinates": [[125.6130217, 7.1094622], [125.613045, 7.1095329], [125.6130651, 7.1096001], [125.6130797, 7.109674], [125.6130959, 7.1097758], [125.6131122, 7.1099041], [125.6131428, 7.1100978], [125.613253, 7.110829], [125.6132872, 7.1110564], [125.6133434, 7.1115408], [125.6133542, 7.1116708], [125.6133561, 7.1117493], [125.6133574, 7.1118176], [125.6133497, 7.1119321], [125.6133276, 7.1120841], [125.6132931, 7.1122258], [125.6132729, 7.112307], [125.6132273, 7.1124427], [125.6131465, 7.1127158], [125.6131319, 7.112765], [125.6130636, 7.1130071], [125.6130463, 7.1130685]]}, "properties": {"city": "davao", "name": "Buhangin-Cabantian Road", "highway": "secondary", "v_posted": 60, "posted_imputed": false, "v_safe": 50, "gap": 10, "R": 2.07, "exposure": 0.346, "vru_150m": 0, "sss": 16.8, "recommended": 50, "fatal_reduction_pct": 51.8, "why": "undivided arterial, side-impact intersections", "pop_density": 11180.7, "pop_density_peak": 18490.3, "v_design": 50, "design_gap": 0}}, {"type": "Feature", "geometry": {"type": "LineString", "coordinates": [[125.6217969, 7.1174245], [125.6219271, 7.1174118], [125.6220223, 7.1173945], [125.6221263, 7.1173679], [125.622498, 7.1172501], [125.6226888, 7.1171896], [125.6229488, 7.1171166], [125.623055, 7.1170838], [125.6231537, 7.1170519], [125.6232434, 7.11701], [125.6233426, 7.1169494], [125.6234233, 7.1168894], [125.623523, 7.116805], [125.623893, 7.1164589], [125.624173, 7.1161918], [125.6245847, 7.1157989]]}, "properties": {"city": "davao", "name": "Banco Extension Road", "highway": "residential", "v_posted": 40, "posted_imputed": false, "v_safe": 30, "gap": 10, "R": 3.16, "exposure": 0.035, "vru_150m": 0, "sss": 12.9, "recommended": 30, "fatal_reduction_pct": 68.4, "why": "local road, frontage/pedestrian mixing", "pop_density": 1117.5, "pop_density_peak": 2858.5, "v_design": 35, "design_gap": 5}}, {"type": "Feature", "geometry": {"type": "LineString", "coordinates": [[125.6133202, 7.1087538], [125.6132977, 7.1088739]]}, "properties": {"city": "davao", "name": "Manuel M. Garcia Road", "highway": "secondary", "v_posted": 40, "posted_imputed": false, "v_safe": 30, "gap": 10, "R": 3.16, "exposure": 0.743, "vru_150m": 2, "sss": 21.8, "recommended": 30, "fatal_reduction_pct": 68.4, "why": "pedestrian activity (1 VRU site<=50m)", "pop_density": 18490.2, "pop_density_peak": 18490.2, "v_design": 50, "design_gap": 20}}, {"type": "Feature", "geometry": {"type": "LineString", "coordinates": [[125.6130217, 7.1094622], [125.6129806, 7.1094887], [125.6129571, 7.109505], [125.6128682, 7.1095601], [125.612594, 7.1097299], [125.6120955, 7.1100332], [125.6118252, 7.1101947], [125.6116744, 7.1102901], [125.6116006, 7.1103329], [125.6113118, 7.1105135], [125.6109947, 7.1107031], [125.6108902, 7.1107647], [125.610348, 7.111075], [125.6102757, 7.1111125], [125.6102112, 7.1111439], [125.6101443, 7.1111725], [125.6100524, 7.1112069], [125.6099698, 7.1112303], [125.6098919, 7.1112429], [125.6098129, 7.1112476], [125.6097314, 7.1112473], [125.6096024, 7.111245], [125.6095139, 7.1112395], [125.6093934, 7.111232], [125.608795, 7.1111851], [125.6081754, 7.1111372], [125.6077167, 7.1110999], [125.6068922, 7.1109838], [125.606668, 7.1109456], [125.6064691, 7.1109182]]}, "properties": {"city": "davao", "name": "Manuel M. Garcia Road", "highway": "secondary", "v_posted": 40, "posted_imputed": false, "v_safe": 30, "gap": 10, "R": 3.16, "exposure": 0.513, "vru_150m": 1, "sss": 18.9, "recommended": 30, "fatal_reduction_pct": 68.4, "why": "pedestrian activity (1 VRU site<=50m)", "pop_density": 12664.2, "pop_density_peak": 18490.3, "v_design": 50, "design_gap": 20}}, {"type": "Feature", "geometry": {"type": "LineString", "coordinates": [[125.6133419, 7.1086377], [125.6133465, 7.1086133]]}, "properties": {"city": "davao", "name": "", "highway": "primary", "v_posted": 60, "posted_imputed": false, "v_safe": 30, "gap": 30, "R": 16.0, "exposure": 0.725, "vru_150m": 2, "sss": 64.7, "recommended": 30, "fatal_reduction_pct": 93.8, "why": "pedestrian activity (1 VRU site<=50m)", "pop_density": 17525.5, "pop_density_peak": 18490.2, "v_design": 60, "design_gap": 30}}, {"type": "Feature", "geometry": {"type": "LineString", "coordinates": [[125.6133202, 7.1087538], [125.613325, 7.1087281]]}, "properties": {"city": "davao", "name": "", "highway": "primary", "v_posted": 60, "posted_imputed": false, "v_safe": 30, "gap": 30, "R": 16.0, "exposure": 0.743, "vru_150m": 2, "sss": 65.4, "recommended": 30, "fatal_reduction_pct": 93.8, "why": "pedestrian activity (1 VRU site<=50m)", "pop_density": 18490.2, "pop_density_peak": 18490.2, "v_design": 60, "design_gap": 30}}, {"type": "Feature", "geometry": {"type": "LineString", "coordinates": [[125.621557, 7.1174105], [125.6216093, 7.1174191], [125.6216595, 7.1174238], [125.6217266, 7.1174264], [125.6217969, 7.1174245]]}, "properties": {"city": "davao", "name": "Banco Extension Road", "highway": "unclassified", "v_posted": 40, "posted_imputed": false, "v_safe": 30, "gap": 10, "R": 3.16, "exposure": 0.006, "vru_150m": 0, "sss": 12.6, "recommended": 30, "fatal_reduction_pct": 68.4, "why": "local road, frontage/pedestrian mixing", "pop_density": 203.7, "pop_density_peak": 240.6, "v_design": 40, "design_gap": 10}}, {"type": "Feature", "geometry": {"type": "LineString", "coordinates": [[125.5931116, 7.0905519], [125.5933109, 7.0905417], [125.5934675, 7.0905175], [125.5936311, 7.0904736], [125.5938419, 7.0903952], [125.5941676, 7.0902514], [125.594368, 7.0901601], [125.5944077, 7.0901437]]}, "properties": {"city": "davao", "name": "Riverside-Bacaca Road", "highway": "unclassified", "v_posted": 40, "posted_imputed": false, "v_safe": 30, "gap": 10, "R": 3.16, "exposure": 0.001, "vru_150m": 0, "sss": 12.5, "recommended": 30, "fatal_reduction_pct": 68.4, "why": "local road, frontage/pedestrian mixing", "pop_density": 42.2, "pop_density_peak": 84.3, "v_design": 40, "design_gap": 10}}, {"type": "Feature", "geometry": {"type": "LineString", "coordinates": [[125.5944077, 7.0901437], [125.5944767, 7.0901152], [125.594919, 7.0899324], [125.595325, 7.0897586], [125.5957866, 7.0895582], [125.5961436, 7.0894033]]}, "properties": {"city": "davao", "name": "Riverside-Bacaca Road", "highway": "unclassified", "v_posted": 40, "posted_imputed": false, "v_safe": 30, "gap": 10, "R": 3.16, "exposure": 0.003, "vru_150m": 0, "sss": 12.5, "recommended": 30, "fatal_reduction_pct": 68.4, "why": "local road, frontage/pedestrian mixing", "pop_density": 94.7, "pop_density_peak": 140.9, "v_design": 40, "design_gap": 10}}, {"type": "Feature", "geometry": {"type": "LineString", "coordinates": [[125.6486076, 7.1097254], [125.6483656, 7.1098916], [125.6482422, 7.1099688], [125.6481122, 7.1100486], [125.6480019, 7.1101107], [125.6472632, 7.1104745], [125.6460437, 7.1110706], [125.645979, 7.1111002]]}, "properties": {"city": "davao", "name": "Avenida Santos Avenue", "highway": "residential", "v_posted": 40, "posted_imputed": false, "v_safe": 30, "gap": 10, "R": 3.16, "exposure": 0.341, "vru_150m": 0, "sss": 16.8, "recommended": 30, "fatal_reduction_pct": 68.4, "why": "local road, frontage/pedestrian mixing", "pop_density": 11029.2, "pop_density_peak": 11898.2, "v_design": 35, "design_gap": 5}}, {"type": "Feature", "geometry": {"type": "LineString", "coordinates": [[125.6481122, 7.1100486], [125.648675, 7.1106545], [125.6486878, 7.1106777], [125.6486936, 7.1107034]]}, "properties": {"city": "davao", "name": "Agoho Street", "highway": "residential", "v_posted": 40, "posted_imputed": false, "v_safe": 30, "gap": 10, "R": 3.16, "exposure": 0.346, "vru_150m": 0, "sss": 16.8, "recommended": 30, "fatal_reduction_pct": 68.4, "why": "local road, frontage/pedestrian mixing", "pop_density": 11206.2, "pop_density_peak": 11371.3, "v_design": 35, "design_gap": 5}}, {"type": "Feature", "geometry": {"type": "LineString", "coordinates": [[125.6460437, 7.1110706], [125.6460992, 7.1111422]]}, "properties": {"city": "davao", "name": "Calle Almon", "highway": "residential", "v_posted": 40, "posted_imputed": false, "v_safe": 30, "gap": 10, "R": 3.16, "exposure": 0.303, "vru_150m": 0, "sss": 16.3, "recommended": 30, "fatal_reduction_pct": 68.4, "why": "local road, frontage/pedestrian mixing", "pop_density": 9795.4, "pop_density_peak": 10083.3, "v_design": 35, "design_gap": 5}}, {"type": "Feature", "geometry": {"type": "LineString", "coordinates": [[125.6531749, 7.1272472], [125.6532015, 7.1271123], [125.6532547, 7.1268391], [125.6533116, 7.126547], [125.6533833, 7.1261741], [125.6534952, 7.1256028], [125.6535407, 7.1253708], [125.6536043, 7.1250462], [125.6536579, 7.1247567], [125.6537092, 7.1244795], [125.6537595, 7.124208], [125.6538137, 7.1239072], [125.6538599, 7.1236504], [125.6538668, 7.1236118], [125.6538971, 7.1234504], [125.6539506, 7.1231659], [125.6539659, 7.1230868], [125.6540161, 7.1228318], [125.6540631, 7.1225926], [125.6542009, 7.1219008], [125.65432, 7.121296], [125.6543565, 7.1211108], [125.6544777, 7.120468], [125.6545321, 7.1201979], [125.6545915, 7.1198901], [125.6546899, 7.1193796], [125.6547621, 7.1190401], [125.6548176, 7.1187774], [125.6548495, 7.1186254], [125.654862, 7.1185658], [125.6549095, 7.1183334], [125.6549364, 7.118209]]}, "properties": {"city": "davao", "name": "Old Airport Road", "highway": "unclassified", "v_posted": 40, "posted_imputed": false, "v_safe": 30, "gap": 10, "R": 3.16, "exposure": 0.237, "vru_150m": 0, "sss": 15.5, "recommended": 30, "fatal_reduction_pct": 68.4, "why": "local road, frontage/pedestrian mixing", "pop_density": 7671.8, "pop_density_peak": 9425.8, "v_design": 40, "design_gap": 10}}, {"type": "Feature", "geometry": {"type": "LineString", "coordinates": [[125.6266858, 7.1189333], [125.6266619, 7.1189695], [125.626631, 7.1190094], [125.6265934, 7.1190506], [125.6265457, 7.1190897], [125.6264635, 7.1191439], [125.6263434, 7.1192231], [125.6262661, 7.1192741], [125.6261764, 7.1193332], [125.6260449, 7.1194215], [125.6259138, 7.1195095], [125.6258466, 7.1195558], [125.6257465, 7.1196249], [125.6256679, 7.1196748], [125.6256158, 7.1197054], [125.625555, 7.1197356], [125.6254204, 7.1197938], [125.6252662, 7.1198601], [125.6250465, 7.1199546], [125.6248365, 7.1200449], [125.624635, 7.1201316], [125.6244361, 7.1202172], [125.6242017, 7.120318], [125.6239175, 7.1204403], [125.6237892, 7.1204949], [125.6236819, 7.1205398], [125.6236232, 7.1205684], [125.6235781, 7.1205996], [125.6235397, 7.1206376], [125.6235106, 7.1206819]]}, "properties": {"city": "davao", "name": "Cabantian-Bunawan Road", "highway": "primary", "v_posted": 40, "posted_imputed": false, "v_safe": 30, "gap": 10, "R": 3.16, "exposure": 0.285, "vru_150m": 1, "sss": 16.1, "recommended": 30, "fatal_reduction_pct": 68.4, "why": "pedestrian activity (1 VRU site<=50m)", "pop_density": 3453.8, "pop_density_peak": 4603.8, "v_design": 60, "design_gap": 30}}, {"type": "Feature", "geometry": {"type": "LineString", "coordinates": [[125.6549364, 7.118209], [125.6549236, 7.1181284], [125.6550456, 7.1175144]]}, "properties": {"city": "davao", "name": "Old Airport Road", "highway": "unclassified", "v_posted": 40, "posted_imputed": false, "v_safe": 30, "gap": 10, "R": 3.16, "exposure": 1.0, "vru_150m": 5, "sss": 25.0, "recommended": 30, "fatal_reduction_pct": 68.4, "why": "local road, frontage/pedestrian mixing", "pop_density": 6224.4, "pop_density_peak": 6461.7, "v_design": 40, "design_gap": 10}}, {"type": "Feature", "geometry": {"type": "LineString", "coordinates": [[125.6550996, 7.1175779], [125.6549823, 7.1181405], [125.6549364, 7.118209]]}, "properties": {"city": "davao", "name": "Old Airport Road", "highway": "unclassified", "v_posted": 40, "posted_imputed": false, "v_safe": 30, "gap": 10, "R": 3.16, "exposure": 1.0, "vru_150m": 5, "sss": 25.0, "recommended": 30, "fatal_reduction_pct": 68.4, "why": "local road, frontage/pedestrian mixing", "pop_density": 6224.4, "pop_density_peak": 6461.7, "v_design": 40, "design_gap": 10}}, {"type": "Feature", "geometry": {"type": "LineString", "coordinates": [[125.6486888, 7.1096694], [125.6486076, 7.1097254]]}, "properties": {"city": "davao", "name": "Avenida Santos Avenue", "highway": "residential", "v_posted": 40, "posted_imputed": false, "v_safe": 30, "gap": 10, "R": 3.16, "exposure": 0.368, "vru_150m": 0, "sss": 17.1, "recommended": 30, "fatal_reduction_pct": 68.4, "why": "local road, frontage/pedestrian mixing", "pop_density": 11898.2, "pop_density_peak": 11898.2, "v_design": 35, "design_gap": 5}}]}