{"type": "FeatureCollection", "features": [{"type": "Feature", "geometry": {"type": "LineString", "coordinates": [[123.8581593, 10.2826481], [123.8582681, 10.2827105], [123.8585107, 10.2830149], [123.8585773, 10.2830924], [123.858684, 10.2832114], [123.858815, 10.2833575], [123.8590109, 10.283576], [123.8597393, 10.284418], [123.8599989, 10.2847287], [123.8600288, 10.2847636], [123.8601133, 10.2848603], [123.8604052, 10.2851924], [123.8605053, 10.2853066], [123.8607238, 10.2855558], [123.8610607, 10.2859401], [123.8614675, 10.2863869], [123.861522, 10.2864468]]}, "properties": {"city": "cebu", "name": "Natalio Bacalso Avenue", "highway": "primary", "v_posted": 60, "posted_imputed": false, "v_safe": 50, "gap": 10, "R": 2.07, "exposure": 0.497, "vru_150m": 0, "sss": 18.7, "recommended": 50, "fatal_reduction_pct": 51.8, "why": "undivided arterial, side-impact intersections", "pop_density": 16079.5, "pop_density_peak": 20028.0, "v_design": 60, "design_gap": 10}}, {"type": "Feature", "geometry": {"type": "LineString", "coordinates": [[123.8697186, 10.2896698], [123.8694512, 10.2895953], [123.8681628, 10.289269]]}, "properties": {"city": "cebu", "name": "Mambaling Underpass", "highway": "primary", "v_posted": 60, "posted_imputed": false, "v_safe": 50, "gap": 10, "R": 2.07, "exposure": 0.746, "vru_150m": 2, "sss": 21.8, "recommended": 50, "fatal_reduction_pct": 51.8, "why": "undivided arterial, side-impact intersections", "pop_density": 18636.9, "pop_density_peak": 19588.5, "v_design": 60, "design_gap": 10}}, {"type": "Feature", "geometry": {"type": "LineString", "coordinates": [[123.8729981, 10.2899349], [123.8727198, 10.2899091], [123.8724406, 10.2898976], [123.8716986, 10.2898811], [123.8712799, 10.2898696], [123.8710788, 10.2898611], [123.8708389, 10.289851], [123.8706998, 10.2898451]]}, "properties": {"city": "cebu", "name": "Natalio Bacalso Avenue", "highway": "secondary", "v_posted": 60, "posted_imputed": false, "v_safe": 30, "gap": 30, "R": 16.0, "exposure": 0.821, "vru_150m": 3, "sss": 68.3, "recommended": 30, "fatal_reduction_pct": 93.8, "why": "pedestrian activity (1 VRU site<=50m)", "pop_density": 17901.9, "pop_density_peak": 18074.5, "v_design": 50, "design_gap": 20}}, {"type": "Feature", "geometry": {"type": "LineString", "coordinates": [[123.8581593, 10.2826481], [123.8580559, 10.282535], [123.8580293, 10.2825057], [123.8578874, 10.2823409], [123.8570274, 10.2813659], [123.856982, 10.2813169], [123.8568909, 10.2812184], [123.8566305, 10.280937], [123.8562346, 10.2804778], [123.8562051, 10.2804436], [123.8556503, 10.2798435]]}, "properties": {"city": "cebu", "name": "Natalio Bacalso Avenue", "highway": "primary", "v_posted": 60, "posted_imputed": false, "v_safe": 50, "gap": 10, "R": 2.07, "exposure": 0.647, "vru_150m": 0, "sss": 20.6, "recommended": 50, "fatal_reduction_pct": 51.8, "why": "undivided arterial, side-impact intersections", "pop_density": 20920.9, "pop_density_peak": 23043.4, "v_design": 60, "design_gap": 10}}, {"type": "Feature", "geometry": {"type": "LineString", "coordinates": [[123.8784517, 10.2974571], [123.87833, 10.2974513], [123.8782715, 10.2974463], [123.8782372, 10.2974433], [123.8780459, 10.2974328], [123.8780072, 10.2974301], [123.8779636, 10.2974271], [123.8778374, 10.2974166], [123.8777213, 10.2973994], [123.8775871, 10.2973605], [123.8774202, 10.2973135], [123.8771154, 10.2972186], [123.8767692, 10.2971093], [123.87655, 10.2970418], [123.8763338, 10.2969605], [123.8760843, 10.2968584], [123.8760526, 10.2968454], [123.8758719, 10.2967995], [123.8756051, 10.2967689], [123.8754828, 10.2967615], [123.8754222, 10.2967579], [123.8751718, 10.2967291], [123.874737, 10.2966555], [123.8744966, 10.2966128], [123.874114, 10.296568], [123.8738744, 10.296538], [123.8737262, 10.2965034], [123.873678, 10.2964894], [123.8734433, 10.29639], [123.8732695, 10.2963], [123.8729124, 10.2960638], [123.8727771, 10.2959699], [123.8726522, 10.2958905], [123.8725959, 10.2958547], [123.872328, 10.2956845], [123.8721695, 10.2955774], [123.8718638, 10.2953703], [123.8716355, 10.2952334], [123.8714819, 10.2951434], [123.8714509, 10.2951243], [123.8713821, 10.2950883], [123.8710547, 10.2949112], [123.8708054, 10.2947736], [123.8707792, 10.2947591], [123.8707225, 10.294727], [123.8705063, 10.2946047], [123.8703212, 10.2944787], [123.8701493, 10.2943538], [123.8701056, 10.294322]]}, "properties": {"city": "cebu", "name": "Tres de Abril Street", "highway": "tertiary", "v_posted": 40, "posted_imputed": false, "v_safe": 30, "gap": 10, "R": 3.16, "exposure": 0.915, "vru_150m": 4, "sss": 23.9, "recommended": 30, "fatal_reduction_pct": 68.4, "why": "pedestrian activity (1 VRU site<=50m)", "pop_density": 18584.4, "pop_density_peak": 22993.1, "v_design": 45, "design_gap": 15}}, {"type": "Feature", "geometry": {"type": "LineString", "coordinates": [[123.8710967, 10.2898037], [123.8705428, 10.2897801], [123.8701016, 10.2897419], [123.8697186, 10.2896698]]}, "properties": {"city": "cebu", "name": "Mambaling Underpass", "highway": "primary", "v_posted": 60, "posted_imputed": false, "v_safe": 30, "gap": 30, "R": 16.0, "exposure": 0.821, "vru_150m": 3, "sss": 68.3, "recommended": 30, "fatal_reduction_pct": 93.8, "why": "pedestrian activity (1 VRU site<=50m)", "pop_density": 17880.0, "pop_density_peak": 18074.5, "v_design": 60, "design_gap": 30}}, {"type": "Feature", "geometry": {"type": "LineString", "coordinates": [[123.8458834, 10.2706269], [123.8456319, 10.2703536], [123.8455887, 10.2703067], [123.8455294, 10.270242], [123.8453893, 10.2700901], [123.8453259, 10.2700209], [123.8451827, 10.2698686], [123.8450836, 10.2697572], [123.8450013, 10.2696647], [123.8448711, 10.2695184], [123.8446832, 10.2693244], [123.8446805, 10.2693216]]}, "properties": {"city": "cebu", "name": "Natalio Bacalso Avenue", "highway": "primary", "v_posted": 60, "posted_imputed": false, "v_safe": 50, "gap": 10, "R": 2.07, "exposure": 0.386, "vru_150m": 0, "sss": 17.3, "recommended": 50, "fatal_reduction_pct": 51.8, "why": "undivided arterial, side-impact intersections", "pop_density": 12479.1, "pop_density_peak": 13610.2, "v_design": 60, "design_gap": 10}}, {"type": "Feature", "geometry": {"type": "LineString", "coordinates": [[123.8472355, 10.2718582], [123.8470692, 10.2717523]]}, "properties": {"city": "cebu", "name": "Natalio Bacalso Avenue", "highway": "primary", "v_posted": 60, "posted_imputed": false, "v_safe": 50, "gap": 10, "R": 2.07, "exposure": 0.765, "vru_150m": 3, "sss": 22.1, "recommended": 50, "fatal_reduction_pct": 51.8, "why": "undivided arterial, side-impact intersections", "pop_density": 13308.0, "pop_density_peak": 13308.0, "v_design": 60, "design_gap": 10}}, {"type": "Feature", "geometry": {"type": "LineString", "coordinates": [[123.8729981, 10.2899349], [123.872739, 10.2898679]]}, "properties": {"city": "cebu", "name": "Natalio Bacalso Avenue", "highway": "primary", "v_posted": 60, "posted_imputed": false, "v_safe": 30, "gap": 30, "R": 16.0, "exposure": 0.815, "vru_150m": 3, "sss": 68.1, "recommended": 30, "fatal_reduction_pct": 93.8, "why": "pedestrian activity (1 VRU site<=50m)", "pop_density": 17404.2, "pop_density_peak": 17990.0, "v_design": 60, "design_gap": 30}}, {"type": "Feature", "geometry": {"type": "LineString", "coordinates": [[123.8758779, 10.2904083], [123.876172, 10.2904925], [123.8763951, 10.2905756], [123.8766665, 10.2907193], [123.8770797, 10.2910156], [123.8773117, 10.2911805], [123.877531, 10.2913336], [123.8779628, 10.2916344], [123.8789194, 10.2923298]]}, "properties": {"city": "cebu", "name": "Mambaling Flyover", "highway": "primary", "v_posted": 60, "posted_imputed": false, "v_safe": 50, "gap": 10, "R": 2.07, "exposure": 1.0, "vru_150m": 6, "sss": 25.0, "recommended": 50, "fatal_reduction_pct": 51.8, "why": "undivided arterial, side-impact intersections", "pop_density": 23853.3, "pop_density_peak": 30685.9, "v_design": 60, "design_gap": 10}}, {"type": "Feature", "geometry": {"type": "LineString", "coordinates": [[123.8758779, 10.2904083], [123.8756159, 10.2903782], [123.8753301, 10.290364]]}, "properties": {"city": "cebu", "name": "Natalio Bacalso Avenue", "highway": "primary", "v_posted": 60, "posted_imputed": false, "v_safe": 50, "gap": 10, "R": 2.07, "exposure": 0.969, "vru_150m": 4, "sss": 24.6, "recommended": 50, "fatal_reduction_pct": 51.8, "why": "undivided arterial, side-impact intersections", "pop_density": 27389.7, "pop_density_peak": 30685.9, "v_design": 60, "design_gap": 10}}, {"type": "Feature", "geometry": {"type": "LineString", "coordinates": [[123.8753485, 10.2902703], [123.8758779, 10.2904083]]}, "properties": {"city": "cebu", "name": "Natalio Bacalso Avenue", "highway": "primary", "v_posted": 60, "posted_imputed": false, "v_safe": 50, "gap": 10, "R": 2.07, "exposure": 1.0, "vru_150m": 5, "sss": 25.0, "recommended": 50, "fatal_reduction_pct": 51.8, "why": "undivided arterial, side-impact intersections", "pop_density": 30685.9, "pop_density_peak": 30685.9, "v_design": 60, "design_gap": 10}}, {"type": "Feature", "geometry": {"type": "LineString", "coordinates": [[123.8402243, 10.26438], [123.8386729, 10.2627349]]}, "properties": {"city": "cebu", "name": "Tabunok Flyover", "highway": "primary", "v_posted": 60, "posted_imputed": false, "v_safe": 50, "gap": 10, "R": 2.07, "exposure": 0.612, "vru_150m": 0, "sss": 20.1, "recommended": 50, "fatal_reduction_pct": 51.8, "why": "undivided arterial, side-impact intersections", "pop_density": 19784.7, "pop_density_peak": 20360.3, "v_design": 60, "design_gap": 10}}, {"type": "Feature", "geometry": {"type": "LineString", "coordinates": [[123.8480034, 10.2723306], [123.8478586, 10.2722585], [123.8477588, 10.2722002]]}, "properties": {"city": "cebu", "name": "Natalio Bacalso Avenue", "highway": "primary", "v_posted": 60, "posted_imputed": false, "v_safe": 30, "gap": 30, "R": 16.0, "exposure": 0.646, "vru_150m": 2, "sss": 61.7, "recommended": 30, "fatal_reduction_pct": 93.8, "why": "pedestrian activity (2 VRU site<=50m)", "pop_density": 13259.7, "pop_density_peak": 13292.0, "v_design": 60, "design_gap": 30}}, {"type": "Feature", "geometry": {"type": "LineString", "coordinates": [[123.8707069, 10.2897213], [123.8708476, 10.2897292], [123.8710344, 10.2897397], [123.8712783, 10.2897516], [123.8717506, 10.2897587], [123.872153, 10.2897731], [123.872289, 10.2897753], [123.8724495, 10.2897832], [123.8727298, 10.2898109], [123.8730011, 10.2898597]]}, "properties": {"city": "cebu", "name": "Natalio Bacalso Avenue", "highway": "secondary", "v_posted": 60, "posted_imputed": false, "v_safe": 50, "gap": 10, "R": 2.07, "exposure": 0.818, "vru_150m": 3, "sss": 22.7, "recommended": 50, "fatal_reduction_pct": 51.8, "why": "undivided arterial, side-impact intersections", "pop_density": 17627.7, "pop_density_peak": 18074.5, "v_design": 50, "design_gap": 0}}, {"type": "Feature", "geometry": {"type": "LineString", "coordinates": [[123.8676793, 10.2891844], [123.8673977, 10.2891151]]}, "properties": {"city": "cebu", "name": "Natalio Bacalso Avenue", "highway": "primary", "v_posted": 60, "posted_imputed": false, "v_safe": 50, "gap": 10, "R": 2.07, "exposure": 0.812, "vru_150m": 0, "sss": 22.6, "recommended": 50, "fatal_reduction_pct": 51.8, "why": "undivided arterial, side-impact intersections", "pop_density": 26252.1, "pop_density_peak": 26252.1, "v_design": 60, "design_gap": 10}}, {"type": "Feature", "geometry": {"type": "LineString", "coordinates": [[123.8425189, 10.2669358], [123.8422972, 10.2666986], [123.8422853, 10.2666852]]}, "properties": {"city": "cebu", "name": "Natalio Bacalso Avenue", "highway": "primary", "v_posted": 60, "posted_imputed": false, "v_safe": 50, "gap": 10, "R": 2.07, "exposure": 0.721, "vru_150m": 0, "sss": 21.5, "recommended": 50, "fatal_reduction_pct": 51.8, "why": "undivided arterial, side-impact intersections", "pop_density": 23333.5, "pop_density_peak": 23333.5, "v_design": 60, "design_gap": 10}}, {"type": "Feature", "geometry": {"type": "LineString", "coordinates": [[123.867801, 10.2891297], [123.8679038, 10.2891316], [123.8680028, 10.2891511], [123.8683686, 10.2892419], [123.8689005, 10.2893748], [123.8694704, 10.2895316], [123.8695667, 10.2895573], [123.8698699, 10.2896307], [123.8700939, 10.2896846], [123.8702266, 10.289696], [123.8703924, 10.2897092]]}, "properties": {"city": "cebu", "name": "Natalio Bacalso Avenue", "highway": "secondary", "v_posted": 60, "posted_imputed": false, "v_safe": 50, "gap": 10, "R": 2.07, "exposure": 0.782, "vru_150m": 2, "sss": 22.3, "recommended": 50, "fatal_reduction_pct": 51.8, "why": "undivided arterial, side-impact intersections", "pop_density": 20595.8, "pop_density_peak": 26252.1, "v_design": 50, "design_gap": 0}}, {"type": "Feature", "geometry": {"type": "LineString", "coordinates": [[123.8614592, 10.2865166], [123.8613977, 10.2864462], [123.8604063, 10.2853112], [123.8603139, 10.2852088], [123.8600441, 10.2849069], [123.8596633, 10.2844658], [123.8590688, 10.2837936], [123.8589576, 10.2836699], [123.8589281, 10.2836386], [123.8586511, 10.2833214], [123.8585314, 10.283196], [123.8584419, 10.2830901], [123.8581933, 10.2827979], [123.8581593, 10.2826481]]}, "properties": {"city": "cebu", "name": "Natalio Bacalso Avenue", "highway": "primary", "v_posted": 60, "posted_imputed": false, "v_safe": 50, "gap": 10, "R": 2.07, "exposure": 0.514, "vru_150m": 0, "sss": 18.9, "recommended": 50, "fatal_reduction_pct": 51.8, "why": "undivided arterial, side-impact intersections", "pop_density": 16638.5, "pop_density_peak": 20028.0, "v_design": 60, "design_gap": 10}}, {"type": "Feature", "geometry": {"type": "LineString", "coordinates": [[123.8547331, 10.2789256], [123.8547027, 10.2788922], [123.8543139, 10.2785126], [123.8541073, 10.2783098], [123.8539412, 10.2781327], [123.8537686, 10.2779639], [123.8537458, 10.2779416], [123.853638, 10.2778424], [123.8535033, 10.2777011], [123.8534206, 10.2776144], [123.8532712, 10.2774577], [123.8532225, 10.2774066], [123.852995, 10.2771805], [123.8529301, 10.277116], [123.8528789, 10.2770651], [123.8528103, 10.2769995], [123.8527673, 10.2769544], [123.8527299, 10.2769174], [123.8524227, 10.2766176], [123.8522904, 10.2764929], [123.8522403, 10.2764437], [123.8521241, 10.2763354], [123.8518924, 10.2761135], [123.8518841, 10.2761054], [123.8518284, 10.2760521], [123.8517875, 10.276015], [123.8516412, 10.2758691], [123.8515319, 10.2757584], [123.8513816, 10.2756025], [123.8506424, 10.274881], [123.8506265, 10.274866], [123.8505705, 10.2748132], [123.8504536, 10.2746933], [123.8503762, 10.2746169], [123.8503626, 10.2746033], [123.8503336, 10.2745727], [123.8500489, 10.274293]]}, "properties": {"city": "cebu", "name": "Natalio Bacalso Avenue", "highway": "primary", "v_posted": 60, "posted_imputed": false, "v_safe": 50, "gap": 10, "R": 2.07, "exposure": 0.623, "vru_150m": 0, "sss": 20.3, "recommended": 50, "fatal_reduction_pct": 51.8, "why": "undivided arterial, side-impact intersections", "pop_density": 20153.0, "pop_density_peak": 25736.0, "v_design": 60, "design_gap": 10}}, {"type": "Feature", "geometry": {"type": "LineString", "coordinates": [[123.8763703, 10.2655952], [123.8760036, 10.2659153], [123.8759097, 10.2659887], [123.8748135, 10.266919], [123.8741394, 10.2674887], [123.8741028, 10.2675181], [123.8740654, 10.2675501], [123.8736763, 10.2678826], [123.872923, 10.2685129], [123.8728676, 10.2685586], [123.8718435, 10.2694047], [123.8715328, 10.2696614], [123.8712876, 10.2698777]]}, "properties": {"city": "cebu", "name": "Perico Road", "highway": "unclassified", "v_posted": 40, "posted_imputed": false, "v_safe": 30, "gap": 10, "R": 3.16, "exposure": 0.661, "vru_150m": 0, "sss": 20.8, "recommended": 30, "fatal_reduction_pct": 68.4, "why": "local road, frontage/pedestrian mixing", "pop_density": 21373.9, "pop_density_peak": 30645.7, "v_design": 40, "design_gap": 10}}, {"type": "Feature", "geometry": {"type": "LineString", "coordinates": [[123.8698867, 10.2994868], [123.8698824, 10.2995064], [123.8698676, 10.2995748], [123.8698531, 10.2996409], [123.8697872, 10.2999455], [123.8697839, 10.2999605], [123.8697277, 10.3001766], [123.8696925, 10.3003164], [123.8696326, 10.3005479], [123.8696282, 10.3005664], [123.869597, 10.3006981], [123.8695981, 10.30083], [123.8696183, 10.3009159], [123.8696292, 10.300962], [123.8696917, 10.301082], [123.8697192, 10.301112], [123.8698022, 10.3012022], [123.8699304, 10.3012925], [123.87004, 10.3013423], [123.8700661, 10.3013542], [123.8703378, 10.3014776], [123.8705474, 10.3015809]]}, "properties": {"city": "cebu", "name": "Francisco Llamas Street", "highway": "secondary", "v_posted": 40, "posted_imputed": false, "v_safe": 30, "gap": 10, "R": 3.16, "exposure": 0.677, "vru_150m": 1, "sss": 21.0, "recommended": 30, "fatal_reduction_pct": 68.4, "why": "pedestrian activity (1 VRU site<=50m)", "pop_density": 19289.5, "pop_density_peak": 20947.8, "v_design": 45, "design_gap": 15}}, {"type": "Feature", "geometry": {"type": "LineString", "coordinates": [[123.867801, 10.2891297], [123.8681628, 10.289269]]}, "properties": {"city": "cebu", "name": "Natalio Bacalso Avenue", "highway": "primary", "v_posted": 60, "posted_imputed": false, "v_safe": 50, "gap": 10, "R": 2.07, "exposure": 0.709, "vru_150m": 0, "sss": 21.4, "recommended": 50, "fatal_reduction_pct": 51.8, "why": "undivided arterial, side-impact intersections", "pop_density": 22920.3, "pop_density_peak": 26252.1, "v_design": 60, "design_gap": 10}}, {"type": "Feature", "geometry": {"type": "LineString", "coordinates": [[123.8471223, 10.2716766], [123.8472838, 10.271785]]}, "properties": {"city": "cebu", "name": "Natalio Bacalso Avenue", "highway": "primary", "v_posted": 60, "posted_imputed": false, "v_safe": 50, "gap": 10, "R": 2.07, "exposure": 0.647, "vru_150m": 2, "sss": 20.6, "recommended": 50, "fatal_reduction_pct": 51.8, "why": "undivided arterial, side-impact intersections", "pop_density": 13308.0, "pop_density_peak": 13308.0, "v_design": 60, "design_gap": 10}}, {"type": "Feature", "geometry": {"type": "LineString", "coordinates": [[123.8478159, 10.2721233], [123.8478962, 10.2721925]]}, "properties": {"city": "cebu", "name": "Natalio Bacalso Avenue", "highway": "primary", "v_posted": 60, "posted_imputed": false, "v_safe": 30, "gap": 30, "R": 16.0, "exposure": 0.647, "vru_150m": 2, "sss": 61.8, "recommended": 30, "fatal_reduction_pct": 93.8, "why": "pedestrian activity (2 VRU site<=50m)", "pop_density": 13300.0, "pop_density_peak": 13308.0, "v_design": 60, "design_gap": 30}}, {"type": "Feature", "geometry": {"type": "LineString", "coordinates": [[123.8463554, 10.2710454], [123.8464913, 10.2711983], [123.8465703, 10.2712823], [123.8466632, 10.2713628]]}, "properties": {"city": "cebu", "name": "Natalio Bacalso Avenue", "highway": "primary", "v_posted": 60, "posted_imputed": false, "v_safe": 50, "gap": 10, "R": 2.07, "exposure": 0.518, "vru_150m": 1, "sss": 19.0, "recommended": 50, "fatal_reduction_pct": 51.8, "why": "undivided arterial, side-impact intersections", "pop_density": 12860.0, "pop_density_peak": 13505.3, "v_design": 60, "design_gap": 10}}, {"type": "Feature", "geometry": {"type": "LineString", "coordinates": [[123.8470692, 10.2717523], [123.8467862, 10.271565], [123.846677, 10.2714839], [123.8466019, 10.2714286]]}, "properties": {"city": "cebu", "name": "Natalio Bacalso Avenue", "highway": "primary", "v_posted": 60, "posted_imputed": false, "v_safe": 50, "gap": 10, "R": 2.07, "exposure": 0.516, "vru_150m": 1, "sss": 18.9, "recommended": 50, "fatal_reduction_pct": 51.8, "why": "undivided arterial, side-impact intersections", "pop_density": 12761.4, "pop_density_peak": 13308.0, "v_design": 60, "design_gap": 10}}, {"type": "Feature", "geometry": {"type": "LineString", "coordinates": [[123.8551698, 10.279358], [123.8549602, 10.2791462], [123.854745, 10.2789382]]}, "properties": {"city": "cebu", "name": "Natalio Bacalso Avenue", "highway": "primary", "v_posted": 60, "posted_imputed": false, "v_safe": 30, "gap": 30, "R": 16.0, "exposure": 1.0, "vru_150m": 8, "sss": 75.0, "recommended": 30, "fatal_reduction_pct": 93.8, "why": "pedestrian activity (2 VRU site<=50m)", "pop_density": 24601.7, "pop_density_peak": 24601.7, "v_design": 60, "design_gap": 30}}, {"type": "Feature", "geometry": {"type": "LineString", "coordinates": [[123.8402243, 10.26438], [123.8403524, 10.2644633]]}, "properties": {"city": "cebu", "name": "Natalio Bacalso Avenue", "highway": "primary", "v_posted": 60, "posted_imputed": false, "v_safe": 50, "gap": 10, "R": 2.07, "exposure": 0.752, "vru_150m": 2, "sss": 21.9, "recommended": 50, "fatal_reduction_pct": 51.8, "why": "undivided arterial, side-impact intersections", "pop_density": 18976.3, "pop_density_peak": 19209.1, "v_design": 60, "design_gap": 10}}, {"type": "Feature", "geometry": {"type": "LineString", "coordinates": [[123.8402832, 10.2645236], [123.8402243, 10.26438]]}, "properties": {"city": "cebu", "name": "Natalio Bacalso Avenue", "highway": "primary", "v_posted": 60, "posted_imputed": false, "v_safe": 50, "gap": 10, "R": 2.07, "exposure": 0.756, "vru_150m": 2, "sss": 22.0, "recommended": 50, "fatal_reduction_pct": 51.8, "why": "undivided arterial, side-impact intersections", "pop_density": 19209.1, "pop_density_peak": 19209.1, "v_design": 60, "design_gap": 10}}, {"type": "Feature", "geometry": {"type": "LineString", "coordinates": [[123.842602, 10.2669284], [123.8426324, 10.2669611]]}, "properties": {"city": "cebu", "name": "Natalio Bacalso Avenue", "highway": "primary", "v_posted": 60, "posted_imputed": false, "v_safe": 50, "gap": 10, "R": 2.07, "exposure": 0.721, "vru_150m": 0, "sss": 21.5, "recommended": 50, "fatal_reduction_pct": 51.8, "why": "undivided arterial, side-impact intersections", "pop_density": 23333.5, "pop_density_peak": 23333.5, "v_design": 60, "design_gap": 10}}, {"type": "Feature", "geometry": {"type": "LineString", "coordinates": [[123.8403524, 10.2644633], [123.8404398, 10.2645589], [123.8407326, 10.2648795], [123.8415042, 10.2657336], [123.8415111, 10.2657412]]}, "properties": {"city": "cebu", "name": "Natalio Bacalso Avenue", "highway": "primary", "v_posted": 60, "posted_imputed": false, "v_safe": 50, "gap": 10, "R": 2.07, "exposure": 0.763, "vru_150m": 1, "sss": 22.0, "recommended": 50, "fatal_reduction_pct": 51.8, "why": "undivided arterial, side-impact intersections", "pop_density": 22744.9, "pop_density_peak": 24745.5, "v_design": 60, "design_gap": 10}}, {"type": "Feature", "geometry": {"type": "LineString", "coordinates": [[123.872739, 10.2898679], [123.8724313, 10.2898395], [123.8717015, 10.289822], [123.8712932, 10.2898094], [123.8710967, 10.2898037]]}, "properties": {"city": "cebu", "name": "Mambaling Underpass", "highway": "primary", "v_posted": 60, "posted_imputed": false, "v_safe": 30, "gap": 30, "R": 16.0, "exposure": 0.817, "vru_150m": 3, "sss": 68.1, "recommended": 30, "fatal_reduction_pct": 93.8, "why": "pedestrian activity (1 VRU site<=50m)", "pop_density": 17511.3, "pop_density_peak": 18074.5, "v_design": 60, "design_gap": 30}}, {"type": "Feature", "geometry": {"type": "LineString", "coordinates": [[123.872739, 10.2898679], [123.8730011, 10.2898597]]}, "properties": {"city": "cebu", "name": "Natalio Bacalso Avenue", "highway": "primary", "v_posted": 60, "posted_imputed": false, "v_safe": 30, "gap": 30, "R": 16.0, "exposure": 0.815, "vru_150m": 3, "sss": 68.1, "recommended": 30, "fatal_reduction_pct": 93.8, "why": "pedestrian activity (1 VRU site<=50m)", "pop_density": 17404.2, "pop_density_peak": 17990.0, "v_design": 60, "design_gap": 30}}, {"type": "Feature", "geometry": {"type": "LineString", "coordinates": [[123.8681628, 10.289269], [123.8678058, 10.2892147]]}, "properties": {"city": "cebu", "name": "Natalio Bacalso Avenue", "highway": "primary", "v_posted": 60, "posted_imputed": false, "v_safe": 50, "gap": 10, "R": 2.07, "exposure": 0.709, "vru_150m": 0, "sss": 21.4, "recommended": 50, "fatal_reduction_pct": 51.8, "why": "undivided arterial, side-impact intersections", "pop_density": 22920.3, "pop_density_peak": 26252.1, "v_design": 60, "design_gap": 10}}, {"type": "Feature", "geometry": {"type": "LineString", "coordinates": [[123.8706998, 10.2898451], [123.8706105, 10.2898414], [123.870578, 10.2898401], [123.870485, 10.2898345], [123.8703995, 10.2898293], [123.870216, 10.2898181], [123.8700646, 10.2897906], [123.8698759, 10.289761], [123.8694348, 10.2896614], [123.8691645, 10.2895974], [123.8688492, 10.2895135], [123.8681494, 10.2893384], [123.8678058, 10.2892147]]}, "properties": {"city": "cebu", "name": "Natalio Bacalso Avenue", "highway": "secondary", "v_posted": 60, "posted_imputed": false, "v_safe": 30, "gap": 30, "R": 16.0, "exposure": 0.855, "vru_150m": 3, "sss": 69.6, "recommended": 30, "fatal_reduction_pct": 93.8, "why": "pedestrian activity (1 VRU site<=50m)", "pop_density": 20595.8, "pop_density_peak": 26252.1, "v_design": 50, "design_gap": 20}}, {"type": "Feature", "geometry": {"type": "LineString", "coordinates": [[123.8753301, 10.290364], [123.8751083, 10.2903224], [123.874219, 10.2901572]]}, "properties": {"city": "cebu", "name": "Natalio Bacalso Avenue", "highway": "primary", "v_posted": 60, "posted_imputed": false, "v_safe": 30, "gap": 30, "R": 16.0, "exposure": 1.0, "vru_150m": 5, "sss": 75.0, "recommended": 30, "fatal_reduction_pct": 93.8, "why": "pedestrian activity (2 VRU site<=50m)", "pop_density": 21514.8, "pop_density_peak": 24093.5, "v_design": 60, "design_gap": 30}}, {"type": "Feature", "geometry": {"type": "LineString", "coordinates": [[123.8730011, 10.2898597], [123.8736902, 10.2899813]]}, "properties": {"city": "cebu", "name": "Natalio Bacalso Avenue", "highway": "primary", "v_posted": 60, "posted_imputed": false, "v_safe": 50, "gap": 10, "R": 2.07, "exposure": 0.914, "vru_150m": 4, "sss": 23.9, "recommended": 50, "fatal_reduction_pct": 51.8, "why": "undivided arterial, side-impact intersections", "pop_density": 18463.1, "pop_density_peak": 18936.2, "v_design": 60, "design_gap": 10}}, {"type": "Feature", "geometry": {"type": "LineString", "coordinates": [[123.8666822, 10.2888429], [123.8673697, 10.2890127], [123.8674009, 10.2890204]]}, "properties": {"city": "cebu", "name": "Natalio Bacalso Avenue", "highway": "primary", "v_posted": 60, "posted_imputed": false, "v_safe": 50, "gap": 10, "R": 2.07, "exposure": 0.926, "vru_150m": 0, "sss": 24.1, "recommended": 50, "fatal_reduction_pct": 51.8, "why": "undivided arterial, side-impact intersections", "pop_density": 29954.1, "pop_density_peak": 33656.1, "v_design": 60, "design_gap": 10}}, {"type": "Feature", "geometry": {"type": "LineString", "coordinates": [[123.8419073, 10.2661704], [123.8422519, 10.2665505]]}, "properties": {"city": "cebu", "name": "Natalio Bacalso Avenue", "highway": "primary", "v_posted": 60, "posted_imputed": false, "v_safe": 50, "gap": 10, "R": 2.07, "exposure": 0.743, "vru_150m": 0, "sss": 21.8, "recommended": 50, "fatal_reduction_pct": 51.8, "why": "undivided arterial, side-impact intersections", "pop_density": 24039.5, "pop_density_peak": 24745.6, "v_design": 60, "design_gap": 10}}, {"type": "Feature", "geometry": {"type": "LineString", "coordinates": [[123.8421982, 10.2665901], [123.8418522, 10.2662193], [123.8417017, 10.2660561]]}, "properties": {"city": "cebu", "name": "Natalio Bacalso Avenue", "highway": "primary", "v_posted": 60, "posted_imputed": false, "v_safe": 50, "gap": 10, "R": 2.07, "exposure": 0.743, "vru_150m": 0, "sss": 21.8, "recommended": 50, "fatal_reduction_pct": 51.8, "why": "undivided arterial, side-impact intersections", "pop_density": 24039.5, "pop_density_peak": 24745.6, "v_design": 60, "design_gap": 10}}, {"type": "Feature", "geometry": {"type": "LineString", "coordinates": [[123.8422884, 10.2665908], [123.8423382, 10.266646]]}, "properties": {"city": "cebu", "name": "Natalio Bacalso Avenue", "highway": "primary", "v_posted": 60, "posted_imputed": false, "v_safe": 50, "gap": 10, "R": 2.07, "exposure": 0.721, "vru_150m": 0, "sss": 21.5, "recommended": 50, "fatal_reduction_pct": 51.8, "why": "undivided arterial, side-impact intersections", "pop_density": 23333.4, "pop_density_peak": 23333.4, "v_design": 60, "design_gap": 10}}, {"type": "Feature", "geometry": {"type": "LineString", "coordinates": [[123.8704595, 10.289711], [123.8705258, 10.2897138], [123.8706182, 10.2897176], [123.8707069, 10.2897213]]}, "properties": {"city": "cebu", "name": "Natalio Bacalso Avenue", "highway": "secondary", "v_posted": 60, "posted_imputed": false, "v_safe": 50, "gap": 10, "R": 2.07, "exposure": 0.824, "vru_150m": 3, "sss": 22.8, "recommended": 50, "fatal_reduction_pct": 51.8, "why": "undivided arterial, side-impact intersections", "pop_density": 18074.5, "pop_density_peak": 18074.5, "v_design": 50, "design_gap": 0}}, {"type": "Feature", "geometry": {"type": "LineString", "coordinates": [[123.8703924, 10.2897092], [123.8704595, 10.289711]]}, "properties": {"city": "cebu", "name": "Natalio Bacalso Avenue", "highway": "secondary", "v_posted": 60, "posted_imputed": false, "v_safe": 30, "gap": 30, "R": 16.0, "exposure": 0.824, "vru_150m": 3, "sss": 68.4, "recommended": 30, "fatal_reduction_pct": 93.8, "why": "pedestrian activity (1 VRU site<=50m)", "pop_density": 18074.5, "pop_density_peak": 18074.5, "v_design": 50, "design_gap": 20}}, {"type": "Feature", "geometry": {"type": "LineString", "coordinates": [[123.8736817, 10.2900594], [123.8729981, 10.2899349]]}, "properties": {"city": "cebu", "name": "Natalio Bacalso Avenue", "highway": "primary", "v_posted": 60, "posted_imputed": false, "v_safe": 30, "gap": 30, "R": 16.0, "exposure": 0.828, "vru_150m": 3, "sss": 68.6, "recommended": 30, "fatal_reduction_pct": 93.8, "why": "pedestrian activity (1 VRU site<=50m)", "pop_density": 18463.1, "pop_density_peak": 18936.2, "v_design": 60, "design_gap": 30}}, {"type": "Feature", "geometry": {"type": "LineString", "coordinates": [[123.8736902, 10.2899813], [123.8741649, 10.2900621], [123.8751276, 10.2902314], [123.8753485, 10.2902703]]}, "properties": {"city": "cebu", "name": "Natalio Bacalso Avenue", "highway": "primary", "v_posted": 60, "posted_imputed": false, "v_safe": 30, "gap": 30, "R": 16.0, "exposure": 1.0, "vru_150m": 5, "sss": 75.0, "recommended": 30, "fatal_reduction_pct": 93.8, "why": "pedestrian activity (2 VRU site<=50m)", "pop_density": 24571.8, "pop_density_peak": 30685.9, "v_design": 60, "design_gap": 30}}, {"type": "Feature", "geometry": {"type": "LineString", "coordinates": [[123.874219, 10.2901572], [123.8736817, 10.2900594]]}, "properties": {"city": "cebu", "name": "Natalio Bacalso Avenue", "highway": "primary", "v_posted": 60, "posted_imputed": false, "v_safe": 50, "gap": 10, "R": 2.07, "exposure": 0.917, "vru_150m": 4, "sss": 24.0, "recommended": 50, "fatal_reduction_pct": 51.8, "why": "undivided arterial, side-impact intersections", "pop_density": 18936.2, "pop_density_peak": 18936.2, "v_design": 60, "design_gap": 10}}, {"type": "Feature", "geometry": {"type": "LineString", "coordinates": [[123.8500489, 10.274293], [123.8497123, 10.2739593]]}, "properties": {"city": "cebu", "name": "Natalio Bacalso Avenue", "highway": "primary", "v_posted": 60, "posted_imputed": false, "v_safe": 50, "gap": 10, "R": 2.07, "exposure": 0.355, "vru_150m": 0, "sss": 16.9, "recommended": 50, "fatal_reduction_pct": 51.8, "why": "undivided arterial, side-impact intersections", "pop_density": 11467.0, "pop_density_peak": 11467.0, "v_design": 60, "design_gap": 10}}, {"type": "Feature", "geometry": {"type": "LineString", "coordinates": [[123.8495732, 10.2738212], [123.8493752, 10.2736276], [123.8492922, 10.2735497], [123.8491849, 10.273449]]}, "properties": {"city": "cebu", "name": "Natalio Bacalso Avenue", "highway": "primary", "v_posted": 60, "posted_imputed": false, "v_safe": 50, "gap": 10, "R": 2.07, "exposure": 0.391, "vru_150m": 0, "sss": 17.4, "recommended": 50, "fatal_reduction_pct": 51.8, "why": "undivided arterial, side-impact intersections", "pop_density": 12631.5, "pop_density_peak": 12939.8, "v_design": 60, "design_gap": 10}}, {"type": "Feature", "geometry": {"type": "LineString", "coordinates": [[123.8447231, 10.2692737], [123.8447314, 10.2692826], [123.8449308, 10.2694966], [123.8452229, 10.2698172], [123.8453657, 10.2699805], [123.8454351, 10.2700548], [123.8455813, 10.2702076], [123.8456367, 10.2702655], [123.8456958, 10.2703273], [123.8459182, 10.2705599]]}, "properties": {"city": "cebu", "name": "Natalio Bacalso Avenue", "highway": "primary", "v_posted": 60, "posted_imputed": false, "v_safe": 50, "gap": 10, "R": 2.07, "exposure": 0.373, "vru_150m": 0, "sss": 17.2, "recommended": 50, "fatal_reduction_pct": 51.8, "why": "undivided arterial, side-impact intersections", "pop_density": 12061.2, "pop_density_peak": 13610.2, "v_design": 60, "design_gap": 10}}, {"type": "Feature", "geometry": {"type": "LineString", "coordinates": [[123.8433509, 10.267855], [123.8433132, 10.2678163]]}, "properties": {"city": "cebu", "name": "Natalio Bacalso Avenue", "highway": "primary", "v_posted": 60, "posted_imputed": false, "v_safe": 50, "gap": 10, "R": 2.07, "exposure": 0.709, "vru_150m": 0, "sss": 21.4, "recommended": 50, "fatal_reduction_pct": 51.8, "why": "undivided arterial, side-impact intersections", "pop_density": 22929.1, "pop_density_peak": 22929.1, "v_design": 60, "design_gap": 10}}, {"type": "Feature", "geometry": {"type": "LineString", "coordinates": [[123.8428846, 10.2673542], [123.8428691, 10.2673361], [123.8425842, 10.2670088]]}, "properties": {"city": "cebu", "name": "Natalio Bacalso Avenue", "highway": "primary", "v_posted": 60, "posted_imputed": false, "v_safe": 50, "gap": 10, "R": 2.07, "exposure": 0.715, "vru_150m": 0, "sss": 21.4, "recommended": 50, "fatal_reduction_pct": 51.8, "why": "undivided arterial, side-impact intersections", "pop_density": 23131.3, "pop_density_peak": 23333.5, "v_design": 60, "design_gap": 10}}, {"type": "Feature", "geometry": {"type": "LineString", "coordinates": [[123.8433619, 10.2677779], [123.843392, 10.2678184]]}, "properties": {"city": "cebu", "name": "Natalio Bacalso Avenue", "highway": "primary", "v_posted": 60, "posted_imputed": false, "v_safe": 50, "gap": 10, "R": 2.07, "exposure": 0.709, "vru_150m": 0, "sss": 21.4, "recommended": 50, "fatal_reduction_pct": 51.8, "why": "undivided arterial, side-impact intersections", "pop_density": 22929.1, "pop_density_peak": 22929.1, "v_design": 60, "design_gap": 10}}, {"type": "Feature", "geometry": {"type": "LineString", "coordinates": [[123.8415111, 10.2657412], [123.841548, 10.265782]]}, "properties": {"city": "cebu", "name": "Natalio Bacalso Avenue", "highway": "primary", "v_posted": 60, "posted_imputed": false, "v_safe": 50, "gap": 10, "R": 2.07, "exposure": 0.765, "vru_150m": 0, "sss": 22.1, "recommended": 50, "fatal_reduction_pct": 51.8, "why": "undivided arterial, side-impact intersections", "pop_density": 24745.5, "pop_density_peak": 24745.5, "v_design": 60, "design_gap": 10}}, {"type": "Feature", "geometry": {"type": "LineString", "coordinates": [[123.8416044, 10.2658445], [123.8416557, 10.2658997]]}, "properties": {"city": "cebu", "name": "Natalio Bacalso Avenue", "highway": "primary", "v_posted": 60, "posted_imputed": false, "v_safe": 50, "gap": 10, "R": 2.07, "exposure": 0.765, "vru_150m": 0, "sss": 22.1, "recommended": 50, "fatal_reduction_pct": 51.8, "why": "undivided arterial, side-impact intersections", "pop_density": 24745.5, "pop_density_peak": 24745.6, "v_design": 60, "design_gap": 10}}, {"type": "Feature", "geometry": {"type": "LineString", "coordinates": [[123.841548, 10.265782], [123.8416044, 10.2658445]]}, "properties": {"city": "cebu", "name": "Natalio Bacalso Avenue", "highway": "primary", "v_posted": 60, "posted_imputed": false, "v_safe": 50, "gap": 10, "R": 2.07, "exposure": 0.765, "vru_150m": 0, "sss": 22.1, "recommended": 50, "fatal_reduction_pct": 51.8, "why": "undivided arterial, side-impact intersections", "pop_density": 24745.5, "pop_density_peak": 24745.5, "v_design": 60, "design_gap": 10}}, {"type": "Feature", "geometry": {"type": "LineString", "coordinates": [[123.8414955, 10.2658353], [123.8414551, 10.2657919]]}, "properties": {"city": "cebu", "name": "Natalio Bacalso Avenue", "highway": "primary", "v_posted": 60, "posted_imputed": false, "v_safe": 50, "gap": 10, "R": 2.07, "exposure": 0.765, "vru_150m": 0, "sss": 22.1, "recommended": 50, "fatal_reduction_pct": 51.8, "why": "undivided arterial, side-impact intersections", "pop_density": 24745.5, "pop_density_peak": 24745.5, "v_design": 60, "design_gap": 10}}, {"type": "Feature", "geometry": {"type": "LineString", "coordinates": [[123.8415508, 10.2658924], [123.8414955, 10.2658353]]}, "properties": {"city": "cebu", "name": "Natalio Bacalso Avenue", "highway": "primary", "v_posted": 60, "posted_imputed": false, "v_safe": 50, "gap": 10, "R": 2.07, "exposure": 0.765, "vru_150m": 0, "sss": 22.1, "recommended": 50, "fatal_reduction_pct": 51.8, "why": "undivided arterial, side-impact intersections", "pop_density": 24745.5, "pop_density_peak": 24745.6, "v_design": 60, "design_gap": 10}}, {"type": "Feature", "geometry": {"type": "LineString", "coordinates": [[123.8414551, 10.2657919], [123.8414471, 10.2657831], [123.8406654, 10.2649287], [123.8404388, 10.2646885], [123.8402832, 10.2645236]]}, "properties": {"city": "cebu", "name": "Natalio Bacalso Avenue", "highway": "primary", "v_posted": 60, "posted_imputed": false, "v_safe": 50, "gap": 10, "R": 2.07, "exposure": 0.751, "vru_150m": 1, "sss": 21.9, "recommended": 50, "fatal_reduction_pct": 51.8, "why": "undivided arterial, side-impact intersections", "pop_density": 22287.2, "pop_density_peak": 24745.5, "v_design": 60, "design_gap": 10}}, {"type": "Feature", "geometry": {"type": "LineString", "coordinates": [[123.8673977, 10.2891151], [123.8673444, 10.289102], [123.8668403, 10.2889779], [123.8666655, 10.2889349], [123.8663569, 10.2888603], [123.8662168, 10.2888265], [123.8661343, 10.2887985], [123.8657725, 10.2886757], [123.8651112, 10.2884327], [123.8648857, 10.2883363], [123.8647918, 10.2882942], [123.8647074, 10.2882614], [123.8644311, 10.2881442], [123.8642429, 10.2880641], [123.8641819, 10.2880382], [123.8641194, 10.288013], [123.8638539, 10.2879005], [123.8636092, 10.2877995], [123.8633967, 10.2877031], [123.863118, 10.2875861], [123.86301, 10.2875371], [123.8629369, 10.2875017], [123.8628116, 10.2874425]]}, "properties": {"city": "cebu", "name": "Natalio Bacalso Avenue", "highway": "primary", "v_posted": 60, "posted_imputed": false, "v_safe": 50, "gap": 10, "R": 2.07, "exposure": 1.0, "vru_150m": 1, "sss": 25.0, "recommended": 50, "fatal_reduction_pct": 51.8, "why": "undivided arterial, side-impact intersections", "pop_density": 33075.1, "pop_density_peak": 44241.8, "v_design": 60, "design_gap": 10}}, {"type": "Feature", "geometry": {"type": "LineString", "coordinates": [[123.8674009, 10.2890204], [123.8676814, 10.2890945], [123.8677179, 10.2891053], [123.867801, 10.2891297]]}, "properties": {"city": "cebu", "name": "Natalio Bacalso Avenue", "highway": "primary", "v_posted": 60, "posted_imputed": false, "v_safe": 50, "gap": 10, "R": 2.07, "exposure": 0.812, "vru_150m": 0, "sss": 22.6, "recommended": 50, "fatal_reduction_pct": 51.8, "why": "undivided arterial, side-impact intersections", "pop_density": 26252.0, "pop_density_peak": 26252.1, "v_design": 60, "design_gap": 10}}, {"type": "Feature", "geometry": {"type": "LineString", "coordinates": [[123.8490785, 10.273344], [123.8487694, 10.2730381], [123.8487544, 10.2730233], [123.8482027, 10.2724966], [123.8481444, 10.2724378], [123.8481107, 10.2724122], [123.8480034, 10.2723306]]}, "properties": {"city": "cebu", "name": "Natalio Bacalso Avenue", "highway": "primary", "v_posted": 60, "posted_imputed": false, "v_safe": 30, "gap": 30, "R": 16.0, "exposure": 0.638, "vru_150m": 2, "sss": 61.4, "recommended": 30, "fatal_reduction_pct": 93.8, "why": "pedestrian activity (2 VRU site<=50m)", "pop_density": 12807.5, "pop_density_peak": 13292.0, "v_design": 60, "design_gap": 30}}, {"type": "Feature", "geometry": {"type": "LineString", "coordinates": [[123.8491849, 10.273449], [123.8490785, 10.273344]]}, "properties": {"city": "cebu", "name": "Natalio Bacalso Avenue", "highway": "primary", "v_posted": 60, "posted_imputed": false, "v_safe": 50, "gap": 10, "R": 2.07, "exposure": 0.629, "vru_150m": 2, "sss": 20.4, "recommended": 50, "fatal_reduction_pct": 51.8, "why": "undivided arterial, side-impact intersections", "pop_density": 12323.1, "pop_density_peak": 12323.1, "v_design": 60, "design_gap": 10}}, {"type": "Feature", "geometry": {"type": "LineString", "coordinates": [[123.8466019, 10.2714286], [123.8465292, 10.2713587], [123.8464265, 10.2712502], [123.8462833, 10.2710769]]}, "properties": {"city": "cebu", "name": "Natalio Bacalso Avenue", "highway": "primary", "v_posted": 60, "posted_imputed": false, "v_safe": 50, "gap": 10, "R": 2.07, "exposure": 0.518, "vru_150m": 1, "sss": 19.0, "recommended": 50, "fatal_reduction_pct": 51.8, "why": "undivided arterial, side-impact intersections", "pop_density": 12860.0, "pop_density_peak": 13505.3, "v_design": 60, "design_gap": 10}}, {"type": "Feature", "geometry": {"type": "LineString", "coordinates": [[123.8466632, 10.2713628], [123.8467251, 10.2714052], [123.8468405, 10.2714844], [123.8471223, 10.2716766]]}, "properties": {"city": "cebu", "name": "Natalio Bacalso Avenue", "highway": "primary", "v_posted": 60, "posted_imputed": false, "v_safe": 50, "gap": 10, "R": 2.07, "exposure": 0.516, "vru_150m": 1, "sss": 18.9, "recommended": 50, "fatal_reduction_pct": 51.8, "why": "undivided arterial, side-impact intersections", "pop_density": 12761.4, "pop_density_peak": 13308.0, "v_design": 60, "design_gap": 10}}, {"type": "Feature", "geometry": {"type": "LineString", "coordinates": [[123.8763703, 10.2655952], [123.8763999, 10.2654989]]}, "properties": {"city": "cebu", "name": "El Pardo Street", "highway": "unclassified", "v_posted": 40, "posted_imputed": false, "v_safe": 30, "gap": 10, "R": 3.16, "exposure": 0.549, "vru_150m": 1, "sss": 19.4, "recommended": 30, "fatal_reduction_pct": 68.4, "why": "local road, frontage/pedestrian mixing", "pop_density": 14107.8, "pop_density_peak": 14490.4, "v_design": 40, "design_gap": 10}}, {"type": "Feature", "geometry": {"type": "LineString", "coordinates": [[123.8678058, 10.2892147], [123.8676793, 10.2891844]]}, "properties": {"city": "cebu", "name": "Natalio Bacalso Avenue", "highway": "primary", "v_posted": 60, "posted_imputed": false, "v_safe": 50, "gap": 10, "R": 2.07, "exposure": 0.812, "vru_150m": 0, "sss": 22.6, "recommended": 50, "fatal_reduction_pct": 51.8, "why": "undivided arterial, side-impact intersections", "pop_density": 26252.1, "pop_density_peak": 26252.1, "v_design": 60, "design_gap": 10}}, {"type": "Feature", "geometry": {"type": "LineString", "coordinates": [[123.8459834, 10.270628], [123.8460527, 10.2707069]]}, "properties": {"city": "cebu", "name": "Natalio Bacalso Avenue", "highway": "primary", "v_posted": 60, "posted_imputed": false, "v_safe": 50, "gap": 10, "R": 2.07, "exposure": 0.316, "vru_150m": 0, "sss": 16.4, "recommended": 50, "fatal_reduction_pct": 51.8, "why": "undivided arterial, side-impact intersections", "pop_density": 10216.8, "pop_density_peak": 10216.8, "v_design": 60, "design_gap": 10}}, {"type": "Feature", "geometry": {"type": "LineString", "coordinates": [[123.8459923, 10.2707468], [123.8459319, 10.2706796]]}, "properties": {"city": "cebu", "name": "Natalio Bacalso Avenue", "highway": "primary", "v_posted": 60, "posted_imputed": false, "v_safe": 50, "gap": 10, "R": 2.07, "exposure": 0.316, "vru_150m": 0, "sss": 16.4, "recommended": 50, "fatal_reduction_pct": 51.8, "why": "undivided arterial, side-impact intersections", "pop_density": 10216.8, "pop_density_peak": 10216.8, "v_design": 60, "design_gap": 10}}, {"type": "Feature", "geometry": {"type": "LineString", "coordinates": [[123.8459319, 10.2706796], [123.8459025, 10.2706477], [123.8458834, 10.2706269]]}, "properties": {"city": "cebu", "name": "Natalio Bacalso Avenue", "highway": "primary", "v_posted": 60, "posted_imputed": false, "v_safe": 50, "gap": 10, "R": 2.07, "exposure": 0.316, "vru_150m": 0, "sss": 16.4, "recommended": 50, "fatal_reduction_pct": 51.8, "why": "undivided arterial, side-impact intersections", "pop_density": 10216.8, "pop_density_peak": 10216.8, "v_design": 60, "design_gap": 10}}, {"type": "Feature", "geometry": {"type": "LineString", "coordinates": [[123.8462833, 10.2710769], [123.8460968, 10.2708631], [123.8459923, 10.2707468]]}, "properties": {"city": "cebu", "name": "Natalio Bacalso Avenue", "highway": "primary", "v_posted": 60, "posted_imputed": false, "v_safe": 50, "gap": 10, "R": 2.07, "exposure": 0.493, "vru_150m": 1, "sss": 18.7, "recommended": 50, "fatal_reduction_pct": 51.8, "why": "undivided arterial, side-impact intersections", "pop_density": 11861.1, "pop_density_peak": 13505.3, "v_design": 60, "design_gap": 10}}, {"type": "Feature", "geometry": {"type": "LineString", "coordinates": [[123.8460527, 10.2707069], [123.8461484, 10.2708157], [123.8463554, 10.2710454]]}, "properties": {"city": "cebu", "name": "Natalio Bacalso Avenue", "highway": "primary", "v_posted": 60, "posted_imputed": false, "v_safe": 50, "gap": 10, "R": 2.07, "exposure": 0.367, "vru_150m": 0, "sss": 17.1, "recommended": 50, "fatal_reduction_pct": 51.8, "why": "undivided arterial, side-impact intersections", "pop_density": 11861.1, "pop_density_peak": 13505.3, "v_design": 60, "design_gap": 10}}, {"type": "Feature", "geometry": {"type": "LineString", "coordinates": [[123.8459182, 10.2705599], [123.8459582, 10.2706016], [123.8459834, 10.270628]]}, "properties": {"city": "cebu", "name": "Natalio Bacalso Avenue", "highway": "primary", "v_posted": 60, "posted_imputed": false, "v_safe": 50, "gap": 10, "R": 2.07, "exposure": 0.316, "vru_150m": 0, "sss": 16.4, "recommended": 50, "fatal_reduction_pct": 51.8, "why": "undivided arterial, side-impact intersections", "pop_density": 10216.8, "pop_density_peak": 10216.8, "v_design": 60, "design_gap": 10}}, {"type": "Feature", "geometry": {"type": "LineString", "coordinates": [[123.8426324, 10.2669611], [123.8429314, 10.2672821]]}, "properties": {"city": "cebu", "name": "Natalio Bacalso Avenue", "highway": "primary", "v_posted": 60, "posted_imputed": false, "v_safe": 50, "gap": 10, "R": 2.07, "exposure": 0.715, "vru_150m": 0, "sss": 21.4, "recommended": 50, "fatal_reduction_pct": 51.8, "why": "undivided arterial, side-impact intersections", "pop_density": 23131.3, "pop_density_peak": 23333.5, "v_design": 60, "design_gap": 10}}, {"type": "Feature", "geometry": {"type": "LineString", "coordinates": [[123.8425842, 10.2670088], [123.8425446, 10.2669633]]}, "properties": {"city": "cebu", "name": "Natalio Bacalso Avenue", "highway": "primary", "v_posted": 60, "posted_imputed": false, "v_safe": 50, "gap": 10, "R": 2.07, "exposure": 0.721, "vru_150m": 0, "sss": 21.5, "recommended": 50, "fatal_reduction_pct": 51.8, "why": "undivided arterial, side-impact intersections", "pop_density": 23333.5, "pop_density_peak": 23333.5, "v_design": 60, "design_gap": 10}}, {"type": "Feature", "geometry": {"type": "LineString", "coordinates": [[123.8425446, 10.2669633], [123.8425189, 10.2669358]]}, "properties": {"city": "cebu", "name": "Natalio Bacalso Avenue", "highway": "primary", "v_posted": 60, "posted_imputed": false, "v_safe": 50, "gap": 10, "R": 2.07, "exposure": 0.721, "vru_150m": 0, "sss": 21.5, "recommended": 50, "fatal_reduction_pct": 51.8, "why": "undivided arterial, side-impact intersections", "pop_density": 23333.5, "pop_density_peak": 23333.5, "v_design": 60, "design_gap": 10}}, {"type": "Feature", "geometry": {"type": "LineString", "coordinates": [[123.8425777, 10.2669023], [123.842602, 10.2669284]]}, "properties": {"city": "cebu", "name": "Natalio Bacalso Avenue", "highway": "primary", "v_posted": 60, "posted_imputed": false, "v_safe": 50, "gap": 10, "R": 2.07, "exposure": 0.721, "vru_150m": 0, "sss": 21.5, "recommended": 50, "fatal_reduction_pct": 51.8, "why": "undivided arterial, side-impact intersections", "pop_density": 23333.5, "pop_density_peak": 23333.5, "v_design": 60, "design_gap": 10}}, {"type": "Feature", "geometry": {"type": "LineString", "coordinates": [[123.8429666, 10.2673195], [123.842996, 10.2673536]]}, "properties": {"city": "cebu", "name": "Natalio Bacalso Avenue", "highway": "primary", "v_posted": 60, "posted_imputed": false, "v_safe": 50, "gap": 10, "R": 2.07, "exposure": 0.709, "vru_150m": 0, "sss": 21.4, "recommended": 50, "fatal_reduction_pct": 51.8, "why": "undivided arterial, side-impact intersections", "pop_density": 22929.1, "pop_density_peak": 22929.1, "v_design": 60, "design_gap": 10}}, {"type": "Feature", "geometry": {"type": "LineString", "coordinates": [[123.842996, 10.2673536], [123.8433619, 10.2677779]]}, "properties": {"city": "cebu", "name": "Natalio Bacalso Avenue", "highway": "primary", "v_posted": 60, "posted_imputed": false, "v_safe": 50, "gap": 10, "R": 2.07, "exposure": 0.709, "vru_150m": 0, "sss": 21.4, "recommended": 50, "fatal_reduction_pct": 51.8, "why": "undivided arterial, side-impact intersections", "pop_density": 22929.1, "pop_density_peak": 22929.1, "v_design": 60, "design_gap": 10}}, {"type": "Feature", "geometry": {"type": "LineString", "coordinates": [[123.8429314, 10.2672821], [123.8429666, 10.2673195]]}, "properties": {"city": "cebu", "name": "Natalio Bacalso Avenue", "highway": "primary", "v_posted": 60, "posted_imputed": false, "v_safe": 50, "gap": 10, "R": 2.07, "exposure": 0.709, "vru_150m": 0, "sss": 21.4, "recommended": 50, "fatal_reduction_pct": 51.8, "why": "undivided arterial, side-impact intersections", "pop_density": 22929.1, "pop_density_peak": 22929.1, "v_design": 60, "design_gap": 10}}, {"type": "Feature", "geometry": {"type": "LineString", "coordinates": [[123.8434205, 10.2678499], [123.8439602, 10.2684472]]}, "properties": {"city": "cebu", "name": "Natalio Bacalso Avenue", "highway": "primary", "v_posted": 60, "posted_imputed": false, "v_safe": 50, "gap": 10, "R": 2.07, "exposure": 0.653, "vru_150m": 0, "sss": 20.7, "recommended": 50, "fatal_reduction_pct": 51.8, "why": "undivided arterial, side-impact intersections", "pop_density": 21116.1, "pop_density_peak": 22929.1, "v_design": 60, "design_gap": 10}}, {"type": "Feature", "geometry": {"type": "LineString", "coordinates": [[123.8433788, 10.2678869], [123.8433509, 10.267855]]}, "properties": {"city": "cebu", "name": "Natalio Bacalso Avenue", "highway": "primary", "v_posted": 60, "posted_imputed": false, "v_safe": 50, "gap": 10, "R": 2.07, "exposure": 0.709, "vru_150m": 0, "sss": 21.4, "recommended": 50, "fatal_reduction_pct": 51.8, "why": "undivided arterial, side-impact intersections", "pop_density": 22929.1, "pop_density_peak": 22929.1, "v_design": 60, "design_gap": 10}}, {"type": "Feature", "geometry": {"type": "LineString", "coordinates": [[123.8439484, 10.2685221], [123.843917, 10.2684877]]}, "properties": {"city": "cebu", "name": "Natalio Bacalso Avenue", "highway": "primary", "v_posted": 60, "posted_imputed": false, "v_safe": 50, "gap": 10, "R": 2.07, "exposure": 0.597, "vru_150m": 0, "sss": 20.0, "recommended": 50, "fatal_reduction_pct": 51.8, "why": "undivided arterial, side-impact intersections", "pop_density": 19303.2, "pop_density_peak": 19303.2, "v_design": 60, "design_gap": 10}}, {"type": "Feature", "geometry": {"type": "LineString", "coordinates": [[123.8439602, 10.2684472], [123.8439905, 10.2684808]]}, "properties": {"city": "cebu", "name": "Natalio Bacalso Avenue", "highway": "primary", "v_posted": 60, "posted_imputed": false, "v_safe": 50, "gap": 10, "R": 2.07, "exposure": 0.597, "vru_150m": 0, "sss": 20.0, "recommended": 50, "fatal_reduction_pct": 51.8, "why": "undivided arterial, side-impact intersections", "pop_density": 19303.2, "pop_density_peak": 19303.2, "v_design": 60, "design_gap": 10}}, {"type": "Feature", "geometry": {"type": "LineString", "coordinates": [[123.8439905, 10.2684808], [123.8440382, 10.2685325]]}, "properties": {"city": "cebu", "name": "Natalio Bacalso Avenue", "highway": "primary", "v_posted": 60, "posted_imputed": false, "v_safe": 50, "gap": 10, "R": 2.07, "exposure": 0.597, "vru_150m": 0, "sss": 20.0, "recommended": 50, "fatal_reduction_pct": 51.8, "why": "undivided arterial, side-impact intersections", "pop_density": 19303.2, "pop_density_peak": 19303.2, "v_design": 60, "design_gap": 10}}, {"type": "Feature", "geometry": {"type": "LineString", "coordinates": [[123.8439959, 10.2685741], [123.8439484, 10.2685221]]}, "properties": {"city": "cebu", "name": "Natalio Bacalso Avenue", "highway": "primary", "v_posted": 60, "posted_imputed": false, "v_safe": 50, "gap": 10, "R": 2.07, "exposure": 0.597, "vru_150m": 0, "sss": 20.0, "recommended": 50, "fatal_reduction_pct": 51.8, "why": "undivided arterial, side-impact intersections", "pop_density": 19303.2, "pop_density_peak": 19303.2, "v_design": 60, "design_gap": 10}}, {"type": "Feature", "geometry": {"type": "LineString", "coordinates": [[123.843392, 10.2678184], [123.8434205, 10.2678499]]}, "properties": {"city": "cebu", "name": "Natalio Bacalso Avenue", "highway": "primary", "v_posted": 60, "posted_imputed": false, "v_safe": 50, "gap": 10, "R": 2.07, "exposure": 0.709, "vru_150m": 0, "sss": 21.4, "recommended": 50, "fatal_reduction_pct": 51.8, "why": "undivided arterial, side-impact intersections", "pop_density": 22929.1, "pop_density_peak": 22929.1, "v_design": 60, "design_gap": 10}}, {"type": "Feature", "geometry": {"type": "LineString", "coordinates": [[123.844587, 10.269222], [123.8439959, 10.2685741]]}, "properties": {"city": "cebu", "name": "Natalio Bacalso Avenue", "highway": "primary", "v_posted": 60, "posted_imputed": false, "v_safe": 50, "gap": 10, "R": 2.07, "exposure": 0.509, "vru_150m": 0, "sss": 18.9, "recommended": 50, "fatal_reduction_pct": 51.8, "why": "undivided arterial, side-impact intersections", "pop_density": 16456.7, "pop_density_peak": 19303.2, "v_design": 60, "design_gap": 10}}, {"type": "Feature", "geometry": {"type": "LineString", "coordinates": [[123.8446911, 10.2692394], [123.8447231, 10.2692737]]}, "properties": {"city": "cebu", "name": "Natalio Bacalso Avenue", "highway": "primary", "v_posted": 60, "posted_imputed": false, "v_safe": 50, "gap": 10, "R": 2.07, "exposure": 0.421, "vru_150m": 0, "sss": 17.8, "recommended": 50, "fatal_reduction_pct": 51.8, "why": "undivided arterial, side-impact intersections", "pop_density": 13610.2, "pop_density_peak": 13610.2, "v_design": 60, "design_gap": 10}}, {"type": "Feature", "geometry": {"type": "LineString", "coordinates": [[123.8446805, 10.2693216], [123.8446347, 10.2692743]]}, "properties": {"city": "cebu", "name": "Natalio Bacalso Avenue", "highway": "primary", "v_posted": 60, "posted_imputed": false, "v_safe": 50, "gap": 10, "R": 2.07, "exposure": 0.421, "vru_150m": 0, "sss": 17.8, "recommended": 50, "fatal_reduction_pct": 51.8, "why": "undivided arterial, side-impact intersections", "pop_density": 13610.2, "pop_density_peak": 13610.2, "v_design": 60, "design_gap": 10}}, {"type": "Feature", "geometry": {"type": "LineString", "coordinates": [[123.8446712, 10.2692179], [123.8446911, 10.2692394]]}, "properties": {"city": "cebu", "name": "Natalio Bacalso Avenue", "highway": "primary", "v_posted": 60, "posted_imputed": false, "v_safe": 50, "gap": 10, "R": 2.07, "exposure": 0.421, "vru_150m": 0, "sss": 17.8, "recommended": 50, "fatal_reduction_pct": 51.8, "why": "undivided arterial, side-impact intersections", "pop_density": 13610.2, "pop_density_peak": 13610.2, "v_design": 60, "design_gap": 10}}, {"type": "Feature", "geometry": {"type": "LineString", "coordinates": [[123.8446347, 10.2692743], [123.844587, 10.269222]]}, "properties": {"city": "cebu", "name": "Natalio Bacalso Avenue", "highway": "primary", "v_posted": 60, "posted_imputed": false, "v_safe": 50, "gap": 10, "R": 2.07, "exposure": 0.421, "vru_150m": 0, "sss": 17.8, "recommended": 50, "fatal_reduction_pct": 51.8, "why": "undivided arterial, side-impact intersections", "pop_density": 13610.2, "pop_density_peak": 13610.2, "v_design": 60, "design_gap": 10}}, {"type": "Feature", "geometry": {"type": "LineString", "coordinates": [[123.843917, 10.2684877], [123.8436453, 10.2681908], [123.8433788, 10.2678869]]}, "properties": {"city": "cebu", "name": "Natalio Bacalso Avenue", "highway": "primary", "v_posted": 60, "posted_imputed": false, "v_safe": 50, "gap": 10, "R": 2.07, "exposure": 0.653, "vru_150m": 0, "sss": 20.7, "recommended": 50, "fatal_reduction_pct": 51.8, "why": "undivided arterial, side-impact intersections", "pop_density": 21116.1, "pop_density_peak": 22929.1, "v_design": 60, "design_gap": 10}}, {"type": "Feature", "geometry": {"type": "LineString", "coordinates": [[123.8446509, 10.2691959], [123.8446712, 10.2692179]]}, "properties": {"city": "cebu", "name": "Natalio Bacalso Avenue", "highway": "primary", "v_posted": 60, "posted_imputed": false, "v_safe": 50, "gap": 10, "R": 2.07, "exposure": 0.421, "vru_150m": 0, "sss": 17.8, "recommended": 50, "fatal_reduction_pct": 51.8, "why": "undivided arterial, side-impact intersections", "pop_density": 13610.2, "pop_density_peak": 13610.2, "v_design": 60, "design_gap": 10}}, {"type": "Feature", "geometry": {"type": "LineString", "coordinates": [[123.8440382, 10.2685325], [123.844189, 10.2686958], [123.8443587, 10.2688796], [123.844462, 10.2689914], [123.8446509, 10.2691959]]}, "properties": {"city": "cebu", "name": "Natalio Bacalso Avenue", "highway": "primary", "v_posted": 60, "posted_imputed": false, "v_safe": 50, "gap": 10, "R": 2.07, "exposure": 0.509, "vru_150m": 0, "sss": 18.9, "recommended": 50, "fatal_reduction_pct": 51.8, "why": "undivided arterial, side-impact intersections", "pop_density": 16456.7, "pop_density_peak": 19303.2, "v_design": 60, "design_gap": 10}}, {"type": "Feature", "geometry": {"type": "LineString", "coordinates": [[123.8416557, 10.2658997], [123.8419073, 10.2661704]]}, "properties": {"city": "cebu", "name": "Natalio Bacalso Avenue", "highway": "primary", "v_posted": 60, "posted_imputed": false, "v_safe": 50, "gap": 10, "R": 2.07, "exposure": 0.765, "vru_150m": 0, "sss": 22.1, "recommended": 50, "fatal_reduction_pct": 51.8, "why": "undivided arterial, side-impact intersections", "pop_density": 24745.6, "pop_density_peak": 24745.6, "v_design": 60, "design_gap": 10}}, {"type": "Feature", "geometry": {"type": "LineString", "coordinates": [[123.8417017, 10.2660561], [123.8415508, 10.2658924]]}, "properties": {"city": "cebu", "name": "Natalio Bacalso Avenue", "highway": "primary", "v_posted": 60, "posted_imputed": false, "v_safe": 50, "gap": 10, "R": 2.07, "exposure": 0.765, "vru_150m": 0, "sss": 22.1, "recommended": 50, "fatal_reduction_pct": 51.8, "why": "undivided arterial, side-impact intersections", "pop_density": 24745.6, "pop_density_peak": 24745.6, "v_design": 60, "design_gap": 10}}, {"type": "Feature", "geometry": {"type": "LineString", "coordinates": [[123.8423382, 10.266646], [123.8425777, 10.2669023]]}, "properties": {"city": "cebu", "name": "Natalio Bacalso Avenue", "highway": "primary", "v_posted": 60, "posted_imputed": false, "v_safe": 50, "gap": 10, "R": 2.07, "exposure": 0.721, "vru_150m": 0, "sss": 21.5, "recommended": 50, "fatal_reduction_pct": 51.8, "why": "undivided arterial, side-impact intersections", "pop_density": 23333.5, "pop_density_peak": 23333.5, "v_design": 60, "design_gap": 10}}, {"type": "Feature", "geometry": {"type": "LineString", "coordinates": [[123.8422853, 10.2666852], [123.8422475, 10.2666429]]}, "properties": {"city": "cebu", "name": "Natalio Bacalso Avenue", "highway": "primary", "v_posted": 60, "posted_imputed": false, "v_safe": 50, "gap": 10, "R": 2.07, "exposure": 0.721, "vru_150m": 0, "sss": 21.5, "recommended": 50, "fatal_reduction_pct": 51.8, "why": "undivided arterial, side-impact intersections", "pop_density": 23333.4, "pop_density_peak": 23333.4, "v_design": 60, "design_gap": 10}}, {"type": "Feature", "geometry": {"type": "LineString", "coordinates": [[123.8422475, 10.2666429], [123.8421982, 10.2665901]]}, "properties": {"city": "cebu", "name": "Natalio Bacalso Avenue", "highway": "primary", "v_posted": 60, "posted_imputed": false, "v_safe": 50, "gap": 10, "R": 2.07, "exposure": 0.721, "vru_150m": 0, "sss": 21.5, "recommended": 50, "fatal_reduction_pct": 51.8, "why": "undivided arterial, side-impact intersections", "pop_density": 23333.4, "pop_density_peak": 23333.4, "v_design": 60, "design_gap": 10}}, {"type": "Feature", "geometry": {"type": "LineString", "coordinates": [[123.8422519, 10.2665505], [123.8422884, 10.2665908]]}, "properties": {"city": "cebu", "name": "Natalio Bacalso Avenue", "highway": "primary", "v_posted": 60, "posted_imputed": false, "v_safe": 50, "gap": 10, "R": 2.07, "exposure": 0.721, "vru_150m": 0, "sss": 21.5, "recommended": 50, "fatal_reduction_pct": 51.8, "why": "undivided arterial, side-impact intersections", "pop_density": 23333.4, "pop_density_peak": 23333.4, "v_design": 60, "design_gap": 10}}, {"type": "Feature", "geometry": {"type": "LineString", "coordinates": [[123.8430919, 10.2675777], [123.8428846, 10.2673542]]}, "properties": {"city": "cebu", "name": "Natalio Bacalso Avenue", "highway": "primary", "v_posted": 60, "posted_imputed": false, "v_safe": 50, "gap": 10, "R": 2.07, "exposure": 0.709, "vru_150m": 0, "sss": 21.4, "recommended": 50, "fatal_reduction_pct": 51.8, "why": "undivided arterial, side-impact intersections", "pop_density": 22929.1, "pop_density_peak": 22929.1, "v_design": 60, "design_gap": 10}}, {"type": "Feature", "geometry": {"type": "LineString", "coordinates": [[123.8433132, 10.2678163], [123.8430919, 10.2675777]]}, "properties": {"city": "cebu", "name": "Natalio Bacalso Avenue", "highway": "primary", "v_posted": 60, "posted_imputed": false, "v_safe": 50, "gap": 10, "R": 2.07, "exposure": 0.709, "vru_150m": 0, "sss": 21.4, "recommended": 50, "fatal_reduction_pct": 51.8, "why": "undivided arterial, side-impact intersections", "pop_density": 22929.1, "pop_density_peak": 22929.1, "v_design": 60, "design_gap": 10}}, {"type": "Feature", "geometry": {"type": "LineString", "coordinates": [[123.8556503, 10.2798435], [123.8554004, 10.2795918], [123.8553895, 10.2795809], [123.8553479, 10.2795386], [123.8552096, 10.2793983], [123.8551698, 10.279358]]}, "properties": {"city": "cebu", "name": "Natalio Bacalso Avenue", "highway": "primary", "v_posted": 60, "posted_imputed": false, "v_safe": 30, "gap": 30, "R": 16.0, "exposure": 1.0, "vru_150m": 7, "sss": 75.0, "recommended": 30, "fatal_reduction_pct": 93.8, "why": "pedestrian activity (3 VRU site<=50m)", "pop_density": 23822.6, "pop_density_peak": 24601.7, "v_design": 60, "design_gap": 30}}, {"type": "Feature", "geometry": {"type": "LineString", "coordinates": [[123.854745, 10.2789382], [123.8547331, 10.2789256]]}, "properties": {"city": "cebu", "name": "Natalio Bacalso Avenue", "highway": "primary", "v_posted": 60, "posted_imputed": false, "v_safe": 30, "gap": 30, "R": 16.0, "exposure": 1.0, "vru_150m": 8, "sss": 75.0, "recommended": 30, "fatal_reduction_pct": 93.8, "why": "pedestrian activity (2 VRU site<=50m)", "pop_density": 24601.7, "pop_density_peak": 24601.7, "v_design": 60, "design_gap": 30}}, {"type": "Feature", "geometry": {"type": "LineString", "coordinates": [[123.8497123, 10.2739593], [123.8495732, 10.2738212]]}, "properties": {"city": "cebu", "name": "Natalio Bacalso Avenue", "highway": "primary", "v_posted": 60, "posted_imputed": false, "v_safe": 50, "gap": 10, "R": 2.07, "exposure": 0.377, "vru_150m": 0, "sss": 17.2, "recommended": 50, "fatal_reduction_pct": 51.8, "why": "undivided arterial, side-impact intersections", "pop_density": 12203.4, "pop_density_peak": 12939.8, "v_design": 60, "design_gap": 10}}, {"type": "Feature", "geometry": {"type": "LineString", "coordinates": [[123.8478962, 10.2721925], [123.8480034, 10.2723306]]}, "properties": {"city": "cebu", "name": "Natalio Bacalso Avenue", "highway": "primary", "v_posted": 60, "posted_imputed": false, "v_safe": 30, "gap": 30, "R": 16.0, "exposure": 0.647, "vru_150m": 2, "sss": 61.7, "recommended": 30, "fatal_reduction_pct": 93.8, "why": "pedestrian activity (2 VRU site<=50m)", "pop_density": 13292.0, "pop_density_peak": 13292.0, "v_design": 60, "design_gap": 30}}, {"type": "Feature", "geometry": {"type": "LineString", "coordinates": [[123.8472838, 10.271785], [123.8478159, 10.2721233]]}, "properties": {"city": "cebu", "name": "Natalio Bacalso Avenue", "highway": "primary", "v_posted": 60, "posted_imputed": false, "v_safe": 50, "gap": 10, "R": 2.07, "exposure": 0.647, "vru_150m": 2, "sss": 20.6, "recommended": 50, "fatal_reduction_pct": 51.8, "why": "undivided arterial, side-impact intersections", "pop_density": 13308.0, "pop_density_peak": 13308.0, "v_design": 60, "design_gap": 10}}, {"type": "Feature", "geometry": {"type": "LineString", "coordinates": [[123.8477588, 10.2722002], [123.8476405, 10.2721312], [123.8472355, 10.2718582]]}, "properties": {"city": "cebu", "name": "Natalio Bacalso Avenue", "highway": "primary", "v_posted": 60, "posted_imputed": false, "v_safe": 50, "gap": 10, "R": 2.07, "exposure": 0.646, "vru_150m": 2, "sss": 20.6, "recommended": 50, "fatal_reduction_pct": 51.8, "why": "undivided arterial, side-impact intersections", "pop_density": 13267.7, "pop_density_peak": 13308.0, "v_design": 60, "design_gap": 10}}, {"type": "Feature", "geometry": {"type": "LineString", "coordinates": [[123.861522, 10.2864468], [123.8616991, 10.2866199]]}, "properties": {"city": "cebu", "name": "Natalio Bacalso Avenue", "highway": "primary", "v_posted": 60, "posted_imputed": false, "v_safe": 50, "gap": 10, "R": 2.07, "exposure": 0.676, "vru_150m": 2, "sss": 20.9, "recommended": 50, "fatal_reduction_pct": 51.8, "why": "undivided arterial, side-impact intersections", "pop_density": 14877.0, "pop_density_peak": 14877.0, "v_design": 60, "design_gap": 10}}, {"type": "Feature", "geometry": {"type": "LineString", "coordinates": [[123.8616991, 10.2866199], [123.8619058, 10.2867841], [123.8621954, 10.2869978], [123.862408, 10.2871338], [123.862536, 10.2872008], [123.8627186, 10.287297]]}, "properties": {"city": "cebu", "name": "Natalio Bacalso Avenue", "highway": "primary", "v_posted": 60, "posted_imputed": false, "v_safe": 30, "gap": 30, "R": 16.0, "exposure": 0.824, "vru_150m": 3, "sss": 68.4, "recommended": 30, "fatal_reduction_pct": 93.8, "why": "pedestrian activity (2 VRU site<=50m)", "pop_density": 18113.4, "pop_density_peak": 21349.9, "v_design": 60, "design_gap": 30}}, {"type": "Feature", "geometry": {"type": "LineString", "coordinates": [[123.8616407, 10.2866923], [123.8614592, 10.2865166]]}, "properties": {"city": "cebu", "name": "Natalio Bacalso Avenue", "highway": "primary", "v_posted": 60, "posted_imputed": false, "v_safe": 50, "gap": 10, "R": 2.07, "exposure": 0.676, "vru_150m": 2, "sss": 20.9, "recommended": 50, "fatal_reduction_pct": 51.8, "why": "undivided arterial, side-impact intersections", "pop_density": 14877.0, "pop_density_peak": 14877.0, "v_design": 60, "design_gap": 10}}, {"type": "Feature", "geometry": {"type": "LineString", "coordinates": [[123.8627186, 10.287297], [123.862827, 10.2873495]]}, "properties": {"city": "cebu", "name": "Natalio Bacalso Avenue", "highway": "primary", "v_posted": 60, "posted_imputed": false, "v_safe": 30, "gap": 30, "R": 16.0, "exposure": 0.864, "vru_150m": 3, "sss": 69.9, "recommended": 30, "fatal_reduction_pct": 93.8, "why": "pedestrian activity (1 VRU site<=50m)", "pop_density": 21349.9, "pop_density_peak": 21349.9, "v_design": 60, "design_gap": 30}}, {"type": "Feature", "geometry": {"type": "LineString", "coordinates": [[123.862827, 10.2873495], [123.8629307, 10.2873999], [123.8629823, 10.287425], [123.8630441, 10.2874498], [123.8631555, 10.2874964], [123.8632802, 10.287552], [123.8639032, 10.2878101], [123.8646348, 10.2881253], [123.8647498, 10.2881717], [123.8648308, 10.288206], [123.865115, 10.2883334], [123.8652406, 10.2883885], [123.8653765, 10.2884387], [123.8658037, 10.2885912], [123.8661538, 10.2887028], [123.8662436, 10.2887315], [123.8663916, 10.28877], [123.8666822, 10.2888429]]}, "properties": {"city": "cebu", "name": "Natalio Bacalso Avenue", "highway": "primary", "v_posted": 60, "posted_imputed": false, "v_safe": 50, "gap": 10, "R": 2.07, "exposure": 1.0, "vru_150m": 1, "sss": 25.0, "recommended": 50, "fatal_reduction_pct": 51.8, "why": "undivided arterial, side-impact intersections", "pop_density": 35739.6, "pop_density_peak": 44241.8, "v_design": 60, "design_gap": 10}}, {"type": "Feature", "geometry": {"type": "LineString", "coordinates": [[123.8628116, 10.2874425], [123.8626799, 10.2873775]]}, "properties": {"city": "cebu", "name": "Natalio Bacalso Avenue", "highway": "primary", "v_posted": 60, "posted_imputed": false, "v_safe": 50, "gap": 10, "R": 2.07, "exposure": 0.864, "vru_150m": 3, "sss": 23.3, "recommended": 50, "fatal_reduction_pct": 51.8, "why": "undivided arterial, side-impact intersections", "pop_density": 21349.9, "pop_density_peak": 21349.9, "v_design": 60, "design_gap": 10}}, {"type": "Feature", "geometry": {"type": "LineString", "coordinates": [[123.8626799, 10.2873775], [123.8623843, 10.2872313], [123.8621593, 10.28709], [123.8618259, 10.2868542], [123.8616407, 10.2866923]]}, "properties": {"city": "cebu", "name": "Natalio Bacalso Avenue", "highway": "primary", "v_posted": 60, "posted_imputed": false, "v_safe": 30, "gap": 30, "R": 16.0, "exposure": 0.824, "vru_150m": 3, "sss": 68.4, "recommended": 30, "fatal_reduction_pct": 93.8, "why": "pedestrian activity (2 VRU site<=50m)", "pop_density": 18113.4, "pop_density_peak": 21349.9, "v_design": 60, "design_gap": 30}}, {"type": "Feature", "geometry": {"type": "LineString", "coordinates": [[123.8712876, 10.2698777], [123.8706565, 10.2704276], [123.8702537, 10.2708005]]}, "properties": {"city": "cebu", "name": "Perico Road", "highway": "service", "v_posted": 40, "posted_imputed": false, "v_safe": 30, "gap": 10, "R": 3.16, "exposure": 0.867, "vru_150m": 0, "sss": 23.3, "recommended": 30, "fatal_reduction_pct": 68.4, "why": "local road, frontage/pedestrian mixing", "pop_density": 28053.4, "pop_density_peak": 30645.7, "v_design": 25, "design_gap": -5}}, {"type": "Feature", "geometry": {"type": "LineString", "coordinates": [[123.901723, 10.2992091], [123.9015996, 10.2992025], [123.9014329, 10.2991903], [123.9011157, 10.2991739], [123.9008645, 10.2991319], [123.9003506, 10.2989887], [123.9000074, 10.2988958], [123.8999491, 10.29888]]}, "properties": {"city": "cebu", "name": "Sanciangko Street", "highway": "tertiary", "v_posted": 40, "posted_imputed": false, "v_safe": 30, "gap": 10, "R": 3.16, "exposure": 0.526, "vru_150m": 1, "sss": 19.1, "recommended": 30, "fatal_reduction_pct": 68.4, "why": "pedestrian activity (1 VRU site<=50m)", "pop_density": 13194.8, "pop_density_peak": 14339.0, "v_design": 45, "design_gap": 15}}, {"type": "Feature", "geometry": {"type": "LineString", "coordinates": [[123.9020583, 10.2977935], [123.9020049, 10.297918], [123.901784, 10.2989733]]}, "properties": {"city": "cebu", "name": "Dionisio Jakosalem Street", "highway": "tertiary", "v_posted": 40, "posted_imputed": false, "v_safe": 30, "gap": 10, "R": 3.16, "exposure": 0.877, "vru_150m": 4, "sss": 23.5, "recommended": 30, "fatal_reduction_pct": 68.4, "why": "pedestrian activity (1 VRU site<=50m)", "pop_density": 12451.1, "pop_density_peak": 14339.0, "v_design": 45, "design_gap": 15}}, {"type": "Feature", "geometry": {"type": "LineString", "coordinates": [[123.9032456, 10.2979101], [123.9030973, 10.2978955], [123.9028168, 10.297868], [123.9021726, 10.2978009]]}, "properties": {"city": "cebu", "name": "Colon Street", "highway": "secondary", "v_posted": 40, "posted_imputed": false, "v_safe": 30, "gap": 10, "R": 3.16, "exposure": 0.891, "vru_150m": 4, "sss": 23.6, "recommended": 30, "fatal_reduction_pct": 68.4, "why": "pedestrian activity (1 VRU site<=50m)", "pop_density": 14677.9, "pop_density_peak": 18792.6, "v_design": 50, "design_gap": 20}}, {"type": "Feature", "geometry": {"type": "LineString", "coordinates": [[123.8772368, 10.2910234], [123.8774674, 10.2907406]]}, "properties": {"city": "cebu", "name": "F. Vestil Street", "highway": "secondary", "v_posted": 40, "posted_imputed": false, "v_safe": 30, "gap": 10, "R": 3.16, "exposure": 1.0, "vru_150m": 6, "sss": 25.0, "recommended": 30, "fatal_reduction_pct": 68.4, "why": "pedestrian activity (2 VRU site<=50m)", "pop_density": 20911.5, "pop_density_peak": 20911.5, "v_design": 50, "design_gap": 20}}, {"type": "Feature", "geometry": {"type": "LineString", "coordinates": [[123.9038905, 10.2920022], [123.9038304, 10.2920253], [123.9037657, 10.2920562], [123.9031122, 10.2923193], [123.9030443, 10.2923533]]}, "properties": {"city": "cebu", "name": "M.C. Briones Street", "highway": "tertiary", "v_posted": 40, "posted_imputed": false, "v_safe": 30, "gap": 10, "R": 3.16, "exposure": 0.896, "vru_150m": 3, "sss": 23.7, "recommended": 30, "fatal_reduction_pct": 68.4, "why": "pedestrian activity (1 VRU site<=50m)", "pop_density": 23900.0, "pop_density_peak": 27967.9, "v_design": 45, "design_gap": 15}}, {"type": "Feature", "geometry": {"type": "LineString", "coordinates": [[123.8978186, 10.2936565], [123.897842, 10.2935596], [123.8979194, 10.2932346]]}, "properties": {"city": "cebu", "name": "F. Calderon Street", "highway": "tertiary", "v_posted": 40, "posted_imputed": false, "v_safe": 30, "gap": 10, "R": 3.16, "exposure": 1.0, "vru_150m": 5, "sss": 25.0, "recommended": 30, "fatal_reduction_pct": 68.4, "why": "pedestrian activity (2 VRU site<=50m)", "pop_density": 36270.2, "pop_density_peak": 38816.0, "v_design": 45, "design_gap": 15}}, {"type": "Feature", "geometry": {"type": "LineString", "coordinates": [[123.8984404, 10.2962213], [123.8985237, 10.2961868]]}, "properties": {"city": "cebu", "name": "Osme\u00f1a Boulevard", "highway": "secondary", "v_posted": 40, "posted_imputed": false, "v_safe": 30, "gap": 10, "R": 3.16, "exposure": 1.0, "vru_150m": 7, "sss": 25.0, "recommended": 30, "fatal_reduction_pct": 68.4, "why": "pedestrian activity (1 VRU site<=50m)", "pop_density": 26071.1, "pop_density_peak": 26071.1, "v_design": 50, "design_gap": 20}}, {"type": "Feature", "geometry": {"type": "LineString", "coordinates": [[123.9020798, 10.2976593], [123.9021119, 10.2973262], [123.9021253, 10.2971855]]}, "properties": {"city": "cebu", "name": "Dionisio Jakosalem Street", "highway": "tertiary", "v_posted": 40, "posted_imputed": false, "v_safe": 30, "gap": 10, "R": 3.16, "exposure": 1.0, "vru_150m": 5, "sss": 25.0, "recommended": 30, "fatal_reduction_pct": 68.4, "why": "pedestrian activity (1 VRU site<=50m)", "pop_density": 10563.1, "pop_density_peak": 10563.1, "v_design": 45, "design_gap": 15}}, {"type": "Feature", "geometry": {"type": "LineString", "coordinates": [[123.9049964, 10.2945264], [123.9049315, 10.2943803]]}, "properties": {"city": "cebu", "name": "M.J. Cuenco Avenue", "highway": "secondary", "v_posted": 40, "posted_imputed": false, "v_safe": 30, "gap": 10, "R": 3.16, "exposure": 0.584, "vru_150m": 1, "sss": 19.8, "recommended": 30, "fatal_reduction_pct": 68.4, "why": "pedestrian activity (1 VRU site<=50m)", "pop_density": 15509.3, "pop_density_peak": 15509.3, "v_design": 50, "design_gap": 20}}, {"type": "Feature", "geometry": {"type": "LineString", "coordinates": [[123.9013267, 10.3017217], [123.9015173, 10.3017729], [123.9017569, 10.3018389], [123.9017734, 10.3018441]]}, "properties": {"city": "cebu", "name": "P. del Rosario Street", "highway": "primary", "v_posted": 40, "posted_imputed": false, "v_safe": 30, "gap": 10, "R": 3.16, "exposure": 0.764, "vru_150m": 2, "sss": 22.0, "recommended": 30, "fatal_reduction_pct": 68.4, "why": "pedestrian activity (1 VRU site<=50m)", "pop_density": 19605.9, "pop_density_peak": 19605.9, "v_design": 60, "design_gap": 30}}, {"type": "Feature", "geometry": {"type": "LineString", "coordinates": [[123.8946932, 10.3052939], [123.8947983, 10.3049972], [123.8949009, 10.3047084], [123.8949448, 10.3045905], [123.8950767, 10.3042023]]}, "properties": {"city": "cebu", "name": "Osme\u00f1a Boulevard", "highway": "secondary", "v_posted": 50, "posted_imputed": false, "v_safe": 30, "gap": 20, "R": 7.72, "exposure": 1.0, "vru_150m": 4, "sss": 50.0, "recommended": 30, "fatal_reduction_pct": 87.0, "why": "pedestrian activity (2 VRU site<=50m)", "pop_density": 38583.3, "pop_density_peak": 43046.1, "v_design": 50, "design_gap": 20}}, {"type": "Feature", "geometry": {"type": "LineString", "coordinates": [[123.9010204, 10.3017405], [123.9009048, 10.3017071], [123.9008122, 10.3016804]]}, "properties": {"city": "cebu", "name": "P. del Rosario Street", "highway": "primary", "v_posted": 40, "posted_imputed": false, "v_safe": 30, "gap": 10, "R": 3.16, "exposure": 0.611, "vru_150m": 2, "sss": 20.1, "recommended": 30, "fatal_reduction_pct": 68.4, "why": "pedestrian activity (1 VRU site<=50m)", "pop_density": 11370.3, "pop_density_peak": 11370.3, "v_design": 60, "design_gap": 30}}, {"type": "Feature", "geometry": {"type": "LineString", "coordinates": [[123.8977857, 10.3027852], [123.8978263, 10.3027991], [123.8981401, 10.3029066], [123.8982363, 10.302936], [123.898282, 10.3029553], [123.8986039, 10.3030656], [123.8990642, 10.3032389], [123.8994159, 10.3033019], [123.8998402, 10.3033399], [123.9000719, 10.3033637], [123.900134, 10.3033701]]}, "properties": {"city": "cebu", "name": "R.R. Landon Street", "highway": "tertiary", "v_posted": 40, "posted_imputed": false, "v_safe": 30, "gap": 10, "R": 3.16, "exposure": 0.672, "vru_150m": 2, "sss": 20.9, "recommended": 30, "fatal_reduction_pct": 68.4, "why": "pedestrian activity (1 VRU site<=50m)", "pop_density": 14659.1, "pop_density_peak": 22251.2, "v_design": 45, "design_gap": 15}}, {"type": "Feature", "geometry": {"type": "LineString", "coordinates": [[123.8921841, 10.2983501], [123.8921198, 10.2983249], [123.892059, 10.2983022], [123.8919918, 10.2982746]]}, "properties": {"city": "cebu", "name": "Natalio Bacalso Avenue", "highway": "primary", "v_posted": 60, "posted_imputed": false, "v_safe": 50, "gap": 10, "R": 2.07, "exposure": 1.0, "vru_150m": 6, "sss": 25.0, "recommended": 50, "fatal_reduction_pct": 51.8, "why": "undivided arterial, side-impact intersections", "pop_density": 37764.3, "pop_density_peak": 40215.2, "v_design": 60, "design_gap": 10}}, {"type": "Feature", "geometry": {"type": "LineString", "coordinates": [[123.9006264, 10.2940254], [123.9005507, 10.2940465], [123.9000895, 10.294175], [123.8999676, 10.294209], [123.8998618, 10.2942385], [123.8997097, 10.2942808]]}, "properties": {"city": "cebu", "name": "Magallanes Street", "highway": "tertiary", "v_posted": 40, "posted_imputed": false, "v_safe": 30, "gap": 10, "R": 3.16, "exposure": 0.748, "vru_150m": 2, "sss": 21.8, "recommended": 30, "fatal_reduction_pct": 68.4, "why": "pedestrian activity (1 VRU site<=50m)", "pop_density": 18750.6, "pop_density_peak": 22571.2, "v_design": 45, "design_gap": 15}}, {"type": "Feature", "geometry": {"type": "LineString", "coordinates": [[123.9030443, 10.2923533], [123.902966, 10.2923832], [123.9023321, 10.2926412], [123.9022491, 10.2926486]]}, "properties": {"city": "cebu", "name": "M.C. Briones Street", "highway": "tertiary", "v_posted": 40, "posted_imputed": false, "v_safe": 30, "gap": 10, "R": 3.16, "exposure": 1.0, "vru_150m": 7, "sss": 25.0, "recommended": 30, "fatal_reduction_pct": 68.4, "why": "pedestrian activity (2 VRU site<=50m)", "pop_density": 19032.0, "pop_density_peak": 19832.1, "v_design": 45, "design_gap": 15}}, {"type": "Feature", "geometry": {"type": "LineString", "coordinates": [[123.8896608, 10.2973229], [123.8900786, 10.2973942]]}, "properties": {"city": "cebu", "name": "Natalio Bacalso Avenue", "highway": "primary", "v_posted": 60, "posted_imputed": false, "v_safe": 50, "gap": 10, "R": 2.07, "exposure": 1.0, "vru_150m": 3, "sss": 25.0, "recommended": 50, "fatal_reduction_pct": 51.8, "why": "undivided arterial, side-impact intersections", "pop_density": 36106.3, "pop_density_peak": 36106.3, "v_design": 60, "design_gap": 10}}, {"type": "Feature", "geometry": {"type": "LineString", "coordinates": [[123.8895861, 10.2974383], [123.8894532, 10.297424]]}, "properties": {"city": "cebu", "name": "Natalio Bacalso Avenue", "highway": "primary", "v_posted": 60, "posted_imputed": false, "v_safe": 50, "gap": 10, "R": 2.07, "exposure": 1.0, "vru_150m": 3, "sss": 25.0, "recommended": 50, "fatal_reduction_pct": 51.8, "why": "undivided arterial, side-impact intersections", "pop_density": 35701.6, "pop_density_peak": 36106.3, "v_design": 60, "design_gap": 10}}, {"type": "Feature", "geometry": {"type": "LineString", "coordinates": [[123.8889612, 10.2973746], [123.8883892, 10.2973191], [123.8882581, 10.2973022]]}, "properties": {"city": "cebu", "name": "Natalio Bacalso Avenue", "highway": "primary", "v_posted": 60, "posted_imputed": false, "v_safe": 50, "gap": 10, "R": 2.07, "exposure": 1.0, "vru_150m": 5, "sss": 25.0, "recommended": 50, "fatal_reduction_pct": 51.8, "why": "undivided arterial, side-impact intersections", "pop_density": 33754.0, "pop_density_peak": 35296.8, "v_design": 60, "design_gap": 10}}, {"type": "Feature", "geometry": {"type": "LineString", "coordinates": [[123.8895265, 10.297309], [123.8896608, 10.2973229]]}, "properties": {"city": "cebu", "name": "Natalio Bacalso Avenue", "highway": "primary", "v_posted": 60, "posted_imputed": false, "v_safe": 50, "gap": 10, "R": 2.07, "exposure": 1.0, "vru_150m": 3, "sss": 25.0, "recommended": 50, "fatal_reduction_pct": 51.8, "why": "undivided arterial, side-impact intersections", "pop_density": 36106.3, "pop_density_peak": 36106.3, "v_design": 60, "design_gap": 10}}, {"type": "Feature", "geometry": {"type": "LineString", "coordinates": [[123.8940162, 10.2944814], [123.8937729, 10.2943925]]}, "properties": {"city": "cebu", "name": "Colon Street", "highway": "secondary", "v_posted": 40, "posted_imputed": false, "v_safe": 30, "gap": 10, "R": 3.16, "exposure": 1.0, "vru_150m": 1, "sss": 25.0, "recommended": 30, "fatal_reduction_pct": 68.4, "why": "pedestrian activity (1 VRU site<=50m)", "pop_density": 33252.0, "pop_density_peak": 33252.0, "v_design": 50, "design_gap": 20}}, {"type": "Feature", "geometry": {"type": "LineString", "coordinates": [[123.8975122, 10.2976786], [123.8975346, 10.2976321], [123.8977279, 10.2972529], [123.8977838, 10.2971405], [123.898173, 10.2964138]]}, "properties": {"city": "cebu", "name": "Osme\u00f1a Boulevard", "highway": "secondary", "v_posted": 40, "posted_imputed": false, "v_safe": 30, "gap": 10, "R": 3.16, "exposure": 0.925, "vru_150m": 3, "sss": 24.1, "recommended": 30, "fatal_reduction_pct": 68.4, "why": "pedestrian activity (1 VRU site<=50m)", "pop_density": 26285.4, "pop_density_peak": 31393.0, "v_design": 50, "design_gap": 20}}, {"type": "Feature", "geometry": {"type": "LineString", "coordinates": [[123.8846329, 10.2963559], [123.8842433, 10.2961506], [123.8840409, 10.2960326]]}, "properties": {"city": "cebu", "name": "Natalio Bacalso Avenue", "highway": "primary", "v_posted": 60, "posted_imputed": false, "v_safe": 50, "gap": 10, "R": 2.07, "exposure": 1.0, "vru_150m": 0, "sss": 25.0, "recommended": 50, "fatal_reduction_pct": 51.8, "why": "undivided arterial, side-impact intersections", "pop_density": 63061.1, "pop_density_peak": 63116.2, "v_design": 60, "design_gap": 10}}, {"type": "Feature", "geometry": {"type": "LineString", "coordinates": [[123.8826212, 10.2950433], [123.8825731, 10.2950098], [123.8824521, 10.2949248], [123.8822099, 10.2947566], [123.8819282, 10.294553], [123.8815885, 10.2943096], [123.8814592, 10.2942168]]}, "properties": {"city": "cebu", "name": "Natalio Bacalso Avenue", "highway": "primary", "v_posted": 60, "posted_imputed": false, "v_safe": 50, "gap": 10, "R": 2.07, "exposure": 0.909, "vru_150m": 3, "sss": 23.9, "recommended": 50, "fatal_reduction_pct": 51.8, "why": "undivided arterial, side-impact intersections", "pop_density": 24979.2, "pop_density_peak": 34846.3, "v_design": 60, "design_gap": 10}}, {"type": "Feature", "geometry": {"type": "LineString", "coordinates": [[123.8800861, 10.2931602], [123.8797263, 10.2929003], [123.8796332, 10.2928384]]}, "properties": {"city": "cebu", "name": "Natalio Bacalso Avenue", "highway": "primary", "v_posted": 60, "posted_imputed": false, "v_safe": 50, "gap": 10, "R": 2.07, "exposure": 0.679, "vru_150m": 0, "sss": 21.0, "recommended": 50, "fatal_reduction_pct": 51.8, "why": "undivided arterial, side-impact intersections", "pop_density": 21948.7, "pop_density_peak": 27738.1, "v_design": 60, "design_gap": 10}}, {"type": "Feature", "geometry": {"type": "LineString", "coordinates": [[123.8802398, 10.2932676], [123.8800861, 10.2931602]]}, "properties": {"city": "cebu", "name": "Natalio Bacalso Avenue", "highway": "primary", "v_posted": 60, "posted_imputed": false, "v_safe": 50, "gap": 10, "R": 2.07, "exposure": 0.6, "vru_150m": 1, "sss": 20.0, "recommended": 50, "fatal_reduction_pct": 51.8, "why": "undivided arterial, side-impact intersections", "pop_density": 16159.2, "pop_density_peak": 16159.2, "v_design": 60, "design_gap": 10}}, {"type": "Feature", "geometry": {"type": "LineString", "coordinates": [[123.8805287, 10.293444], [123.8806169, 10.2934712], [123.8806413, 10.2934868], [123.8809635, 10.2937068], [123.8810321, 10.2937544], [123.8812834, 10.2939285], [123.881442, 10.2940462], [123.8815322, 10.2941123]]}, "properties": {"city": "cebu", "name": "Natalio Bacalso Avenue", "highway": "primary", "v_posted": 60, "posted_imputed": false, "v_safe": 30, "gap": 30, "R": 16.0, "exposure": 0.851, "vru_150m": 2, "sss": 69.4, "recommended": 30, "fatal_reduction_pct": 93.8, "why": "pedestrian activity (1 VRU site<=50m)", "pop_density": 24327.5, "pop_density_peak": 33542.9, "v_design": 60, "design_gap": 30}}, {"type": "Feature", "geometry": {"type": "LineString", "coordinates": [[123.9064287, 10.3005104], [123.906442, 10.3005869], [123.906466, 10.300752], [123.9065051, 10.3010667]]}, "properties": {"city": "cebu", "name": "M.J. Cuenco Avenue", "highway": "secondary", "v_posted": 40, "posted_imputed": false, "v_safe": 30, "gap": 10, "R": 3.16, "exposure": 1.0, "vru_150m": 6, "sss": 25.0, "recommended": 30, "fatal_reduction_pct": 68.4, "why": "pedestrian activity (2 VRU site<=50m)", "pop_density": 48484.8, "pop_density_peak": 48484.8, "v_design": 50, "design_gap": 20}}, {"type": "Feature", "geometry": {"type": "LineString", "coordinates": [[123.8793415, 10.2926368], [123.879194, 10.2925295]]}, "properties": {"city": "cebu", "name": "Natalio Bacalso Avenue", "highway": "primary", "v_posted": 60, "posted_imputed": false, "v_safe": 50, "gap": 10, "R": 2.07, "exposure": 0.617, "vru_150m": 0, "sss": 20.2, "recommended": 50, "fatal_reduction_pct": 51.8, "why": "undivided arterial, side-impact intersections", "pop_density": 19962.5, "pop_density_peak": 19962.5, "v_design": 60, "design_gap": 10}}, {"type": "Feature", "geometry": {"type": "LineString", "coordinates": [[123.8958592, 10.2990692], [123.8959899, 10.2991325], [123.8963795, 10.2993456], [123.8964766, 10.2993969], [123.8964927, 10.2994048]]}, "properties": {"city": "cebu", "name": "P. del Rosario Street", "highway": "primary", "v_posted": 60, "posted_imputed": false, "v_safe": 50, "gap": 10, "R": 2.07, "exposure": 1.0, "vru_150m": 3, "sss": 25.0, "recommended": 50, "fatal_reduction_pct": 51.8, "why": "undivided arterial, side-impact intersections", "pop_density": 39852.2, "pop_density_peak": 42289.5, "v_design": 60, "design_gap": 10}}, {"type": "Feature", "geometry": {"type": "LineString", "coordinates": [[123.8967636, 10.2995434], [123.8967956, 10.2995602], [123.8968676, 10.2995971]]}, "properties": {"city": "cebu", "name": "P. del Rosario Street", "highway": "primary", "v_posted": 60, "posted_imputed": false, "v_safe": 50, "gap": 10, "R": 2.07, "exposure": 1.0, "vru_150m": 4, "sss": 25.0, "recommended": 50, "fatal_reduction_pct": 51.8, "why": "undivided arterial, side-impact intersections", "pop_density": 37414.9, "pop_density_peak": 37414.9, "v_design": 60, "design_gap": 10}}, {"type": "Feature", "geometry": {"type": "LineString", "coordinates": [[123.905951, 10.2977963], [123.906038, 10.2982498], [123.9060542, 10.2983437]]}, "properties": {"city": "cebu", "name": "M.J. Cuenco Avenue", "highway": "secondary", "v_posted": 40, "posted_imputed": false, "v_safe": 30, "gap": 10, "R": 3.16, "exposure": 1.0, "vru_150m": 2, "sss": 25.0, "recommended": 30, "fatal_reduction_pct": 68.4, "why": "pedestrian activity (2 VRU site<=50m)", "pop_density": 40539.3, "pop_density_peak": 42294.3, "v_design": 50, "design_gap": 20}}, {"type": "Feature", "geometry": {"type": "LineString", "coordinates": [[123.9059242, 10.2976429], [123.905951, 10.2977963]]}, "properties": {"city": "cebu", "name": "M.J. Cuenco Avenue", "highway": "secondary", "v_posted": 40, "posted_imputed": false, "v_safe": 30, "gap": 10, "R": 3.16, "exposure": 1.0, "vru_150m": 3, "sss": 25.0, "recommended": 30, "fatal_reduction_pct": 68.4, "why": "pedestrian activity (2 VRU site<=50m)", "pop_density": 38784.4, "pop_density_peak": 38784.4, "v_design": 50, "design_gap": 20}}, {"type": "Feature", "geometry": {"type": "LineString", "coordinates": [[123.8965401, 10.2954634], [123.8963332, 10.2953574], [123.8960562, 10.2952485], [123.8959184, 10.2951867], [123.8956741, 10.2950896], [123.8953777, 10.2949717], [123.8952719, 10.2949271], [123.8949225, 10.2948014], [123.8943437, 10.2945937], [123.8942748, 10.294569]]}, "properties": {"city": "cebu", "name": "Colon Street", "highway": "secondary", "v_posted": 40, "posted_imputed": false, "v_safe": 30, "gap": 10, "R": 3.16, "exposure": 1.0, "vru_150m": 3, "sss": 25.0, "recommended": 30, "fatal_reduction_pct": 68.4, "why": "pedestrian activity (1 VRU site<=50m)", "pop_density": 35859.0, "pop_density_peak": 41867.2, "v_design": 50, "design_gap": 20}}, {"type": "Feature", "geometry": {"type": "LineString", "coordinates": [[123.8965401, 10.2954634], [123.8964877, 10.2956453], [123.8960013, 10.2973116]]}, "properties": {"city": "cebu", "name": "Leon Kilat Street", "highway": "tertiary", "v_posted": 40, "posted_imputed": false, "v_safe": 30, "gap": 10, "R": 3.16, "exposure": 1.0, "vru_150m": 4, "sss": 25.0, "recommended": 30, "fatal_reduction_pct": 68.4, "why": "pedestrian activity (1 VRU site<=50m)", "pop_density": 35489.2, "pop_density_peak": 38520.7, "v_design": 45, "design_gap": 15}}, {"type": "Feature", "geometry": {"type": "LineString", "coordinates": [[123.898291, 10.2981704], [123.8982467, 10.2981468], [123.8976194, 10.2978131], [123.8975196, 10.2977659]]}, "properties": {"city": "cebu", "name": "Sanciangko Street", "highway": "tertiary", "v_posted": 40, "posted_imputed": false, "v_safe": 30, "gap": 10, "R": 3.16, "exposure": 0.95, "vru_150m": 3, "sss": 24.4, "recommended": 30, "fatal_reduction_pct": 68.4, "why": "pedestrian activity (1 VRU site<=50m)", "pop_density": 28267.1, "pop_density_peak": 31393.0, "v_design": 45, "design_gap": 15}}, {"type": "Feature", "geometry": {"type": "LineString", "coordinates": [[123.9056782, 10.2964688], [123.9057821, 10.2969513], [123.9057864, 10.2969718], [123.905908, 10.2975575]]}, "properties": {"city": "cebu", "name": "M.J. Cuenco Avenue", "highway": "secondary", "v_posted": 40, "posted_imputed": false, "v_safe": 30, "gap": 10, "R": 3.16, "exposure": 1.0, "vru_150m": 3, "sss": 25.0, "recommended": 30, "fatal_reduction_pct": 68.4, "why": "pedestrian activity (1 VRU site<=50m)", "pop_density": 36281.5, "pop_density_peak": 38784.4, "v_design": 50, "design_gap": 20}}, {"type": "Feature", "geometry": {"type": "LineString", "coordinates": [[123.8937689, 10.2966419], [123.8936016, 10.2966008], [123.8929542, 10.2964201], [123.8926847, 10.2963414], [123.8925859, 10.2963148]]}, "properties": {"city": "cebu", "name": "Sanciangko Street", "highway": "tertiary", "v_posted": 40, "posted_imputed": false, "v_safe": 30, "gap": 10, "R": 3.16, "exposure": 1.0, "vru_150m": 4, "sss": 25.0, "recommended": 30, "fatal_reduction_pct": 68.4, "why": "pedestrian activity (1 VRU site<=50m)", "pop_density": 49736.6, "pop_density_peak": 52453.1, "v_design": 45, "design_gap": 15}}, {"type": "Feature", "geometry": {"type": "LineString", "coordinates": [[123.8914898, 10.2980374], [123.8914092, 10.2979975], [123.8908438, 10.2977329], [123.8907567, 10.297699], [123.8905433, 10.2976231], [123.8902792, 10.2975435], [123.8900315, 10.2974887], [123.889853, 10.2974608], [123.8895861, 10.2974383]]}, "properties": {"city": "cebu", "name": "Natalio Bacalso Avenue", "highway": "primary", "v_posted": 60, "posted_imputed": false, "v_safe": 30, "gap": 30, "R": 16.0, "exposure": 1.0, "vru_150m": 3, "sss": 75.0, "recommended": 30, "fatal_reduction_pct": 93.8, "why": "pedestrian activity (1 VRU site<=50m)", "pop_density": 35842.0, "pop_density_peak": 36106.3, "v_design": 60, "design_gap": 30}}, {"type": "Feature", "geometry": {"type": "LineString", "coordinates": [[123.8858177, 10.2967036], [123.8858948, 10.2967291], [123.8861364, 10.2968053], [123.8864729, 10.2968934], [123.8867077, 10.2969488], [123.8867703, 10.29696], [123.8869253, 10.2969904], [123.8869956, 10.2970018], [123.8872453, 10.2970351], [123.8874695, 10.2970643], [123.8879824, 10.2971275], [123.8882159, 10.2971565], [123.8883438, 10.2971754]]}, "properties": {"city": "cebu", "name": "Natalio Bacalso Avenue", "highway": "primary", "v_posted": 60, "posted_imputed": false, "v_safe": 30, "gap": 30, "R": 16.0, "exposure": 1.0, "vru_150m": 9, "sss": 75.0, "recommended": 30, "fatal_reduction_pct": 93.8, "why": "pedestrian activity (1 VRU site<=50m)", "pop_density": 49401.6, "pop_density_peak": 69764.1, "v_design": 60, "design_gap": 30}}, {"type": "Feature", "geometry": {"type": "LineString", "coordinates": [[123.8883438, 10.2971754], [123.8884555, 10.2971899], [123.8889836, 10.2972493]]}, "properties": {"city": "cebu", "name": "Natalio Bacalso Avenue", "highway": "primary", "v_posted": 60, "posted_imputed": false, "v_safe": 50, "gap": 10, "R": 2.07, "exposure": 1.0, "vru_150m": 5, "sss": 25.0, "recommended": 50, "fatal_reduction_pct": 51.8, "why": "undivided arterial, side-impact intersections", "pop_density": 33754.0, "pop_density_peak": 35296.8, "v_design": 60, "design_gap": 10}}, {"type": "Feature", "geometry": {"type": "LineString", "coordinates": [[123.8981912, 10.2962508], [123.8980709, 10.296182], [123.8979286, 10.2961091], [123.8973257, 10.2958226], [123.8967394, 10.2955626], [123.8965401, 10.2954634]]}, "properties": {"city": "cebu", "name": "Colon Street", "highway": "secondary", "v_posted": 40, "posted_imputed": false, "v_safe": 30, "gap": 10, "R": 3.16, "exposure": 1.0, "vru_150m": 6, "sss": 25.0, "recommended": 30, "fatal_reduction_pct": 68.4, "why": "pedestrian activity (2 VRU site<=50m)", "pop_density": 28521.4, "pop_density_peak": 32457.8, "v_design": 50, "design_gap": 20}}, {"type": "Feature", "geometry": {"type": "LineString", "coordinates": [[123.8972571, 10.2935001], [123.8971393, 10.2934771], [123.8970314, 10.2934615]]}, "properties": {"city": "cebu", "name": "Magallanes Street", "highway": "tertiary", "v_posted": 40, "posted_imputed": false, "v_safe": 30, "gap": 10, "R": 3.16, "exposure": 1.0, "vru_150m": 4, "sss": 25.0, "recommended": 30, "fatal_reduction_pct": 68.4, "why": "pedestrian activity (2 VRU site<=50m)", "pop_density": 38816.0, "pop_density_peak": 38816.0, "v_design": 45, "design_gap": 15}}, {"type": "Feature", "geometry": {"type": "LineString", "coordinates": [[123.8990494, 10.2943545], [123.8989893, 10.2942487], [123.8989259, 10.2942068], [123.8988589, 10.2941741], [123.8987745, 10.2941328], [123.8987594, 10.2941255], [123.8981762, 10.2938406], [123.8981017, 10.2938042]]}, "properties": {"city": "cebu", "name": "Magallanes Street", "highway": "tertiary", "v_posted": 40, "posted_imputed": false, "v_safe": 30, "gap": 10, "R": 3.16, "exposure": 0.997, "vru_150m": 4, "sss": 25.0, "recommended": 30, "fatal_reduction_pct": 68.4, "why": "pedestrian activity (1 VRU site<=50m)", "pop_density": 31813.0, "pop_density_peak": 33724.4, "v_design": 45, "design_gap": 15}}, {"type": "Feature", "geometry": {"type": "LineString", "coordinates": [[123.8981017, 10.2938042], [123.8980269, 10.2937652], [123.8978881, 10.2936928], [123.8978186, 10.2936565]]}, "properties": {"city": "cebu", "name": "Magallanes Street", "highway": "tertiary", "v_posted": 40, "posted_imputed": false, "v_safe": 30, "gap": 10, "R": 3.16, "exposure": 1.0, "vru_150m": 5, "sss": 25.0, "recommended": 30, "fatal_reduction_pct": 68.4, "why": "pedestrian activity (3 VRU site<=50m)", "pop_density": 36270.2, "pop_density_peak": 38816.0, "v_design": 45, "design_gap": 15}}, {"type": "Feature", "geometry": {"type": "LineString", "coordinates": [[123.9011519, 10.2933088], [123.9010909, 10.293068], [123.9010656, 10.2929468], [123.9010464, 10.2928082], [123.9010472, 10.2926727]]}, "properties": {"city": "cebu", "name": "Dionisio Jakosalem Street", "highway": "tertiary", "v_posted": 40, "posted_imputed": false, "v_safe": 30, "gap": 10, "R": 3.16, "exposure": 1.0, "vru_150m": 6, "sss": 25.0, "recommended": 30, "fatal_reduction_pct": 68.4, "why": "pedestrian activity (1 VRU site<=50m)", "pop_density": 17069.1, "pop_density_peak": 18384.4, "v_design": 45, "design_gap": 15}}, {"type": "Feature", "geometry": {"type": "LineString", "coordinates": [[123.9016894, 10.2977639], [123.9014981, 10.2977489], [123.9011655, 10.2977128], [123.9009498, 10.2976759], [123.9007634, 10.2976392], [123.9006392, 10.2976075]]}, "properties": {"city": "cebu", "name": "Colon Street", "highway": "secondary", "v_posted": 40, "posted_imputed": false, "v_safe": 30, "gap": 10, "R": 3.16, "exposure": 0.566, "vru_150m": 2, "sss": 19.6, "recommended": 30, "fatal_reduction_pct": 68.4, "why": "pedestrian activity (1 VRU site<=50m)", "pop_density": 8925.4, "pop_density_peak": 9174.0, "v_design": 50, "design_gap": 20}}, {"type": "Feature", "geometry": {"type": "LineString", "coordinates": [[123.8870361, 10.2931866], [123.8870475, 10.2931255], [123.8870857, 10.2928986], [123.8871534, 10.2925324], [123.8871708, 10.2923523], [123.8871742, 10.2922923], [123.8871634, 10.2921686]]}, "properties": {"city": "cebu", "name": "Carlock Street", "highway": "tertiary", "v_posted": 40, "posted_imputed": false, "v_safe": 30, "gap": 10, "R": 3.16, "exposure": 1.0, "vru_150m": 2, "sss": 25.0, "recommended": 30, "fatal_reduction_pct": 68.4, "why": "pedestrian activity (1 VRU site<=50m)", "pop_density": 77031.4, "pop_density_peak": 84499.2, "v_design": 45, "design_gap": 15}}, {"type": "Feature", "geometry": {"type": "LineString", "coordinates": [[123.8995842, 10.2920207], [123.8996638, 10.292029], [123.9000627, 10.2921275], [123.900132, 10.2921373]]}, "properties": {"city": "cebu", "name": "M.C. Briones Street", "highway": "tertiary", "v_posted": 40, "posted_imputed": false, "v_safe": 30, "gap": 10, "R": 3.16, "exposure": 1.0, "vru_150m": 4, "sss": 25.0, "recommended": 30, "fatal_reduction_pct": 68.4, "why": "pedestrian activity (1 VRU site<=50m)", "pop_density": 32797.3, "pop_density_peak": 32797.3, "v_design": 45, "design_gap": 15}}, {"type": "Feature", "geometry": {"type": "LineString", "coordinates": [[123.8978186, 10.2936565], [123.8977267, 10.2936235], [123.8975073, 10.2935607]]}, "properties": {"city": "cebu", "name": "Magallanes Street", "highway": "tertiary", "v_posted": 40, "posted_imputed": false, "v_safe": 30, "gap": 10, "R": 3.16, "exposure": 1.0, "vru_150m": 5, "sss": 25.0, "recommended": 30, "fatal_reduction_pct": 68.4, "why": "pedestrian activity (2 VRU site<=50m)", "pop_density": 38816.0, "pop_density_peak": 38816.0, "v_design": 45, "design_gap": 15}}, {"type": "Feature", "geometry": {"type": "LineString", "coordinates": [[123.8908806, 10.2938856], [123.8908126, 10.293879], [123.8907181, 10.2938658], [123.8904276, 10.2938101], [123.8900981, 10.2937544], [123.8899643, 10.2937318], [123.8896387, 10.2936645], [123.8895707, 10.2936504], [123.8890108, 10.2935438], [123.8883307, 10.2934192], [123.8880264, 10.2933639], [123.8876818, 10.293301], [123.8874395, 10.2932583], [123.8871118, 10.2931974], [123.8870361, 10.2931866]]}, "properties": {"city": "cebu", "name": "Candido Padilla Street", "highway": "secondary", "v_posted": 40, "posted_imputed": false, "v_safe": 30, "gap": 10, "R": 3.16, "exposure": 1.0, "vru_150m": 2, "sss": 25.0, "recommended": 30, "fatal_reduction_pct": 68.4, "why": "pedestrian activity (1 VRU site<=50m)", "pop_density": 57526.4, "pop_density_peak": 69563.7, "v_design": 50, "design_gap": 20}}, {"type": "Feature", "geometry": {"type": "LineString", "coordinates": [[123.8920716, 10.2940436], [123.8917498, 10.29398], [123.8916568, 10.2939646], [123.8913946, 10.2939159], [123.8911452, 10.2938941], [123.8910279, 10.2938908], [123.8908806, 10.2938856]]}, "properties": {"city": "cebu", "name": "Candido Padilla Street", "highway": "secondary", "v_posted": 40, "posted_imputed": false, "v_safe": 30, "gap": 10, "R": 3.16, "exposure": 1.0, "vru_150m": 4, "sss": 25.0, "recommended": 30, "fatal_reduction_pct": 68.4, "why": "pedestrian activity (1 VRU site<=50m)", "pop_density": 45647.8, "pop_density_peak": 46506.3, "v_design": 50, "design_gap": 20}}, {"type": "Feature", "geometry": {"type": "LineString", "coordinates": [[123.9030345, 10.2942242], [123.9028185, 10.2937681], [123.9027798, 10.2936906]]}, "properties": {"city": "cebu", "name": "P. Burgos Street", "highway": "tertiary", "v_posted": 40, "posted_imputed": false, "v_safe": 30, "gap": 10, "R": 3.16, "exposure": 1.0, "vru_150m": 5, "sss": 25.0, "recommended": 30, "fatal_reduction_pct": 68.4, "why": "pedestrian activity (1 VRU site<=50m)", "pop_density": 14169.0, "pop_density_peak": 14888.2, "v_design": 45, "design_gap": 15}}, {"type": "Feature", "geometry": {"type": "LineString", "coordinates": [[123.8931242, 10.2984195], [123.8934868, 10.2984556], [123.8935112, 10.2984581]]}, "properties": {"city": "cebu", "name": "Natalio Bacalso Avenue", "highway": "primary", "v_posted": 60, "posted_imputed": false, "v_safe": 30, "gap": 30, "R": 16.0, "exposure": 1.0, "vru_150m": 6, "sss": 75.0, "recommended": 30, "fatal_reduction_pct": 93.8, "why": "pedestrian activity (2 VRU site<=50m)", "pop_density": 44619.2, "pop_density_peak": 44619.2, "v_design": 60, "design_gap": 30}}, {"type": "Feature", "geometry": {"type": "LineString", "coordinates": [[123.8905381, 10.297509], [123.8908301, 10.2976088], [123.8914634, 10.2979028], [123.891547, 10.2979436]]}, "properties": {"city": "cebu", "name": "Natalio Bacalso Avenue", "highway": "primary", "v_posted": 60, "posted_imputed": false, "v_safe": 30, "gap": 30, "R": 16.0, "exposure": 1.0, "vru_150m": 6, "sss": 75.0, "recommended": 30, "fatal_reduction_pct": 93.8, "why": "pedestrian activity (1 VRU site<=50m)", "pop_density": 37079.6, "pop_density_peak": 38151.5, "v_design": 60, "design_gap": 30}}, {"type": "Feature", "geometry": {"type": "LineString", "coordinates": [[123.8900786, 10.2973942], [123.890311, 10.2974472], [123.8905381, 10.297509]]}, "properties": {"city": "cebu", "name": "Natalio Bacalso Avenue", "highway": "primary", "v_posted": 60, "posted_imputed": false, "v_safe": 30, "gap": 30, "R": 16.0, "exposure": 1.0, "vru_150m": 3, "sss": 75.0, "recommended": 30, "fatal_reduction_pct": 93.8, "why": "pedestrian activity (1 VRU site<=50m)", "pop_density": 37128.9, "pop_density_peak": 38151.5, "v_design": 60, "design_gap": 30}}, {"type": "Feature", "geometry": {"type": "LineString", "coordinates": [[123.9015461, 10.3001248], [123.9014778, 10.3003293], [123.9013625, 10.3005826], [123.9013085, 10.3006814], [123.9012814, 10.3007311], [123.9012212, 10.3008334], [123.9011669, 10.3009062], [123.9009849, 10.3011501], [123.9008601, 10.30151], [123.9008342, 10.3015847]]}, "properties": {"city": "cebu", "name": "Dionisio Jakosalem Street", "highway": "tertiary", "v_posted": 40, "posted_imputed": false, "v_safe": 30, "gap": 10, "R": 3.16, "exposure": 0.654, "vru_150m": 2, "sss": 20.7, "recommended": 30, "fatal_reduction_pct": 68.4, "why": "pedestrian activity (1 VRU site<=50m)", "pop_density": 13668.7, "pop_density_peak": 18265.5, "v_design": 45, "design_gap": 15}}, {"type": "Feature", "geometry": {"type": "LineString", "coordinates": [[123.9126205, 10.3036532], [123.9126988, 10.3035496]]}, "properties": {"city": "cebu", "name": "General Maxilom Avenue Extension", "highway": "secondary", "v_posted": 50, "posted_imputed": false, "v_safe": 30, "gap": 20, "R": 7.72, "exposure": 1.0, "vru_150m": 4, "sss": 50.0, "recommended": 30, "fatal_reduction_pct": 87.0, "why": "pedestrian activity (1 VRU site<=50m)", "pop_density": 36120.4, "pop_density_peak": 36120.4, "v_design": 50, "design_gap": 20}}, {"type": "Feature", "geometry": {"type": "LineString", "coordinates": [[123.8974137, 10.2977281], [123.896692, 10.2975105], [123.896117, 10.2973466], [123.8960013, 10.2973116]]}, "properties": {"city": "cebu", "name": "Sanciangko Street", "highway": "tertiary", "v_posted": 40, "posted_imputed": false, "v_safe": 30, "gap": 10, "R": 3.16, "exposure": 1.0, "vru_150m": 3, "sss": 25.0, "recommended": 30, "fatal_reduction_pct": 68.4, "why": "pedestrian activity (1 VRU site<=50m)", "pop_density": 34956.8, "pop_density_peak": 38520.7, "v_design": 45, "design_gap": 15}}, {"type": "Feature", "geometry": {"type": "LineString", "coordinates": [[123.9015461, 10.2948575], [123.9015046, 10.2947226], [123.9014426, 10.2944748]]}, "properties": {"city": "cebu", "name": "Dionisio Jakosalem Street", "highway": "tertiary", "v_posted": 40, "posted_imputed": false, "v_safe": 30, "gap": 10, "R": 3.16, "exposure": 1.0, "vru_150m": 6, "sss": 25.0, "recommended": 30, "fatal_reduction_pct": 68.4, "why": "pedestrian activity (3 VRU site<=50m)", "pop_density": 13595.0, "pop_density_peak": 13602.9, "v_design": 45, "design_gap": 15}}, {"type": "Feature", "geometry": {"type": "LineString", "coordinates": [[123.90164, 10.2948206], [123.9023359, 10.2945374], [123.9023629, 10.2945213], [123.9029665, 10.2942613], [123.9029901, 10.2942513], [123.9030345, 10.2942242], [123.9031156, 10.2941917], [123.9037176, 10.2939205], [123.9037706, 10.2938977]]}, "properties": {"city": "cebu", "name": "Osme\u00f1a Boulevard", "highway": "secondary", "v_posted": 40, "posted_imputed": false, "v_safe": 30, "gap": 10, "R": 3.16, "exposure": 1.0, "vru_150m": 6, "sss": 25.0, "recommended": 30, "fatal_reduction_pct": 68.4, "why": "pedestrian activity (1 VRU site<=50m)", "pop_density": 14671.4, "pop_density_peak": 15523.0, "v_design": 50, "design_gap": 20}}, {"type": "Feature", "geometry": {"type": "LineString", "coordinates": [[123.888617, 10.296832], [123.8882946, 10.2967666], [123.8879171, 10.2966954], [123.88757, 10.296619], [123.8873951, 10.2965773], [123.8870083, 10.2964849], [123.8869718, 10.2964741], [123.8868278, 10.296443], [123.8864536, 10.2963562]]}, "properties": {"city": "cebu", "name": "Tres de Abril Street", "highway": "tertiary", "v_posted": 40, "posted_imputed": false, "v_safe": 30, "gap": 10, "R": 3.16, "exposure": 1.0, "vru_150m": 7, "sss": 25.0, "recommended": 30, "fatal_reduction_pct": 68.4, "why": "pedestrian activity (2 VRU site<=50m)", "pop_density": 47081.9, "pop_density_peak": 62785.3, "v_design": 45, "design_gap": 15}}, {"type": "Feature", "geometry": {"type": "LineString", "coordinates": [[123.8828494, 10.2950439], [123.8834051, 10.2954389], [123.8834271, 10.2954548], [123.8836072, 10.2955847], [123.8837152, 10.2956567]]}, "properties": {"city": "cebu", "name": "Natalio Bacalso Avenue", "highway": "primary", "v_posted": 60, "posted_imputed": false, "v_safe": 30, "gap": 30, "R": 16.0, "exposure": 1.0, "vru_150m": 3, "sss": 75.0, "recommended": 30, "fatal_reduction_pct": 93.8, "why": "pedestrian activity (2 VRU site<=50m)", "pop_density": 57160.6, "pop_density_peak": 63005.9, "v_design": 60, "design_gap": 30}}, {"type": "Feature", "geometry": {"type": "LineString", "coordinates": [[123.8827054, 10.2951033], [123.8826314, 10.2950502], [123.8826212, 10.2950433]]}, "properties": {"city": "cebu", "name": "Natalio Bacalso Avenue", "highway": "primary", "v_posted": 60, "posted_imputed": false, "v_safe": 50, "gap": 10, "R": 2.07, "exposure": 1.0, "vru_150m": 3, "sss": 25.0, "recommended": 50, "fatal_reduction_pct": 51.8, "why": "undivided arterial, side-impact intersections", "pop_density": 34846.3, "pop_density_peak": 34846.3, "v_design": 60, "design_gap": 10}}, {"type": "Feature", "geometry": {"type": "LineString", "coordinates": [[123.9022491, 10.2926486], [123.9021364, 10.2926198], [123.9020095, 10.2925881], [123.9019895, 10.2925845], [123.9016297, 10.2924955], [123.9012367, 10.2923988], [123.9011156, 10.2923682]]}, "properties": {"city": "cebu", "name": "M.C. Briones Street", "highway": "tertiary", "v_posted": 40, "posted_imputed": false, "v_safe": 30, "gap": 10, "R": 3.16, "exposure": 1.0, "vru_150m": 8, "sss": 25.0, "recommended": 30, "fatal_reduction_pct": 68.4, "why": "pedestrian activity (1 VRU site<=50m)", "pop_density": 18308.2, "pop_density_peak": 18384.3, "v_design": 45, "design_gap": 15}}, {"type": "Feature", "geometry": {"type": "LineString", "coordinates": [[123.8879932, 10.2972721], [123.8879171, 10.297263], [123.887423, 10.297202]]}, "properties": {"city": "cebu", "name": "Natalio Bacalso Avenue", "highway": "primary", "v_posted": 60, "posted_imputed": false, "v_safe": 50, "gap": 10, "R": 2.07, "exposure": 1.0, "vru_150m": 8, "sss": 25.0, "recommended": 50, "fatal_reduction_pct": 51.8, "why": "undivided arterial, side-impact intersections", "pop_density": 39109.3, "pop_density_peak": 46007.4, "v_design": 60, "design_gap": 10}}, {"type": "Feature", "geometry": {"type": "LineString", "coordinates": [[123.887423, 10.297202], [123.8872135, 10.2971728]]}, "properties": {"city": "cebu", "name": "Natalio Bacalso Avenue", "highway": "primary", "v_posted": 60, "posted_imputed": false, "v_safe": 30, "gap": 30, "R": 16.0, "exposure": 1.0, "vru_150m": 8, "sss": 75.0, "recommended": 30, "fatal_reduction_pct": 93.8, "why": "pedestrian activity (1 VRU site<=50m)", "pop_density": 46007.4, "pop_density_peak": 46007.4, "v_design": 60, "design_gap": 30}}, {"type": "Feature", "geometry": {"type": "LineString", "coordinates": [[123.9036515, 10.2956526], [123.9036046, 10.2955435], [123.9035911, 10.2955083], [123.9034875, 10.2952391], [123.9034485, 10.2951378], [123.9033585, 10.2949081]]}, "properties": {"city": "cebu", "name": "P. Burgos Street", "highway": "tertiary", "v_posted": 40, "posted_imputed": false, "v_safe": 30, "gap": 10, "R": 3.16, "exposure": 1.0, "vru_150m": 5, "sss": 25.0, "recommended": 30, "fatal_reduction_pct": 68.4, "why": "pedestrian activity (2 VRU site<=50m)", "pop_density": 16563.3, "pop_density_peak": 17608.8, "v_design": 45, "design_gap": 15}}, {"type": "Feature", "geometry": {"type": "LineString", "coordinates": [[123.898315, 10.2916847], [123.8992952, 10.2919287], [123.8994021, 10.291958], [123.8995842, 10.2920207]]}, "properties": {"city": "cebu", "name": "M.C. Briones Street", "highway": "tertiary", "v_posted": 40, "posted_imputed": false, "v_safe": 30, "gap": 10, "R": 3.16, "exposure": 1.0, "vru_150m": 5, "sss": 25.0, "recommended": 30, "fatal_reduction_pct": 68.4, "why": "pedestrian activity (1 VRU site<=50m)", "pop_density": 34620.3, "pop_density_peak": 36443.3, "v_design": 45, "design_gap": 15}}, {"type": "Feature", "geometry": {"type": "LineString", "coordinates": [[123.8889612, 10.2973746], [123.8889836, 10.2972493]]}, "properties": {"city": "cebu", "name": "", "highway": "primary_link", "v_posted": 60, "posted_imputed": false, "v_safe": 30, "gap": 30, "R": 16.0, "exposure": 1.0, "vru_150m": 3, "sss": 75.0, "recommended": 30, "fatal_reduction_pct": 93.8, "why": "pedestrian activity (1 VRU site<=50m)", "pop_density": 35296.8, "pop_density_peak": 35296.8, "v_design": 45, "design_gap": 15}}, {"type": "Feature", "geometry": {"type": "LineString", "coordinates": [[123.8801939, 10.2855309], [123.8801171, 10.2854992], [123.8800384, 10.2854437], [123.879991, 10.2854016], [123.8798779, 10.2852527], [123.8797568, 10.2851257], [123.8790219, 10.2843352], [123.878396, 10.2837027], [123.878097, 10.2834005], [123.8778615, 10.2831529], [123.8774331, 10.282684], [123.877318, 10.2825387], [123.8772158, 10.2823956], [123.8771709, 10.2823152], [123.8771452, 10.2821981], [123.8771303, 10.2820717], [123.8771271, 10.2819335], [123.8771343, 10.281834], [123.8771617, 10.2817349], [123.8772195, 10.2816108], [123.8773366, 10.2814164], [123.8774877, 10.2812349]]}, "properties": {"city": "cebu", "name": "BRT ROAD", "highway": "unclassified", "v_posted": 40, "posted_imputed": false, "v_safe": 30, "gap": 10, "R": 3.16, "exposure": 1.0, "vru_150m": 1, "sss": 25.0, "recommended": 30, "fatal_reduction_pct": 68.4, "why": "local road, frontage/pedestrian mixing", "pop_density": 33067.1, "pop_density_peak": 37787.2, "v_design": 35, "design_gap": 5}}, {"type": "Feature", "geometry": {"type": "LineString", "coordinates": [[123.8790069, 10.2797162], [123.8790511, 10.2796199], [123.8790751, 10.2795078], [123.8790847, 10.2793745], [123.8790839, 10.2792534], [123.8790773, 10.2791772], [123.8790581, 10.2790787]]}, "properties": {"city": "cebu", "name": "SRP Bypass Road", "highway": "unclassified", "v_posted": 40, "posted_imputed": false, "v_safe": 30, "gap": 10, "R": 3.16, "exposure": 1.0, "vru_150m": 0, "sss": 25.0, "recommended": 30, "fatal_reduction_pct": 68.4, "why": "local road, frontage/pedestrian mixing", "pop_density": 44781.5, "pop_density_peak": 45523.1, "v_design": 40, "design_gap": 10}}, {"type": "Feature", "geometry": {"type": "LineString", "coordinates": [[123.8774877, 10.2812349], [123.8782807, 10.2804552], [123.8786783, 10.280089], [123.8788459, 10.2799082], [123.8789318, 10.2798146], [123.878972, 10.279767], [123.8790069, 10.2797162]]}, "properties": {"city": "cebu", "name": "BRT ROAD", "highway": "unclassified", "v_posted": 40, "posted_imputed": false, "v_safe": 30, "gap": 10, "R": 3.16, "exposure": 1.0, "vru_150m": 0, "sss": 25.0, "recommended": 30, "fatal_reduction_pct": 68.4, "why": "local road, frontage/pedestrian mixing", "pop_density": 39117.1, "pop_density_peak": 44039.9, "v_design": 40, "design_gap": 10}}, {"type": "Feature", "geometry": {"type": "LineString", "coordinates": [[123.9037181, 10.2980657], [123.9032456, 10.2979101]]}, "properties": {"city": "cebu", "name": "Colon Street", "highway": "secondary", "v_posted": 40, "posted_imputed": false, "v_safe": 30, "gap": 10, "R": 3.16, "exposure": 0.925, "vru_150m": 3, "sss": 24.1, "recommended": 30, "fatal_reduction_pct": 68.4, "why": "pedestrian activity (1 VRU site<=50m)", "pop_density": 26282.7, "pop_density_peak": 33772.8, "v_design": 50, "design_gap": 20}}, {"type": "Feature", "geometry": {"type": "LineString", "coordinates": [[123.8813284, 10.2837729], [123.881445, 10.2836648], [123.8819618, 10.2831863], [123.8822044, 10.2829617]]}, "properties": {"city": "cebu", "name": "F. Vestil Street", "highway": "secondary", "v_posted": 40, "posted_imputed": false, "v_safe": 30, "gap": 10, "R": 3.16, "exposure": 0.822, "vru_150m": 2, "sss": 22.8, "recommended": 30, "fatal_reduction_pct": 68.4, "why": "pedestrian activity (2 VRU site<=50m)", "pop_density": 22769.6, "pop_density_peak": 33760.0, "v_design": 50, "design_gap": 20}}, {"type": "Feature", "geometry": {"type": "LineString", "coordinates": [[123.895858, 10.3020081], [123.8961497, 10.3011709], [123.8962434, 10.3009048], [123.8964209, 10.300413], [123.8965179, 10.3001372], [123.8966284, 10.2998343], [123.8966927, 10.2996605], [123.8967636, 10.2995434]]}, "properties": {"city": "cebu", "name": "Osme\u00f1a Boulevard", "highway": "secondary", "v_posted": 50, "posted_imputed": false, "v_safe": 30, "gap": 20, "R": 7.72, "exposure": 1.0, "vru_150m": 5, "sss": 50.0, "recommended": 30, "fatal_reduction_pct": 87.0, "why": "pedestrian activity (1 VRU site<=50m)", "pop_density": 41449.1, "pop_density_peak": 48829.9, "v_design": 50, "design_gap": 20}}, {"type": "Feature", "geometry": {"type": "LineString", "coordinates": [[123.8953167, 10.3039405], [123.8951843, 10.3043192], [123.8950666, 10.3046558], [123.8948999, 10.3051329], [123.8948086, 10.3053939]]}, "properties": {"city": "cebu", "name": "Osme\u00f1a Boulevard", "highway": "secondary", "v_posted": 50, "posted_imputed": false, "v_safe": 30, "gap": 20, "R": 7.72, "exposure": 1.0, "vru_150m": 4, "sss": 50.0, "recommended": 30, "fatal_reduction_pct": 87.0, "why": "pedestrian activity (2 VRU site<=50m)", "pop_density": 38583.3, "pop_density_peak": 43046.0, "v_design": 50, "design_gap": 20}}, {"type": "Feature", "geometry": {"type": "LineString", "coordinates": [[123.905908, 10.2975575], [123.9059242, 10.2976429]]}, "properties": {"city": "cebu", "name": "M.J. Cuenco Avenue", "highway": "secondary", "v_posted": 40, "posted_imputed": false, "v_safe": 30, "gap": 10, "R": 3.16, "exposure": 1.0, "vru_150m": 3, "sss": 25.0, "recommended": 30, "fatal_reduction_pct": 68.4, "why": "pedestrian activity (2 VRU site<=50m)", "pop_density": 38784.4, "pop_density_peak": 38784.4, "v_design": 50, "design_gap": 20}}, {"type": "Feature", "geometry": {"type": "LineString", "coordinates": [[123.8953077, 10.2988916], [123.8951972, 10.2988557], [123.8951113, 10.2988206], [123.8949705, 10.2987839], [123.8947372, 10.2987532], [123.8946267, 10.2987414], [123.8944932, 10.2987261], [123.8939121, 10.298657], [123.89379, 10.2986425], [123.8934669, 10.2986004], [123.8933383, 10.2985808]]}, "properties": {"city": "cebu", "name": "Natalio Bacalso Avenue", "highway": "primary", "v_posted": 60, "posted_imputed": false, "v_safe": 30, "gap": 30, "R": 16.0, "exposure": 1.0, "vru_150m": 9, "sss": 75.0, "recommended": 30, "fatal_reduction_pct": 93.8, "why": "pedestrian activity (2 VRU site<=50m)", "pop_density": 45966.5, "pop_density_peak": 49095.1, "v_design": 60, "design_gap": 30}}, {"type": "Feature", "geometry": {"type": "LineString", "coordinates": [[123.8920367, 10.2981786], [123.892124, 10.2982163], [123.8921322, 10.2982188], [123.8922192, 10.2982535]]}, "properties": {"city": "cebu", "name": "Natalio Bacalso Avenue", "highway": "primary", "v_posted": 60, "posted_imputed": false, "v_safe": 50, "gap": 10, "R": 2.07, "exposure": 1.0, "vru_150m": 6, "sss": 25.0, "recommended": 50, "fatal_reduction_pct": 51.8, "why": "undivided arterial, side-impact intersections", "pop_density": 40215.1, "pop_density_peak": 40215.1, "v_design": 60, "design_gap": 10}}, {"type": "Feature", "geometry": {"type": "LineString", "coordinates": [[123.8804346, 10.2934126], [123.8802398, 10.2932676]]}, "properties": {"city": "cebu", "name": "Natalio Bacalso Avenue", "highway": "primary", "v_posted": 60, "posted_imputed": false, "v_safe": 50, "gap": 10, "R": 2.07, "exposure": 0.815, "vru_150m": 1, "sss": 22.7, "recommended": 50, "fatal_reduction_pct": 51.8, "why": "undivided arterial, side-impact intersections", "pop_density": 24851.1, "pop_density_peak": 33542.9, "v_design": 60, "design_gap": 10}}, {"type": "Feature", "geometry": {"type": "LineString", "coordinates": [[123.8827871, 10.29516], [123.8827054, 10.2951033]]}, "properties": {"city": "cebu", "name": "Natalio Bacalso Avenue", "highway": "primary", "v_posted": 60, "posted_imputed": false, "v_safe": 50, "gap": 10, "R": 2.07, "exposure": 1.0, "vru_150m": 3, "sss": 25.0, "recommended": 50, "fatal_reduction_pct": 51.8, "why": "undivided arterial, side-impact intersections", "pop_density": 34846.3, "pop_density_peak": 34846.3, "v_design": 60, "design_gap": 10}}, {"type": "Feature", "geometry": {"type": "LineString", "coordinates": [[123.8827877, 10.2950001], [123.8828494, 10.2950439]]}, "properties": {"city": "cebu", "name": "Natalio Bacalso Avenue", "highway": "primary", "v_posted": 60, "posted_imputed": false, "v_safe": 30, "gap": 30, "R": 16.0, "exposure": 1.0, "vru_150m": 3, "sss": 75.0, "recommended": 30, "fatal_reduction_pct": 93.8, "why": "pedestrian activity (2 VRU site<=50m)", "pop_density": 43080.8, "pop_density_peak": 51315.3, "v_design": 60, "design_gap": 30}}, {"type": "Feature", "geometry": {"type": "LineString", "coordinates": [[123.8826856, 10.2949221], [123.882707, 10.2949382], [123.8827877, 10.2950001]]}, "properties": {"city": "cebu", "name": "Natalio Bacalso Avenue", "highway": "primary", "v_posted": 60, "posted_imputed": false, "v_safe": 50, "gap": 10, "R": 2.07, "exposure": 1.0, "vru_150m": 3, "sss": 25.0, "recommended": 50, "fatal_reduction_pct": 51.8, "why": "undivided arterial, side-impact intersections", "pop_density": 34846.3, "pop_density_peak": 34846.3, "v_design": 60, "design_gap": 10}}, {"type": "Feature", "geometry": {"type": "LineString", "coordinates": [[123.8989361, 10.3006781], [123.8990129, 10.3007228], [123.8991859, 10.3008208], [123.8992463, 10.300855], [123.8996907, 10.3010891]]}, "properties": {"city": "cebu", "name": "P. del Rosario Street", "highway": "primary", "v_posted": 40, "posted_imputed": false, "v_safe": 30, "gap": 10, "R": 3.16, "exposure": 0.753, "vru_150m": 3, "sss": 21.9, "recommended": 30, "fatal_reduction_pct": 68.4, "why": "pedestrian activity (1 VRU site<=50m)", "pop_density": 12346.8, "pop_density_peak": 13014.9, "v_design": 60, "design_gap": 30}}, {"type": "Feature", "geometry": {"type": "LineString", "coordinates": [[123.88643, 10.2970135], [123.8861415, 10.2969389], [123.8860322, 10.296907], [123.8858485, 10.2968525], [123.8857617, 10.2968257]]}, "properties": {"city": "cebu", "name": "Natalio Bacalso Avenue", "highway": "primary", "v_posted": 60, "posted_imputed": false, "v_safe": 50, "gap": 10, "R": 2.07, "exposure": 1.0, "vru_150m": 4, "sss": 25.0, "recommended": 50, "fatal_reduction_pct": 51.8, "why": "undivided arterial, side-impact intersections", "pop_density": 66274.8, "pop_density_peak": 69764.2, "v_design": 60, "design_gap": 10}}, {"type": "Feature", "geometry": {"type": "LineString", "coordinates": [[123.8882581, 10.2973022], [123.8881557, 10.297291], [123.8881245, 10.2972873]]}, "properties": {"city": "cebu", "name": "Natalio Bacalso Avenue", "highway": "primary", "v_posted": 60, "posted_imputed": false, "v_safe": 50, "gap": 10, "R": 2.07, "exposure": 1.0, "vru_150m": 6, "sss": 25.0, "recommended": 50, "fatal_reduction_pct": 51.8, "why": "undivided arterial, side-impact intersections", "pop_density": 32211.2, "pop_density_peak": 32211.2, "v_design": 60, "design_gap": 10}}, {"type": "Feature", "geometry": {"type": "LineString", "coordinates": [[123.9013083, 10.294968], [123.9014711, 10.2948943], [123.9015461, 10.2948575]]}, "properties": {"city": "cebu", "name": "Osme\u00f1a Boulevard", "highway": "secondary", "v_posted": 40, "posted_imputed": false, "v_safe": 30, "gap": 10, "R": 3.16, "exposure": 1.0, "vru_150m": 6, "sss": 25.0, "recommended": 30, "fatal_reduction_pct": 68.4, "why": "pedestrian activity (3 VRU site<=50m)", "pop_density": 13602.9, "pop_density_peak": 13602.9, "v_design": 50, "design_gap": 20}}, {"type": "Feature", "geometry": {"type": "LineString", "coordinates": [[123.8893909, 10.2974198], [123.8894129, 10.2972962]]}, "properties": {"city": "cebu", "name": "", "highway": "primary_link", "v_posted": 60, "posted_imputed": false, "v_safe": 30, "gap": 30, "R": 16.0, "exposure": 1.0, "vru_150m": 3, "sss": 75.0, "recommended": 30, "fatal_reduction_pct": 93.8, "why": "pedestrian activity (1 VRU site<=50m)", "pop_density": 35296.8, "pop_density_peak": 35296.8, "v_design": 45, "design_gap": 15}}, {"type": "Feature", "geometry": {"type": "LineString", "coordinates": [[123.9049315, 10.2943803], [123.9048423, 10.2941928]]}, "properties": {"city": "cebu", "name": "M.J. Cuenco Avenue", "highway": "secondary", "v_posted": 40, "posted_imputed": false, "v_safe": 30, "gap": 10, "R": 3.16, "exposure": 0.584, "vru_150m": 1, "sss": 19.8, "recommended": 30, "fatal_reduction_pct": 68.4, "why": "pedestrian activity (1 VRU site<=50m)", "pop_density": 15509.2, "pop_density_peak": 15509.2, "v_design": 50, "design_gap": 20}}, {"type": "Feature", "geometry": {"type": "LineString", "coordinates": [[123.8815322, 10.2941123], [123.8816542, 10.2941956], [123.8822711, 10.2946324], [123.8825352, 10.2948158], [123.8826856, 10.2949221]]}, "properties": {"city": "cebu", "name": "Natalio Bacalso Avenue", "highway": "primary", "v_posted": 60, "posted_imputed": false, "v_safe": 50, "gap": 10, "R": 2.07, "exposure": 0.909, "vru_150m": 3, "sss": 23.9, "recommended": 50, "fatal_reduction_pct": 51.8, "why": "undivided arterial, side-impact intersections", "pop_density": 24979.2, "pop_density_peak": 34846.3, "v_design": 60, "design_gap": 10}}, {"type": "Feature", "geometry": {"type": "LineString", "coordinates": [[123.8975122, 10.2976786], [123.8975196, 10.2977659]]}, "properties": {"city": "cebu", "name": "Osme\u00f1a Boulevard", "highway": "secondary", "v_posted": 40, "posted_imputed": false, "v_safe": 30, "gap": 10, "R": 3.16, "exposure": 0.988, "vru_150m": 3, "sss": 24.9, "recommended": 30, "fatal_reduction_pct": 68.4, "why": "pedestrian activity (1 VRU site<=50m)", "pop_density": 31393.0, "pop_density_peak": 31393.0, "v_design": 50, "design_gap": 20}}, {"type": "Feature", "geometry": {"type": "LineString", "coordinates": [[123.8974137, 10.2977281], [123.8975122, 10.2976786]]}, "properties": {"city": "cebu", "name": "Osme\u00f1a Boulevard", "highway": "secondary", "v_posted": 40, "posted_imputed": false, "v_safe": 30, "gap": 10, "R": 3.16, "exposure": 0.988, "vru_150m": 3, "sss": 24.9, "recommended": 30, "fatal_reduction_pct": 68.4, "why": "pedestrian activity (1 VRU site<=50m)", "pop_density": 31393.0, "pop_density_peak": 31393.0, "v_design": 50, "design_gap": 20}}, {"type": "Feature", "geometry": {"type": "LineString", "coordinates": [[123.8974603, 10.297745], [123.8974137, 10.2977281]]}, "properties": {"city": "cebu", "name": "Sanciangko Street", "highway": "tertiary", "v_posted": 40, "posted_imputed": false, "v_safe": 30, "gap": 10, "R": 3.16, "exposure": 0.994, "vru_150m": 4, "sss": 24.9, "recommended": 30, "fatal_reduction_pct": 68.4, "why": "pedestrian activity (1 VRU site<=50m)", "pop_density": 31393.0, "pop_density_peak": 31393.0, "v_design": 45, "design_gap": 15}}, {"type": "Feature", "geometry": {"type": "LineString", "coordinates": [[123.8952633, 10.303698], [123.895608, 10.3027398]]}, "properties": {"city": "cebu", "name": "Osme\u00f1a Boulevard", "highway": "secondary", "v_posted": 50, "posted_imputed": false, "v_safe": 30, "gap": 20, "R": 7.72, "exposure": 1.0, "vru_150m": 5, "sss": 50.0, "recommended": 30, "fatal_reduction_pct": 87.0, "why": "pedestrian activity (2 VRU site<=50m)", "pop_density": 47517.5, "pop_density_peak": 47938.8, "v_design": 50, "design_gap": 20}}, {"type": "Feature", "geometry": {"type": "LineString", "coordinates": [[123.895608, 10.3027398], [123.8956395, 10.3026485]]}, "properties": {"city": "cebu", "name": "Osme\u00f1a Boulevard", "highway": "secondary", "v_posted": 50, "posted_imputed": false, "v_safe": 30, "gap": 20, "R": 7.72, "exposure": 1.0, "vru_150m": 5, "sss": 50.0, "recommended": 30, "fatal_reduction_pct": 87.0, "why": "pedestrian activity (2 VRU site<=50m)", "pop_density": 47096.2, "pop_density_peak": 47096.2, "v_design": 50, "design_gap": 20}}, {"type": "Feature", "geometry": {"type": "LineString", "coordinates": [[123.8957654, 10.3026886], [123.895732, 10.3027813], [123.8954005, 10.3037013]]}, "properties": {"city": "cebu", "name": "Osme\u00f1a Boulevard", "highway": "secondary", "v_posted": 50, "posted_imputed": false, "v_safe": 30, "gap": 20, "R": 7.72, "exposure": 1.0, "vru_150m": 5, "sss": 50.0, "recommended": 30, "fatal_reduction_pct": 87.0, "why": "pedestrian activity (2 VRU site<=50m)", "pop_density": 46345.6, "pop_density_peak": 47096.2, "v_design": 50, "design_gap": 20}}, {"type": "Feature", "geometry": {"type": "LineString", "coordinates": [[123.891547, 10.2979436], [123.8916172, 10.2979749], [123.8917742, 10.2980574]]}, "properties": {"city": "cebu", "name": "Natalio Bacalso Avenue", "highway": "primary", "v_posted": 60, "posted_imputed": false, "v_safe": 50, "gap": 10, "R": 2.07, "exposure": 1.0, "vru_150m": 5, "sss": 25.0, "recommended": 50, "fatal_reduction_pct": 51.8, "why": "undivided arterial, side-impact intersections", "pop_density": 35660.6, "pop_density_peak": 36007.7, "v_design": 60, "design_gap": 10}}, {"type": "Feature", "geometry": {"type": "LineString", "coordinates": [[123.8919918, 10.2982746], [123.8918245, 10.2982], [123.8917305, 10.2981544]]}, "properties": {"city": "cebu", "name": "Natalio Bacalso Avenue", "highway": "primary", "v_posted": 60, "posted_imputed": false, "v_safe": 50, "gap": 10, "R": 2.07, "exposure": 1.0, "vru_150m": 5, "sss": 25.0, "recommended": 50, "fatal_reduction_pct": 51.8, "why": "undivided arterial, side-impact intersections", "pop_density": 35313.4, "pop_density_peak": 35313.4, "v_design": 60, "design_gap": 10}}, {"type": "Feature", "geometry": {"type": "LineString", "coordinates": [[123.892398, 10.2984071], [123.8923651, 10.2983995], [123.8921841, 10.2983501]]}, "properties": {"city": "cebu", "name": "Natalio Bacalso Avenue", "highway": "primary", "v_posted": 60, "posted_imputed": false, "v_safe": 50, "gap": 10, "R": 2.07, "exposure": 1.0, "vru_150m": 5, "sss": 25.0, "recommended": 50, "fatal_reduction_pct": 51.8, "why": "undivided arterial, side-impact intersections", "pop_density": 40215.2, "pop_density_peak": 40215.2, "v_design": 60, "design_gap": 10}}, {"type": "Feature", "geometry": {"type": "LineString", "coordinates": [[123.8922192, 10.2982535], [123.8923343, 10.2982833], [123.8924324, 10.2983061]]}, "properties": {"city": "cebu", "name": "Natalio Bacalso Avenue", "highway": "primary", "v_posted": 60, "posted_imputed": false, "v_safe": 50, "gap": 10, "R": 2.07, "exposure": 1.0, "vru_150m": 5, "sss": 25.0, "recommended": 50, "fatal_reduction_pct": 51.8, "why": "undivided arterial, side-impact intersections", "pop_density": 40215.1, "pop_density_peak": 40215.1, "v_design": 60, "design_gap": 10}}, {"type": "Feature", "geometry": {"type": "LineString", "coordinates": [[123.8925285, 10.2984367], [123.892398, 10.2984071]]}, "properties": {"city": "cebu", "name": "Natalio Bacalso Avenue", "highway": "primary", "v_posted": 60, "posted_imputed": false, "v_safe": 50, "gap": 10, "R": 2.07, "exposure": 1.0, "vru_150m": 5, "sss": 25.0, "recommended": 50, "fatal_reduction_pct": 51.8, "why": "undivided arterial, side-impact intersections", "pop_density": 40215.2, "pop_density_peak": 40215.2, "v_design": 60, "design_gap": 10}}, {"type": "Feature", "geometry": {"type": "LineString", "coordinates": [[123.8925262, 10.2983263], [123.8927742, 10.2983743], [123.8929003, 10.2983933]]}, "properties": {"city": "cebu", "name": "Natalio Bacalso Avenue", "highway": "primary", "v_posted": 60, "posted_imputed": false, "v_safe": 50, "gap": 10, "R": 2.07, "exposure": 1.0, "vru_150m": 6, "sss": 25.0, "recommended": 50, "fatal_reduction_pct": 51.8, "why": "undivided arterial, side-impact intersections", "pop_density": 42417.2, "pop_density_peak": 44619.2, "v_design": 60, "design_gap": 10}}, {"type": "Feature", "geometry": {"type": "LineString", "coordinates": [[123.8924324, 10.2983061], [123.8925262, 10.2983263]]}, "properties": {"city": "cebu", "name": "Natalio Bacalso Avenue", "highway": "primary", "v_posted": 60, "posted_imputed": false, "v_safe": 50, "gap": 10, "R": 2.07, "exposure": 1.0, "vru_150m": 5, "sss": 25.0, "recommended": 50, "fatal_reduction_pct": 51.8, "why": "undivided arterial, side-impact intersections", "pop_density": 40215.1, "pop_density_peak": 40215.1, "v_design": 60, "design_gap": 10}}, {"type": "Feature", "geometry": {"type": "LineString", "coordinates": [[123.8933383, 10.2985808], [123.8931, 10.298544], [123.8928969, 10.2985108]]}, "properties": {"city": "cebu", "name": "Natalio Bacalso Avenue", "highway": "primary", "v_posted": 60, "posted_imputed": false, "v_safe": 30, "gap": 30, "R": 16.0, "exposure": 1.0, "vru_150m": 5, "sss": 75.0, "recommended": 30, "fatal_reduction_pct": 93.8, "why": "pedestrian activity (1 VRU site<=50m)", "pop_density": 44619.2, "pop_density_peak": 44619.2, "v_design": 60, "design_gap": 30}}, {"type": "Feature", "geometry": {"type": "LineString", "coordinates": [[123.8954198, 10.2989169], [123.8953077, 10.2988916]]}, "properties": {"city": "cebu", "name": "Natalio Bacalso Avenue", "highway": "primary", "v_posted": 60, "posted_imputed": false, "v_safe": 50, "gap": 10, "R": 2.07, "exposure": 1.0, "vru_150m": 10, "sss": 25.0, "recommended": 50, "fatal_reduction_pct": 51.8, "why": "undivided arterial, side-impact intersections", "pop_density": 43237.3, "pop_density_peak": 44185.1, "v_design": 60, "design_gap": 10}}, {"type": "Feature", "geometry": {"type": "LineString", "coordinates": [[123.895349, 10.2987419], [123.8955433, 10.2988549]]}, "properties": {"city": "cebu", "name": "Natalio Bacalso Avenue", "highway": "primary", "v_posted": 60, "posted_imputed": false, "v_safe": 50, "gap": 10, "R": 2.07, "exposure": 1.0, "vru_150m": 6, "sss": 25.0, "recommended": 50, "fatal_reduction_pct": 51.8, "why": "undivided arterial, side-impact intersections", "pop_density": 41244.5, "pop_density_peak": 42289.4, "v_design": 60, "design_gap": 10}}, {"type": "Feature", "geometry": {"type": "LineString", "coordinates": [[123.8955859, 10.2989416], [123.8954198, 10.2989169]]}, "properties": {"city": "cebu", "name": "Natalio Bacalso Avenue", "highway": "primary", "v_posted": 60, "posted_imputed": false, "v_safe": 50, "gap": 10, "R": 2.07, "exposure": 1.0, "vru_150m": 9, "sss": 25.0, "recommended": 50, "fatal_reduction_pct": 51.8, "why": "undivided arterial, side-impact intersections", "pop_density": 42289.5, "pop_density_peak": 42289.5, "v_design": 60, "design_gap": 10}}, {"type": "Feature", "geometry": {"type": "LineString", "coordinates": [[123.8955433, 10.2988549], [123.8955859, 10.2989416]]}, "properties": {"city": "cebu", "name": "Natalio Bacalso Avenue", "highway": "primary", "v_posted": 60, "posted_imputed": false, "v_safe": 50, "gap": 10, "R": 2.07, "exposure": 1.0, "vru_150m": 6, "sss": 25.0, "recommended": 50, "fatal_reduction_pct": 51.8, "why": "undivided arterial, side-impact intersections", "pop_density": 42289.5, "pop_density_peak": 42289.5, "v_design": 60, "design_gap": 10}}, {"type": "Feature", "geometry": {"type": "LineString", "coordinates": [[123.8955859, 10.2989416], [123.8956355, 10.2989618], [123.8958592, 10.2990692]]}, "properties": {"city": "cebu", "name": "P. del Rosario Street", "highway": "primary", "v_posted": 60, "posted_imputed": false, "v_safe": 50, "gap": 10, "R": 2.07, "exposure": 1.0, "vru_150m": 6, "sss": 25.0, "recommended": 50, "fatal_reduction_pct": 51.8, "why": "undivided arterial, side-impact intersections", "pop_density": 42289.5, "pop_density_peak": 42289.5, "v_design": 60, "design_gap": 10}}, {"type": "Feature", "geometry": {"type": "LineString", "coordinates": [[123.8964927, 10.2994048], [123.8966882, 10.2995041], [123.8967636, 10.2995434]]}, "properties": {"city": "cebu", "name": "P. del Rosario Street", "highway": "primary", "v_posted": 60, "posted_imputed": false, "v_safe": 50, "gap": 10, "R": 2.07, "exposure": 1.0, "vru_150m": 4, "sss": 25.0, "recommended": 50, "fatal_reduction_pct": 51.8, "why": "undivided arterial, side-impact intersections", "pop_density": 37414.9, "pop_density_peak": 37414.9, "v_design": 60, "design_gap": 10}}, {"type": "Feature", "geometry": {"type": "LineString", "coordinates": [[123.8975073, 10.2935607], [123.8972571, 10.2935001]]}, "properties": {"city": "cebu", "name": "Magallanes Street", "highway": "tertiary", "v_posted": 40, "posted_imputed": false, "v_safe": 30, "gap": 10, "R": 3.16, "exposure": 1.0, "vru_150m": 3, "sss": 25.0, "recommended": 30, "fatal_reduction_pct": 68.4, "why": "pedestrian activity (2 VRU site<=50m)", "pop_density": 38816.0, "pop_density_peak": 38816.0, "v_design": 45, "design_gap": 15}}, {"type": "Feature", "geometry": {"type": "LineString", "coordinates": [[123.9015461, 10.2948575], [123.90164, 10.2948206]]}, "properties": {"city": "cebu", "name": "Osme\u00f1a Boulevard", "highway": "secondary", "v_posted": 40, "posted_imputed": false, "v_safe": 30, "gap": 10, "R": 3.16, "exposure": 1.0, "vru_150m": 7, "sss": 25.0, "recommended": 30, "fatal_reduction_pct": 68.4, "why": "pedestrian activity (3 VRU site<=50m)", "pop_density": 13602.9, "pop_density_peak": 13602.9, "v_design": 50, "design_gap": 20}}, {"type": "Feature", "geometry": {"type": "LineString", "coordinates": [[123.9015732, 10.2949558], [123.9015461, 10.2948575]]}, "properties": {"city": "cebu", "name": "Dionisio Jakosalem Street", "highway": "tertiary", "v_posted": 40, "posted_imputed": false, "v_safe": 30, "gap": 10, "R": 3.16, "exposure": 1.0, "vru_150m": 6, "sss": 25.0, "recommended": 30, "fatal_reduction_pct": 68.4, "why": "pedestrian activity (2 VRU site<=50m)", "pop_density": 13602.9, "pop_density_peak": 13602.9, "v_design": 45, "design_gap": 15}}, {"type": "Feature", "geometry": {"type": "LineString", "coordinates": [[123.9021726, 10.2978009], [123.9020583, 10.2977935]]}, "properties": {"city": "cebu", "name": "Colon Street", "highway": "secondary", "v_posted": 40, "posted_imputed": false, "v_safe": 30, "gap": 10, "R": 3.16, "exposure": 0.865, "vru_150m": 4, "sss": 23.3, "recommended": 30, "fatal_reduction_pct": 68.4, "why": "pedestrian activity (1 VRU site<=50m)", "pop_density": 10563.1, "pop_density_peak": 10563.1, "v_design": 50, "design_gap": 20}}, {"type": "Feature", "geometry": {"type": "LineString", "coordinates": [[123.9020583, 10.2977935], [123.9020798, 10.2976593]]}, "properties": {"city": "cebu", "name": "Dionisio Jakosalem Street", "highway": "tertiary", "v_posted": 40, "posted_imputed": false, "v_safe": 30, "gap": 10, "R": 3.16, "exposure": 0.865, "vru_150m": 4, "sss": 23.3, "recommended": 30, "fatal_reduction_pct": 68.4, "why": "pedestrian activity (1 VRU site<=50m)", "pop_density": 10563.1, "pop_density_peak": 10563.1, "v_design": 45, "design_gap": 15}}, {"type": "Feature", "geometry": {"type": "LineString", "coordinates": [[123.9024873, 10.2931796], [123.9023895, 10.292962], [123.9023622, 10.2929008], [123.902297, 10.2927553], [123.9022491, 10.2926486]]}, "properties": {"city": "cebu", "name": "P. Burgos Street", "highway": "tertiary", "v_posted": 40, "posted_imputed": false, "v_safe": 30, "gap": 10, "R": 3.16, "exposure": 1.0, "vru_150m": 9, "sss": 25.0, "recommended": 30, "fatal_reduction_pct": 68.4, "why": "pedestrian activity (1 VRU site<=50m)", "pop_density": 15840.9, "pop_density_peak": 18232.0, "v_design": 45, "design_gap": 15}}, {"type": "Feature", "geometry": {"type": "LineString", "coordinates": [[123.8977176, 10.3027618], [123.8977857, 10.3027852]]}, "properties": {"city": "cebu", "name": "R.R. Landon Street", "highway": "tertiary", "v_posted": 40, "posted_imputed": false, "v_safe": 30, "gap": 10, "R": 3.16, "exposure": 0.875, "vru_150m": 3, "sss": 23.4, "recommended": 30, "fatal_reduction_pct": 68.4, "why": "pedestrian activity (1 VRU site<=50m)", "pop_density": 22251.2, "pop_density_peak": 22251.2, "v_design": 45, "design_gap": 15}}, {"type": "Feature", "geometry": {"type": "LineString", "coordinates": [[123.8967778, 10.2998773], [123.8967311, 10.3000166], [123.8966218, 10.3003459], [123.8963782, 10.3010262], [123.8963119, 10.3012111], [123.8962626, 10.3013479], [123.8960046, 10.3020603], [123.8959604, 10.3021684]]}, "properties": {"city": "cebu", "name": "Osme\u00f1a Boulevard", "highway": "secondary", "v_posted": 50, "posted_imputed": false, "v_safe": 30, "gap": 20, "R": 7.72, "exposure": 1.0, "vru_150m": 5, "sss": 50.0, "recommended": 30, "fatal_reduction_pct": 87.0, "why": "pedestrian activity (2 VRU site<=50m)", "pop_density": 41166.8, "pop_density_peak": 47096.1, "v_design": 50, "design_gap": 20}}, {"type": "Feature", "geometry": {"type": "LineString", "coordinates": [[123.8960013, 10.2973116], [123.8959809, 10.2973833], [123.8958104, 10.297982], [123.8956583, 10.298501]]}, "properties": {"city": "cebu", "name": "Leon Kilat Street", "highway": "tertiary", "v_posted": 40, "posted_imputed": false, "v_safe": 30, "gap": 10, "R": 3.16, "exposure": 1.0, "vru_150m": 4, "sss": 25.0, "recommended": 30, "fatal_reduction_pct": 68.4, "why": "pedestrian activity (2 VRU site<=50m)", "pop_density": 39360.1, "pop_density_peak": 40199.6, "v_design": 45, "design_gap": 15}}, {"type": "Feature", "geometry": {"type": "LineString", "coordinates": [[123.8894129, 10.2972962], [123.8895265, 10.297309]]}, "properties": {"city": "cebu", "name": "Natalio Bacalso Avenue", "highway": "primary", "v_posted": 60, "posted_imputed": false, "v_safe": 50, "gap": 10, "R": 2.07, "exposure": 1.0, "vru_150m": 3, "sss": 25.0, "recommended": 50, "fatal_reduction_pct": 51.8, "why": "undivided arterial, side-impact intersections", "pop_density": 35701.5, "pop_density_peak": 36106.3, "v_design": 60, "design_gap": 10}}, {"type": "Feature", "geometry": {"type": "LineString", "coordinates": [[123.8894532, 10.297424], [123.8893909, 10.2974198]]}, "properties": {"city": "cebu", "name": "Natalio Bacalso Avenue", "highway": "primary", "v_posted": 60, "posted_imputed": false, "v_safe": 30, "gap": 30, "R": 16.0, "exposure": 1.0, "vru_150m": 3, "sss": 75.0, "recommended": 30, "fatal_reduction_pct": 93.8, "why": "pedestrian activity (1 VRU site<=50m)", "pop_density": 35296.8, "pop_density_peak": 35296.8, "v_design": 60, "design_gap": 30}}, {"type": "Feature", "geometry": {"type": "LineString", "coordinates": [[123.8893909, 10.2974198], [123.8890373, 10.2973819], [123.8889612, 10.2973746]]}, "properties": {"city": "cebu", "name": "Natalio Bacalso Avenue", "highway": "primary", "v_posted": 60, "posted_imputed": false, "v_safe": 30, "gap": 30, "R": 16.0, "exposure": 1.0, "vru_150m": 2, "sss": 75.0, "recommended": 30, "fatal_reduction_pct": 93.8, "why": "pedestrian activity (1 VRU site<=50m)", "pop_density": 35296.8, "pop_density_peak": 35296.8, "v_design": 60, "design_gap": 30}}, {"type": "Feature", "geometry": {"type": "LineString", "coordinates": [[123.8889836, 10.2972493], [123.8894129, 10.2972962]]}, "properties": {"city": "cebu", "name": "Natalio Bacalso Avenue", "highway": "primary", "v_posted": 60, "posted_imputed": false, "v_safe": 30, "gap": 30, "R": 16.0, "exposure": 1.0, "vru_150m": 3, "sss": 75.0, "recommended": 30, "fatal_reduction_pct": 93.8, "why": "pedestrian activity (1 VRU site<=50m)", "pop_density": 35296.8, "pop_density_peak": 35296.8, "v_design": 60, "design_gap": 30}}, {"type": "Feature", "geometry": {"type": "LineString", "coordinates": [[123.8941544, 10.2945257], [123.8940162, 10.2944814]]}, "properties": {"city": "cebu", "name": "Colon Street", "highway": "secondary", "v_posted": 40, "posted_imputed": false, "v_safe": 30, "gap": 10, "R": 3.16, "exposure": 1.0, "vru_150m": 1, "sss": 25.0, "recommended": 30, "fatal_reduction_pct": 68.4, "why": "pedestrian activity (1 VRU site<=50m)", "pop_density": 33252.0, "pop_density_peak": 33252.0, "v_design": 50, "design_gap": 20}}, {"type": "Feature", "geometry": {"type": "LineString", "coordinates": [[123.8942748, 10.294569], [123.8941544, 10.2945257]]}, "properties": {"city": "cebu", "name": "Colon Street", "highway": "secondary", "v_posted": 40, "posted_imputed": false, "v_safe": 30, "gap": 10, "R": 3.16, "exposure": 1.0, "vru_150m": 1, "sss": 25.0, "recommended": 30, "fatal_reduction_pct": 68.4, "why": "pedestrian activity (1 VRU site<=50m)", "pop_density": 33252.0, "pop_density_peak": 33252.0, "v_design": 50, "design_gap": 20}}, {"type": "Feature", "geometry": {"type": "LineString", "coordinates": [[123.8949804, 10.2986137], [123.8950921, 10.2986453], [123.8951289, 10.2986568], [123.895227, 10.2986905], [123.8952853, 10.2987151], [123.895349, 10.2987419]]}, "properties": {"city": "cebu", "name": "Natalio Bacalso Avenue", "highway": "primary", "v_posted": 60, "posted_imputed": false, "v_safe": 30, "gap": 30, "R": 16.0, "exposure": 1.0, "vru_150m": 9, "sss": 75.0, "recommended": 30, "fatal_reduction_pct": 93.8, "why": "pedestrian activity (1 VRU site<=50m)", "pop_density": 42192.1, "pop_density_peak": 44184.6, "v_design": 60, "design_gap": 30}}, {"type": "Feature", "geometry": {"type": "LineString", "coordinates": [[123.9012816, 10.2938428], [123.9012678, 10.2937828], [123.9012416, 10.2936781], [123.9011519, 10.2933088]]}, "properties": {"city": "cebu", "name": "Dionisio Jakosalem Street", "highway": "tertiary", "v_posted": 40, "posted_imputed": false, "v_safe": 30, "gap": 10, "R": 3.16, "exposure": 1.0, "vru_150m": 7, "sss": 25.0, "recommended": 30, "fatal_reduction_pct": 68.4, "why": "pedestrian activity (1 VRU site<=50m)", "pop_density": 14670.5, "pop_density_peak": 15753.8, "v_design": 45, "design_gap": 15}}, {"type": "Feature", "geometry": {"type": "LineString", "coordinates": [[123.8996071, 10.2970704], [123.8995773, 10.2970532], [123.8993314, 10.2968954]]}, "properties": {"city": "cebu", "name": "Colon Street", "highway": "secondary", "v_posted": 40, "posted_imputed": false, "v_safe": 30, "gap": 10, "R": 3.16, "exposure": 1.0, "vru_150m": 5, "sss": 25.0, "recommended": 30, "fatal_reduction_pct": 68.4, "why": "pedestrian activity (2 VRU site<=50m)", "pop_density": 12234.3, "pop_density_peak": 15237.3, "v_design": 50, "design_gap": 20}}, {"type": "Feature", "geometry": {"type": "LineString", "coordinates": [[123.9037696, 10.2987593], [123.9038013, 10.2989803], [123.9038937, 10.2994722]]}, "properties": {"city": "cebu", "name": "Mabini Street", "highway": "secondary", "v_posted": 40, "posted_imputed": false, "v_safe": 30, "gap": 10, "R": 3.16, "exposure": 1.0, "vru_150m": 3, "sss": 25.0, "recommended": 30, "fatal_reduction_pct": 68.4, "why": "pedestrian activity (1 VRU site<=50m)", "pop_density": 36828.1, "pop_density_peak": 39883.3, "v_design": 50, "design_gap": 20}}, {"type": "Feature", "geometry": {"type": "LineString", "coordinates": [[123.8796332, 10.2928384], [123.8795896, 10.2928031], [123.8793415, 10.2926368]]}, "properties": {"city": "cebu", "name": "Natalio Bacalso Avenue", "highway": "primary", "v_posted": 60, "posted_imputed": false, "v_safe": 50, "gap": 10, "R": 2.07, "exposure": 0.737, "vru_150m": 0, "sss": 21.7, "recommended": 50, "fatal_reduction_pct": 51.8, "why": "undivided arterial, side-impact intersections", "pop_density": 23850.3, "pop_density_peak": 27738.1, "v_design": 60, "design_gap": 10}}, {"type": "Feature", "geometry": {"type": "LineString", "coordinates": [[123.8814592, 10.2942168], [123.8813857, 10.2941652], [123.8812095, 10.2940387], [123.8810155, 10.293898], [123.8805583, 10.2935705], [123.8804956, 10.2934946]]}, "properties": {"city": "cebu", "name": "Natalio Bacalso Avenue", "highway": "primary", "v_posted": 60, "posted_imputed": false, "v_safe": 30, "gap": 30, "R": 16.0, "exposure": 0.851, "vru_150m": 2, "sss": 69.4, "recommended": 30, "fatal_reduction_pct": 93.8, "why": "pedestrian activity (1 VRU site<=50m)", "pop_density": 24327.5, "pop_density_peak": 33542.9, "v_design": 60, "design_gap": 30}}, {"type": "Feature", "geometry": {"type": "LineString", "coordinates": [[123.9065679, 10.3019228], [123.906566, 10.3019841], [123.9065406, 10.3022045], [123.9064607, 10.3027896]]}, "properties": {"city": "cebu", "name": "M.J. Cuenco Avenue", "highway": "secondary", "v_posted": 40, "posted_imputed": false, "v_safe": 30, "gap": 10, "R": 3.16, "exposure": 1.0, "vru_150m": 6, "sss": 25.0, "recommended": 30, "fatal_reduction_pct": 68.4, "why": "pedestrian activity (2 VRU site<=50m)", "pop_density": 37550.1, "pop_density_peak": 38106.8, "v_design": 50, "design_gap": 20}}, {"type": "Feature", "geometry": {"type": "LineString", "coordinates": [[123.9007389, 10.2952158], [123.9009642, 10.2951192]]}, "properties": {"city": "cebu", "name": "Osme\u00f1a Boulevard", "highway": "secondary", "v_posted": 40, "posted_imputed": false, "v_safe": 30, "gap": 10, "R": 3.16, "exposure": 1.0, "vru_150m": 7, "sss": 25.0, "recommended": 30, "fatal_reduction_pct": 68.4, "why": "pedestrian activity (1 VRU site<=50m)", "pop_density": 14656.4, "pop_density_peak": 14656.4, "v_design": 50, "design_gap": 20}}, {"type": "Feature", "geometry": {"type": "LineString", "coordinates": [[123.8917742, 10.2980574], [123.891872, 10.2981075], [123.8920367, 10.2981786]]}, "properties": {"city": "cebu", "name": "Natalio Bacalso Avenue", "highway": "primary", "v_posted": 60, "posted_imputed": false, "v_safe": 50, "gap": 10, "R": 2.07, "exposure": 1.0, "vru_150m": 5, "sss": 25.0, "recommended": 50, "fatal_reduction_pct": 51.8, "why": "undivided arterial, side-impact intersections", "pop_density": 37764.3, "pop_density_peak": 40215.1, "v_design": 60, "design_gap": 10}}, {"type": "Feature", "geometry": {"type": "LineString", "coordinates": [[123.8975196, 10.2977659], [123.8974603, 10.297745]]}, "properties": {"city": "cebu", "name": "Sanciangko Street", "highway": "tertiary", "v_posted": 40, "posted_imputed": false, "v_safe": 30, "gap": 10, "R": 3.16, "exposure": 0.994, "vru_150m": 4, "sss": 24.9, "recommended": 30, "fatal_reduction_pct": 68.4, "why": "pedestrian activity (1 VRU site<=50m)", "pop_density": 31393.0, "pop_density_peak": 31393.0, "v_design": 45, "design_gap": 15}}, {"type": "Feature", "geometry": {"type": "LineString", "coordinates": [[123.8985237, 10.2961868], [123.8988426, 10.2960376]]}, "properties": {"city": "cebu", "name": "Osme\u00f1a Boulevard", "highway": "secondary", "v_posted": 40, "posted_imputed": false, "v_safe": 30, "gap": 10, "R": 3.16, "exposure": 1.0, "vru_150m": 8, "sss": 25.0, "recommended": 30, "fatal_reduction_pct": 68.4, "why": "pedestrian activity (2 VRU site<=50m)", "pop_density": 24226.5, "pop_density_peak": 26071.1, "v_design": 50, "design_gap": 20}}, {"type": "Feature", "geometry": {"type": "LineString", "coordinates": [[123.8823765, 10.2829235], [123.8823028, 10.2829921]]}, "properties": {"city": "cebu", "name": "F. Vestil Street", "highway": "secondary", "v_posted": 40, "posted_imputed": false, "v_safe": 30, "gap": 10, "R": 3.16, "exposure": 0.619, "vru_150m": 2, "sss": 20.2, "recommended": 30, "fatal_reduction_pct": 68.4, "why": "pedestrian activity (1 VRU site<=50m)", "pop_density": 11779.2, "pop_density_peak": 11779.2, "v_design": 50, "design_gap": 20}}, {"type": "Feature", "geometry": {"type": "LineString", "coordinates": [[123.8822439, 10.2829251], [123.8823178, 10.2828567]]}, "properties": {"city": "cebu", "name": "F. Vestil Street", "highway": "secondary", "v_posted": 40, "posted_imputed": false, "v_safe": 30, "gap": 10, "R": 3.16, "exposure": 0.619, "vru_150m": 2, "sss": 20.2, "recommended": 30, "fatal_reduction_pct": 68.4, "why": "pedestrian activity (1 VRU site<=50m)", "pop_density": 11779.2, "pop_density_peak": 11779.2, "v_design": 50, "design_gap": 20}}, {"type": "Feature", "geometry": {"type": "LineString", "coordinates": [[123.8822044, 10.2829617], [123.8822439, 10.2829251]]}, "properties": {"city": "cebu", "name": "F. Vestil Street", "highway": "secondary", "v_posted": 40, "posted_imputed": false, "v_safe": 30, "gap": 10, "R": 3.16, "exposure": 0.619, "vru_150m": 2, "sss": 20.2, "recommended": 30, "fatal_reduction_pct": 68.4, "why": "pedestrian activity (1 VRU site<=50m)", "pop_density": 11779.2, "pop_density_peak": 11779.2, "v_design": 50, "design_gap": 20}}, {"type": "Feature", "geometry": {"type": "LineString", "coordinates": [[123.879194, 10.2925295], [123.8789194, 10.2923298]]}, "properties": {"city": "cebu", "name": "Natalio Bacalso Avenue", "highway": "primary", "v_posted": 60, "posted_imputed": false, "v_safe": 50, "gap": 10, "R": 2.07, "exposure": 0.694, "vru_150m": 1, "sss": 21.2, "recommended": 50, "fatal_reduction_pct": 51.8, "why": "undivided arterial, side-impact intersections", "pop_density": 19962.5, "pop_density_peak": 19962.5, "v_design": 60, "design_gap": 10}}, {"type": "Feature", "geometry": {"type": "LineString", "coordinates": [[123.8804346, 10.2934126], [123.8805287, 10.293444]]}, "properties": {"city": "cebu", "name": "Natalio Bacalso Avenue", "highway": "primary", "v_posted": 60, "posted_imputed": false, "v_safe": 50, "gap": 10, "R": 2.07, "exposure": 1.0, "vru_150m": 1, "sss": 25.0, "recommended": 50, "fatal_reduction_pct": 51.8, "why": "undivided arterial, side-impact intersections", "pop_density": 33542.9, "pop_density_peak": 33542.9, "v_design": 60, "design_gap": 10}}, {"type": "Feature", "geometry": {"type": "LineString", "coordinates": [[123.8804956, 10.2934946], [123.8804346, 10.2934126]]}, "properties": {"city": "cebu", "name": "Natalio Bacalso Avenue", "highway": "primary", "v_posted": 60, "posted_imputed": false, "v_safe": 50, "gap": 10, "R": 2.07, "exposure": 1.0, "vru_150m": 1, "sss": 25.0, "recommended": 50, "fatal_reduction_pct": 51.8, "why": "undivided arterial, side-impact intersections", "pop_density": 33542.9, "pop_density_peak": 33542.9, "v_design": 60, "design_gap": 10}}, {"type": "Feature", "geometry": {"type": "LineString", "coordinates": [[123.8944223, 10.3060737], [123.8945524, 10.3057], [123.8945869, 10.3055942]]}, "properties": {"city": "cebu", "name": "Osme\u00f1a Boulevard", "highway": "secondary", "v_posted": 50, "posted_imputed": false, "v_safe": 30, "gap": 20, "R": 7.72, "exposure": 1.0, "vru_150m": 5, "sss": 50.0, "recommended": 30, "fatal_reduction_pct": 87.0, "why": "pedestrian activity (1 VRU site<=50m)", "pop_density": 29198.4, "pop_density_peak": 29859.6, "v_design": 50, "design_gap": 20}}, {"type": "Feature", "geometry": {"type": "LineString", "coordinates": [[123.9004424, 10.2922161], [123.901032, 10.2923599], [123.9011156, 10.2923682]]}, "properties": {"city": "cebu", "name": "M.C. Briones Street", "highway": "tertiary", "v_posted": 40, "posted_imputed": false, "v_safe": 30, "gap": 10, "R": 3.16, "exposure": 1.0, "vru_150m": 7, "sss": 25.0, "recommended": 30, "fatal_reduction_pct": 68.4, "why": "pedestrian activity (1 VRU site<=50m)", "pop_density": 18384.3, "pop_density_peak": 18384.3, "v_design": 45, "design_gap": 15}}, {"type": "Feature", "geometry": {"type": "LineString", "coordinates": [[123.8999543, 10.295564], [123.9002345, 10.2954426], [123.9003238, 10.295399]]}, "properties": {"city": "cebu", "name": "Osme\u00f1a Boulevard", "highway": "secondary", "v_posted": 40, "posted_imputed": false, "v_safe": 30, "gap": 10, "R": 3.16, "exposure": 1.0, "vru_150m": 7, "sss": 25.0, "recommended": 30, "fatal_reduction_pct": 68.4, "why": "pedestrian activity (2 VRU site<=50m)", "pop_density": 18402.6, "pop_density_peak": 20471.3, "v_design": 50, "design_gap": 20}}, {"type": "Feature", "geometry": {"type": "LineString", "coordinates": [[123.8991704, 10.2959005], [123.8994102, 10.2957931], [123.8995207, 10.2957454]]}, "properties": {"city": "cebu", "name": "Osme\u00f1a Boulevard", "highway": "secondary", "v_posted": 40, "posted_imputed": false, "v_safe": 30, "gap": 10, "R": 3.16, "exposure": 1.0, "vru_150m": 6, "sss": 25.0, "recommended": 30, "fatal_reduction_pct": 68.4, "why": "pedestrian activity (1 VRU site<=50m)", "pop_density": 19357.9, "pop_density_peak": 22381.9, "v_design": 50, "design_gap": 20}}, {"type": "Feature", "geometry": {"type": "LineString", "coordinates": [[123.8993314, 10.2968954], [123.8992035, 10.2968226], [123.8990448, 10.2967376]]}, "properties": {"city": "cebu", "name": "Colon Street", "highway": "secondary", "v_posted": 40, "posted_imputed": false, "v_safe": 30, "gap": 10, "R": 3.16, "exposure": 1.0, "vru_150m": 6, "sss": 25.0, "recommended": 30, "fatal_reduction_pct": 68.4, "why": "pedestrian activity (1 VRU site<=50m)", "pop_density": 15237.3, "pop_density_peak": 15237.3, "v_design": 50, "design_gap": 20}}, {"type": "Feature", "geometry": {"type": "LineString", "coordinates": [[123.9009642, 10.2951192], [123.9013083, 10.294968]]}, "properties": {"city": "cebu", "name": "Osme\u00f1a Boulevard", "highway": "secondary", "v_posted": 40, "posted_imputed": false, "v_safe": 30, "gap": 10, "R": 3.16, "exposure": 1.0, "vru_150m": 8, "sss": 25.0, "recommended": 30, "fatal_reduction_pct": 68.4, "why": "pedestrian activity (2 VRU site<=50m)", "pop_density": 14129.7, "pop_density_peak": 14656.4, "v_design": 50, "design_gap": 20}}, {"type": "Feature", "geometry": {"type": "LineString", "coordinates": [[123.9014426, 10.2944748], [123.9013619, 10.2941522]]}, "properties": {"city": "cebu", "name": "Dionisio Jakosalem Street", "highway": "tertiary", "v_posted": 40, "posted_imputed": false, "v_safe": 30, "gap": 10, "R": 3.16, "exposure": 1.0, "vru_150m": 7, "sss": 25.0, "recommended": 30, "fatal_reduction_pct": 68.4, "why": "pedestrian activity (1 VRU site<=50m)", "pop_density": 13587.1, "pop_density_peak": 13587.1, "v_design": 45, "design_gap": 15}}, {"type": "Feature", "geometry": {"type": "LineString", "coordinates": [[123.9033585, 10.2949081], [123.903251, 10.2946862], [123.9030345, 10.2942242]]}, "properties": {"city": "cebu", "name": "P. Burgos Street", "highway": "tertiary", "v_posted": 40, "posted_imputed": false, "v_safe": 30, "gap": 10, "R": 3.16, "exposure": 1.0, "vru_150m": 6, "sss": 25.0, "recommended": 30, "fatal_reduction_pct": 68.4, "why": "pedestrian activity (1 VRU site<=50m)", "pop_density": 15203.0, "pop_density_peak": 15517.8, "v_design": 45, "design_gap": 15}}, {"type": "Feature", "geometry": {"type": "LineString", "coordinates": [[123.8946189, 10.3059366], [123.8945527, 10.3061242], [123.8944149, 10.306515]]}, "properties": {"city": "cebu", "name": "Osme\u00f1a Boulevard", "highway": "secondary", "v_posted": 50, "posted_imputed": false, "v_safe": 30, "gap": 20, "R": 7.72, "exposure": 0.964, "vru_150m": 4, "sss": 49.1, "recommended": 30, "fatal_reduction_pct": 87.0, "why": "pedestrian activity (2 VRU site<=50m)", "pop_density": 26442.5, "pop_density_peak": 29859.7, "v_design": 50, "design_gap": 20}}, {"type": "Feature", "geometry": {"type": "LineString", "coordinates": [[123.8948086, 10.3053939], [123.8947527, 10.3055538], [123.8947464, 10.3055718], [123.8947373, 10.305598], [123.8947206, 10.3056458]]}, "properties": {"city": "cebu", "name": "Osme\u00f1a Boulevard", "highway": "secondary", "v_posted": 50, "posted_imputed": false, "v_safe": 30, "gap": 20, "R": 7.72, "exposure": 1.0, "vru_150m": 5, "sss": 50.0, "recommended": 30, "fatal_reduction_pct": 87.0, "why": "pedestrian activity (1 VRU site<=50m)", "pop_density": 31990.1, "pop_density_peak": 34120.5, "v_design": 50, "design_gap": 20}}, {"type": "Feature", "geometry": {"type": "LineString", "coordinates": [[123.8945869, 10.3055942], [123.8946163, 10.3055112], [123.8946932, 10.3052939]]}, "properties": {"city": "cebu", "name": "Osme\u00f1a Boulevard", "highway": "secondary", "v_posted": 50, "posted_imputed": false, "v_safe": 30, "gap": 20, "R": 7.72, "exposure": 1.0, "vru_150m": 5, "sss": 50.0, "recommended": 30, "fatal_reduction_pct": 87.0, "why": "pedestrian activity (1 VRU site<=50m)", "pop_density": 31990.0, "pop_density_peak": 34120.5, "v_design": 50, "design_gap": 20}}, {"type": "Feature", "geometry": {"type": "LineString", "coordinates": [[123.8947206, 10.3056458], [123.8946189, 10.3059366]]}, "properties": {"city": "cebu", "name": "Osme\u00f1a Boulevard", "highway": "secondary", "v_posted": 50, "posted_imputed": false, "v_safe": 30, "gap": 20, "R": 7.72, "exposure": 0.985, "vru_150m": 4, "sss": 49.6, "recommended": 30, "fatal_reduction_pct": 87.0, "why": "pedestrian activity (2 VRU site<=50m)", "pop_density": 29859.6, "pop_density_peak": 29859.7, "v_design": 50, "design_gap": 20}}, {"type": "Feature", "geometry": {"type": "LineString", "coordinates": [[123.8988426, 10.2960376], [123.8991704, 10.2959005]]}, "properties": {"city": "cebu", "name": "Osme\u00f1a Boulevard", "highway": "secondary", "v_posted": 40, "posted_imputed": false, "v_safe": 30, "gap": 10, "R": 3.16, "exposure": 1.0, "vru_150m": 8, "sss": 25.0, "recommended": 30, "fatal_reduction_pct": 68.4, "why": "pedestrian activity (2 VRU site<=50m)", "pop_density": 22381.9, "pop_density_peak": 22381.9, "v_design": 50, "design_gap": 20}}, {"type": "Feature", "geometry": {"type": "LineString", "coordinates": [[123.9005474, 10.2953014], [123.9007389, 10.2952158]]}, "properties": {"city": "cebu", "name": "Osme\u00f1a Boulevard", "highway": "secondary", "v_posted": 40, "posted_imputed": false, "v_safe": 30, "gap": 10, "R": 3.16, "exposure": 1.0, "vru_150m": 7, "sss": 25.0, "recommended": 30, "fatal_reduction_pct": 68.4, "why": "pedestrian activity (1 VRU site<=50m)", "pop_density": 14656.4, "pop_density_peak": 14656.4, "v_design": 50, "design_gap": 20}}, {"type": "Feature", "geometry": {"type": "LineString", "coordinates": [[123.8888443, 10.2968807], [123.8887154, 10.2968529], [123.888617, 10.296832]]}, "properties": {"city": "cebu", "name": "Tres de Abril Street", "highway": "tertiary", "v_posted": 40, "posted_imputed": false, "v_safe": 30, "gap": 10, "R": 3.16, "exposure": 1.0, "vru_150m": 5, "sss": 25.0, "recommended": 30, "fatal_reduction_pct": 68.4, "why": "pedestrian activity (1 VRU site<=50m)", "pop_density": 32086.4, "pop_density_peak": 32230.9, "v_design": 45, "design_gap": 15}}, {"type": "Feature", "geometry": {"type": "LineString", "coordinates": [[123.9020583, 10.2977935], [123.9019454, 10.2977845], [123.9018798, 10.2977788], [123.9016894, 10.2977639]]}, "properties": {"city": "cebu", "name": "Colon Street", "highway": "secondary", "v_posted": 40, "posted_imputed": false, "v_safe": 30, "gap": 10, "R": 3.16, "exposure": 0.861, "vru_150m": 4, "sss": 23.3, "recommended": 30, "fatal_reduction_pct": 68.4, "why": "pedestrian activity (1 VRU site<=50m)", "pop_density": 9868.5, "pop_density_peak": 10563.1, "v_design": 50, "design_gap": 20}}, {"type": "Feature", "geometry": {"type": "LineString", "coordinates": [[123.8917305, 10.2981544], [123.8915684, 10.2980757], [123.8914898, 10.2980374]]}, "properties": {"city": "cebu", "name": "Natalio Bacalso Avenue", "highway": "primary", "v_posted": 60, "posted_imputed": false, "v_safe": 50, "gap": 10, "R": 2.07, "exposure": 1.0, "vru_150m": 5, "sss": 25.0, "recommended": 50, "fatal_reduction_pct": 51.8, "why": "undivided arterial, side-impact intersections", "pop_density": 35313.4, "pop_density_peak": 35313.4, "v_design": 60, "design_gap": 10}}, {"type": "Feature", "geometry": {"type": "LineString", "coordinates": [[123.8841091, 10.2959219], [123.8843977, 10.2960901], [123.8846938, 10.2962517]]}, "properties": {"city": "cebu", "name": "Natalio Bacalso Avenue", "highway": "primary", "v_posted": 60, "posted_imputed": false, "v_safe": 50, "gap": 10, "R": 2.07, "exposure": 1.0, "vru_150m": 0, "sss": 25.0, "recommended": 50, "fatal_reduction_pct": 51.8, "why": "undivided arterial, side-impact intersections", "pop_density": 66759.4, "pop_density_peak": 70512.9, "v_design": 60, "design_gap": 10}}, {"type": "Feature", "geometry": {"type": "LineString", "coordinates": [[123.8837152, 10.2956567], [123.883922, 10.2958041], [123.8841091, 10.2959219]]}, "properties": {"city": "cebu", "name": "Natalio Bacalso Avenue", "highway": "primary", "v_posted": 60, "posted_imputed": false, "v_safe": 50, "gap": 10, "R": 2.07, "exposure": 1.0, "vru_150m": 3, "sss": 25.0, "recommended": 50, "fatal_reduction_pct": 51.8, "why": "undivided arterial, side-impact intersections", "pop_density": 63006.0, "pop_density_peak": 63006.0, "v_design": 60, "design_gap": 10}}, {"type": "Feature", "geometry": {"type": "LineString", "coordinates": [[123.8840409, 10.2960326], [123.8838524, 10.2959104], [123.883637, 10.2957707]]}, "properties": {"city": "cebu", "name": "Natalio Bacalso Avenue", "highway": "primary", "v_posted": 60, "posted_imputed": false, "v_safe": 50, "gap": 10, "R": 2.07, "exposure": 1.0, "vru_150m": 3, "sss": 25.0, "recommended": 50, "fatal_reduction_pct": 51.8, "why": "undivided arterial, side-impact intersections", "pop_density": 55541.7, "pop_density_peak": 63006.0, "v_design": 60, "design_gap": 10}}, {"type": "Feature", "geometry": {"type": "LineString", "coordinates": [[123.883637, 10.2957707], [123.8835263, 10.2956983], [123.8833252, 10.2955532], [123.8828499, 10.2952063], [123.8827871, 10.29516]]}, "properties": {"city": "cebu", "name": "Natalio Bacalso Avenue", "highway": "primary", "v_posted": 60, "posted_imputed": false, "v_safe": 30, "gap": 30, "R": 16.0, "exposure": 1.0, "vru_150m": 3, "sss": 75.0, "recommended": 30, "fatal_reduction_pct": 93.8, "why": "pedestrian activity (2 VRU site<=50m)", "pop_density": 41461.9, "pop_density_peak": 48077.5, "v_design": 60, "design_gap": 30}}, {"type": "Feature", "geometry": {"type": "LineString", "coordinates": [[123.8846938, 10.2962517], [123.8851483, 10.2964655]]}, "properties": {"city": "cebu", "name": "Natalio Bacalso Avenue", "highway": "primary", "v_posted": 60, "posted_imputed": false, "v_safe": 50, "gap": 10, "R": 2.07, "exposure": 1.0, "vru_150m": 0, "sss": 25.0, "recommended": 50, "fatal_reduction_pct": 51.8, "why": "undivided arterial, side-impact intersections", "pop_density": 66814.5, "pop_density_peak": 70512.9, "v_design": 60, "design_gap": 10}}, {"type": "Feature", "geometry": {"type": "LineString", "coordinates": [[123.8851483, 10.2964655], [123.8855006, 10.2966073], [123.8857318, 10.296677], [123.8858177, 10.2967036]]}, "properties": {"city": "cebu", "name": "Natalio Bacalso Avenue", "highway": "primary", "v_posted": 60, "posted_imputed": false, "v_safe": 50, "gap": 10, "R": 2.07, "exposure": 1.0, "vru_150m": 3, "sss": 25.0, "recommended": 50, "fatal_reduction_pct": 51.8, "why": "undivided arterial, side-impact intersections", "pop_density": 66440.2, "pop_density_peak": 69764.1, "v_design": 60, "design_gap": 10}}, {"type": "Feature", "geometry": {"type": "LineString", "coordinates": [[123.8851028, 10.2965697], [123.8850699, 10.2965548], [123.8849177, 10.2964862], [123.8846329, 10.2963559]]}, "properties": {"city": "cebu", "name": "Natalio Bacalso Avenue", "highway": "primary", "v_posted": 60, "posted_imputed": false, "v_safe": 50, "gap": 10, "R": 2.07, "exposure": 1.0, "vru_150m": 0, "sss": 25.0, "recommended": 50, "fatal_reduction_pct": 51.8, "why": "undivided arterial, side-impact intersections", "pop_density": 63116.2, "pop_density_peak": 63116.2, "v_design": 60, "design_gap": 10}}, {"type": "Feature", "geometry": {"type": "LineString", "coordinates": [[123.8872135, 10.2971728], [123.8869743, 10.2971359], [123.8866866, 10.2970764], [123.88643, 10.2970135]]}, "properties": {"city": "cebu", "name": "Natalio Bacalso Avenue", "highway": "primary", "v_posted": 60, "posted_imputed": false, "v_safe": 30, "gap": 30, "R": 16.0, "exposure": 1.0, "vru_150m": 8, "sss": 75.0, "recommended": 30, "fatal_reduction_pct": 93.8, "why": "pedestrian activity (1 VRU site<=50m)", "pop_density": 54396.4, "pop_density_peak": 62785.4, "v_design": 60, "design_gap": 30}}, {"type": "Feature", "geometry": {"type": "LineString", "coordinates": [[123.8857617, 10.2968257], [123.8856903, 10.2967997], [123.8854639, 10.2967198], [123.8851028, 10.2965697]]}, "properties": {"city": "cebu", "name": "Natalio Bacalso Avenue", "highway": "primary", "v_posted": 60, "posted_imputed": false, "v_safe": 50, "gap": 10, "R": 2.07, "exposure": 1.0, "vru_150m": 0, "sss": 25.0, "recommended": 50, "fatal_reduction_pct": 51.8, "why": "undivided arterial, side-impact intersections", "pop_density": 66440.2, "pop_density_peak": 69764.2, "v_design": 60, "design_gap": 10}}, {"type": "Feature", "geometry": {"type": "LineString", "coordinates": [[123.8881245, 10.2972873], [123.8879932, 10.2972721]]}, "properties": {"city": "cebu", "name": "Natalio Bacalso Avenue", "highway": "primary", "v_posted": 60, "posted_imputed": false, "v_safe": 50, "gap": 10, "R": 2.07, "exposure": 1.0, "vru_150m": 7, "sss": 25.0, "recommended": 50, "fatal_reduction_pct": 51.8, "why": "undivided arterial, side-impact intersections", "pop_density": 32211.2, "pop_density_peak": 32211.2, "v_design": 60, "design_gap": 10}}, {"type": "Feature", "geometry": {"type": "LineString", "coordinates": [[123.8929003, 10.2983933], [123.8931242, 10.2984195]]}, "properties": {"city": "cebu", "name": "Natalio Bacalso Avenue", "highway": "primary", "v_posted": 60, "posted_imputed": false, "v_safe": 30, "gap": 30, "R": 16.0, "exposure": 1.0, "vru_150m": 6, "sss": 75.0, "recommended": 30, "fatal_reduction_pct": 93.8, "why": "pedestrian activity (1 VRU site<=50m)", "pop_density": 44619.2, "pop_density_peak": 44619.2, "v_design": 60, "design_gap": 30}}, {"type": "Feature", "geometry": {"type": "LineString", "coordinates": [[123.8928969, 10.2985108], [123.8928367, 10.2985023], [123.8925285, 10.2984367]]}, "properties": {"city": "cebu", "name": "Natalio Bacalso Avenue", "highway": "primary", "v_posted": 60, "posted_imputed": false, "v_safe": 50, "gap": 10, "R": 2.07, "exposure": 1.0, "vru_150m": 4, "sss": 25.0, "recommended": 50, "fatal_reduction_pct": 51.8, "why": "undivided arterial, side-impact intersections", "pop_density": 42417.2, "pop_density_peak": 44619.2, "v_design": 60, "design_gap": 10}}, {"type": "Feature", "geometry": {"type": "LineString", "coordinates": [[123.8958473, 10.3024674], [123.8957654, 10.3026886]]}, "properties": {"city": "cebu", "name": "Osme\u00f1a Boulevard", "highway": "secondary", "v_posted": 50, "posted_imputed": false, "v_safe": 30, "gap": 20, "R": 7.72, "exposure": 1.0, "vru_150m": 5, "sss": 50.0, "recommended": 30, "fatal_reduction_pct": 87.0, "why": "pedestrian activity (2 VRU site<=50m)", "pop_density": 47096.2, "pop_density_peak": 47096.2, "v_design": 50, "design_gap": 20}}, {"type": "Feature", "geometry": {"type": "LineString", "coordinates": [[123.8956395, 10.3026485], [123.8957125, 10.3024373]]}, "properties": {"city": "cebu", "name": "Osme\u00f1a Boulevard", "highway": "secondary", "v_posted": 50, "posted_imputed": false, "v_safe": 30, "gap": 20, "R": 7.72, "exposure": 1.0, "vru_150m": 6, "sss": 50.0, "recommended": 30, "fatal_reduction_pct": 87.0, "why": "pedestrian activity (1 VRU site<=50m)", "pop_density": 47096.2, "pop_density_peak": 47096.2, "v_design": 50, "design_gap": 20}}, {"type": "Feature", "geometry": {"type": "LineString", "coordinates": [[123.8867275, 10.3026863], [123.8867296, 10.3027592], [123.8867337, 10.3029479], [123.8867372, 10.3031114]]}, "properties": {"city": "cebu", "name": "Vicente Rama Avenue", "highway": "secondary", "v_posted": 40, "posted_imputed": false, "v_safe": 30, "gap": 10, "R": 3.16, "exposure": 0.772, "vru_150m": 2, "sss": 22.2, "recommended": 30, "fatal_reduction_pct": 68.4, "why": "pedestrian activity (1 VRU site<=50m)", "pop_density": 20068.2, "pop_density_peak": 24754.6, "v_design": 50, "design_gap": 20}}, {"type": "Feature", "geometry": {"type": "LineString", "coordinates": [[123.906531, 10.3012872], [123.9065589, 10.3016323], [123.9065657, 10.3018521], [123.9065679, 10.3019228]]}, "properties": {"city": "cebu", "name": "M.J. Cuenco Avenue", "highway": "secondary", "v_posted": 40, "posted_imputed": false, "v_safe": 30, "gap": 10, "R": 3.16, "exposure": 1.0, "vru_150m": 7, "sss": 25.0, "recommended": 30, "fatal_reduction_pct": 68.4, "why": "pedestrian activity (1 VRU site<=50m)", "pop_density": 43295.8, "pop_density_peak": 48484.8, "v_design": 50, "design_gap": 20}}, {"type": "Feature", "geometry": {"type": "LineString", "coordinates": [[123.9065051, 10.3010667], [123.906531, 10.3012872]]}, "properties": {"city": "cebu", "name": "M.J. Cuenco Avenue", "highway": "secondary", "v_posted": 40, "posted_imputed": false, "v_safe": 30, "gap": 10, "R": 3.16, "exposure": 1.0, "vru_150m": 8, "sss": 25.0, "recommended": 30, "fatal_reduction_pct": 68.4, "why": "pedestrian activity (2 VRU site<=50m)", "pop_density": 48484.8, "pop_density_peak": 48484.8, "v_design": 50, "design_gap": 20}}, {"type": "Feature", "geometry": {"type": "LineString", "coordinates": [[123.9008342, 10.3015847], [123.9009335, 10.3016135], [123.9010509, 10.3016476], [123.9013267, 10.3017217]]}, "properties": {"city": "cebu", "name": "P. del Rosario Street", "highway": "primary", "v_posted": 40, "posted_imputed": false, "v_safe": 30, "gap": 10, "R": 3.16, "exposure": 0.687, "vru_150m": 2, "sss": 21.1, "recommended": 30, "fatal_reduction_pct": 68.4, "why": "pedestrian activity (1 VRU site<=50m)", "pop_density": 15488.1, "pop_density_peak": 19605.9, "v_design": 60, "design_gap": 30}}, {"type": "Feature", "geometry": {"type": "LineString", "coordinates": [[123.9034187, 10.3039655], [123.9026486, 10.3029173], [123.9024301, 10.3025915]]}, "properties": {"city": "cebu", "name": "Imus Avenue", "highway": "primary", "v_posted": 50, "posted_imputed": false, "v_safe": 30, "gap": 20, "R": 7.72, "exposure": 0.878, "vru_150m": 4, "sss": 46.9, "recommended": 30, "fatal_reduction_pct": 87.0, "why": "pedestrian activity (1 VRU site<=50m)", "pop_density": 12603.7, "pop_density_peak": 16436.3, "v_design": 60, "design_gap": 30}}, {"type": "Feature", "geometry": {"type": "LineString", "coordinates": [[123.8979782, 10.3051082], [123.8981603, 10.3048254]]}, "properties": {"city": "cebu", "name": "F. Ramos Street", "highway": "tertiary", "v_posted": 40, "posted_imputed": false, "v_safe": 30, "gap": 10, "R": 3.16, "exposure": 1.0, "vru_150m": 5, "sss": 25.0, "recommended": 30, "fatal_reduction_pct": 68.4, "why": "pedestrian activity (1 VRU site<=50m)", "pop_density": 10596.2, "pop_density_peak": 10596.2, "v_design": 45, "design_gap": 15}}, {"type": "Feature", "geometry": {"type": "LineString", "coordinates": [[123.9015703, 10.3019001], [123.9010204, 10.3017405]]}, "properties": {"city": "cebu", "name": "P. del Rosario Street", "highway": "primary", "v_posted": 40, "posted_imputed": false, "v_safe": 30, "gap": 10, "R": 3.16, "exposure": 0.687, "vru_150m": 2, "sss": 21.1, "recommended": 30, "fatal_reduction_pct": 68.4, "why": "pedestrian activity (1 VRU site<=50m)", "pop_density": 15488.1, "pop_density_peak": 19605.9, "v_design": 60, "design_gap": 30}}, {"type": "Feature", "geometry": {"type": "LineString", "coordinates": [[123.8935112, 10.2984581], [123.8936442, 10.2984687], [123.8944353, 10.2985526], [123.8949804, 10.2986137]]}, "properties": {"city": "cebu", "name": "Natalio Bacalso Avenue", "highway": "primary", "v_posted": 60, "posted_imputed": false, "v_safe": 30, "gap": 30, "R": 16.0, "exposure": 1.0, "vru_150m": 8, "sss": 75.0, "recommended": 30, "fatal_reduction_pct": 93.8, "why": "pedestrian activity (3 VRU site<=50m)", "pop_density": 44401.9, "pop_density_peak": 44619.2, "v_design": 60, "design_gap": 30}}, {"type": "Feature", "geometry": {"type": "LineString", "coordinates": [[123.9125445, 10.3038741], [123.9125513, 10.303762], [123.9125879, 10.3036943], [123.9126205, 10.3036532]]}, "properties": {"city": "cebu", "name": "General Maxilom Avenue Extension", "highway": "secondary", "v_posted": 50, "posted_imputed": false, "v_safe": 30, "gap": 20, "R": 7.72, "exposure": 1.0, "vru_150m": 5, "sss": 50.0, "recommended": 30, "fatal_reduction_pct": 87.0, "why": "pedestrian activity (1 VRU site<=50m)", "pop_density": 31414.2, "pop_density_peak": 36120.4, "v_design": 50, "design_gap": 20}}, {"type": "Feature", "geometry": {"type": "LineString", "coordinates": [[123.9457533, 10.2722393], [123.9457676, 10.2720879], [123.9457869, 10.2719086]]}, "properties": {"city": "cebu", "name": "Manuel L. Quezon National Highway", "highway": "primary", "v_posted": 60, "posted_imputed": false, "v_safe": 30, "gap": 30, "R": 16.0, "exposure": 0.702, "vru_150m": 3, "sss": 63.8, "recommended": 30, "fatal_reduction_pct": 93.8, "why": "pedestrian activity (3 VRU site<=50m)", "pop_density": 8273.6, "pop_density_peak": 9841.4, "v_design": 60, "design_gap": 30}}, {"type": "Feature", "geometry": {"type": "LineString", "coordinates": [[123.9459038, 10.2709938], [123.9459199, 10.2708866], [123.9459376, 10.2707647], [123.9461096, 10.2694799], [123.9461175, 10.2694315], [123.9461252, 10.2693841], [123.9461657, 10.269135], [123.9461862, 10.2690086], [123.9461955, 10.2689517], [123.9462578, 10.2686379], [123.9464267, 10.2677453], [123.9466207, 10.266754], [123.9466609, 10.2664692], [123.9466877, 10.2662972], [123.9467656, 10.2657456], [123.9467825, 10.2656416], [123.9468062, 10.2655334], [123.9468618, 10.2651616], [123.9469264, 10.2647945], [123.9470175, 10.2642692], [123.9470754, 10.263948], [123.9472555, 10.2629562], [123.947272, 10.2628605], [123.9474432, 10.2619332], [123.9475244, 10.261503], [123.9475865, 10.2612059], [123.9476296, 10.2609596], [123.9476346, 10.2609337], [123.947754, 10.2606036], [123.9477675, 10.2605713], [123.9478283, 10.2603946], [123.947871, 10.2602807], [123.9479357, 10.2601067], [123.9480034, 10.2599246], [123.9480379, 10.2598318], [123.948068, 10.259751], [123.9480952, 10.2596775], [123.9481742, 10.2594837], [123.9483251, 10.25904], [123.9485878, 10.2582674], [123.9486827, 10.2579985], [123.9487609, 10.2577769], [123.9487873, 10.2577033], [123.948847, 10.2575199], [123.9488872, 10.2573943], [123.949095, 10.2567881], [123.9493383, 10.2561689], [123.9494039, 10.2558766], [123.9494066, 10.2556616]]}, "properties": {"city": "cebu", "name": "Manuel L. Quezon National Highway", "highway": "primary", "v_posted": 60, "posted_imputed": false, "v_safe": 50, "gap": 10, "R": 2.07, "exposure": 0.555, "vru_150m": 2, "sss": 19.4, "recommended": 50, "fatal_reduction_pct": 51.8, "why": "undivided arterial, side-impact intersections", "pop_density": 8350.0, "pop_density_peak": 16759.4, "v_design": 60, "design_gap": 10}}, {"type": "Feature", "geometry": {"type": "LineString", "coordinates": [[123.9466495, 10.299798], [123.9466238, 10.299665], [123.9464479, 10.2986038], [123.9464129, 10.2983928], [123.9463992, 10.2983098], [123.9463532, 10.2979745], [123.9462079, 10.2971442], [123.9461982, 10.2970893], [123.9461888, 10.2970167], [123.9460765, 10.2963492], [123.9460494, 10.2961881], [123.9460091, 10.2959625], [123.9459796, 10.2957922], [123.9459501, 10.2956062], [123.9459461, 10.2955614], [123.9458831, 10.2951958], [123.945875, 10.2951312], [123.9458603, 10.295052], [123.9458495, 10.2949979], [123.9457999, 10.2946614], [123.945753, 10.2943975], [123.9457275, 10.2942524], [123.9457169, 10.2941817], [123.9456861, 10.2939756], [123.9456819, 10.2939476], [123.9456443, 10.2937285], [123.9455263, 10.2929909], [123.9455008, 10.2928313], [123.9454284, 10.2924446], [123.9454048, 10.2923313], [123.9453932, 10.2922755], [123.9453587, 10.2921095], [123.9453426, 10.292025], [123.9452688, 10.2915883], [123.9452609, 10.2915417], [123.9452376, 10.291404], [123.9452021, 10.2911938], [123.9451938, 10.2911409], [123.9450961, 10.2905566], [123.9450683, 10.2903898], [123.9450163, 10.2900636], [123.9449939, 10.289923], [123.9449804, 10.2898517], [123.9449341, 10.289607], [123.9449081, 10.2894229], [123.9448277, 10.2889051], [123.9447847, 10.2886285], [123.9447445, 10.2883897], [123.9447311, 10.2882894], [123.9447114, 10.2881866], [123.9447091, 10.2881485], [123.9446765, 10.2879664], [123.9446184, 10.2876494], [123.9445474, 10.2872918], [123.9445383, 10.2872308], [123.9445192, 10.287107], [123.944507, 10.2870279], [123.9444785, 10.2868633], [123.9443944, 10.286388], [123.9442773, 10.285676], [123.9442711, 10.2856385], [123.9442576, 10.2855223], [123.9442416, 10.2853587], [123.9442469, 10.2851423], [123.9442543, 10.2850062], [123.9442767, 10.2847978], [123.9442864, 10.2846924], [123.9442897, 10.2846582], [123.944332, 10.2842963], [123.9443365, 10.2842471]]}, "properties": {"city": "cebu", "name": "Tiangge Road", "highway": "primary", "v_posted": 60, "posted_imputed": false, "v_safe": 30, "gap": 30, "R": 16.0, "exposure": 0.726, "vru_150m": 1, "sss": 64.7, "recommended": 30, "fatal_reduction_pct": 93.8, "why": "pedestrian activity (1 VRU site<=50m)", "pop_density": 21278.5, "pop_density_peak": 29461.0, "v_design": 60, "design_gap": 30}}, {"type": "Feature", "geometry": {"type": "LineString", "coordinates": [[123.9446103, 10.2823246], [123.9446813, 10.2820627], [123.9447223, 10.2818605], [123.9447579, 10.2816639], [123.9447753, 10.2814291], [123.9447767, 10.2813605], [123.9447713, 10.2811506], [123.9447029, 10.280764], [123.9446721, 10.2806412], [123.9446233, 10.2804304], [123.9446037, 10.2803492], [123.9444534, 10.2798957], [123.9444473, 10.2798595], [123.9444336, 10.2797778], [123.9444266, 10.279736], [123.9444227, 10.2795471], [123.9444997, 10.2790064], [123.9444947, 10.2787422], [123.9444925, 10.2786982], [123.9444885, 10.2785512], [123.9444853, 10.2780715], [123.9445017, 10.2776801], [123.9445485, 10.2774878], [123.9446428, 10.2772196], [123.9446613, 10.2771668], [123.9447072, 10.2770491], [123.945116, 10.2761308], [123.945267, 10.2757948], [123.9454299, 10.2754328], [123.9455589, 10.2751336], [123.9456306, 10.2749156], [123.9456665, 10.2747427]]}, "properties": {"city": "cebu", "name": "Manuel L. Quezon National Highway", "highway": "primary", "v_posted": 60, "posted_imputed": false, "v_safe": 50, "gap": 10, "R": 2.07, "exposure": 0.505, "vru_150m": 1, "sss": 18.8, "recommended": 50, "fatal_reduction_pct": 51.8, "why": "undivided arterial, side-impact intersections", "pop_density": 12349.7, "pop_density_peak": 15173.3, "v_design": 60, "design_gap": 10}}, {"type": "Feature", "geometry": {"type": "LineString", "coordinates": [[123.9443365, 10.2842471], [123.9443446, 10.2841783], [123.9443521, 10.2841144]]}, "properties": {"city": "cebu", "name": "Tiangge Road", "highway": "primary", "v_posted": 60, "posted_imputed": false, "v_safe": 50, "gap": 10, "R": 2.07, "exposure": 0.648, "vru_150m": 2, "sss": 20.6, "recommended": 50, "fatal_reduction_pct": 51.8, "why": "undivided arterial, side-impact intersections", "pop_density": 13370.2, "pop_density_peak": 13370.2, "v_design": 60, "design_gap": 10}}, {"type": "Feature", "geometry": {"type": "LineString", "coordinates": [[123.9456722, 10.2731151], [123.9456847, 10.273006]]}, "properties": {"city": "cebu", "name": "Manuel L. Quezon National Highway", "highway": "primary", "v_posted": 60, "posted_imputed": false, "v_safe": 50, "gap": 10, "R": 2.07, "exposure": 0.705, "vru_150m": 3, "sss": 21.3, "recommended": 50, "fatal_reduction_pct": 51.8, "why": "undivided arterial, side-impact intersections", "pop_density": 8477.4, "pop_density_peak": 8477.4, "v_design": 60, "design_gap": 10}}, {"type": "Feature", "geometry": {"type": "LineString", "coordinates": [[123.9457428, 10.2723394], [123.9457533, 10.2722393]]}, "properties": {"city": "cebu", "name": "Manuel L. Quezon National Highway", "highway": "primary", "v_posted": 60, "posted_imputed": false, "v_safe": 30, "gap": 30, "R": 16.0, "exposure": 0.683, "vru_150m": 3, "sss": 63.1, "recommended": 30, "fatal_reduction_pct": 93.8, "why": "pedestrian activity (1 VRU site<=50m)", "pop_density": 6705.9, "pop_density_peak": 6705.9, "v_design": 60, "design_gap": 30}}, {"type": "Feature", "geometry": {"type": "LineString", "coordinates": [[123.9456847, 10.273006], [123.9456995, 10.272846], [123.9457195, 10.2726306]]}, "properties": {"city": "cebu", "name": "Manuel L. Quezon National Highway", "highway": "primary", "v_posted": 60, "posted_imputed": false, "v_safe": 50, "gap": 10, "R": 2.07, "exposure": 0.694, "vru_150m": 3, "sss": 21.2, "recommended": 50, "fatal_reduction_pct": 51.8, "why": "undivided arterial, side-impact intersections", "pop_density": 7591.7, "pop_density_peak": 8477.4, "v_design": 60, "design_gap": 10}}, {"type": "Feature", "geometry": {"type": "LineString", "coordinates": [[123.9458359, 10.2715188], [123.9458511, 10.2714012], [123.9458923, 10.2710775], [123.9459038, 10.2709938]]}, "properties": {"city": "cebu", "name": "Manuel L. Quezon National Highway", "highway": "primary", "v_posted": 60, "posted_imputed": false, "v_safe": 50, "gap": 10, "R": 2.07, "exposure": 0.724, "vru_150m": 3, "sss": 21.6, "recommended": 50, "fatal_reduction_pct": 51.8, "why": "undivided arterial, side-impact intersections", "pop_density": 10027.3, "pop_density_peak": 10213.3, "v_design": 60, "design_gap": 10}}, {"type": "Feature", "geometry": {"type": "LineString", "coordinates": [[123.9476697, 10.3059175], [123.9474785, 10.3047443], [123.9473487, 10.3039546], [123.9472975, 10.3036573], [123.9472633, 10.3034585], [123.94726, 10.3034393], [123.947238, 10.3033116], [123.9471677, 10.3028447], [123.9471209, 10.3024953], [123.9470804, 10.3022727], [123.9470423, 10.3020371], [123.9469542, 10.3015583], [123.9468998, 10.3012422], [123.94688, 10.301128], [123.9468365, 10.3008858], [123.9467611, 10.3004023], [123.9466909, 10.2999938], [123.9466759, 10.2999229]]}, "properties": {"city": "cebu", "name": "Tiangge Road", "highway": "primary", "v_posted": 60, "posted_imputed": false, "v_safe": 50, "gap": 10, "R": 2.07, "exposure": 0.355, "vru_150m": 0, "sss": 16.9, "recommended": 50, "fatal_reduction_pct": 51.8, "why": "undivided arterial, side-impact intersections", "pop_density": 11469.1, "pop_density_peak": 14108.3, "v_design": 60, "design_gap": 10}}, {"type": "Feature", "geometry": {"type": "LineString", "coordinates": [[123.9443521, 10.2841144], [123.9444628, 10.2832461], [123.9445145, 10.282872], [123.9445527, 10.282589], [123.9446103, 10.2823246]]}, "properties": {"city": "cebu", "name": "Manuel L. Quezon National Highway", "highway": "primary", "v_posted": 60, "posted_imputed": false, "v_safe": 50, "gap": 10, "R": 2.07, "exposure": 0.451, "vru_150m": 0, "sss": 18.1, "recommended": 50, "fatal_reduction_pct": 51.8, "why": "undivided arterial, side-impact intersections", "pop_density": 14572.3, "pop_density_peak": 15173.3, "v_design": 60, "design_gap": 10}}, {"type": "Feature", "geometry": {"type": "LineString", "coordinates": [[123.9482531, 10.3095197], [123.9482197, 10.3093483], [123.9482055, 10.309269], [123.9482019, 10.3092483], [123.9481522, 10.3089343], [123.9481151, 10.3086904], [123.9480572, 10.3083314], [123.9480297, 10.3081488], [123.9480024, 10.3079829], [123.9479807, 10.3078506], [123.947859, 10.3071105], [123.9476697, 10.3059175]]}, "properties": {"city": "cebu", "name": "Tiangge Road", "highway": "primary", "v_posted": 60, "posted_imputed": false, "v_safe": 50, "gap": 10, "R": 2.07, "exposure": 0.47, "vru_150m": 1, "sss": 18.4, "recommended": 50, "fatal_reduction_pct": 51.8, "why": "undivided arterial, side-impact intersections", "pop_density": 10900.5, "pop_density_peak": 11718.4, "v_design": 60, "design_gap": 10}}, {"type": "Feature", "geometry": {"type": "LineString", "coordinates": [[123.9457195, 10.2726306], [123.9457256, 10.2725636]]}, "properties": {"city": "cebu", "name": "Manuel L. Quezon National Highway", "highway": "primary", "v_posted": 60, "posted_imputed": false, "v_safe": 50, "gap": 10, "R": 2.07, "exposure": 0.683, "vru_150m": 3, "sss": 21.0, "recommended": 50, "fatal_reduction_pct": 51.8, "why": "undivided arterial, side-impact intersections", "pop_density": 6705.9, "pop_density_peak": 6705.9, "v_design": 60, "design_gap": 10}}, {"type": "Feature", "geometry": {"type": "LineString", "coordinates": [[123.9466759, 10.2999229], [123.9466495, 10.299798]]}, "properties": {"city": "cebu", "name": "Tiangge Road", "highway": "primary", "v_posted": 60, "posted_imputed": false, "v_safe": 50, "gap": 10, "R": 2.07, "exposure": 0.662, "vru_150m": 2, "sss": 20.8, "recommended": 50, "fatal_reduction_pct": 51.8, "why": "undivided arterial, side-impact intersections", "pop_density": 14108.3, "pop_density_peak": 14108.3, "v_design": 60, "design_gap": 10}}, {"type": "Feature", "geometry": {"type": "LineString", "coordinates": [[123.9457256, 10.2725636], [123.9457428, 10.2723394]]}, "properties": {"city": "cebu", "name": "Manuel L. Quezon National Highway", "highway": "primary", "v_posted": 60, "posted_imputed": false, "v_safe": 30, "gap": 30, "R": 16.0, "exposure": 0.683, "vru_150m": 3, "sss": 63.1, "recommended": 30, "fatal_reduction_pct": 93.8, "why": "pedestrian activity (1 VRU site<=50m)", "pop_density": 6705.9, "pop_density_peak": 6705.9, "v_design": 60, "design_gap": 30}}, {"type": "Feature", "geometry": {"type": "LineString", "coordinates": [[123.9457869, 10.2719086], [123.9457877, 10.2719004]]}, "properties": {"city": "cebu", "name": "Manuel L. Quezon National Highway", "highway": "primary", "v_posted": 60, "posted_imputed": false, "v_safe": 30, "gap": 30, "R": 16.0, "exposure": 0.722, "vru_150m": 3, "sss": 64.6, "recommended": 30, "fatal_reduction_pct": 93.8, "why": "pedestrian activity (3 VRU site<=50m)", "pop_density": 9841.4, "pop_density_peak": 9841.4, "v_design": 60, "design_gap": 30}}, {"type": "Feature", "geometry": {"type": "LineString", "coordinates": [[123.9456665, 10.2747427], [123.945669, 10.2747055], [123.9457002, 10.2742327], [123.9456605, 10.2735947], [123.9456534, 10.2734819], [123.9456497, 10.2733618], [123.9456722, 10.2731151]]}, "properties": {"city": "cebu", "name": "Manuel L. Quezon National Highway", "highway": "primary", "v_posted": 60, "posted_imputed": false, "v_safe": 50, "gap": 10, "R": 2.07, "exposure": 0.321, "vru_150m": 0, "sss": 16.5, "recommended": 50, "fatal_reduction_pct": 51.8, "why": "undivided arterial, side-impact intersections", "pop_density": 10368.4, "pop_density_peak": 14150.5, "v_design": 60, "design_gap": 10}}, {"type": "Feature", "geometry": {"type": "LineString", "coordinates": [[123.9458162, 10.2716518], [123.9458359, 10.2715188]]}, "properties": {"city": "cebu", "name": "Manuel L. Quezon National Highway", "highway": "primary", "v_posted": 60, "posted_imputed": false, "v_safe": 30, "gap": 30, "R": 16.0, "exposure": 0.722, "vru_150m": 3, "sss": 64.6, "recommended": 30, "fatal_reduction_pct": 93.8, "why": "pedestrian activity (3 VRU site<=50m)", "pop_density": 9841.4, "pop_density_peak": 9841.4, "v_design": 60, "design_gap": 30}}, {"type": "Feature", "geometry": {"type": "LineString", "coordinates": [[123.9457934, 10.2718305], [123.9458162, 10.2716518]]}, "properties": {"city": "cebu", "name": "Manuel L. Quezon National Highway", "highway": "primary", "v_posted": 60, "posted_imputed": false, "v_safe": 30, "gap": 30, "R": 16.0, "exposure": 0.722, "vru_150m": 3, "sss": 64.6, "recommended": 30, "fatal_reduction_pct": 93.8, "why": "pedestrian activity (3 VRU site<=50m)", "pop_density": 9841.4, "pop_density_peak": 9841.4, "v_design": 60, "design_gap": 30}}, {"type": "Feature", "geometry": {"type": "LineString", "coordinates": [[123.9457877, 10.2719004], [123.9457934, 10.2718305]]}, "properties": {"city": "cebu", "name": "Manuel L. Quezon National Highway", "highway": "primary", "v_posted": 60, "posted_imputed": false, "v_safe": 30, "gap": 30, "R": 16.0, "exposure": 0.722, "vru_150m": 3, "sss": 64.6, "recommended": 30, "fatal_reduction_pct": 93.8, "why": "pedestrian activity (3 VRU site<=50m)", "pop_density": 9841.4, "pop_density_peak": 9841.4, "v_design": 60, "design_gap": 30}}, {"type": "Feature", "geometry": {"type": "LineString", "coordinates": [[123.9062442, 10.3241184], [123.906354, 10.3242746], [123.9064425, 10.32439], [123.9068665, 10.3250466]]}, "properties": {"city": "cebu", "name": "Archbishop Reyes Avenue", "highway": "secondary", "v_posted": 50, "posted_imputed": false, "v_safe": 30, "gap": 20, "R": 7.72, "exposure": 1.0, "vru_150m": 5, "sss": 50.0, "recommended": 30, "fatal_reduction_pct": 87.0, "why": "pedestrian activity (2 VRU site<=50m)", "pop_density": 11405.0, "pop_density_peak": 11920.4, "v_design": 50, "design_gap": 20}}, {"type": "Feature", "geometry": {"type": "LineString", "coordinates": [[123.8907943, 10.3162423], [123.8908262, 10.3161545]]}, "properties": {"city": "cebu", "name": "Osme\u00f1a Boulevard", "highway": "secondary", "v_posted": 50, "posted_imputed": false, "v_safe": 30, "gap": 20, "R": 7.72, "exposure": 0.889, "vru_150m": 4, "sss": 47.2, "recommended": 30, "fatal_reduction_pct": 87.0, "why": "pedestrian activity (1 VRU site<=50m)", "pop_density": 14434.1, "pop_density_peak": 14434.1, "v_design": 50, "design_gap": 20}}, {"type": "Feature", "geometry": {"type": "LineString", "coordinates": [[123.9033704, 10.3193995], [123.9037575, 10.3202459], [123.9038952, 10.3205116], [123.9040538, 10.320767], [123.904479, 10.3214383]]}, "properties": {"city": "cebu", "name": "Archbishop Reyes Avenue", "highway": "secondary", "v_posted": 50, "posted_imputed": false, "v_safe": 30, "gap": 20, "R": 7.72, "exposure": 0.643, "vru_150m": 2, "sss": 41.1, "recommended": 30, "fatal_reduction_pct": 87.0, "why": "pedestrian activity (1 VRU site<=50m)", "pop_density": 13082.3, "pop_density_peak": 14308.9, "v_design": 50, "design_gap": 20}}, {"type": "Feature", "geometry": {"type": "LineString", "coordinates": [[123.9032826, 10.3191723], [123.9033704, 10.3193995]]}, "properties": {"city": "cebu", "name": "Archbishop Reyes Avenue", "highway": "secondary", "v_posted": 50, "posted_imputed": false, "v_safe": 30, "gap": 20, "R": 7.72, "exposure": 0.888, "vru_150m": 4, "sss": 47.2, "recommended": 30, "fatal_reduction_pct": 87.0, "why": "pedestrian activity (1 VRU site<=50m)", "pop_density": 14308.9, "pop_density_peak": 14308.9, "v_design": 50, "design_gap": 20}}, {"type": "Feature", "geometry": {"type": "LineString", "coordinates": [[123.8902289, 10.315955], [123.8908262, 10.3161545]]}, "properties": {"city": "cebu", "name": "N. Escario Street", "highway": "secondary", "v_posted": 40, "posted_imputed": false, "v_safe": 30, "gap": 10, "R": 3.16, "exposure": 0.89, "vru_150m": 4, "sss": 23.6, "recommended": 30, "fatal_reduction_pct": 68.4, "why": "pedestrian activity (1 VRU site<=50m)", "pop_density": 14614.1, "pop_density_peak": 14794.1, "v_design": 50, "design_gap": 20}}, {"type": "Feature", "geometry": {"type": "LineString", "coordinates": [[123.8985128, 10.3309339], [123.8982798, 10.3310614], [123.8982068, 10.3310997], [123.8980857, 10.3311531]]}, "properties": {"city": "cebu", "name": "Salinas Drive", "highway": "primary", "v_posted": 50, "posted_imputed": false, "v_safe": 30, "gap": 20, "R": 7.72, "exposure": 0.861, "vru_150m": 4, "sss": 46.5, "recommended": 30, "fatal_reduction_pct": 87.0, "why": "pedestrian activity (2 VRU site<=50m)", "pop_density": 9923.3, "pop_density_peak": 9923.3, "v_design": 60, "design_gap": 30}}, {"type": "Feature", "geometry": {"type": "LineString", "coordinates": [[123.8866809, 10.3078713], [123.8868039, 10.3078804], [123.8870219, 10.3078964], [123.8878914, 10.3079605], [123.8879913, 10.3079679], [123.8884208, 10.3079995]]}, "properties": {"city": "cebu", "name": "B. Rodriguez Street", "highway": "secondary", "v_posted": 40, "posted_imputed": false, "v_safe": 30, "gap": 10, "R": 3.16, "exposure": 0.645, "vru_150m": 2, "sss": 20.6, "recommended": 30, "fatal_reduction_pct": 68.4, "why": "pedestrian activity (2 VRU site<=50m)", "pop_density": 13212.1, "pop_density_peak": 13430.4, "v_design": 50, "design_gap": 20}}, {"type": "Feature", "geometry": {"type": "LineString", "coordinates": [[123.9109133, 10.3207117], [123.9108538, 10.3207039], [123.9107911, 10.3206957]]}, "properties": {"city": "cebu", "name": "F. Cabahug Street", "highway": "secondary", "v_posted": 40, "posted_imputed": false, "v_safe": 30, "gap": 10, "R": 3.16, "exposure": 0.988, "vru_150m": 3, "sss": 24.8, "recommended": 30, "fatal_reduction_pct": 68.4, "why": "pedestrian activity (2 VRU site<=50m)", "pop_density": 31350.9, "pop_density_peak": 31350.9, "v_design": 50, "design_gap": 20}}, {"type": "Feature", "geometry": {"type": "LineString", "coordinates": [[123.9018872, 10.3194842], [123.9019384, 10.3195102], [123.9024203, 10.3197655]]}, "properties": {"city": "cebu", "name": "N. Escario Street", "highway": "secondary", "v_posted": 50, "posted_imputed": false, "v_safe": 30, "gap": 20, "R": 7.72, "exposure": 0.73, "vru_150m": 2, "sss": 43.3, "recommended": 30, "fatal_reduction_pct": 87.0, "why": "pedestrian activity (2 VRU site<=50m)", "pop_density": 17809.4, "pop_density_peak": 20763.3, "v_design": 50, "design_gap": 20}}, {"type": "Feature", "geometry": {"type": "LineString", "coordinates": [[123.9032826, 10.3191723], [123.9034145, 10.319349], [123.9038124, 10.3202274], [123.9038649, 10.3203301]]}, "properties": {"city": "cebu", "name": "Archbishop Reyes Avenue", "highway": "secondary", "v_posted": 50, "posted_imputed": false, "v_safe": 30, "gap": 20, "R": 7.72, "exposure": 0.763, "vru_150m": 3, "sss": 44.1, "recommended": 30, "fatal_reduction_pct": 87.0, "why": "pedestrian activity (1 VRU site<=50m)", "pop_density": 13212.6, "pop_density_peak": 14308.9, "v_design": 50, "design_gap": 20}}, {"type": "Feature", "geometry": {"type": "LineString", "coordinates": [[123.9040051, 10.3169618], [123.903978, 10.3169884], [123.9039224, 10.3170427]]}, "properties": {"city": "cebu", "name": "Luzon Avenue", "highway": "tertiary", "v_posted": 40, "posted_imputed": false, "v_safe": 30, "gap": 10, "R": 3.16, "exposure": 0.778, "vru_150m": 2, "sss": 22.2, "recommended": 30, "fatal_reduction_pct": 68.4, "why": "pedestrian activity (1 VRU site<=50m)", "pop_density": 20367.5, "pop_density_peak": 20367.5, "v_design": 45, "design_gap": 15}}, {"type": "Feature", "geometry": {"type": "LineString", "coordinates": [[123.9108902, 10.3352926], [123.910837, 10.3349919], [123.9107126, 10.3342882], [123.9105773, 10.3336177]]}, "properties": {"city": "cebu", "name": "Governor M. Cuenco Avenue", "highway": "secondary", "v_posted": 50, "posted_imputed": false, "v_safe": 30, "gap": 20, "R": 7.72, "exposure": 1.0, "vru_150m": 2, "sss": 50.0, "recommended": 30, "fatal_reduction_pct": 87.0, "why": "pedestrian activity (1 VRU site<=50m)", "pop_density": 44851.4, "pop_density_peak": 49366.3, "v_design": 50, "design_gap": 20}}, {"type": "Feature", "geometry": {"type": "LineString", "coordinates": [[123.9116953, 10.3399955], [123.9116168, 10.3395124], [123.9115977, 10.3393972], [123.9115147, 10.3388968]]}, "properties": {"city": "cebu", "name": "Governor M. Cuenco Avenue", "highway": "secondary", "v_posted": 50, "posted_imputed": false, "v_safe": 30, "gap": 20, "R": 7.72, "exposure": 1.0, "vru_150m": 2, "sss": 50.0, "recommended": 30, "fatal_reduction_pct": 87.0, "why": "pedestrian activity (1 VRU site<=50m)", "pop_density": 37977.3, "pop_density_peak": 46390.4, "v_design": 50, "design_gap": 20}}, {"type": "Feature", "geometry": {"type": "LineString", "coordinates": [[123.9058315, 10.3200303], [123.9057544, 10.320078], [123.90564, 10.3201416], [123.905485, 10.3201942], [123.9052752, 10.3202121], [123.9051584, 10.3202], [123.9050118, 10.3201691], [123.9048864, 10.3201511], [123.9046936, 10.3201554]]}, "properties": {"city": "cebu", "name": "Mindanao Avenue", "highway": "tertiary", "v_posted": 40, "posted_imputed": false, "v_safe": 30, "gap": 10, "R": 3.16, "exposure": 0.607, "vru_150m": 2, "sss": 20.1, "recommended": 30, "fatal_reduction_pct": 68.4, "why": "pedestrian activity (1 VRU site<=50m)", "pop_density": 11154.4, "pop_density_peak": 11205.8, "v_design": 45, "design_gap": 15}}, {"type": "Feature", "geometry": {"type": "LineString", "coordinates": [[123.9072643, 10.3088225], [123.9072705, 10.3088308], [123.9073967, 10.3089996], [123.9076923, 10.3094017]]}, "properties": {"city": "cebu", "name": "M.J. Cuenco Avenue", "highway": "primary", "v_posted": 50, "posted_imputed": false, "v_safe": 30, "gap": 20, "R": 7.72, "exposure": 0.867, "vru_150m": 3, "sss": 46.7, "recommended": 30, "fatal_reduction_pct": 87.0, "why": "pedestrian activity (1 VRU site<=50m)", "pop_density": 21590.9, "pop_density_peak": 21606.8, "v_design": 60, "design_gap": 30}}, {"type": "Feature", "geometry": {"type": "LineString", "coordinates": [[123.910726, 10.3206564], [123.9107794, 10.3205693]]}, "properties": {"city": "cebu", "name": "Pope John Paul \u2161 Avenue", "highway": "primary", "v_posted": 50, "posted_imputed": false, "v_safe": 30, "gap": 20, "R": 7.72, "exposure": 0.988, "vru_150m": 3, "sss": 49.7, "recommended": 30, "fatal_reduction_pct": 87.0, "why": "pedestrian activity (2 VRU site<=50m)", "pop_density": 31350.9, "pop_density_peak": 31350.9, "v_design": 60, "design_gap": 30}}, {"type": "Feature", "geometry": {"type": "LineString", "coordinates": [[123.9107794, 10.3205693], [123.9108432, 10.3206086]]}, "properties": {"city": "cebu", "name": "Cardinal Rosales Avenue", "highway": "secondary", "v_posted": 40, "posted_imputed": false, "v_safe": 30, "gap": 10, "R": 3.16, "exposure": 0.988, "vru_150m": 3, "sss": 24.8, "recommended": 30, "fatal_reduction_pct": 68.4, "why": "pedestrian activity (1 VRU site<=50m)", "pop_density": 31350.8, "pop_density_peak": 31350.8, "v_design": 50, "design_gap": 20}}, {"type": "Feature", "geometry": {"type": "LineString", "coordinates": [[123.9090698, 10.3195841], [123.9090363, 10.3195558], [123.9086221, 10.3192068], [123.9083438, 10.3189531], [123.908263, 10.3188769], [123.9081455, 10.318748], [123.9081203, 10.3187192]]}, "properties": {"city": "cebu", "name": "Cardinal Rosales Avenue", "highway": "secondary", "v_posted": 40, "posted_imputed": false, "v_safe": 30, "gap": 10, "R": 3.16, "exposure": 1.0, "vru_150m": 1, "sss": 25.0, "recommended": 30, "fatal_reduction_pct": 68.4, "why": "pedestrian activity (1 VRU site<=50m)", "pop_density": 52696.4, "pop_density_peak": 53465.4, "v_design": 50, "design_gap": 20}}, {"type": "Feature", "geometry": {"type": "LineString", "coordinates": [[123.9147306, 10.3143001], [123.9146726, 10.3143979], [123.9145189, 10.3146571], [123.9142868, 10.315023], [123.9139107, 10.3156158], [123.913674, 10.3159743], [123.9132458, 10.3166796], [123.9126994, 10.3176025], [123.912301, 10.3182315], [123.9121086, 10.3185385], [123.9119115, 10.318853], [123.9119018, 10.3188685], [123.9118912, 10.3188863], [123.911771, 10.3190924], [123.9116755, 10.3192589], [123.9114059, 10.3196735]]}, "properties": {"city": "cebu", "name": "Pope John Paul \u2161 Avenue", "highway": "primary", "v_posted": 50, "posted_imputed": false, "v_safe": 30, "gap": 20, "R": 7.72, "exposure": 0.765, "vru_150m": 2, "sss": 44.1, "recommended": 30, "fatal_reduction_pct": 87.0, "why": "pedestrian activity (1 VRU site<=50m)", "pop_density": 19685.5, "pop_density_peak": 31103.8, "v_design": 60, "design_gap": 30}}, {"type": "Feature", "geometry": {"type": "LineString", "coordinates": [[123.8946946, 10.3175244], [123.894641, 10.3175449], [123.8945611, 10.3175327], [123.8945456, 10.3175304], [123.8943785, 10.3174807], [123.8943367, 10.3174683], [123.8940636, 10.3173742]]}, "properties": {"city": "cebu", "name": "N. Escario Street", "highway": "secondary", "v_posted": 50, "posted_imputed": false, "v_safe": 30, "gap": 20, "R": 7.72, "exposure": 0.829, "vru_150m": 2, "sss": 45.7, "recommended": 30, "fatal_reduction_pct": 87.0, "why": "pedestrian activity (1 VRU site<=50m)", "pop_density": 23103.3, "pop_density_peak": 25539.3, "v_design": 50, "design_gap": 20}}, {"type": "Feature", "geometry": {"type": "LineString", "coordinates": [[123.8946946, 10.3175244], [123.8947325, 10.3175311], [123.895397, 10.3176492], [123.8956891, 10.3177011], [123.8957599, 10.3177137], [123.8959707, 10.3177511], [123.8961791, 10.3177881], [123.896227, 10.3177967], [123.8964027, 10.3178279], [123.8966409, 10.3178702], [123.8966621, 10.317874], [123.8971058, 10.3179528], [123.8973637, 10.3179986], [123.897887, 10.3180916]]}, "properties": {"city": "cebu", "name": "N. Escario Street", "highway": "secondary", "v_posted": 50, "posted_imputed": false, "v_safe": 30, "gap": 20, "R": 7.72, "exposure": 1.0, "vru_150m": 6, "sss": 50.0, "recommended": 30, "fatal_reduction_pct": 87.0, "why": "pedestrian activity (2 VRU site<=50m)", "pop_density": 26656.5, "pop_density_peak": 28027.4, "v_design": 50, "design_gap": 20}}, {"type": "Feature", "geometry": {"type": "LineString", "coordinates": [[123.8884187, 10.3080709], [123.8879907, 10.3080459], [123.8878882, 10.3080399], [123.8878365, 10.3080369], [123.8877125, 10.3080296], [123.8875184, 10.3080183], [123.8873602, 10.308009], [123.8868008, 10.3079763], [123.8866804, 10.3079693]]}, "properties": {"city": "cebu", "name": "B. Rodriguez Street", "highway": "secondary", "v_posted": 40, "posted_imputed": false, "v_safe": 30, "gap": 10, "R": 3.16, "exposure": 0.656, "vru_150m": 2, "sss": 20.7, "recommended": 30, "fatal_reduction_pct": 68.4, "why": "pedestrian activity (2 VRU site<=50m)", "pop_density": 13807.4, "pop_density_peak": 14561.4, "v_design": 50, "design_gap": 20}}, {"type": "Feature", "geometry": {"type": "LineString", "coordinates": [[123.888728, 10.3168925], [123.8883792, 10.3167794]]}, "properties": {"city": "cebu", "name": "M. Velez Street", "highway": "secondary", "v_posted": 40, "posted_imputed": false, "v_safe": 30, "gap": 10, "R": 3.16, "exposure": 0.518, "vru_150m": 1, "sss": 19.0, "recommended": 30, "fatal_reduction_pct": 68.4, "why": "pedestrian activity (1 VRU site<=50m)", "pop_density": 12840.9, "pop_density_peak": 13082.9, "v_design": 50, "design_gap": 20}}, {"type": "Feature", "geometry": {"type": "LineString", "coordinates": [[123.9006955, 10.3115377], [123.9009159, 10.3115203], [123.9010125, 10.3115119], [123.9011146, 10.3115002], [123.901354, 10.3114757], [123.9015875, 10.3114494]]}, "properties": {"city": "cebu", "name": "General Maxilom Avenue", "highway": "secondary", "v_posted": 50, "posted_imputed": false, "v_safe": 30, "gap": 20, "R": 7.72, "exposure": 1.0, "vru_150m": 3, "sss": 50.0, "recommended": 30, "fatal_reduction_pct": 87.0, "why": "pedestrian activity (1 VRU site<=50m)", "pop_density": 38838.1, "pop_density_peak": 39156.0, "v_design": 50, "design_gap": 20}}, {"type": "Feature", "geometry": {"type": "LineString", "coordinates": [[123.9005818, 10.3115402], [123.9006955, 10.3115377]]}, "properties": {"city": "cebu", "name": "General Maxilom Avenue", "highway": "secondary", "v_posted": 50, "posted_imputed": false, "v_safe": 30, "gap": 20, "R": 7.72, "exposure": 1.0, "vru_150m": 3, "sss": 50.0, "recommended": 30, "fatal_reduction_pct": 87.0, "why": "pedestrian activity (1 VRU site<=50m)", "pop_density": 38520.1, "pop_density_peak": 38520.1, "v_design": 50, "design_gap": 20}}, {"type": "Feature", "geometry": {"type": "LineString", "coordinates": [[123.89994, 10.3185717], [123.8998785, 10.3186955], [123.8995231, 10.3194264], [123.8994394, 10.3196082], [123.899328, 10.31985], [123.8993075, 10.3199029]]}, "properties": {"city": "cebu", "name": "Gorordo Avenue", "highway": "secondary", "v_posted": 50, "posted_imputed": false, "v_safe": 30, "gap": 20, "R": 7.72, "exposure": 0.788, "vru_150m": 2, "sss": 44.7, "recommended": 30, "fatal_reduction_pct": 87.0, "why": "pedestrian activity (1 VRU site<=50m)", "pop_density": 20907.1, "pop_density_peak": 29316.9, "v_design": 50, "design_gap": 20}}, {"type": "Feature", "geometry": {"type": "LineString", "coordinates": [[123.9107794, 10.3205693], [123.9108589, 10.3204389], [123.9111187, 10.3200103], [123.9111537, 10.3199535], [123.9112169, 10.3198548], [123.9112605, 10.3197829], [123.9113525, 10.3196311], [123.9118261, 10.3188489], [123.9118411, 10.3188334], [123.9119988, 10.3185707], [123.9120489, 10.318485], [123.9121996, 10.3182416], [123.9122463, 10.3181552], [123.9126344, 10.3175506]]}, "properties": {"city": "cebu", "name": "Pope John Paul \u2161 Avenue", "highway": "primary", "v_posted": 50, "posted_imputed": false, "v_safe": 30, "gap": 20, "R": 7.72, "exposure": 0.948, "vru_150m": 2, "sss": 48.7, "recommended": 30, "fatal_reduction_pct": 87.0, "why": "pedestrian activity (2 VRU site<=50m)", "pop_density": 29545.4, "pop_density_peak": 31350.8, "v_design": 60, "design_gap": 30}}, {"type": "Feature", "geometry": {"type": "LineString", "coordinates": [[123.9083777, 10.3178979], [123.9084643, 10.3178002], [123.9085192, 10.3177382], [123.908824, 10.3173944], [123.9088713, 10.3172999], [123.9088995, 10.3172435], [123.9089356, 10.3171715], [123.9089588, 10.3171058], [123.9089886, 10.3169565], [123.9089999, 10.3167851], [123.9089959, 10.3166563], [123.9089476, 10.3164822], [123.9088874, 10.3163482], [123.9088541, 10.3162834], [123.9088484, 10.3162743], [123.9088072, 10.3162086]]}, "properties": {"city": "cebu", "name": "Samar Loop", "highway": "tertiary", "v_posted": 40, "posted_imputed": false, "v_safe": 30, "gap": 10, "R": 3.16, "exposure": 1.0, "vru_150m": 2, "sss": 25.0, "recommended": 30, "fatal_reduction_pct": 68.4, "why": "pedestrian activity (1 VRU site<=50m)", "pop_density": 48540.6, "pop_density_peak": 51157.4, "v_design": 40, "design_gap": 10}}, {"type": "Feature", "geometry": {"type": "LineString", "coordinates": [[123.9023396, 10.3171621], [123.9021765, 10.3167948], [123.9020421, 10.3164536], [123.9020279, 10.3164177]]}, "properties": {"city": "cebu", "name": "Archbishop Reyes Avenue", "highway": "secondary", "v_posted": 50, "posted_imputed": false, "v_safe": 30, "gap": 20, "R": 7.72, "exposure": 0.986, "vru_150m": 2, "sss": 49.6, "recommended": 30, "fatal_reduction_pct": 87.0, "why": "pedestrian activity (1 VRU site<=50m)", "pop_density": 31585.1, "pop_density_peak": 31585.1, "v_design": 50, "design_gap": 20}}, {"type": "Feature", "geometry": {"type": "LineString", "coordinates": [[123.9032826, 10.3191723], [123.9031817, 10.3189611]]}, "properties": {"city": "cebu", "name": "Archbishop Reyes Avenue", "highway": "secondary", "v_posted": 50, "posted_imputed": false, "v_safe": 30, "gap": 20, "R": 7.72, "exposure": 0.777, "vru_150m": 3, "sss": 44.4, "recommended": 30, "fatal_reduction_pct": 87.0, "why": "pedestrian activity (1 VRU site<=50m)", "pop_density": 14308.9, "pop_density_peak": 14308.9, "v_design": 50, "design_gap": 20}}, {"type": "Feature", "geometry": {"type": "LineString", "coordinates": [[123.9037665, 10.320435], [123.9036885, 10.3202777], [123.903323, 10.3194128], [123.9033104, 10.3193861], [123.9032826, 10.3191723]]}, "properties": {"city": "cebu", "name": "Archbishop Reyes Avenue", "highway": "secondary", "v_posted": 50, "posted_imputed": false, "v_safe": 30, "gap": 20, "R": 7.72, "exposure": 0.882, "vru_150m": 4, "sss": 47.0, "recommended": 30, "fatal_reduction_pct": 87.0, "why": "pedestrian activity (1 VRU site<=50m)", "pop_density": 13212.6, "pop_density_peak": 14308.9, "v_design": 50, "design_gap": 20}}, {"type": "Feature", "geometry": {"type": "LineString", "coordinates": [[123.9041633, 10.3105592], [123.9046236, 10.3102869], [123.9047167, 10.3102328], [123.9051232, 10.3099852], [123.9053572, 10.3098502], [123.9056234, 10.3096931], [123.9057948, 10.3095909], [123.9062642, 10.3092992], [123.9064082, 10.3092094]]}, "properties": {"city": "cebu", "name": "General Maxilom Avenue", "highway": "secondary", "v_posted": 50, "posted_imputed": false, "v_safe": 30, "gap": 20, "R": 7.72, "exposure": 1.0, "vru_150m": 5, "sss": 50.0, "recommended": 30, "fatal_reduction_pct": 87.0, "why": "pedestrian activity (1 VRU site<=50m)", "pop_density": 23190.7, "pop_density_peak": 24937.6, "v_design": 50, "design_gap": 20}}, {"type": "Feature", "geometry": {"type": "LineString", "coordinates": [[123.9026703, 10.313307], [123.9026377, 10.3133682], [123.9025211, 10.3135867], [123.9022201, 10.3141785], [123.9020129, 10.3145802], [123.9018859, 10.3148152]]}, "properties": {"city": "cebu", "name": "Gorordo Avenue", "highway": "secondary", "v_posted": 50, "posted_imputed": false, "v_safe": 30, "gap": 20, "R": 7.72, "exposure": 1.0, "vru_150m": 3, "sss": 50.0, "recommended": 30, "fatal_reduction_pct": 87.0, "why": "pedestrian activity (1 VRU site<=50m)", "pop_density": 34906.7, "pop_density_peak": 36493.4, "v_design": 50, "design_gap": 20}}, {"type": "Feature", "geometry": {"type": "LineString", "coordinates": [[123.8909721, 10.3162109], [123.8910248, 10.316229]]}, "properties": {"city": "cebu", "name": "N. Escario Street", "highway": "secondary", "v_posted": 50, "posted_imputed": false, "v_safe": 30, "gap": 20, "R": 7.72, "exposure": 0.889, "vru_150m": 4, "sss": 47.2, "recommended": 30, "fatal_reduction_pct": 87.0, "why": "pedestrian activity (1 VRU site<=50m)", "pop_density": 14434.1, "pop_density_peak": 14434.1, "v_design": 50, "design_gap": 20}}, {"type": "Feature", "geometry": {"type": "LineString", "coordinates": [[123.8927215, 10.3103734], [123.8926377, 10.3103021], [123.8925668, 10.3102183], [123.8925107, 10.3101243], [123.892471, 10.3100225], [123.8924618, 10.3099784], [123.8924528, 10.3099292], [123.8924438, 10.3098358], [123.8924487, 10.3097558], [123.8924554, 10.3097196], [123.8924633, 10.309677], [123.8924874, 10.3096005], [123.8925207, 10.3095273], [123.8925627, 10.3094587], [123.8926179, 10.3093912], [123.8926947, 10.3093182], [123.8927736, 10.309264], [123.8928595, 10.3092213], [123.8928843, 10.3092125], [123.8929229, 10.3091988], [123.8929882, 10.3091826], [123.8930549, 10.3091729]]}, "properties": {"city": "cebu", "name": "Fuente Osme\u00f1a Circle", "highway": "secondary", "v_posted": 50, "posted_imputed": false, "v_safe": 30, "gap": 20, "R": 7.72, "exposure": 0.905, "vru_150m": 4, "sss": 47.6, "recommended": 30, "fatal_reduction_pct": 87.0, "why": "pedestrian activity (1 VRU site<=50m)", "pop_density": 17032.5, "pop_density_peak": 18437.2, "v_design": 45, "design_gap": 15}}, {"type": "Feature", "geometry": {"type": "LineString", "coordinates": [[123.9045065, 10.3279124], [123.9043605, 10.3279966], [123.904155, 10.3281151], [123.9038658, 10.3282782], [123.9038161, 10.3283063], [123.9037102, 10.328366], [123.9036679, 10.3283894], [123.9036517, 10.3284], [123.9036148, 10.3284181], [123.9035995, 10.3284254], [123.9029589, 10.3287554], [123.9028334, 10.3288201], [123.9027909, 10.328842], [123.902654, 10.3289071], [123.902528, 10.328973], [123.9024531, 10.329011], [123.9021572, 10.3291611], [123.9020452, 10.3292179], [123.9019299, 10.3292761], [123.9018441, 10.3293195], [123.9016813, 10.3294043], [123.9014213, 10.329533], [123.9013822, 10.3295545], [123.9013389, 10.3295752], [123.9007374, 10.3298832], [123.9006057, 10.3299507], [123.9005144, 10.3299931], [123.9004873, 10.3300064], [123.9001937, 10.3301505], [123.9001433, 10.3301748], [123.9001133, 10.330189], [123.8999681, 10.3302615], [123.8998269, 10.3303314], [123.899513, 10.3304867], [123.8993458, 10.3305694], [123.8991529, 10.3306534], [123.8990841, 10.3306821], [123.8990435, 10.3307034], [123.898908, 10.3307607]]}, "properties": {"city": "cebu", "name": "Salinas Drive", "highway": "primary", "v_posted": 50, "posted_imputed": false, "v_safe": 30, "gap": 20, "R": 7.72, "exposure": 0.724, "vru_150m": 3, "sss": 43.1, "recommended": 30, "fatal_reduction_pct": 87.0, "why": "pedestrian activity (2 VRU site<=50m)", "pop_density": 9998.8, "pop_density_peak": 11358.0, "v_design": 60, "design_gap": 30}}, {"type": "Feature", "geometry": {"type": "LineString", "coordinates": [[123.8993075, 10.3199029], [123.8992811, 10.3199783], [123.8992429, 10.3201665], [123.8992233, 10.3202489], [123.8991781, 10.3204385], [123.8991418, 10.3205907], [123.8990512, 10.3209992], [123.8989872, 10.3212851], [123.8989713, 10.3213563], [123.8989539, 10.3214338], [123.898927, 10.3215544], [123.8988574, 10.321874], [123.8988404, 10.3219413], [123.8988203, 10.3220313], [123.898781, 10.322207], [123.8986864, 10.3226882], [123.8986716, 10.3227578], [123.8986474, 10.3228716], [123.8986306, 10.3229662], [123.8985718, 10.3232328], [123.8985125, 10.3235016], [123.8984187, 10.3239118], [123.8983331, 10.3243004], [123.8982588, 10.324638], [123.8982418, 10.3247152], [123.8981277, 10.3252331], [123.8981008, 10.3253553], [123.8980872, 10.3255118], [123.8979902, 10.3264201], [123.897933, 10.3268041], [123.8979175, 10.3268996], [123.8979032, 10.3269485], [123.8978797, 10.3270254], [123.8974741, 10.3282669]]}, "properties": {"city": "cebu", "name": "Gorordo Avenue", "highway": "secondary", "v_posted": 50, "posted_imputed": false, "v_safe": 30, "gap": 20, "R": 7.72, "exposure": 0.614, "vru_150m": 2, "sss": 40.4, "recommended": 30, "fatal_reduction_pct": 87.0, "why": "pedestrian activity (1 VRU site<=50m)", "pop_density": 11558.3, "pop_density_peak": 16702.2, "v_design": 50, "design_gap": 20}}, {"type": "Feature", "geometry": {"type": "LineString", "coordinates": [[123.8908262, 10.3161545], [123.8908805, 10.3161734]]}, "properties": {"city": "cebu", "name": "N. Escario Street", "highway": "secondary", "v_posted": 50, "posted_imputed": false, "v_safe": 30, "gap": 20, "R": 7.72, "exposure": 0.889, "vru_150m": 4, "sss": 47.2, "recommended": 30, "fatal_reduction_pct": 87.0, "why": "pedestrian activity (1 VRU site<=50m)", "pop_density": 14434.1, "pop_density_peak": 14434.1, "v_design": 50, "design_gap": 20}}, {"type": "Feature", "geometry": {"type": "LineString", "coordinates": [[123.885403, 10.3158256], [123.8853579, 10.3160534], [123.8853247, 10.3161765], [123.8852482, 10.316569], [123.8851983, 10.3167808], [123.8851579, 10.3169591], [123.8851406, 10.317047], [123.8850925, 10.3172301], [123.885007, 10.3175906], [123.8848896, 10.3180945], [123.8848212, 10.3184247], [123.8848112, 10.3184685]]}, "properties": {"city": "cebu", "name": "Vicente Rama Avenue", "highway": "secondary", "v_posted": 40, "posted_imputed": false, "v_safe": 30, "gap": 10, "R": 3.16, "exposure": 0.874, "vru_150m": 4, "sss": 23.4, "recommended": 30, "fatal_reduction_pct": 68.4, "why": "pedestrian activity (2 VRU site<=50m)", "pop_density": 11940.5, "pop_density_peak": 12689.1, "v_design": 50, "design_gap": 20}}, {"type": "Feature", "geometry": {"type": "LineString", "coordinates": [[123.9015348, 10.3155055], [123.9011083, 10.3163166], [123.9009046, 10.3166977], [123.9008119, 10.3168713], [123.9005898, 10.3172965], [123.9004652, 10.3175432], [123.9004066, 10.3176484], [123.9002874, 10.3178766], [123.8999918, 10.318456], [123.89994, 10.3185717]]}, "properties": {"city": "cebu", "name": "Gorordo Avenue", "highway": "secondary", "v_posted": 50, "posted_imputed": false, "v_safe": 30, "gap": 20, "R": 7.72, "exposure": 1.0, "vru_150m": 5, "sss": 50.0, "recommended": 30, "fatal_reduction_pct": 87.0, "why": "pedestrian activity (1 VRU site<=50m)", "pop_density": 30738.7, "pop_density_peak": 35144.9, "v_design": 50, "design_gap": 20}}, {"type": "Feature", "geometry": {"type": "LineString", "coordinates": [[123.9017577, 10.3150594], [123.9016962, 10.315174], [123.9016086, 10.3153643]]}, "properties": {"city": "cebu", "name": "Gorordo Avenue", "highway": "secondary", "v_posted": 50, "posted_imputed": false, "v_safe": 30, "gap": 20, "R": 7.72, "exposure": 1.0, "vru_150m": 4, "sss": 50.0, "recommended": 30, "fatal_reduction_pct": 87.0, "why": "pedestrian activity (2 VRU site<=50m)", "pop_density": 36493.4, "pop_density_peak": 36493.5, "v_design": 50, "design_gap": 20}}, {"type": "Feature", "geometry": {"type": "LineString", "coordinates": [[123.9038649, 10.3203301], [123.9040004, 10.3202644], [123.9041747, 10.3201811]]}, "properties": {"city": "cebu", "name": "Mindanao Avenue", "highway": "tertiary", "v_posted": 40, "posted_imputed": false, "v_safe": 30, "gap": 10, "R": 3.16, "exposure": 0.75, "vru_150m": 3, "sss": 21.9, "recommended": 30, "fatal_reduction_pct": 68.4, "why": "pedestrian activity (1 VRU site<=50m)", "pop_density": 12116.2, "pop_density_peak": 12116.2, "v_design": 45, "design_gap": 15}}, {"type": "Feature", "geometry": {"type": "LineString", "coordinates": [[123.9038649, 10.3203301], [123.903923, 10.3204405]]}, "properties": {"city": "cebu", "name": "Archbishop Reyes Avenue", "highway": "secondary", "v_posted": 50, "posted_imputed": false, "v_safe": 30, "gap": 20, "R": 7.72, "exposure": 0.625, "vru_150m": 2, "sss": 40.6, "recommended": 30, "fatal_reduction_pct": 87.0, "why": "pedestrian activity (1 VRU site<=50m)", "pop_density": 12116.2, "pop_density_peak": 12116.2, "v_design": 50, "design_gap": 20}}, {"type": "Feature", "geometry": {"type": "LineString", "coordinates": [[123.9079899, 10.318382], [123.9080176, 10.3184165], [123.9080864, 10.3185016], [123.9081518, 10.3185827], [123.9083606, 10.3188013], [123.9086033, 10.3190258], [123.9087044, 10.3191141], [123.909042, 10.319407], [123.9090993, 10.319454], [123.9091273, 10.3194769]]}, "properties": {"city": "cebu", "name": "Cardinal Rosales Avenue", "highway": "secondary", "v_posted": 40, "posted_imputed": false, "v_safe": 30, "gap": 10, "R": 3.16, "exposure": 1.0, "vru_150m": 1, "sss": 25.0, "recommended": 30, "fatal_reduction_pct": 68.4, "why": "pedestrian activity (1 VRU site<=50m)", "pop_density": 52952.7, "pop_density_peak": 53465.4, "v_design": 50, "design_gap": 20}}, {"type": "Feature", "geometry": {"type": "LineString", "coordinates": [[123.8909721, 10.3162109], [123.8909423, 10.3162913]]}, "properties": {"city": "cebu", "name": "Osme\u00f1a Boulevard", "highway": "secondary", "v_posted": 50, "posted_imputed": false, "v_safe": 30, "gap": 20, "R": 7.72, "exposure": 0.889, "vru_150m": 4, "sss": 47.2, "recommended": 30, "fatal_reduction_pct": 87.0, "why": "pedestrian activity (1 VRU site<=50m)", "pop_density": 14434.1, "pop_density_peak": 14434.1, "v_design": 50, "design_gap": 20}}, {"type": "Feature", "geometry": {"type": "LineString", "coordinates": [[123.8914673, 10.3148166], [123.8914408, 10.3148951], [123.8913582, 10.3151505], [123.8911217, 10.3158173]]}, "properties": {"city": "cebu", "name": "Osme\u00f1a Boulevard", "highway": "secondary", "v_posted": 50, "posted_imputed": false, "v_safe": 30, "gap": 20, "R": 7.72, "exposure": 1.0, "vru_150m": 5, "sss": 50.0, "recommended": 30, "fatal_reduction_pct": 87.0, "why": "pedestrian activity (1 VRU site<=50m)", "pop_density": 15283.5, "pop_density_peak": 16132.9, "v_design": 50, "design_gap": 20}}, {"type": "Feature", "geometry": {"type": "LineString", "coordinates": [[123.90986, 10.3118617], [123.9100962, 10.31201], [123.9103524, 10.3121607], [123.9104524, 10.3122108], [123.910606, 10.3122824], [123.9107334, 10.3123481], [123.9108836, 10.3124192], [123.9111406, 10.312551], [123.9112119, 10.312584], [123.9112431, 10.3125984], [123.9114107, 10.3126821], [123.9114476, 10.3126993], [123.9114714, 10.3127094], [123.9121297, 10.3130038], [123.9125806, 10.3132242], [123.9128091, 10.313336], [123.9128922, 10.3133766]]}, "properties": {"city": "cebu", "name": "M.J. Cuenco Avenue", "highway": "primary", "v_posted": 50, "posted_imputed": false, "v_safe": 30, "gap": 20, "R": 7.72, "exposure": 0.593, "vru_150m": 2, "sss": 39.8, "recommended": 30, "fatal_reduction_pct": 87.0, "why": "pedestrian activity (1 VRU site<=50m)", "pop_density": 10415.1, "pop_density_peak": 12511.3, "v_design": 60, "design_gap": 30}}, {"type": "Feature", "geometry": {"type": "LineString", "coordinates": [[123.9089035, 10.3161327], [123.9089442, 10.3161951], [123.9089543, 10.3162106], [123.9090618, 10.3164318], [123.909116, 10.3166352], [123.9091238, 10.3167791], [123.9091147, 10.3169717], [123.9091033, 10.3170634], [123.9090903, 10.3171192], [123.9090188, 10.3172995], [123.9089157, 10.3174766], [123.9088369, 10.3175629], [123.9086087, 10.3178127], [123.9084513, 10.3179851]]}, "properties": {"city": "cebu", "name": "Samar Loop", "highway": "tertiary", "v_posted": 40, "posted_imputed": false, "v_safe": 30, "gap": 10, "R": 3.16, "exposure": 1.0, "vru_150m": 2, "sss": 25.0, "recommended": 30, "fatal_reduction_pct": 68.4, "why": "pedestrian activity (1 VRU site<=50m)", "pop_density": 48113.8, "pop_density_peak": 51157.4, "v_design": 40, "design_gap": 10}}, {"type": "Feature", "geometry": {"type": "LineString", "coordinates": [[123.9128922, 10.3133766], [123.9136492, 10.3137622], [123.913728, 10.3138015], [123.9139232, 10.3139013], [123.9140144, 10.3139442], [123.9140919, 10.3139829], [123.914148, 10.3140108]]}, "properties": {"city": "cebu", "name": "M.J. Cuenco Avenue", "highway": "primary", "v_posted": 50, "posted_imputed": false, "v_safe": 30, "gap": 20, "R": 7.72, "exposure": 1.0, "vru_150m": 6, "sss": 50.0, "recommended": 30, "fatal_reduction_pct": 87.0, "why": "pedestrian activity (1 VRU site<=50m)", "pop_density": 8989.6, "pop_density_peak": 9230.4, "v_design": 60, "design_gap": 30}}, {"type": "Feature", "geometry": {"type": "LineString", "coordinates": [[123.9057017, 10.3068292], [123.906176, 10.3074607], [123.9065646, 10.3079233], [123.9069052, 10.3083128]]}, "properties": {"city": "cebu", "name": "Imus Avenue", "highway": "primary", "v_posted": 50, "posted_imputed": false, "v_safe": 30, "gap": 20, "R": 7.72, "exposure": 0.901, "vru_150m": 4, "sss": 47.5, "recommended": 30, "fatal_reduction_pct": 87.0, "why": "pedestrian activity (1 VRU site<=50m)", "pop_density": 16289.5, "pop_density_peak": 21023.4, "v_design": 60, "design_gap": 30}}, {"type": "Feature", "geometry": {"type": "LineString", "coordinates": [[123.898908, 10.3307607], [123.8985128, 10.3309339]]}, "properties": {"city": "cebu", "name": "Salinas Drive", "highway": "primary", "v_posted": 50, "posted_imputed": false, "v_safe": 30, "gap": 20, "R": 7.72, "exposure": 0.861, "vru_150m": 4, "sss": 46.5, "recommended": 30, "fatal_reduction_pct": 87.0, "why": "pedestrian activity (1 VRU site<=50m)", "pop_density": 9803.4, "pop_density_peak": 9923.3, "v_design": 60, "design_gap": 30}}, {"type": "Feature", "geometry": {"type": "LineString", "coordinates": [[123.9052017, 10.3225261], [123.9052244, 10.3225609], [123.9058167, 10.3234678], [123.9059855, 10.3237262]]}, "properties": {"city": "cebu", "name": "Archbishop Reyes Avenue", "highway": "secondary", "v_posted": 50, "posted_imputed": false, "v_safe": 30, "gap": 20, "R": 7.72, "exposure": 1.0, "vru_150m": 5, "sss": 50.0, "recommended": 30, "fatal_reduction_pct": 87.0, "why": "pedestrian activity (1 VRU site<=50m)", "pop_density": 11752.8, "pop_density_peak": 12034.9, "v_design": 50, "design_gap": 20}}, {"type": "Feature", "geometry": {"type": "LineString", "coordinates": [[123.9031817, 10.3189611], [123.9031594, 10.3189124]]}, "properties": {"city": "cebu", "name": "Archbishop Reyes Avenue", "highway": "secondary", "v_posted": 50, "posted_imputed": false, "v_safe": 30, "gap": 20, "R": 7.72, "exposure": 0.777, "vru_150m": 3, "sss": 44.4, "recommended": 30, "fatal_reduction_pct": 87.0, "why": "pedestrian activity (1 VRU site<=50m)", "pop_density": 14308.8, "pop_density_peak": 14308.9, "v_design": 50, "design_gap": 20}}, {"type": "Feature", "geometry": {"type": "LineString", "coordinates": [[123.8908262, 10.3161545], [123.8908542, 10.3160791], [123.8909718, 10.3157532]]}, "properties": {"city": "cebu", "name": "Osme\u00f1a Boulevard", "highway": "secondary", "v_posted": 50, "posted_imputed": false, "v_safe": 30, "gap": 20, "R": 7.72, "exposure": 0.889, "vru_150m": 4, "sss": 47.2, "recommended": 30, "fatal_reduction_pct": 87.0, "why": "pedestrian activity (1 VRU site<=50m)", "pop_density": 14434.1, "pop_density_peak": 14434.1, "v_design": 50, "design_gap": 20}}, {"type": "Feature", "geometry": {"type": "LineString", "coordinates": [[123.9074402, 10.3085645], [123.9080777, 10.308183], [123.9082054, 10.3081057], [123.9082818, 10.3080615], [123.9086191, 10.3078537], [123.9086504, 10.3078359], [123.908829, 10.3077324], [123.9093043, 10.3074524], [123.909672, 10.3072306], [123.9097386, 10.307193], [123.9097886, 10.307153]]}, "properties": {"city": "cebu", "name": "General Maxilom Avenue Extension", "highway": "secondary", "v_posted": 50, "posted_imputed": false, "v_safe": 30, "gap": 20, "R": 7.72, "exposure": 1.0, "vru_150m": 5, "sss": 50.0, "recommended": 30, "fatal_reduction_pct": 87.0, "why": "pedestrian activity (3 VRU site<=50m)", "pop_density": 25821.2, "pop_density_peak": 29525.2, "v_design": 50, "design_gap": 20}}, {"type": "Feature", "geometry": {"type": "LineString", "coordinates": [[123.897887, 10.3180916], [123.8981719, 10.3181546]]}, "properties": {"city": "cebu", "name": "N. Escario Street", "highway": "secondary", "v_posted": 50, "posted_imputed": false, "v_safe": 30, "gap": 20, "R": 7.72, "exposure": 0.973, "vru_150m": 4, "sss": 49.3, "recommended": 30, "fatal_reduction_pct": 87.0, "why": "pedestrian activity (1 VRU site<=50m)", "pop_density": 28027.4, "pop_density_peak": 28027.4, "v_design": 50, "design_gap": 20}}, {"type": "Feature", "geometry": {"type": "LineString", "coordinates": [[123.8981719, 10.3181546], [123.8982107, 10.3181632], [123.8986399, 10.3182581], [123.8986863, 10.3182684], [123.8987798, 10.3182904], [123.8992903, 10.3184103]]}, "properties": {"city": "cebu", "name": "N. Escario Street", "highway": "secondary", "v_posted": 50, "posted_imputed": false, "v_safe": 30, "gap": 20, "R": 7.72, "exposure": 0.89, "vru_150m": 1, "sss": 47.3, "recommended": 30, "fatal_reduction_pct": 87.0, "why": "pedestrian activity (1 VRU site<=50m)", "pop_density": 27900.1, "pop_density_peak": 28027.4, "v_design": 50, "design_gap": 20}}, {"type": "Feature", "geometry": {"type": "LineString", "coordinates": [[123.895421, 10.3102401], [123.8955279, 10.3102767], [123.8959417, 10.3104184], [123.896109, 10.3104757], [123.8962954, 10.3105395], [123.8963766, 10.3105673], [123.8964433, 10.3105902], [123.8968945, 10.3107447]]}, "properties": {"city": "cebu", "name": "General Maxilom Avenue", "highway": "secondary", "v_posted": 50, "posted_imputed": false, "v_safe": 30, "gap": 20, "R": 7.72, "exposure": 0.949, "vru_150m": 4, "sss": 48.7, "recommended": 30, "fatal_reduction_pct": 87.0, "why": "pedestrian activity (2 VRU site<=50m)", "pop_density": 24017.5, "pop_density_peak": 24538.6, "v_design": 50, "design_gap": 20}}, {"type": "Feature", "geometry": {"type": "LineString", "coordinates": [[123.9102549, 10.3320979], [123.9102413, 10.3320469]]}, "properties": {"city": "cebu", "name": "Governor M. Cuenco Avenue", "highway": "secondary", "v_posted": 50, "posted_imputed": false, "v_safe": 30, "gap": 20, "R": 7.72, "exposure": 0.831, "vru_150m": 3, "sss": 45.8, "recommended": 30, "fatal_reduction_pct": 87.0, "why": "pedestrian activity (1 VRU site<=50m)", "pop_density": 18698.7, "pop_density_peak": 18698.7, "v_design": 50, "design_gap": 20}}, {"type": "Feature", "geometry": {"type": "LineString", "coordinates": [[123.9071319, 10.3087557], [123.9070689, 10.3086869], [123.9069574, 10.3085671], [123.9067721, 10.3083483], [123.9066877, 10.3082486], [123.906577, 10.3081205], [123.9063949, 10.3079097], [123.9059715, 10.3074102], [123.9057887, 10.3071801], [123.9055882, 10.3069137]]}, "properties": {"city": "cebu", "name": "Imus Avenue", "highway": "primary", "v_posted": 50, "posted_imputed": false, "v_safe": 30, "gap": 20, "R": 7.72, "exposure": 0.89, "vru_150m": 4, "sss": 47.2, "recommended": 30, "fatal_reduction_pct": 87.0, "why": "pedestrian activity (1 VRU site<=50m)", "pop_density": 14528.2, "pop_density_peak": 21606.8, "v_design": 60, "design_gap": 30}}, {"type": "Feature", "geometry": {"type": "LineString", "coordinates": [[123.8959321, 10.3078398], [123.8960582, 10.3076715], [123.8961887, 10.3074972], [123.8965285, 10.3070437], [123.8965765, 10.3069795]]}, "properties": {"city": "cebu", "name": "F. Ramos Street", "highway": "tertiary", "v_posted": 40, "posted_imputed": false, "v_safe": 30, "gap": 10, "R": 3.16, "exposure": 0.951, "vru_150m": 4, "sss": 24.4, "recommended": 30, "fatal_reduction_pct": 68.4, "why": "pedestrian activity (2 VRU site<=50m)", "pop_density": 24365.0, "pop_density_peak": 26064.7, "v_design": 45, "design_gap": 15}}, {"type": "Feature", "geometry": {"type": "LineString", "coordinates": [[123.9105773, 10.3336177], [123.9104423, 10.3329491], [123.9103709, 10.3325983], [123.910365, 10.3325695], [123.9103341, 10.3324288], [123.9102865, 10.3322121]]}, "properties": {"city": "cebu", "name": "Governor M. Cuenco Avenue", "highway": "secondary", "v_posted": 50, "posted_imputed": false, "v_safe": 30, "gap": 20, "R": 7.72, "exposure": 1.0, "vru_150m": 2, "sss": 50.0, "recommended": 30, "fatal_reduction_pct": 87.0, "why": "pedestrian activity (1 VRU site<=50m)", "pop_density": 32805.7, "pop_density_peak": 40336.4, "v_design": 50, "design_gap": 20}}, {"type": "Feature", "geometry": {"type": "LineString", "coordinates": [[123.8940769, 10.3436763], [123.8939756, 10.3437191], [123.8939025, 10.3437725], [123.893857, 10.3438146], [123.8937601, 10.3439776], [123.8937423, 10.3440128], [123.8937051, 10.3441668], [123.8936106, 10.3445582], [123.8934477, 10.3452866], [123.8934335, 10.3454244], [123.8934321, 10.3455234]]}, "properties": {"city": "cebu", "name": "Veterans Drive", "highway": "primary", "v_posted": 50, "posted_imputed": false, "v_safe": 30, "gap": 20, "R": 7.72, "exposure": 0.497, "vru_150m": 1, "sss": 37.4, "recommended": 30, "fatal_reduction_pct": 87.0, "why": "pedestrian activity (1 VRU site<=50m)", "pop_density": 11998.5, "pop_density_peak": 12277.5, "v_design": 60, "design_gap": 30}}, {"type": "Feature", "geometry": {"type": "LineString", "coordinates": [[123.9102865, 10.3322121], [123.9102549, 10.3320979]]}, "properties": {"city": "cebu", "name": "Governor M. Cuenco Avenue", "highway": "secondary", "v_posted": 50, "posted_imputed": false, "v_safe": 30, "gap": 20, "R": 7.72, "exposure": 0.872, "vru_150m": 3, "sss": 46.8, "recommended": 30, "fatal_reduction_pct": 87.0, "why": "pedestrian activity (1 VRU site<=50m)", "pop_density": 21986.8, "pop_density_peak": 25275.0, "v_design": 50, "design_gap": 20}}, {"type": "Feature", "geometry": {"type": "LineString", "coordinates": [[123.9102413, 10.3320469], [123.9101702, 10.3317783]]}, "properties": {"city": "cebu", "name": "Governor M. Cuenco Avenue", "highway": "secondary", "v_posted": 50, "posted_imputed": false, "v_safe": 30, "gap": 20, "R": 7.72, "exposure": 0.831, "vru_150m": 3, "sss": 45.8, "recommended": 30, "fatal_reduction_pct": 87.0, "why": "pedestrian activity (2 VRU site<=50m)", "pop_density": 18698.7, "pop_density_peak": 18698.7, "v_design": 50, "design_gap": 20}}, {"type": "Feature", "geometry": {"type": "LineString", "coordinates": [[123.8915315, 10.3165022], [123.8909996, 10.316311]]}, "properties": {"city": "cebu", "name": "N. Escario Street", "highway": "secondary", "v_posted": 50, "posted_imputed": false, "v_safe": 30, "gap": 20, "R": 7.72, "exposure": 0.891, "vru_150m": 4, "sss": 47.3, "recommended": 30, "fatal_reduction_pct": 87.0, "why": "pedestrian activity (1 VRU site<=50m)", "pop_density": 14664.8, "pop_density_peak": 14895.5, "v_design": 50, "design_gap": 20}}, {"type": "Feature", "geometry": {"type": "LineString", "coordinates": [[123.8924768, 10.316734], [123.8928109, 10.316851], [123.8928713, 10.3168721], [123.8931196, 10.316959]]}, "properties": {"city": "cebu", "name": "N. Escario Street", "highway": "secondary", "v_posted": 50, "posted_imputed": false, "v_safe": 30, "gap": 20, "R": 7.72, "exposure": 0.819, "vru_150m": 3, "sss": 45.5, "recommended": 30, "fatal_reduction_pct": 87.0, "why": "pedestrian activity (1 VRU site<=50m)", "pop_density": 17718.6, "pop_density_peak": 19979.0, "v_design": 50, "design_gap": 20}}, {"type": "Feature", "geometry": {"type": "LineString", "coordinates": [[123.9127288, 10.3459482], [123.9127119, 10.3458423], [123.9126925, 10.3457214]]}, "properties": {"city": "cebu", "name": "Governor M. Cuenco Avenue", "highway": "secondary", "v_posted": 50, "posted_imputed": false, "v_safe": 30, "gap": 20, "R": 7.72, "exposure": 0.71, "vru_150m": 3, "sss": 42.8, "recommended": 30, "fatal_reduction_pct": 87.0, "why": "pedestrian activity (1 VRU site<=50m)", "pop_density": 8918.3, "pop_density_peak": 8918.3, "v_design": 50, "design_gap": 20}}, {"type": "Feature", "geometry": {"type": "LineString", "coordinates": [[123.9037665, 10.320435], [123.9038649, 10.3203301]]}, "properties": {"city": "cebu", "name": "Mindanao Avenue", "highway": "secondary", "v_posted": 50, "posted_imputed": false, "v_safe": 30, "gap": 20, "R": 7.72, "exposure": 0.75, "vru_150m": 3, "sss": 43.7, "recommended": 30, "fatal_reduction_pct": 87.0, "why": "pedestrian activity (1 VRU site<=50m)", "pop_density": 12116.2, "pop_density_peak": 12116.2, "v_design": 50, "design_gap": 20}}, {"type": "Feature", "geometry": {"type": "LineString", "coordinates": [[123.9058921, 10.3271164], [123.9057659, 10.3271904], [123.9056398, 10.3272616]]}, "properties": {"city": "cebu", "name": "Salinas Drive", "highway": "primary", "v_posted": 50, "posted_imputed": false, "v_safe": 30, "gap": 20, "R": 7.72, "exposure": 0.604, "vru_150m": 2, "sss": 40.1, "recommended": 30, "fatal_reduction_pct": 87.0, "why": "pedestrian activity (1 VRU site<=50m)", "pop_density": 10972.8, "pop_density_peak": 11609.2, "v_design": 60, "design_gap": 30}}, {"type": "Feature", "geometry": {"type": "LineString", "coordinates": [[123.9034928, 10.3117202], [123.9034544, 10.3117942], [123.9033868, 10.3119248], [123.9032723, 10.3121456]]}, "properties": {"city": "cebu", "name": "Gorordo Avenue", "highway": "secondary", "v_posted": 50, "posted_imputed": false, "v_safe": 30, "gap": 20, "R": 7.72, "exposure": 0.918, "vru_150m": 2, "sss": 47.9, "recommended": 30, "fatal_reduction_pct": 87.0, "why": "pedestrian activity (1 VRU site<=50m)", "pop_density": 27916.4, "pop_density_peak": 27916.4, "v_design": 50, "design_gap": 20}}, {"type": "Feature", "geometry": {"type": "LineString", "coordinates": [[123.8909996, 10.316311], [123.8909423, 10.3162913]]}, "properties": {"city": "cebu", "name": "N. Escario Street", "highway": "secondary", "v_posted": 50, "posted_imputed": false, "v_safe": 30, "gap": 20, "R": 7.72, "exposure": 0.889, "vru_150m": 4, "sss": 47.2, "recommended": 30, "fatal_reduction_pct": 87.0, "why": "pedestrian activity (1 VRU site<=50m)", "pop_density": 14434.1, "pop_density_peak": 14434.1, "v_design": 50, "design_gap": 20}}, {"type": "Feature", "geometry": {"type": "LineString", "coordinates": [[123.8919084, 10.316535], [123.8920056, 10.3165691]]}, "properties": {"city": "cebu", "name": "N. Escario Street", "highway": "secondary", "v_posted": 50, "posted_imputed": false, "v_safe": 30, "gap": 20, "R": 7.72, "exposure": 1.0, "vru_150m": 5, "sss": 50.0, "recommended": 30, "fatal_reduction_pct": 87.0, "why": "pedestrian activity (2 VRU site<=50m)", "pop_density": 15176.9, "pop_density_peak": 15458.2, "v_design": 50, "design_gap": 20}}, {"type": "Feature", "geometry": {"type": "LineString", "coordinates": [[123.8919761, 10.3166539], [123.8918776, 10.3166203]]}, "properties": {"city": "cebu", "name": "N. Escario Street", "highway": "secondary", "v_posted": 50, "posted_imputed": false, "v_safe": 30, "gap": 20, "R": 7.72, "exposure": 1.0, "vru_150m": 5, "sss": 50.0, "recommended": 30, "fatal_reduction_pct": 87.0, "why": "pedestrian activity (1 VRU site<=50m)", "pop_density": 14895.5, "pop_density_peak": 14895.5, "v_design": 50, "design_gap": 20}}, {"type": "Feature", "geometry": {"type": "LineString", "coordinates": [[123.8915629, 10.3164141], [123.8919084, 10.316535]]}, "properties": {"city": "cebu", "name": "N. Escario Street", "highway": "secondary", "v_posted": 50, "posted_imputed": false, "v_safe": 30, "gap": 20, "R": 7.72, "exposure": 1.0, "vru_150m": 5, "sss": 50.0, "recommended": 30, "fatal_reduction_pct": 87.0, "why": "pedestrian activity (1 VRU site<=50m)", "pop_density": 14895.5, "pop_density_peak": 14895.5, "v_design": 50, "design_gap": 20}}, {"type": "Feature", "geometry": {"type": "LineString", "coordinates": [[123.905642, 10.3067498], [123.9057017, 10.3068292]]}, "properties": {"city": "cebu", "name": "Imus Avenue", "highway": "primary", "v_posted": 50, "posted_imputed": false, "v_safe": 30, "gap": 20, "R": 7.72, "exposure": 0.564, "vru_150m": 2, "sss": 39.1, "recommended": 30, "fatal_reduction_pct": 87.0, "why": "pedestrian activity (1 VRU site<=50m)", "pop_density": 8859.9, "pop_density_peak": 8859.9, "v_design": 60, "design_gap": 30}}, {"type": "Feature", "geometry": {"type": "LineString", "coordinates": [[123.9051481, 10.322444], [123.9051098, 10.3223868]]}, "properties": {"city": "cebu", "name": "Archbishop Reyes Avenue", "highway": "secondary", "v_posted": 50, "posted_imputed": false, "v_safe": 30, "gap": 20, "R": 7.72, "exposure": 0.742, "vru_150m": 3, "sss": 43.5, "recommended": 30, "fatal_reduction_pct": 87.0, "why": "pedestrian activity (1 VRU site<=50m)", "pop_density": 11470.7, "pop_density_peak": 11470.7, "v_design": 50, "design_gap": 20}}, {"type": "Feature", "geometry": {"type": "LineString", "coordinates": [[123.9052017, 10.3225261], [123.9051481, 10.322444]]}, "properties": {"city": "cebu", "name": "Archbishop Reyes Avenue", "highway": "secondary", "v_posted": 50, "posted_imputed": false, "v_safe": 30, "gap": 20, "R": 7.72, "exposure": 0.742, "vru_150m": 3, "sss": 43.5, "recommended": 30, "fatal_reduction_pct": 87.0, "why": "pedestrian activity (1 VRU site<=50m)", "pop_density": 11470.7, "pop_density_peak": 11470.7, "v_design": 50, "design_gap": 20}}, {"type": "Feature", "geometry": {"type": "LineString", "coordinates": [[123.9107911, 10.3206957], [123.910763, 10.3207427], [123.9104987, 10.3211839], [123.9101919, 10.3216807]]}, "properties": {"city": "cebu", "name": "Pope John Paul \u2161 Avenue", "highway": "primary", "v_posted": 50, "posted_imputed": false, "v_safe": 30, "gap": 20, "R": 7.72, "exposure": 1.0, "vru_150m": 5, "sss": 50.0, "recommended": 30, "fatal_reduction_pct": 87.0, "why": "pedestrian activity (1 VRU site<=50m)", "pop_density": 32796.8, "pop_density_peak": 34242.7, "v_design": 60, "design_gap": 30}}, {"type": "Feature", "geometry": {"type": "LineString", "coordinates": [[123.9103277, 10.3213139], [123.910357, 10.3212645], [123.9105071, 10.3210162], [123.9106975, 10.3207033], [123.910726, 10.3206564]]}, "properties": {"city": "cebu", "name": "Pope John Paul \u2161 Avenue", "highway": "primary", "v_posted": 50, "posted_imputed": false, "v_safe": 30, "gap": 20, "R": 7.72, "exposure": 1.0, "vru_150m": 4, "sss": 50.0, "recommended": 30, "fatal_reduction_pct": 87.0, "why": "pedestrian activity (1 VRU site<=50m)", "pop_density": 37386.3, "pop_density_peak": 43421.7, "v_design": 60, "design_gap": 30}}, {"type": "Feature", "geometry": {"type": "LineString", "coordinates": [[123.9055938, 10.306686], [123.905642, 10.3067498]]}, "properties": {"city": "cebu", "name": "Imus Avenue", "highway": "primary", "v_posted": 50, "posted_imputed": false, "v_safe": 30, "gap": 20, "R": 7.72, "exposure": 0.419, "vru_150m": 1, "sss": 35.5, "recommended": 30, "fatal_reduction_pct": 87.0, "why": "pedestrian activity (1 VRU site<=50m)", "pop_density": 8859.9, "pop_density_peak": 8859.9, "v_design": 60, "design_gap": 30}}, {"type": "Feature", "geometry": {"type": "LineString", "coordinates": [[123.8883792, 10.3167794], [123.8880962, 10.316682], [123.8879914, 10.3166435]]}, "properties": {"city": "cebu", "name": "M. Velez Street", "highway": "secondary", "v_posted": 40, "posted_imputed": false, "v_safe": 30, "gap": 10, "R": 3.16, "exposure": 0.512, "vru_150m": 1, "sss": 18.9, "recommended": 30, "fatal_reduction_pct": 68.4, "why": "pedestrian activity (1 VRU site<=50m)", "pop_density": 12598.9, "pop_density_peak": 12598.9, "v_design": 50, "design_gap": 20}}, {"type": "Feature", "geometry": {"type": "LineString", "coordinates": [[123.8839266, 10.3226381], [123.8838801, 10.3228617], [123.883869, 10.3229153], [123.8838042, 10.3231867], [123.8837813, 10.3232692], [123.883734, 10.3234397], [123.8836642, 10.3236457], [123.8836166, 10.3237619], [123.8834377, 10.3241204], [123.8833978, 10.3242021]]}, "properties": {"city": "cebu", "name": "Vicente Rama Avenue", "highway": "secondary", "v_posted": 40, "posted_imputed": false, "v_safe": 30, "gap": 10, "R": 3.16, "exposure": 0.565, "vru_150m": 2, "sss": 19.6, "recommended": 30, "fatal_reduction_pct": 68.4, "why": "pedestrian activity (2 VRU site<=50m)", "pop_density": 8882.8, "pop_density_peak": 10681.5, "v_design": 50, "design_gap": 20}}, {"type": "Feature", "geometry": {"type": "LineString", "coordinates": [[123.885422, 10.315738], [123.885403, 10.3158256]]}, "properties": {"city": "cebu", "name": "Vicente Rama Avenue", "highway": "secondary", "v_posted": 40, "posted_imputed": false, "v_safe": 30, "gap": 10, "R": 3.16, "exposure": 0.878, "vru_150m": 4, "sss": 23.5, "recommended": 30, "fatal_reduction_pct": 68.4, "why": "pedestrian activity (1 VRU site<=50m)", "pop_density": 12689.1, "pop_density_peak": 12689.1, "v_design": 50, "design_gap": 20}}, {"type": "Feature", "geometry": {"type": "LineString", "coordinates": [[123.8854807, 10.3154983], [123.8854621, 10.3155756], [123.885422, 10.315738]]}, "properties": {"city": "cebu", "name": "Vicente Rama Avenue", "highway": "secondary", "v_posted": 40, "posted_imputed": false, "v_safe": 30, "gap": 10, "R": 3.16, "exposure": 0.88, "vru_150m": 4, "sss": 23.5, "recommended": 30, "fatal_reduction_pct": 68.4, "why": "pedestrian activity (1 VRU site<=50m)", "pop_density": 12877.6, "pop_density_peak": 13066.2, "v_design": 50, "design_gap": 20}}, {"type": "Feature", "geometry": {"type": "LineString", "coordinates": [[123.8920056, 10.3165691], [123.8924768, 10.316734]]}, "properties": {"city": "cebu", "name": "N. Escario Street", "highway": "secondary", "v_posted": 50, "posted_imputed": false, "v_safe": 30, "gap": 20, "R": 7.72, "exposure": 0.791, "vru_150m": 3, "sss": 44.8, "recommended": 30, "fatal_reduction_pct": 87.0, "why": "pedestrian activity (2 VRU site<=50m)", "pop_density": 15458.2, "pop_density_peak": 15458.2, "v_design": 50, "design_gap": 20}}, {"type": "Feature", "geometry": {"type": "LineString", "coordinates": [[123.892843, 10.3169496], [123.8927861, 10.3169302], [123.8924469, 10.3168145], [123.8919761, 10.3166539]]}, "properties": {"city": "cebu", "name": "N. Escario Street", "highway": "secondary", "v_posted": 50, "posted_imputed": false, "v_safe": 30, "gap": 20, "R": 7.72, "exposure": 0.816, "vru_150m": 3, "sss": 45.4, "recommended": 30, "fatal_reduction_pct": 87.0, "why": "pedestrian activity (2 VRU site<=50m)", "pop_density": 17437.3, "pop_density_peak": 19979.0, "v_design": 50, "design_gap": 20}}, {"type": "Feature", "geometry": {"type": "LineString", "coordinates": [[123.8932898, 10.317102], [123.8932096, 10.3170746], [123.892843, 10.3169496]]}, "properties": {"city": "cebu", "name": "N. Escario Street", "highway": "secondary", "v_posted": 50, "posted_imputed": false, "v_safe": 30, "gap": 20, "R": 7.72, "exposure": 0.924, "vru_150m": 4, "sss": 48.1, "recommended": 30, "fatal_reduction_pct": 87.0, "why": "pedestrian activity (1 VRU site<=50m)", "pop_density": 19979.0, "pop_density_peak": 19979.0, "v_design": 50, "design_gap": 20}}, {"type": "Feature", "geometry": {"type": "LineString", "coordinates": [[123.8933158, 10.3170277], [123.8933813, 10.3170507], [123.8940268, 10.3172774]]}, "properties": {"city": "cebu", "name": "N. Escario Street", "highway": "secondary", "v_posted": 50, "posted_imputed": false, "v_safe": 30, "gap": 20, "R": 7.72, "exposure": 0.851, "vru_150m": 3, "sss": 46.3, "recommended": 30, "fatal_reduction_pct": 87.0, "why": "pedestrian activity (1 VRU site<=50m)", "pop_density": 20323.2, "pop_density_peak": 20667.3, "v_design": 50, "design_gap": 20}}, {"type": "Feature", "geometry": {"type": "LineString", "coordinates": [[123.8940268, 10.3172774], [123.8941282, 10.3173105], [123.8941605, 10.317321], [123.8944788, 10.3174325], [123.8946076, 10.3174754], [123.8946537, 10.3174908], [123.8946946, 10.3175244]]}, "properties": {"city": "cebu", "name": "N. Escario Street", "highway": "secondary", "v_posted": 50, "posted_imputed": false, "v_safe": 30, "gap": 20, "R": 7.72, "exposure": 0.771, "vru_150m": 1, "sss": 44.3, "recommended": 30, "fatal_reduction_pct": 87.0, "why": "pedestrian activity (1 VRU site<=50m)", "pop_density": 23103.3, "pop_density_peak": 25539.3, "v_design": 50, "design_gap": 20}}, {"type": "Feature", "geometry": {"type": "LineString", "coordinates": [[123.893728, 10.3172587], [123.8933545, 10.3171251], [123.8932898, 10.317102]]}, "properties": {"city": "cebu", "name": "N. Escario Street", "highway": "secondary", "v_posted": 50, "posted_imputed": false, "v_safe": 30, "gap": 20, "R": 7.72, "exposure": 0.851, "vru_150m": 3, "sss": 46.3, "recommended": 30, "fatal_reduction_pct": 87.0, "why": "pedestrian activity (1 VRU site<=50m)", "pop_density": 20323.2, "pop_density_peak": 20667.3, "v_design": 50, "design_gap": 20}}, {"type": "Feature", "geometry": {"type": "LineString", "coordinates": [[123.8924667, 10.3115537], [123.8925309, 10.3113804], [123.8925663, 10.3112732]]}, "properties": {"city": "cebu", "name": "Osme\u00f1a Boulevard", "highway": "secondary", "v_posted": 50, "posted_imputed": false, "v_safe": 30, "gap": 20, "R": 7.72, "exposure": 0.814, "vru_150m": 3, "sss": 45.4, "recommended": 30, "fatal_reduction_pct": 87.0, "why": "pedestrian activity (1 VRU site<=50m)", "pop_density": 17336.2, "pop_density_peak": 18870.6, "v_design": 50, "design_gap": 20}}, {"type": "Feature", "geometry": {"type": "LineString", "coordinates": [[123.8930549, 10.3091729], [123.8931992, 10.3091333], [123.8932686, 10.3090966], [123.8933084, 10.3090422], [123.8933428, 10.3089788], [123.8935155, 10.3085102], [123.8935513, 10.3084199], [123.8936955, 10.308026], [123.8937789, 10.3078095], [123.8938924, 10.3074867], [123.8940168, 10.3071373], [123.8940373, 10.3070862]]}, "properties": {"city": "cebu", "name": "Osme\u00f1a Boulevard", "highway": "secondary", "v_posted": 50, "posted_imputed": false, "v_safe": 30, "gap": 20, "R": 7.72, "exposure": 1.0, "vru_150m": 5, "sss": 50.0, "recommended": 30, "fatal_reduction_pct": 87.0, "why": "pedestrian activity (3 VRU site<=50m)", "pop_density": 20806.7, "pop_density_peak": 23025.4, "v_design": 50, "design_gap": 20}}, {"type": "Feature", "geometry": {"type": "LineString", "coordinates": [[123.8965765, 10.3069795], [123.8966647, 10.3068617]]}, "properties": {"city": "cebu", "name": "F. Ramos Street", "highway": "tertiary", "v_posted": 40, "posted_imputed": false, "v_safe": 30, "gap": 10, "R": 3.16, "exposure": 0.94, "vru_150m": 4, "sss": 24.3, "recommended": 30, "fatal_reduction_pct": 68.4, "why": "pedestrian activity (1 VRU site<=50m)", "pop_density": 22665.3, "pop_density_peak": 22665.3, "v_design": 45, "design_gap": 15}}, {"type": "Feature", "geometry": {"type": "LineString", "coordinates": [[123.8943905, 10.3099074], [123.8944414, 10.309781], [123.8946317, 10.3095332], [123.89497, 10.3090926]]}, "properties": {"city": "cebu", "name": "F. Ramos Street", "highway": "tertiary", "v_posted": 40, "posted_imputed": false, "v_safe": 30, "gap": 10, "R": 3.16, "exposure": 0.864, "vru_150m": 2, "sss": 23.3, "recommended": 30, "fatal_reduction_pct": 68.4, "why": "pedestrian activity (1 VRU site<=50m)", "pop_density": 24995.9, "pop_density_peak": 25368.7, "v_design": 45, "design_gap": 15}}, {"type": "Feature", "geometry": {"type": "LineString", "coordinates": [[123.9018859, 10.3148152], [123.9017782, 10.3150223], [123.9017577, 10.3150594]]}, "properties": {"city": "cebu", "name": "Gorordo Avenue", "highway": "secondary", "v_posted": 50, "posted_imputed": false, "v_safe": 30, "gap": 20, "R": 7.72, "exposure": 1.0, "vru_150m": 4, "sss": 50.0, "recommended": 30, "fatal_reduction_pct": 87.0, "why": "pedestrian activity (2 VRU site<=50m)", "pop_density": 36493.4, "pop_density_peak": 36493.4, "v_design": 50, "design_gap": 20}}, {"type": "Feature", "geometry": {"type": "LineString", "coordinates": [[123.9062442, 10.3241184], [123.9063574, 10.324202], [123.9064552, 10.3243208], [123.9065169, 10.3244084], [123.9066243, 10.3245611], [123.9066778, 10.324637], [123.9069234, 10.3250045], [123.9071107, 10.3252834], [123.9072501, 10.3254782], [123.9073109, 10.3255445], [123.9073719, 10.3256164], [123.907387, 10.3256306], [123.9074076, 10.3256519]]}, "properties": {"city": "cebu", "name": "Archbishop Reyes Avenue", "highway": "secondary", "v_posted": 50, "posted_imputed": false, "v_safe": 30, "gap": 20, "R": 7.72, "exposure": 1.0, "vru_150m": 7, "sss": 50.0, "recommended": 30, "fatal_reduction_pct": 87.0, "why": "pedestrian activity (1 VRU site<=50m)", "pop_density": 12782.9, "pop_density_peak": 13625.0, "v_design": 50, "design_gap": 20}}, {"type": "Feature", "geometry": {"type": "LineString", "coordinates": [[123.8930549, 10.3091729], [123.8932069, 10.3091752], [123.8933706, 10.3092187]]}, "properties": {"city": "cebu", "name": "Fuente Osme\u00f1a Circle", "highway": "secondary", "v_posted": 50, "posted_imputed": false, "v_safe": 30, "gap": 20, "R": 7.72, "exposure": 1.0, "vru_150m": 6, "sss": 50.0, "recommended": 30, "fatal_reduction_pct": 87.0, "why": "pedestrian activity (1 VRU site<=50m)", "pop_density": 18437.2, "pop_density_peak": 18437.2, "v_design": 50, "design_gap": 20}}, {"type": "Feature", "geometry": {"type": "LineString", "coordinates": [[123.9101702, 10.3317783], [123.9101406, 10.3316784]]}, "properties": {"city": "cebu", "name": "Governor M. Cuenco Avenue", "highway": "secondary", "v_posted": 50, "posted_imputed": false, "v_safe": 30, "gap": 20, "R": 7.72, "exposure": 0.831, "vru_150m": 3, "sss": 45.8, "recommended": 30, "fatal_reduction_pct": 87.0, "why": "pedestrian activity (2 VRU site<=50m)", "pop_density": 18698.7, "pop_density_peak": 18698.7, "v_design": 50, "design_gap": 20}}, {"type": "Feature", "geometry": {"type": "LineString", "coordinates": [[123.9114693, 10.3386183], [123.911461, 10.3385665], [123.9114475, 10.3384821], [123.9114189, 10.3383087]]}, "properties": {"city": "cebu", "name": "Governor M. Cuenco Avenue", "highway": "secondary", "v_posted": 50, "posted_imputed": false, "v_safe": 30, "gap": 20, "R": 7.72, "exposure": 1.0, "vru_150m": 3, "sss": 50.0, "recommended": 30, "fatal_reduction_pct": 87.0, "why": "pedestrian activity (1 VRU site<=50m)", "pop_density": 59088.9, "pop_density_peak": 59088.9, "v_design": 50, "design_gap": 20}}, {"type": "Feature", "geometry": {"type": "LineString", "coordinates": [[123.8911217, 10.3158173], [123.8909995, 10.3161311], [123.8909721, 10.3162109]]}, "properties": {"city": "cebu", "name": "Osme\u00f1a Boulevard", "highway": "secondary", "v_posted": 50, "posted_imputed": false, "v_safe": 30, "gap": 20, "R": 7.72, "exposure": 0.889, "vru_150m": 4, "sss": 47.2, "recommended": 30, "fatal_reduction_pct": 87.0, "why": "pedestrian activity (1 VRU site<=50m)", "pop_density": 14434.1, "pop_density_peak": 14434.1, "v_design": 50, "design_gap": 20}}, {"type": "Feature", "geometry": {"type": "LineString", "coordinates": [[123.8909718, 10.3157532], [123.8912277, 10.3150328], [123.8912964, 10.3148464], [123.8913272, 10.3147651]]}, "properties": {"city": "cebu", "name": "Osme\u00f1a Boulevard", "highway": "secondary", "v_posted": 50, "posted_imputed": false, "v_safe": 30, "gap": 20, "R": 7.72, "exposure": 1.0, "vru_150m": 8, "sss": 50.0, "recommended": 30, "fatal_reduction_pct": 87.0, "why": "pedestrian activity (1 VRU site<=50m)", "pop_density": 15283.5, "pop_density_peak": 16132.9, "v_design": 50, "design_gap": 20}}, {"type": "Feature", "geometry": {"type": "LineString", "coordinates": [[123.9061608, 10.3239859], [123.9062442, 10.3241184]]}, "properties": {"city": "cebu", "name": "Archbishop Reyes Avenue", "highway": "secondary", "v_posted": 50, "posted_imputed": false, "v_safe": 30, "gap": 20, "R": 7.72, "exposure": 0.871, "vru_150m": 4, "sss": 46.8, "recommended": 30, "fatal_reduction_pct": 87.0, "why": "pedestrian activity (1 VRU site<=50m)", "pop_density": 11479.3, "pop_density_peak": 11920.4, "v_design": 50, "design_gap": 20}}, {"type": "Feature", "geometry": {"type": "LineString", "coordinates": [[123.9061083, 10.3239123], [123.9061608, 10.3239859]]}, "properties": {"city": "cebu", "name": "Archbishop Reyes Avenue", "highway": "secondary", "v_posted": 50, "posted_imputed": false, "v_safe": 30, "gap": 20, "R": 7.72, "exposure": 1.0, "vru_150m": 5, "sss": 50.0, "recommended": 30, "fatal_reduction_pct": 87.0, "why": "pedestrian activity (2 VRU site<=50m)", "pop_density": 11038.2, "pop_density_peak": 11038.2, "v_design": 50, "design_gap": 20}}, {"type": "Feature", "geometry": {"type": "LineString", "coordinates": [[123.9060948, 10.3238935], [123.9061083, 10.3239123]]}, "properties": {"city": "cebu", "name": "Archbishop Reyes Avenue", "highway": "secondary", "v_posted": 50, "posted_imputed": false, "v_safe": 30, "gap": 20, "R": 7.72, "exposure": 1.0, "vru_150m": 5, "sss": 50.0, "recommended": 30, "fatal_reduction_pct": 87.0, "why": "pedestrian activity (2 VRU site<=50m)", "pop_density": 11038.2, "pop_density_peak": 11038.2, "v_design": 50, "design_gap": 20}}, {"type": "Feature", "geometry": {"type": "LineString", "coordinates": [[123.9059855, 10.3237262], [123.9060741, 10.3238632], [123.9060948, 10.3238935]]}, "properties": {"city": "cebu", "name": "Archbishop Reyes Avenue", "highway": "secondary", "v_posted": 50, "posted_imputed": false, "v_safe": 30, "gap": 20, "R": 7.72, "exposure": 1.0, "vru_150m": 5, "sss": 50.0, "recommended": 30, "fatal_reduction_pct": 87.0, "why": "pedestrian activity (2 VRU site<=50m)", "pop_density": 11536.6, "pop_density_peak": 12034.9, "v_design": 50, "design_gap": 20}}, {"type": "Feature", "geometry": {"type": "LineString", "coordinates": [[123.9020279, 10.3164177], [123.9017303, 10.3155505]]}, "properties": {"city": "cebu", "name": "Archbishop Reyes Avenue", "highway": "secondary", "v_posted": 50, "posted_imputed": false, "v_safe": 30, "gap": 20, "R": 7.72, "exposure": 1.0, "vru_150m": 3, "sss": 50.0, "recommended": 30, "fatal_reduction_pct": 87.0, "why": "pedestrian activity (1 VRU site<=50m)", "pop_density": 33365.0, "pop_density_peak": 35144.9, "v_design": 50, "design_gap": 20}}, {"type": "Feature", "geometry": {"type": "LineString", "coordinates": [[123.9048119, 10.3164877], [123.9046754, 10.3165191], [123.9044862, 10.3165855], [123.9044047, 10.3166249], [123.9043397, 10.3166563], [123.9041977, 10.3167624], [123.9040954, 10.3168683]]}, "properties": {"city": "cebu", "name": "Luzon Avenue", "highway": "tertiary", "v_posted": 40, "posted_imputed": false, "v_safe": 30, "gap": 10, "R": 3.16, "exposure": 0.741, "vru_150m": 2, "sss": 21.8, "recommended": 30, "fatal_reduction_pct": 68.4, "why": "pedestrian activity (2 VRU site<=50m)", "pop_density": 18356.1, "pop_density_peak": 20367.5, "v_design": 45, "design_gap": 15}}, {"type": "Feature", "geometry": {"type": "LineString", "coordinates": [[123.9101406, 10.3316784], [123.9100467, 10.3313667]]}, "properties": {"city": "cebu", "name": "Governor M. Cuenco Avenue", "highway": "secondary", "v_posted": 50, "posted_imputed": false, "v_safe": 30, "gap": 20, "R": 7.72, "exposure": 0.831, "vru_150m": 3, "sss": 45.8, "recommended": 30, "fatal_reduction_pct": 87.0, "why": "pedestrian activity (2 VRU site<=50m)", "pop_density": 18698.7, "pop_density_peak": 18698.7, "v_design": 50, "design_gap": 20}}, {"type": "Feature", "geometry": {"type": "LineString", "coordinates": [[123.9108432, 10.3206086], [123.9108814, 10.3206647], [123.9109133, 10.3207117]]}, "properties": {"city": "cebu", "name": "F. Cabahug Street", "highway": "secondary", "v_posted": 40, "posted_imputed": false, "v_safe": 30, "gap": 10, "R": 3.16, "exposure": 0.988, "vru_150m": 3, "sss": 24.8, "recommended": 30, "fatal_reduction_pct": 68.4, "why": "pedestrian activity (1 VRU site<=50m)", "pop_density": 31350.9, "pop_density_peak": 31350.9, "v_design": 50, "design_gap": 20}}, {"type": "Feature", "geometry": {"type": "LineString", "coordinates": [[123.9107911, 10.3206957], [123.910726, 10.3206564]]}, "properties": {"city": "cebu", "name": "Cardinal Rosales Avenue", "highway": "secondary", "v_posted": 40, "posted_imputed": false, "v_safe": 30, "gap": 10, "R": 3.16, "exposure": 0.988, "vru_150m": 3, "sss": 24.8, "recommended": 30, "fatal_reduction_pct": 68.4, "why": "pedestrian activity (1 VRU site<=50m)", "pop_density": 31350.9, "pop_density_peak": 31350.9, "v_design": 50, "design_gap": 20}}, {"type": "Feature", "geometry": {"type": "LineString", "coordinates": [[123.9108432, 10.3206086], [123.9107911, 10.3206957]]}, "properties": {"city": "cebu", "name": "Pope John Paul \u2161 Avenue", "highway": "primary", "v_posted": 50, "posted_imputed": false, "v_safe": 30, "gap": 20, "R": 7.72, "exposure": 0.988, "vru_150m": 3, "sss": 49.7, "recommended": 30, "fatal_reduction_pct": 87.0, "why": "pedestrian activity (1 VRU site<=50m)", "pop_density": 31350.9, "pop_density_peak": 31350.9, "v_design": 60, "design_gap": 30}}, {"type": "Feature", "geometry": {"type": "LineString", "coordinates": [[123.9040954, 10.3168683], [123.9040051, 10.3169618]]}, "properties": {"city": "cebu", "name": "Luzon Avenue", "highway": "tertiary", "v_posted": 40, "posted_imputed": false, "v_safe": 30, "gap": 10, "R": 3.16, "exposure": 0.778, "vru_150m": 2, "sss": 22.2, "recommended": 30, "fatal_reduction_pct": 68.4, "why": "pedestrian activity (1 VRU site<=50m)", "pop_density": 20367.5, "pop_density_peak": 20367.5, "v_design": 45, "design_gap": 15}}, {"type": "Feature", "geometry": {"type": "LineString", "coordinates": [[123.9091116, 10.3111702], [123.9092239, 10.3112847]]}, "properties": {"city": "cebu", "name": "M.J. Cuenco Avenue", "highway": "primary", "v_posted": 50, "posted_imputed": false, "v_safe": 30, "gap": 20, "R": 7.72, "exposure": 1.0, "vru_150m": 6, "sss": 50.0, "recommended": 30, "fatal_reduction_pct": 87.0, "why": "pedestrian activity (2 VRU site<=50m)", "pop_density": 19795.5, "pop_density_peak": 19795.5, "v_design": 60, "design_gap": 30}}, {"type": "Feature", "geometry": {"type": "LineString", "coordinates": [[123.9093377, 10.3113938], [123.9096145, 10.3116397], [123.9097687, 10.3117835], [123.90986, 10.3118617]]}, "properties": {"city": "cebu", "name": "M.J. Cuenco Avenue", "highway": "primary", "v_posted": 50, "posted_imputed": false, "v_safe": 30, "gap": 20, "R": 7.72, "exposure": 1.0, "vru_150m": 5, "sss": 50.0, "recommended": 30, "fatal_reduction_pct": 87.0, "why": "pedestrian activity (1 VRU site<=50m)", "pop_density": 14528.6, "pop_density_peak": 16545.8, "v_design": 60, "design_gap": 30}}, {"type": "Feature", "geometry": {"type": "LineString", "coordinates": [[123.9092239, 10.3112847], [123.9093377, 10.3113938]]}, "properties": {"city": "cebu", "name": "M.J. Cuenco Avenue", "highway": "primary", "v_posted": 50, "posted_imputed": false, "v_safe": 30, "gap": 20, "R": 7.72, "exposure": 1.0, "vru_150m": 5, "sss": 50.0, "recommended": 30, "fatal_reduction_pct": 87.0, "why": "pedestrian activity (2 VRU site<=50m)", "pop_density": 18170.7, "pop_density_peak": 19795.5, "v_design": 60, "design_gap": 30}}, {"type": "Feature", "geometry": {"type": "LineString", "coordinates": [[123.8975965, 10.3296445], [123.897667, 10.32988], [123.8976865, 10.3299503], [123.8977097, 10.3300304], [123.8977257, 10.3300804]]}, "properties": {"city": "cebu", "name": "Gorordo Avenue", "highway": "secondary", "v_posted": 50, "posted_imputed": false, "v_safe": 30, "gap": 20, "R": 7.72, "exposure": 0.753, "vru_150m": 3, "sss": 43.8, "recommended": 30, "fatal_reduction_pct": 87.0, "why": "pedestrian activity (1 VRU site<=50m)", "pop_density": 12409.1, "pop_density_peak": 12983.1, "v_design": 50, "design_gap": 20}}, {"type": "Feature", "geometry": {"type": "LineString", "coordinates": [[123.9017303, 10.3155505], [123.9016926, 10.3154229], [123.9016086, 10.3153643]]}, "properties": {"city": "cebu", "name": "Archbishop Reyes Avenue", "highway": "secondary", "v_posted": 50, "posted_imputed": false, "v_safe": 30, "gap": 20, "R": 7.72, "exposure": 1.0, "vru_150m": 4, "sss": 50.0, "recommended": 30, "fatal_reduction_pct": 87.0, "why": "pedestrian activity (1 VRU site<=50m)", "pop_density": 35819.2, "pop_density_peak": 36493.5, "v_design": 50, "design_gap": 20}}, {"type": "Feature", "geometry": {"type": "LineString", "coordinates": [[123.9039543, 10.3168354], [123.9041118, 10.3166858], [123.9042793, 10.3165699], [123.9043566, 10.3165284], [123.9044403, 10.3164902], [123.904632, 10.3164248], [123.9048827, 10.3163598], [123.9049773, 10.316336], [123.9052304, 10.3162724], [123.9053322, 10.3162469]]}, "properties": {"city": "cebu", "name": "Luzon Avenue", "highway": "tertiary", "v_posted": 40, "posted_imputed": false, "v_safe": 30, "gap": 10, "R": 3.16, "exposure": 0.769, "vru_150m": 2, "sss": 22.1, "recommended": 30, "fatal_reduction_pct": 68.4, "why": "pedestrian activity (1 VRU site<=50m)", "pop_density": 19876.6, "pop_density_peak": 20367.5, "v_design": 45, "design_gap": 15}}, {"type": "Feature", "geometry": {"type": "LineString", "coordinates": [[123.9114189, 10.3383087], [123.9114053, 10.3382248]]}, "properties": {"city": "cebu", "name": "Governor M. Cuenco Avenue", "highway": "secondary", "v_posted": 50, "posted_imputed": false, "v_safe": 30, "gap": 20, "R": 7.72, "exposure": 1.0, "vru_150m": 4, "sss": 50.0, "recommended": 30, "fatal_reduction_pct": 87.0, "why": "pedestrian activity (1 VRU site<=50m)", "pop_density": 59088.8, "pop_density_peak": 59088.8, "v_design": 50, "design_gap": 20}}, {"type": "Feature", "geometry": {"type": "LineString", "coordinates": [[123.9123581, 10.3434286], [123.912231, 10.3434498]]}, "properties": {"city": "cebu", "name": "Paseo Saturnino", "highway": "tertiary", "v_posted": 50, "posted_imputed": false, "v_safe": 30, "gap": 20, "R": 7.72, "exposure": 0.569, "vru_150m": 2, "sss": 39.2, "recommended": 30, "fatal_reduction_pct": 87.0, "why": "pedestrian activity (2 VRU site<=50m)", "pop_density": 9092.5, "pop_density_peak": 9092.5, "v_design": 45, "design_gap": 15}}, {"type": "Feature", "geometry": {"type": "LineString", "coordinates": [[123.9123274, 10.3432776], [123.9123581, 10.3434286]]}, "properties": {"city": "cebu", "name": "Governor M. Cuenco Avenue", "highway": "secondary", "v_posted": 50, "posted_imputed": false, "v_safe": 30, "gap": 20, "R": 7.72, "exposure": 0.569, "vru_150m": 2, "sss": 39.2, "recommended": 30, "fatal_reduction_pct": 87.0, "why": "pedestrian activity (2 VRU site<=50m)", "pop_density": 9092.5, "pop_density_peak": 9092.5, "v_design": 50, "design_gap": 20}}, {"type": "Feature", "geometry": {"type": "LineString", "coordinates": [[123.9122544, 10.3435817], [123.9123836, 10.3435624]]}, "properties": {"city": "cebu", "name": "A. S. Fortuna Street", "highway": "secondary", "v_posted": 50, "posted_imputed": false, "v_safe": 30, "gap": 20, "R": 7.72, "exposure": 0.569, "vru_150m": 2, "sss": 39.2, "recommended": 30, "fatal_reduction_pct": 87.0, "why": "pedestrian activity (1 VRU site<=50m)", "pop_density": 9092.5, "pop_density_peak": 9092.5, "v_design": 50, "design_gap": 20}}, {"type": "Feature", "geometry": {"type": "LineString", "coordinates": [[123.9122544, 10.3435817], [123.912231, 10.3434498]]}, "properties": {"city": "cebu", "name": "Governor M. Cuenco Avenue", "highway": "secondary", "v_posted": 50, "posted_imputed": false, "v_safe": 30, "gap": 20, "R": 7.72, "exposure": 0.569, "vru_150m": 2, "sss": 39.2, "recommended": 30, "fatal_reduction_pct": 87.0, "why": "pedestrian activity (2 VRU site<=50m)", "pop_density": 9092.5, "pop_density_peak": 9092.5, "v_design": 50, "design_gap": 20}}, {"type": "Feature", "geometry": {"type": "LineString", "coordinates": [[123.9123581, 10.3434286], [123.9123836, 10.3435624]]}, "properties": {"city": "cebu", "name": "Governor M. Cuenco Avenue", "highway": "secondary", "v_posted": 50, "posted_imputed": false, "v_safe": 30, "gap": 20, "R": 7.72, "exposure": 0.569, "vru_150m": 2, "sss": 39.2, "recommended": 30, "fatal_reduction_pct": 87.0, "why": "pedestrian activity (1 VRU site<=50m)", "pop_density": 9092.5, "pop_density_peak": 9092.5, "v_design": 50, "design_gap": 20}}, {"type": "Feature", "geometry": {"type": "LineString", "coordinates": [[123.8978082, 10.3303608], [123.8978429, 10.330486]]}, "properties": {"city": "cebu", "name": "Gorordo Avenue", "highway": "secondary", "v_posted": 50, "posted_imputed": false, "v_safe": 30, "gap": 20, "R": 7.72, "exposure": 0.75, "vru_150m": 3, "sss": 43.8, "recommended": 30, "fatal_reduction_pct": 87.0, "why": "pedestrian activity (1 VRU site<=50m)", "pop_density": 12148.5, "pop_density_peak": 12983.1, "v_design": 50, "design_gap": 20}}, {"type": "Feature", "geometry": {"type": "LineString", "coordinates": [[123.8979559, 10.3308075], [123.8979741, 10.3308592], [123.8980385, 10.3310423], [123.8980579, 10.3310899], [123.8980857, 10.3311531]]}, "properties": {"city": "cebu", "name": "Gorordo Avenue", "highway": "secondary", "v_posted": 50, "posted_imputed": false, "v_safe": 30, "gap": 20, "R": 7.72, "exposure": 0.861, "vru_150m": 4, "sss": 46.5, "recommended": 30, "fatal_reduction_pct": 87.0, "why": "pedestrian activity (2 VRU site<=50m)", "pop_density": 9923.3, "pop_density_peak": 9923.3, "v_design": 50, "design_gap": 20}}, {"type": "Feature", "geometry": {"type": "LineString", "coordinates": [[123.9123131, 10.3431843], [123.9123274, 10.3432776]]}, "properties": {"city": "cebu", "name": "Governor M. Cuenco Avenue", "highway": "secondary", "v_posted": 50, "posted_imputed": false, "v_safe": 30, "gap": 20, "R": 7.72, "exposure": 0.569, "vru_150m": 2, "sss": 39.2, "recommended": 30, "fatal_reduction_pct": 87.0, "why": "pedestrian activity (2 VRU site<=50m)", "pop_density": 9092.5, "pop_density_peak": 9092.5, "v_design": 50, "design_gap": 20}}, {"type": "Feature", "geometry": {"type": "LineString", "coordinates": [[123.8801545, 10.3311749], [123.880125, 10.3311617], [123.8800975, 10.3311401], [123.880007, 10.3310506], [123.879958, 10.3309991], [123.8799296, 10.3309589], [123.8799071, 10.3309199], [123.8798987, 10.3308827]]}, "properties": {"city": "cebu", "name": "J. Labra Street", "highway": "secondary", "v_posted": 40, "posted_imputed": false, "v_safe": 30, "gap": 10, "R": 3.16, "exposure": 0.579, "vru_150m": 2, "sss": 19.7, "recommended": 30, "fatal_reduction_pct": 68.4, "why": "pedestrian activity (2 VRU site<=50m)", "pop_density": 9674.8, "pop_density_peak": 9674.8, "v_design": 50, "design_gap": 20}}, {"type": "Feature", "geometry": {"type": "LineString", "coordinates": [[123.8938258, 10.3082735], [123.893708, 10.3085956], [123.8936033, 10.3088853], [123.8935428, 10.3090582], [123.8935282, 10.3091098], [123.8935085, 10.3091567], [123.8935078, 10.3091925], [123.8935416, 10.3093143]]}, "properties": {"city": "cebu", "name": "Osme\u00f1a Boulevard", "highway": "secondary", "v_posted": 50, "posted_imputed": false, "v_safe": 30, "gap": 20, "R": 7.72, "exposure": 1.0, "vru_150m": 5, "sss": 50.0, "recommended": 30, "fatal_reduction_pct": 87.0, "why": "pedestrian activity (1 VRU site<=50m)", "pop_density": 19697.4, "pop_density_peak": 20957.6, "v_design": 50, "design_gap": 20}}, {"type": "Feature", "geometry": {"type": "LineString", "coordinates": [[123.907661, 10.3256574], [123.9076803, 10.3256213], [123.9077859, 10.3254226], [123.9078123, 10.3253729], [123.908223, 10.324744]]}, "properties": {"city": "cebu", "name": "Pope John Paul \u2161 Avenue", "highway": "primary", "v_posted": 50, "posted_imputed": false, "v_safe": 30, "gap": 20, "R": 7.72, "exposure": 1.0, "vru_150m": 5, "sss": 50.0, "recommended": 30, "fatal_reduction_pct": 87.0, "why": "pedestrian activity (2 VRU site<=50m)", "pop_density": 11958.5, "pop_density_peak": 13625.0, "v_design": 60, "design_gap": 30}}, {"type": "Feature", "geometry": {"type": "LineString", "coordinates": [[123.9109184, 10.32048], [123.9108655, 10.3205675], [123.9108432, 10.3206086]]}, "properties": {"city": "cebu", "name": "Pope John Paul \u2161 Avenue", "highway": "primary", "v_posted": 50, "posted_imputed": false, "v_safe": 30, "gap": 20, "R": 7.72, "exposure": 1.0, "vru_150m": 3, "sss": 50.0, "recommended": 30, "fatal_reduction_pct": 87.0, "why": "pedestrian activity (1 VRU site<=50m)", "pop_density": 35333.9, "pop_density_peak": 39316.9, "v_design": 60, "design_gap": 30}}, {"type": "Feature", "geometry": {"type": "LineString", "coordinates": [[123.9114059, 10.3196735], [123.9113173, 10.3198204], [123.911213, 10.3199887], [123.9111759, 10.3200419], [123.9109184, 10.32048]]}, "properties": {"city": "cebu", "name": "Pope John Paul \u2161 Avenue", "highway": "primary", "v_posted": 50, "posted_imputed": false, "v_safe": 30, "gap": 20, "R": 7.72, "exposure": 0.993, "vru_150m": 4, "sss": 49.8, "recommended": 30, "fatal_reduction_pct": 87.0, "why": "pedestrian activity (2 VRU site<=50m)", "pop_density": 31137.5, "pop_density_peak": 39316.9, "v_design": 60, "design_gap": 30}}, {"type": "Feature", "geometry": {"type": "LineString", "coordinates": [[123.912231, 10.3434498], [123.9121324, 10.3428265]]}, "properties": {"city": "cebu", "name": "Governor M. Cuenco Avenue", "highway": "secondary", "v_posted": 50, "posted_imputed": false, "v_safe": 30, "gap": 20, "R": 7.72, "exposure": 0.713, "vru_150m": 3, "sss": 42.8, "recommended": 30, "fatal_reduction_pct": 87.0, "why": "pedestrian activity (2 VRU site<=50m)", "pop_density": 9146.8, "pop_density_peak": 9201.1, "v_design": 50, "design_gap": 20}}, {"type": "Feature", "geometry": {"type": "LineString", "coordinates": [[123.9122107, 10.3426017], [123.9122469, 10.3428059], [123.9123131, 10.3431843]]}, "properties": {"city": "cebu", "name": "Governor M. Cuenco Avenue", "highway": "secondary", "v_posted": 50, "posted_imputed": false, "v_safe": 30, "gap": 20, "R": 7.72, "exposure": 0.713, "vru_150m": 3, "sss": 42.8, "recommended": 30, "fatal_reduction_pct": 87.0, "why": "pedestrian activity (2 VRU site<=50m)", "pop_density": 9146.8, "pop_density_peak": 9201.1, "v_design": 50, "design_gap": 20}}, {"type": "Feature", "geometry": {"type": "LineString", "coordinates": [[123.9099064, 10.3219953], [123.9099991, 10.3218482], [123.9101261, 10.3216425]]}, "properties": {"city": "cebu", "name": "Pope John Paul \u2161 Avenue", "highway": "primary", "v_posted": 50, "posted_imputed": false, "v_safe": 30, "gap": 20, "R": 7.72, "exposure": 1.0, "vru_150m": 3, "sss": 50.0, "recommended": 30, "fatal_reduction_pct": 87.0, "why": "pedestrian activity (2 VRU site<=50m)", "pop_density": 34242.7, "pop_density_peak": 34242.7, "v_design": 60, "design_gap": 30}}, {"type": "Feature", "geometry": {"type": "LineString", "coordinates": [[123.9047839, 10.3277547], [123.9047194, 10.3277912]]}, "properties": {"city": "cebu", "name": "Salinas Drive", "highway": "primary", "v_posted": 50, "posted_imputed": false, "v_safe": 30, "gap": 20, "R": 7.72, "exposure": 0.611, "vru_150m": 2, "sss": 40.3, "recommended": 30, "fatal_reduction_pct": 87.0, "why": "pedestrian activity (1 VRU site<=50m)", "pop_density": 11358.0, "pop_density_peak": 11358.0, "v_design": 60, "design_gap": 30}}, {"type": "Feature", "geometry": {"type": "LineString", "coordinates": [[123.9047194, 10.3277912], [123.9046825, 10.3278124]]}, "properties": {"city": "cebu", "name": "Salinas Drive", "highway": "primary", "v_posted": 50, "posted_imputed": false, "v_safe": 30, "gap": 20, "R": 7.72, "exposure": 0.611, "vru_150m": 2, "sss": 40.3, "recommended": 30, "fatal_reduction_pct": 87.0, "why": "pedestrian activity (1 VRU site<=50m)", "pop_density": 11358.0, "pop_density_peak": 11358.0, "v_design": 60, "design_gap": 30}}, {"type": "Feature", "geometry": {"type": "LineString", "coordinates": [[123.9046825, 10.3278124], [123.9046237, 10.3278463]]}, "properties": {"city": "cebu", "name": "Salinas Drive", "highway": "primary", "v_posted": 50, "posted_imputed": false, "v_safe": 30, "gap": 20, "R": 7.72, "exposure": 0.611, "vru_150m": 2, "sss": 40.3, "recommended": 30, "fatal_reduction_pct": 87.0, "why": "pedestrian activity (1 VRU site<=50m)", "pop_density": 11358.0, "pop_density_peak": 11358.0, "v_design": 60, "design_gap": 30}}, {"type": "Feature", "geometry": {"type": "LineString", "coordinates": [[123.9052515, 10.3274847], [123.9052134, 10.3275074]]}, "properties": {"city": "cebu", "name": "Salinas Drive", "highway": "primary", "v_posted": 50, "posted_imputed": false, "v_safe": 30, "gap": 20, "R": 7.72, "exposure": 0.611, "vru_150m": 2, "sss": 40.3, "recommended": 30, "fatal_reduction_pct": 87.0, "why": "pedestrian activity (2 VRU site<=50m)", "pop_density": 11358.0, "pop_density_peak": 11358.0, "v_design": 60, "design_gap": 30}}, {"type": "Feature", "geometry": {"type": "LineString", "coordinates": [[123.9052134, 10.3275074], [123.90509, 10.3275803], [123.9048526, 10.3277157], [123.9047839, 10.3277547]]}, "properties": {"city": "cebu", "name": "Salinas Drive", "highway": "primary", "v_posted": 50, "posted_imputed": false, "v_safe": 30, "gap": 20, "R": 7.72, "exposure": 0.611, "vru_150m": 2, "sss": 40.3, "recommended": 30, "fatal_reduction_pct": 87.0, "why": "pedestrian activity (1 VRU site<=50m)", "pop_density": 11358.0, "pop_density_peak": 11358.0, "v_design": 60, "design_gap": 30}}, {"type": "Feature", "geometry": {"type": "LineString", "coordinates": [[123.9122779, 10.3437235], [123.9122544, 10.3435817]]}, "properties": {"city": "cebu", "name": "Governor M. Cuenco Avenue", "highway": "secondary", "v_posted": 50, "posted_imputed": false, "v_safe": 30, "gap": 20, "R": 7.72, "exposure": 0.569, "vru_150m": 2, "sss": 39.2, "recommended": 30, "fatal_reduction_pct": 87.0, "why": "pedestrian activity (1 VRU site<=50m)", "pop_density": 9092.5, "pop_density_peak": 9092.5, "v_design": 50, "design_gap": 20}}, {"type": "Feature", "geometry": {"type": "LineString", "coordinates": [[123.9103812, 10.3203208], [123.9106933, 10.3205156], [123.9107794, 10.3205693]]}, "properties": {"city": "cebu", "name": "Cardinal Rosales Avenue", "highway": "secondary", "v_posted": 40, "posted_imputed": false, "v_safe": 30, "gap": 10, "R": 3.16, "exposure": 1.0, "vru_150m": 3, "sss": 25.0, "recommended": 30, "fatal_reduction_pct": 68.4, "why": "pedestrian activity (2 VRU site<=50m)", "pop_density": 35333.8, "pop_density_peak": 39316.8, "v_design": 50, "design_gap": 20}}, {"type": "Feature", "geometry": {"type": "LineString", "coordinates": [[123.8977257, 10.3300804], [123.8977481, 10.3301502], [123.8977984, 10.3303278], [123.8978082, 10.3303608]]}, "properties": {"city": "cebu", "name": "Gorordo Avenue", "highway": "secondary", "v_posted": 50, "posted_imputed": false, "v_safe": 30, "gap": 20, "R": 7.72, "exposure": 0.88, "vru_150m": 4, "sss": 47.0, "recommended": 30, "fatal_reduction_pct": 87.0, "why": "pedestrian activity (1 VRU site<=50m)", "pop_density": 12983.1, "pop_density_peak": 12983.1, "v_design": 50, "design_gap": 20}}, {"type": "Feature", "geometry": {"type": "LineString", "coordinates": [[123.8978573, 10.3305268], [123.8978894, 10.3306182]]}, "properties": {"city": "cebu", "name": "Gorordo Avenue", "highway": "secondary", "v_posted": 50, "posted_imputed": false, "v_safe": 30, "gap": 20, "R": 7.72, "exposure": 0.723, "vru_150m": 3, "sss": 43.1, "recommended": 30, "fatal_reduction_pct": 87.0, "why": "pedestrian activity (1 VRU site<=50m)", "pop_density": 9923.3, "pop_density_peak": 9923.3, "v_design": 50, "design_gap": 20}}, {"type": "Feature", "geometry": {"type": "LineString", "coordinates": [[123.8978894, 10.3306182], [123.8979559, 10.3308075]]}, "properties": {"city": "cebu", "name": "Gorordo Avenue", "highway": "secondary", "v_posted": 50, "posted_imputed": false, "v_safe": 30, "gap": 20, "R": 7.72, "exposure": 0.723, "vru_150m": 3, "sss": 43.1, "recommended": 30, "fatal_reduction_pct": 87.0, "why": "pedestrian activity (1 VRU site<=50m)", "pop_density": 9923.3, "pop_density_peak": 9923.3, "v_design": 50, "design_gap": 20}}, {"type": "Feature", "geometry": {"type": "LineString", "coordinates": [[123.9056398, 10.3272616], [123.9053254, 10.3274421], [123.9052515, 10.3274847]]}, "properties": {"city": "cebu", "name": "Salinas Drive", "highway": "primary", "v_posted": 50, "posted_imputed": false, "v_safe": 30, "gap": 20, "R": 7.72, "exposure": 0.601, "vru_150m": 2, "sss": 40.0, "recommended": 30, "fatal_reduction_pct": 87.0, "why": "pedestrian activity (2 VRU site<=50m)", "pop_density": 10847.3, "pop_density_peak": 11358.0, "v_design": 60, "design_gap": 30}}, {"type": "Feature", "geometry": {"type": "LineString", "coordinates": [[123.9017782, 10.3150223], [123.9017215, 10.3149682], [123.9016881, 10.3148861], [123.9016589, 10.3147601], [123.901647, 10.3146075], [123.9016597, 10.3144159], [123.9016714, 10.3142088]]}, "properties": {"city": "cebu", "name": "F. Sotto Drive", "highway": "tertiary", "v_posted": 40, "posted_imputed": false, "v_safe": 30, "gap": 10, "R": 3.16, "exposure": 1.0, "vru_150m": 3, "sss": 25.0, "recommended": 30, "fatal_reduction_pct": 68.4, "why": "pedestrian activity (1 VRU site<=50m)", "pop_density": 36117.9, "pop_density_peak": 36493.4, "v_design": 45, "design_gap": 15}}, {"type": "Feature", "geometry": {"type": "LineString", "coordinates": [[123.8980857, 10.3311531], [123.8981391, 10.3312429], [123.8981605, 10.3312712], [123.8982519, 10.3313605], [123.898511, 10.3315071], [123.8987216, 10.3316403], [123.8988063, 10.3317257], [123.8988629, 10.3318273], [123.8988717, 10.3318976], [123.8988559, 10.3319659], [123.8988293, 10.3320318]]}, "properties": {"city": "cebu", "name": "Veterans Drive", "highway": "primary", "v_posted": 50, "posted_imputed": false, "v_safe": 30, "gap": 20, "R": 7.72, "exposure": 0.859, "vru_150m": 4, "sss": 46.5, "recommended": 30, "fatal_reduction_pct": 87.0, "why": "pedestrian activity (1 VRU site<=50m)", "pop_density": 9497.7, "pop_density_peak": 9923.3, "v_design": 60, "design_gap": 30}}, {"type": "Feature", "geometry": {"type": "LineString", "coordinates": [[123.8974741, 10.3282669], [123.8974229, 10.3284378], [123.8973988, 10.3285177], [123.8973732, 10.3286144]]}, "properties": {"city": "cebu", "name": "Gorordo Avenue", "highway": "secondary", "v_posted": 50, "posted_imputed": false, "v_safe": 30, "gap": 20, "R": 7.72, "exposure": 0.739, "vru_150m": 3, "sss": 43.5, "recommended": 30, "fatal_reduction_pct": 87.0, "why": "pedestrian activity (1 VRU site<=50m)", "pop_density": 11232.0, "pop_density_peak": 11232.0, "v_design": 50, "design_gap": 20}}, {"type": "Feature", "geometry": {"type": "LineString", "coordinates": [[123.8973732, 10.3286144], [123.8973823, 10.3287255], [123.8974082, 10.3289835]]}, "properties": {"city": "cebu", "name": "Gorordo Avenue", "highway": "secondary", "v_posted": 50, "posted_imputed": false, "v_safe": 30, "gap": 20, "R": 7.72, "exposure": 0.614, "vru_150m": 2, "sss": 40.3, "recommended": 30, "fatal_reduction_pct": 87.0, "why": "pedestrian activity (1 VRU site<=50m)", "pop_density": 11533.6, "pop_density_peak": 11835.1, "v_design": 50, "design_gap": 20}}, {"type": "Feature", "geometry": {"type": "LineString", "coordinates": [[123.9127402, 10.3460194], [123.9127288, 10.3459482]]}, "properties": {"city": "cebu", "name": "Governor M. Cuenco Avenue", "highway": "secondary", "v_posted": 50, "posted_imputed": false, "v_safe": 30, "gap": 20, "R": 7.72, "exposure": 0.855, "vru_150m": 4, "sss": 46.4, "recommended": 30, "fatal_reduction_pct": 87.0, "why": "pedestrian activity (1 VRU site<=50m)", "pop_density": 8918.3, "pop_density_peak": 8918.3, "v_design": 50, "design_gap": 20}}, {"type": "Feature", "geometry": {"type": "LineString", "coordinates": [[123.9127827, 10.346285], [123.9127685, 10.3461964], [123.9127402, 10.3460194]]}, "properties": {"city": "cebu", "name": "Governor M. Cuenco Avenue", "highway": "secondary", "v_posted": 50, "posted_imputed": false, "v_safe": 30, "gap": 20, "R": 7.72, "exposure": 0.855, "vru_150m": 4, "sss": 46.4, "recommended": 30, "fatal_reduction_pct": 87.0, "why": "pedestrian activity (1 VRU site<=50m)", "pop_density": 8918.3, "pop_density_peak": 8918.3, "v_design": 50, "design_gap": 20}}, {"type": "Feature", "geometry": {"type": "LineString", "coordinates": [[123.8942024, 10.3071341], [123.8941728, 10.3072118], [123.8939586, 10.3078433], [123.8938889, 10.3080845], [123.8938258, 10.3082735]]}, "properties": {"city": "cebu", "name": "Osme\u00f1a Boulevard", "highway": "secondary", "v_posted": 50, "posted_imputed": false, "v_safe": 30, "gap": 20, "R": 7.72, "exposure": 1.0, "vru_150m": 5, "sss": 50.0, "recommended": 30, "fatal_reduction_pct": 87.0, "why": "pedestrian activity (1 VRU site<=50m)", "pop_density": 21991.5, "pop_density_peak": 23025.4, "v_design": 50, "design_gap": 20}}, {"type": "Feature", "geometry": {"type": "LineString", "coordinates": [[123.8857712, 10.3158647], [123.8855038, 10.3157663], [123.885422, 10.315738]]}, "properties": {"city": "cebu", "name": "M. Velez Street", "highway": "secondary", "v_posted": 40, "posted_imputed": false, "v_safe": 30, "gap": 10, "R": 3.16, "exposure": 0.878, "vru_150m": 4, "sss": 23.5, "recommended": 30, "fatal_reduction_pct": 68.4, "why": "pedestrian activity (1 VRU site<=50m)", "pop_density": 12689.1, "pop_density_peak": 12689.1, "v_design": 50, "design_gap": 20}}, {"type": "Feature", "geometry": {"type": "LineString", "coordinates": [[123.8940636, 10.3173742], [123.8938593, 10.3173039], [123.893728, 10.3172587]]}, "properties": {"city": "cebu", "name": "N. Escario Street", "highway": "secondary", "v_posted": 50, "posted_imputed": false, "v_safe": 30, "gap": 20, "R": 7.72, "exposure": 0.783, "vru_150m": 2, "sss": 44.6, "recommended": 30, "fatal_reduction_pct": 87.0, "why": "pedestrian activity (1 VRU site<=50m)", "pop_density": 20667.3, "pop_density_peak": 20667.3, "v_design": 50, "design_gap": 20}}, {"type": "Feature", "geometry": {"type": "LineString", "coordinates": [[123.8974082, 10.3289835], [123.89746, 10.3291916], [123.8975965, 10.3296445]]}, "properties": {"city": "cebu", "name": "Gorordo Avenue", "highway": "secondary", "v_posted": 50, "posted_imputed": false, "v_safe": 30, "gap": 20, "R": 7.72, "exposure": 0.746, "vru_150m": 3, "sss": 43.7, "recommended": 30, "fatal_reduction_pct": 87.0, "why": "pedestrian activity (1 VRU site<=50m)", "pop_density": 11835.1, "pop_density_peak": 11835.1, "v_design": 50, "design_gap": 20}}, {"type": "Feature", "geometry": {"type": "LineString", "coordinates": [[123.8931196, 10.316959], [123.8932364, 10.3169999], [123.8933158, 10.3170277]]}, "properties": {"city": "cebu", "name": "N. Escario Street", "highway": "secondary", "v_posted": 50, "posted_imputed": false, "v_safe": 30, "gap": 20, "R": 7.72, "exposure": 0.924, "vru_150m": 4, "sss": 48.1, "recommended": 30, "fatal_reduction_pct": 87.0, "why": "pedestrian activity (1 VRU site<=50m)", "pop_density": 19979.0, "pop_density_peak": 19979.0, "v_design": 50, "design_gap": 20}}, {"type": "Feature", "geometry": {"type": "LineString", "coordinates": [[123.9046936, 10.3201554], [123.9045264, 10.3201852]]}, "properties": {"city": "cebu", "name": "Mindanao Avenue", "highway": "tertiary", "v_posted": 40, "posted_imputed": false, "v_safe": 30, "gap": 10, "R": 3.16, "exposure": 0.606, "vru_150m": 2, "sss": 20.1, "recommended": 30, "fatal_reduction_pct": 68.4, "why": "pedestrian activity (2 VRU site<=50m)", "pop_density": 11103.0, "pop_density_peak": 11103.0, "v_design": 45, "design_gap": 15}}, {"type": "Feature", "geometry": {"type": "LineString", "coordinates": [[123.9045264, 10.3201852], [123.9044247, 10.3202135], [123.9042971, 10.3202663], [123.9040509, 10.320381], [123.903923, 10.3204405]]}, "properties": {"city": "cebu", "name": "Mindanao Avenue", "highway": "tertiary", "v_posted": 40, "posted_imputed": false, "v_safe": 30, "gap": 10, "R": 3.16, "exposure": 0.615, "vru_150m": 2, "sss": 20.2, "recommended": 30, "fatal_reduction_pct": 68.4, "why": "pedestrian activity (1 VRU site<=50m)", "pop_density": 11609.6, "pop_density_peak": 12116.2, "v_design": 45, "design_gap": 15}}, {"type": "Feature", "geometry": {"type": "LineString", "coordinates": [[123.9047748, 10.3200298], [123.9048932, 10.320033], [123.9050438, 10.320057], [123.9051966, 10.3200914], [123.9052805, 10.3201], [123.9054642, 10.3200855], [123.9055648, 10.3200472]]}, "properties": {"city": "cebu", "name": "Mindanao Avenue", "highway": "tertiary", "v_posted": 40, "posted_imputed": false, "v_safe": 30, "gap": 10, "R": 3.16, "exposure": 0.607, "vru_150m": 2, "sss": 20.1, "recommended": 30, "fatal_reduction_pct": 68.4, "why": "pedestrian activity (1 VRU site<=50m)", "pop_density": 11154.4, "pop_density_peak": 11205.8, "v_design": 45, "design_gap": 15}}, {"type": "Feature", "geometry": {"type": "LineString", "coordinates": [[123.9041747, 10.3201811], [123.9043859, 10.3200901], [123.9044852, 10.320064]]}, "properties": {"city": "cebu", "name": "Mindanao Avenue", "highway": "tertiary", "v_posted": 40, "posted_imputed": false, "v_safe": 30, "gap": 10, "R": 3.16, "exposure": 0.625, "vru_150m": 2, "sss": 20.3, "recommended": 30, "fatal_reduction_pct": 68.4, "why": "pedestrian activity (1 VRU site<=50m)", "pop_density": 12116.2, "pop_density_peak": 12116.2, "v_design": 45, "design_gap": 15}}, {"type": "Feature", "geometry": {"type": "LineString", "coordinates": [[123.9044852, 10.320064], [123.9046588, 10.320037], [123.9047748, 10.3200298]]}, "properties": {"city": "cebu", "name": "Mindanao Avenue", "highway": "tertiary", "v_posted": 40, "posted_imputed": false, "v_safe": 30, "gap": 10, "R": 3.16, "exposure": 0.615, "vru_150m": 2, "sss": 20.2, "recommended": 30, "fatal_reduction_pct": 68.4, "why": "pedestrian activity (1 VRU site<=50m)", "pop_density": 11609.6, "pop_density_peak": 12116.2, "v_design": 45, "design_gap": 15}}, {"type": "Feature", "geometry": {"type": "LineString", "coordinates": [[123.8908805, 10.3161734], [123.8909721, 10.3162109]]}, "properties": {"city": "cebu", "name": "N. Escario Street", "highway": "secondary", "v_posted": 50, "posted_imputed": false, "v_safe": 30, "gap": 20, "R": 7.72, "exposure": 0.889, "vru_150m": 4, "sss": 47.2, "recommended": 30, "fatal_reduction_pct": 87.0, "why": "pedestrian activity (1 VRU site<=50m)", "pop_density": 14434.1, "pop_density_peak": 14434.1, "v_design": 50, "design_gap": 20}}, {"type": "Feature", "geometry": {"type": "LineString", "coordinates": [[123.8933706, 10.3092187], [123.8934522, 10.3092552], [123.8935416, 10.3093143]]}, "properties": {"city": "cebu", "name": "Fuente Osme\u00f1a Circle", "highway": "secondary", "v_posted": 50, "posted_imputed": false, "v_safe": 30, "gap": 20, "R": 7.72, "exposure": 1.0, "vru_150m": 6, "sss": 50.0, "recommended": 30, "fatal_reduction_pct": 87.0, "why": "pedestrian activity (1 VRU site<=50m)", "pop_density": 18437.2, "pop_density_peak": 18437.2, "v_design": 50, "design_gap": 20}}, {"type": "Feature", "geometry": {"type": "LineString", "coordinates": [[123.9064082, 10.3092094], [123.9067853, 10.308973], [123.9068552, 10.3089292]]}, "properties": {"city": "cebu", "name": "General Maxilom Avenue", "highway": "secondary", "v_posted": 50, "posted_imputed": false, "v_safe": 30, "gap": 20, "R": 7.72, "exposure": 0.937, "vru_150m": 4, "sss": 48.4, "recommended": 30, "fatal_reduction_pct": 87.0, "why": "pedestrian activity (1 VRU site<=50m)", "pop_density": 22231.9, "pop_density_peak": 22231.9, "v_design": 50, "design_gap": 20}}, {"type": "Feature", "geometry": {"type": "LineString", "coordinates": [[123.9388131, 10.3344459], [123.9388747, 10.3344899]]}, "properties": {"city": "cebu", "name": "Maguikay Flyover", "highway": "primary", "v_posted": 50, "posted_imputed": false, "v_safe": 30, "gap": 20, "R": 7.72, "exposure": 0.672, "vru_150m": 2, "sss": 41.8, "recommended": 30, "fatal_reduction_pct": 87.0, "why": "pedestrian activity (1 VRU site<=50m)", "pop_density": 14676.4, "pop_density_peak": 14676.4, "v_design": 60, "design_gap": 30}}, {"type": "Feature", "geometry": {"type": "LineString", "coordinates": [[123.9384949, 10.3341482], [123.9388443, 10.3343969], [123.9390098, 10.3345111], [123.9393125, 10.3347179]]}, "properties": {"city": "cebu", "name": "M.C. Briones Street", "highway": "primary", "v_posted": 50, "posted_imputed": false, "v_safe": 30, "gap": 20, "R": 7.72, "exposure": 0.554, "vru_150m": 1, "sss": 38.9, "recommended": 30, "fatal_reduction_pct": 87.0, "why": "pedestrian activity (1 VRU site<=50m)", "pop_density": 14332.2, "pop_density_peak": 14663.7, "v_design": 60, "design_gap": 30}}, {"type": "Feature", "geometry": {"type": "LineString", "coordinates": [[123.9408956, 10.3359333], [123.9412566, 10.3361775]]}, "properties": {"city": "cebu", "name": "M.C. Briones Street", "highway": "primary", "v_posted": 60, "posted_imputed": false, "v_safe": 50, "gap": 10, "R": 2.07, "exposure": 0.502, "vru_150m": 0, "sss": 18.8, "recommended": 50, "fatal_reduction_pct": 51.8, "why": "undivided arterial, side-impact intersections", "pop_density": 16241.2, "pop_density_peak": 16364.1, "v_design": 60, "design_gap": 10}}, {"type": "Feature", "geometry": {"type": "LineString", "coordinates": [[123.9384949, 10.3341482], [123.9388131, 10.3344459]]}, "properties": {"city": "cebu", "name": "M.C. Briones Street", "highway": "primary", "v_posted": 50, "posted_imputed": false, "v_safe": 30, "gap": 20, "R": 7.72, "exposure": 0.781, "vru_150m": 3, "sss": 44.5, "recommended": 30, "fatal_reduction_pct": 87.0, "why": "pedestrian activity (1 VRU site<=50m)", "pop_density": 14670.0, "pop_density_peak": 14676.4, "v_design": 60, "design_gap": 30}}, {"type": "Feature", "geometry": {"type": "LineString", "coordinates": [[123.9154503, 10.3602258], [123.9154582, 10.3601943], [123.915468, 10.3601455], [123.9154813, 10.3600788], [123.9154879, 10.3600341], [123.9154964, 10.3599866], [123.9155898, 10.3594654], [123.9156326, 10.3592283], [123.9156911, 10.3589043], [123.9156968, 10.3588491], [123.9157028, 10.3588151], [123.9157016, 10.3587522], [123.9156843, 10.3586388], [123.9156599, 10.3585538], [123.9156421, 10.3585051], [123.915626, 10.3584612], [123.9155409, 10.3583253], [123.9154589, 10.3582019], [123.9153858, 10.3580941], [123.9152858, 10.3579575], [123.9152428, 10.3579003], [123.9152109, 10.3578573], [123.9151438, 10.3577307], [123.915106, 10.3576027], [123.9151032, 10.3574824], [123.9150971, 10.3570713], [123.9150951, 10.3569326], [123.9150928, 10.3567756], [123.9150917, 10.3567028], [123.9150903, 10.356606], [123.9150857, 10.3563743], [123.9150866, 10.3561646], [123.9150845, 10.3559166], [123.9150605, 10.3557405], [123.9150323, 10.3556356], [123.915019, 10.3555937], [123.9150111, 10.3555687], [123.9149873, 10.3555017], [123.914966, 10.355441], [123.9149419, 10.3553885], [123.9148855, 10.3552613], [123.9147369, 10.3549738], [123.9147237, 10.3549452], [123.9146882, 10.3548617], [123.914656, 10.3547764], [123.9146414, 10.3547411], [123.9145849, 10.3545653], [123.9144962, 10.3542413], [123.9144564, 10.3541104], [123.914346, 10.3537154], [123.9143211, 10.3536234], [123.9141593, 10.3530312], [123.9141383, 10.352945], [123.9141302, 10.3529097], [123.9140678, 10.3526809], [123.9140345, 10.3525563], [123.9139854, 10.3523727], [123.9138381, 10.3518213], [123.9137924, 10.351615], [123.9137852, 10.351584], [123.9137546, 10.3514534]]}, "properties": {"city": "cebu", "name": "Governor M. Cuenco Avenue", "highway": "secondary", "v_posted": 50, "posted_imputed": false, "v_safe": 30, "gap": 20, "R": 7.72, "exposure": 0.7, "vru_150m": 3, "sss": 42.5, "recommended": 30, "fatal_reduction_pct": 87.0, "why": "pedestrian activity (1 VRU site<=50m)", "pop_density": 8102.5, "pop_density_peak": 8536.4, "v_design": 50, "design_gap": 20}}, {"type": "Feature", "geometry": {"type": "LineString", "coordinates": [[123.9468441, 10.3406666], [123.9469559, 10.3407603], [123.9472498, 10.3413475]]}, "properties": {"city": "cebu", "name": "M.C. Briones Street", "highway": "primary", "v_posted": 50, "posted_imputed": false, "v_safe": 30, "gap": 20, "R": 7.72, "exposure": 0.672, "vru_150m": 2, "sss": 41.8, "recommended": 30, "fatal_reduction_pct": 87.0, "why": "pedestrian activity (1 VRU site<=50m)", "pop_density": 14673.5, "pop_density_peak": 15633.3, "v_design": 60, "design_gap": 30}}, {"type": "Feature", "geometry": {"type": "LineString", "coordinates": [[123.9154752, 10.3131513], [123.9155992, 10.3130123], [123.9159422, 10.3126121]]}, "properties": {"city": "cebu", "name": "Juan Luna Avenue", "highway": "primary", "v_posted": 50, "posted_imputed": false, "v_safe": 30, "gap": 20, "R": 7.72, "exposure": 0.868, "vru_150m": 4, "sss": 46.7, "recommended": 30, "fatal_reduction_pct": 87.0, "why": "pedestrian activity (1 VRU site<=50m)", "pop_density": 10999.4, "pop_density_peak": 11536.5, "v_design": 60, "design_gap": 30}}, {"type": "Feature", "geometry": {"type": "LineString", "coordinates": [[123.9155488, 10.3132181], [123.9154137, 10.3133696]]}, "properties": {"city": "cebu", "name": "Juan Luna Avenue", "highway": "primary", "v_posted": 50, "posted_imputed": false, "v_safe": 30, "gap": 20, "R": 7.72, "exposure": 1.0, "vru_150m": 5, "sss": 50.0, "recommended": 30, "fatal_reduction_pct": 87.0, "why": "pedestrian activity (1 VRU site<=50m)", "pop_density": 11536.5, "pop_density_peak": 11536.6, "v_design": 60, "design_gap": 30}}, {"type": "Feature", "geometry": {"type": "LineString", "coordinates": [[123.9153399, 10.313303], [123.9154752, 10.3131513]]}, "properties": {"city": "cebu", "name": "Juan Luna Avenue", "highway": "primary", "v_posted": 50, "posted_imputed": false, "v_safe": 30, "gap": 20, "R": 7.72, "exposure": 1.0, "vru_150m": 5, "sss": 50.0, "recommended": 30, "fatal_reduction_pct": 87.0, "why": "pedestrian activity (1 VRU site<=50m)", "pop_density": 11536.5, "pop_density_peak": 11536.5, "v_design": 60, "design_gap": 30}}, {"type": "Feature", "geometry": {"type": "LineString", "coordinates": [[123.9490042, 10.3297875], [123.9481728, 10.3303082], [123.9479808, 10.3304248], [123.9479056, 10.3304653], [123.9478644, 10.3304892]]}, "properties": {"city": "cebu", "name": "A.C. Cortes Avenue", "highway": "primary", "v_posted": 60, "posted_imputed": false, "v_safe": 50, "gap": 10, "R": 2.07, "exposure": 0.897, "vru_150m": 2, "sss": 23.7, "recommended": 50, "fatal_reduction_pct": 51.8, "why": "undivided arterial, side-impact intersections", "pop_density": 26769.5, "pop_density_peak": 29875.7, "v_design": 60, "design_gap": 10}}, {"type": "Feature", "geometry": {"type": "LineString", "coordinates": [[123.9191929, 10.3186467], [123.9192949, 10.3187277], [123.9193727, 10.3187866], [123.9193888, 10.3187993], [123.9194215, 10.3188229], [123.9195156, 10.3189047], [123.9198193, 10.3191342], [123.9198608, 10.3191658], [123.9201647, 10.3193863], [123.9201845, 10.3194021], [123.9202362, 10.3194397], [123.9202916, 10.3194794], [123.9204186, 10.3195704], [123.9208053, 10.3198719], [123.921078, 10.3201098], [123.9212803, 10.3202875]]}, "properties": {"city": "cebu", "name": "Lopez Jaena Street", "highway": "primary", "v_posted": 50, "posted_imputed": false, "v_safe": 30, "gap": 20, "R": 7.72, "exposure": 0.559, "vru_150m": 2, "sss": 39.0, "recommended": 30, "fatal_reduction_pct": 87.0, "why": "pedestrian activity (2 VRU site<=50m)", "pop_density": 8548.9, "pop_density_peak": 9135.1, "v_design": 60, "design_gap": 30}}, {"type": "Feature", "geometry": {"type": "LineString", "coordinates": [[123.9211587, 10.3114135], [123.9211439, 10.3114316], [123.921066, 10.3115268], [123.9209808, 10.311631], [123.9209265, 10.3116974], [123.9208732, 10.3117625], [123.9208274, 10.3118185]]}, "properties": {"city": "cebu", "name": "Kaohsiung Street", "highway": "secondary", "v_posted": 40, "posted_imputed": false, "v_safe": 30, "gap": 10, "R": 3.16, "exposure": 0.728, "vru_150m": 3, "sss": 21.6, "recommended": 30, "fatal_reduction_pct": 68.4, "why": "pedestrian activity (2 VRU site<=50m)", "pop_density": 10357.2, "pop_density_peak": 10357.2, "v_design": 50, "design_gap": 20}}, {"type": "Feature", "geometry": {"type": "LineString", "coordinates": [[123.9442363, 10.3327572], [123.9441399, 10.3328218], [123.9434498, 10.333238], [123.943148, 10.3334145], [123.9429939, 10.3335091], [123.9425188, 10.3337964], [123.9424438, 10.33384], [123.9423889, 10.3338722], [123.9420888, 10.3340455], [123.941584, 10.3343477], [123.9415569, 10.3343628], [123.9415312, 10.3343765], [123.9413776, 10.3344563], [123.9409838, 10.3346404], [123.9409436, 10.3346583], [123.9408731, 10.3346879]]}, "properties": {"city": "cebu", "name": "A.C. Cortes Avenue", "highway": "primary", "v_posted": 50, "posted_imputed": false, "v_safe": 30, "gap": 20, "R": 7.72, "exposure": 0.685, "vru_150m": 2, "sss": 42.1, "recommended": 30, "fatal_reduction_pct": 87.0, "why": "pedestrian activity (1 VRU site<=50m)", "pop_density": 15378.7, "pop_density_peak": 16084.2, "v_design": 60, "design_gap": 30}}, {"type": "Feature", "geometry": {"type": "LineString", "coordinates": [[123.9162427, 10.312423], [123.9161884, 10.3124869], [123.9160224, 10.3126817]]}, "properties": {"city": "cebu", "name": "Juan Luna Avenue", "highway": "primary", "v_posted": 50, "posted_imputed": false, "v_safe": 30, "gap": 20, "R": 7.72, "exposure": 0.722, "vru_150m": 3, "sss": 43.1, "recommended": 30, "fatal_reduction_pct": 87.0, "why": "pedestrian activity (1 VRU site<=50m)", "pop_density": 9867.5, "pop_density_peak": 10462.2, "v_design": 60, "design_gap": 30}}, {"type": "Feature", "geometry": {"type": "LineString", "coordinates": [[123.9215657, 10.3109094], [123.9211587, 10.3114135]]}, "properties": {"city": "cebu", "name": "Kaohsiung Street", "highway": "secondary", "v_posted": 40, "posted_imputed": false, "v_safe": 30, "gap": 10, "R": 3.16, "exposure": 0.73, "vru_150m": 3, "sss": 21.6, "recommended": 30, "fatal_reduction_pct": 68.4, "why": "pedestrian activity (1 VRU site<=50m)", "pop_density": 10519.0, "pop_density_peak": 10680.9, "v_design": 50, "design_gap": 20}}, {"type": "Feature", "geometry": {"type": "LineString", "coordinates": [[123.9162865, 10.3123704], [123.9162427, 10.312423]]}, "properties": {"city": "cebu", "name": "Juan Luna Avenue", "highway": "primary", "v_posted": 50, "posted_imputed": false, "v_safe": 30, "gap": 20, "R": 7.72, "exposure": 0.715, "vru_150m": 3, "sss": 42.9, "recommended": 30, "fatal_reduction_pct": 87.0, "why": "pedestrian activity (1 VRU site<=50m)", "pop_density": 9272.9, "pop_density_peak": 9272.9, "v_design": 60, "design_gap": 30}}, {"type": "Feature", "geometry": {"type": "LineString", "coordinates": [[123.9286148, 10.3385167], [123.9287495, 10.3384677], [123.9287716, 10.3384597], [123.9289073, 10.3384081], [123.928987, 10.3383748], [123.9291939, 10.338277], [123.9292709, 10.3382377], [123.9294415, 10.3381431], [123.9297341, 10.3379613], [123.9298251, 10.337907], [123.929926, 10.3378468], [123.9299675, 10.337822]]}, "properties": {"city": "cebu", "name": "A. S. Fortuna Street", "highway": "secondary", "v_posted": 50, "posted_imputed": false, "v_safe": 30, "gap": 20, "R": 7.72, "exposure": 0.608, "vru_150m": 2, "sss": 40.2, "recommended": 30, "fatal_reduction_pct": 87.0, "why": "pedestrian activity (1 VRU site<=50m)", "pop_density": 11231.2, "pop_density_peak": 11934.7, "v_design": 50, "design_gap": 20}}, {"type": "Feature", "geometry": {"type": "LineString", "coordinates": [[123.9363366, 10.3391164], [123.9363868, 10.3390442], [123.9365474, 10.3388021], [123.9366201, 10.3386932], [123.9368367, 10.3383661], [123.9368779, 10.338305], [123.9369533, 10.3381925], [123.9371134, 10.3379606], [123.9371922, 10.3378451], [123.9373351, 10.3376358], [123.9374209, 10.3375101], [123.9375163, 10.3373702], [123.9376407, 10.3371878], [123.937653, 10.3371698], [123.9376805, 10.3371296], [123.9377502, 10.3370277], [123.9378186, 10.3369299], [123.9378368, 10.3369039], [123.9380751, 10.3365631], [123.938105, 10.3365231], [123.9381321, 10.3364899], [123.9381463, 10.3364724], [123.9381957, 10.3364033], [123.9382887, 10.3362719], [123.9384097, 10.3361338], [123.9385326, 10.3360191], [123.938717, 10.3358682], [123.9387493, 10.3358437], [123.9391002, 10.3355808], [123.939558, 10.3352309]]}, "properties": {"city": "cebu", "name": "Manuel L. Quezon Avenue", "highway": "secondary", "v_posted": 50, "posted_imputed": false, "v_safe": 30, "gap": 20, "R": 7.72, "exposure": 0.771, "vru_150m": 3, "sss": 44.3, "recommended": 30, "fatal_reduction_pct": 87.0, "why": "pedestrian activity (1 VRU site<=50m)", "pop_density": 13853.9, "pop_density_peak": 16544.7, "v_design": 50, "design_gap": 20}}, {"type": "Feature", "geometry": {"type": "LineString", "coordinates": [[123.9466572, 10.3403506], [123.9467059, 10.3404268], [123.9468441, 10.3406666]]}, "properties": {"city": "cebu", "name": "M.C. Briones Street", "highway": "primary", "v_posted": 50, "posted_imputed": false, "v_safe": 30, "gap": 20, "R": 7.72, "exposure": 0.634, "vru_150m": 2, "sss": 40.9, "recommended": 30, "fatal_reduction_pct": 87.0, "why": "pedestrian activity (1 VRU site<=50m)", "pop_density": 12637.1, "pop_density_peak": 13713.7, "v_design": 60, "design_gap": 30}}, {"type": "Feature", "geometry": {"type": "LineString", "coordinates": [[123.9337904, 10.3345808], [123.9339976, 10.3343214], [123.9343522, 10.3338733], [123.9343732, 10.3338451], [123.9344996, 10.3336754], [123.9346962, 10.3334115], [123.9349135, 10.3331199], [123.9349895, 10.3330178], [123.9350057, 10.3329918], [123.9351546, 10.3327525], [123.9352038, 10.3326757], [123.9352629, 10.3325741], [123.9353612, 10.3323953], [123.9354244, 10.3322805]]}, "properties": {"city": "cebu", "name": "A. S. Fortuna Street", "highway": "secondary", "v_posted": 50, "posted_imputed": false, "v_safe": 30, "gap": 20, "R": 7.72, "exposure": 0.876, "vru_150m": 4, "sss": 46.9, "recommended": 30, "fatal_reduction_pct": 87.0, "why": "pedestrian activity (1 VRU site<=50m)", "pop_density": 12261.0, "pop_density_peak": 12700.3, "v_design": 50, "design_gap": 20}}, {"type": "Feature", "geometry": {"type": "LineString", "coordinates": [[123.9332985, 10.3351604], [123.9333305, 10.3351244], [123.9335234, 10.3348975], [123.9336182, 10.3347849], [123.9337152, 10.3346696], [123.9337589, 10.3346149], [123.9337904, 10.3345808]]}, "properties": {"city": "cebu", "name": "A. S. Fortuna Street", "highway": "secondary", "v_posted": 50, "posted_imputed": false, "v_safe": 30, "gap": 20, "R": 7.72, "exposure": 0.634, "vru_150m": 2, "sss": 40.8, "recommended": 30, "fatal_reduction_pct": 87.0, "why": "pedestrian activity (2 VRU site<=50m)", "pop_density": 12595.4, "pop_density_peak": 12700.3, "v_design": 50, "design_gap": 20}}, {"type": "Feature", "geometry": {"type": "LineString", "coordinates": [[123.9322533, 10.3297355], [123.9324478, 10.3298746], [123.9327386, 10.3300827], [123.9328222, 10.3301421], [123.9328358, 10.3301519], [123.9335645, 10.3306746], [123.9336966, 10.330768], [123.9349362, 10.3316445], [123.9353411, 10.3319308]]}, "properties": {"city": "cebu", "name": "M.C. Briones Street", "highway": "primary", "v_posted": 50, "posted_imputed": false, "v_safe": 30, "gap": 20, "R": 7.72, "exposure": 0.486, "vru_150m": 2, "sss": 37.1, "recommended": 30, "fatal_reduction_pct": 87.0, "why": "pedestrian activity (1 VRU site<=50m)", "pop_density": 4617.7, "pop_density_peak": 8530.9, "v_design": 60, "design_gap": 30}}, {"type": "Feature", "geometry": {"type": "LineString", "coordinates": [[123.9235145, 10.322207], [123.9237629, 10.3224317], [123.9239654, 10.3226062]]}, "properties": {"city": "cebu", "name": "Lopez Jaena Street", "highway": "primary", "v_posted": 50, "posted_imputed": false, "v_safe": 30, "gap": 20, "R": 7.72, "exposure": 0.644, "vru_150m": 3, "sss": 41.1, "recommended": 30, "fatal_reduction_pct": 87.0, "why": "pedestrian activity (2 VRU site<=50m)", "pop_density": 3522.6, "pop_density_peak": 3973.4, "v_design": 60, "design_gap": 30}}, {"type": "Feature", "geometry": {"type": "LineString", "coordinates": [[123.9282076, 10.3264124], [123.9282334, 10.3264349], [123.9282804, 10.3264757], [123.9283531, 10.3265439], [123.9284768, 10.3266598], [123.9285768, 10.3267512], [123.9287051, 10.3268665], [123.928839, 10.3269952], [123.9289074, 10.3270635], [123.9291971, 10.327335], [123.9293196, 10.3274492], [123.9293713, 10.3274982], [123.9293917, 10.3275171], [123.9295712, 10.3276832], [123.9296981, 10.3278084], [123.9297587, 10.3278682], [123.9301728, 10.328261], [123.9303183, 10.3283919], [123.9304269, 10.3284906], [123.9305238, 10.3285797], [123.9305496, 10.3286001]]}, "properties": {"city": "cebu", "name": "M.C. Briones Street", "highway": "primary", "v_posted": 50, "posted_imputed": false, "v_safe": 30, "gap": 20, "R": 7.72, "exposure": 0.444, "vru_150m": 2, "sss": 36.1, "recommended": 30, "fatal_reduction_pct": 87.0, "why": "pedestrian activity (1 VRU site<=50m)", "pop_density": 2361.4, "pop_density_peak": 2458.6, "v_design": 60, "design_gap": 30}}, {"type": "Feature", "geometry": {"type": "LineString", "coordinates": [[123.9179737, 10.3101792], [123.9180168, 10.3101262], [123.9182857, 10.3098051]]}, "properties": {"city": "cebu", "name": "Juan Luna Avenue", "highway": "primary", "v_posted": 50, "posted_imputed": false, "v_safe": 30, "gap": 20, "R": 7.72, "exposure": 0.434, "vru_150m": 1, "sss": 35.9, "recommended": 30, "fatal_reduction_pct": 87.0, "why": "pedestrian activity (1 VRU site<=50m)", "pop_density": 9469.3, "pop_density_peak": 9469.3, "v_design": 60, "design_gap": 30}}, {"type": "Feature", "geometry": {"type": "LineString", "coordinates": [[123.946797, 10.3404351], [123.9469976, 10.3407305], [123.9470394, 10.3408042], [123.9470872, 10.3408812], [123.9471531, 10.3410056], [123.9473456, 10.3413781], [123.9473569, 10.3413952], [123.9473801, 10.3414103], [123.9474036, 10.3414197], [123.9474277, 10.3414229], [123.947466, 10.3414214]]}, "properties": {"city": "cebu", "name": "S.B. Cabahug Street", "highway": "tertiary", "v_posted": 50, "posted_imputed": false, "v_safe": 30, "gap": 20, "R": 7.72, "exposure": 0.652, "vru_150m": 2, "sss": 41.3, "recommended": 30, "fatal_reduction_pct": 87.0, "why": "pedestrian activity (1 VRU site<=50m)", "pop_density": 13596.9, "pop_density_peak": 15633.3, "v_design": 45, "design_gap": 15}}, {"type": "Feature", "geometry": {"type": "LineString", "coordinates": [[123.9207716, 10.3118866], [123.9207612, 10.3118965]]}, "properties": {"city": "cebu", "name": "Kaohsiung Street", "highway": "secondary", "v_posted": 40, "posted_imputed": false, "v_safe": 30, "gap": 10, "R": 3.16, "exposure": 0.728, "vru_150m": 3, "sss": 21.6, "recommended": 30, "fatal_reduction_pct": 68.4, "why": "pedestrian activity (1 VRU site<=50m)", "pop_density": 10357.2, "pop_density_peak": 10357.2, "v_design": 50, "design_gap": 20}}, {"type": "Feature", "geometry": {"type": "LineString", "coordinates": [[123.9480513, 10.3462437], [123.9480684, 10.3463105], [123.94813, 10.3465857], [123.9481359, 10.3466128], [123.9481812, 10.3468223], [123.9482304, 10.3470496], [123.9482579, 10.3471703], [123.9482941, 10.3473201], [123.9483333, 10.3474997], [123.948348, 10.3475595], [123.9485515, 10.3482544], [123.9485735, 10.3483345], [123.9485855, 10.3483781], [123.9487267, 10.3488629], [123.9488054, 10.3491403], [123.9488295, 10.3492131], [123.9489357, 10.3495608], [123.9489601, 10.3496494], [123.9490114, 10.349827], [123.9490324, 10.3499011], [123.9490643, 10.3500136], [123.9491084, 10.3501553], [123.9491544, 10.3503142], [123.9492092, 10.3505292], [123.9492428, 10.3506477], [123.9492732, 10.3507559], [123.9492919, 10.3508354], [123.9493493, 10.3510799], [123.9494123, 10.351348], [123.9495348, 10.351986], [123.9495518, 10.3520896], [123.9495865, 10.3522609], [123.9496143, 10.3524301], [123.9496258, 10.3524898], [123.9496653, 10.3526937], [123.9496751, 10.3527446], [123.9497865, 10.353368], [123.9498076, 10.3535033]]}, "properties": {"city": "cebu", "name": "M.C. Briones Street", "highway": "primary", "v_posted": 50, "posted_imputed": false, "v_safe": 30, "gap": 20, "R": 7.72, "exposure": 0.588, "vru_150m": 2, "sss": 39.7, "recommended": 30, "fatal_reduction_pct": 87.0, "why": "pedestrian activity (2 VRU site<=50m)", "pop_density": 10138.7, "pop_density_peak": 13971.0, "v_design": 60, "design_gap": 30}}, {"type": "Feature", "geometry": {"type": "LineString", "coordinates": [[123.9218204, 10.3276733], [123.921795, 10.3277336], [123.9217713, 10.3278442], [123.9217378, 10.327926], [123.9216959, 10.3280056]]}, "properties": {"city": "cebu", "name": "Hernan Cortes Street", "highway": "secondary", "v_posted": 40, "posted_imputed": false, "v_safe": 30, "gap": 10, "R": 3.16, "exposure": 0.394, "vru_150m": 1, "sss": 17.4, "recommended": 30, "fatal_reduction_pct": 68.4, "why": "pedestrian activity (1 VRU site<=50m)", "pop_density": 7863.6, "pop_density_peak": 7978.9, "v_design": 50, "design_gap": 20}}, {"type": "Feature", "geometry": {"type": "LineString", "coordinates": [[123.9222536, 10.3306792], [123.9222249, 10.3309337], [123.9222053, 10.3312122], [123.9222058, 10.3312945], [123.9222172, 10.3313918], [123.9222325, 10.3314367], [123.922284, 10.3315712], [123.9223274, 10.3316779], [123.9223613, 10.3317689], [123.9224345, 10.3319296], [123.9225328, 10.3321736], [123.9226823, 10.3325671], [123.9226946, 10.3325988], [123.9228, 10.3328703], [123.9228922, 10.3331097], [123.9229916, 10.3333584], [123.923251, 10.334083], [123.9232947, 10.3342144], [123.9233059, 10.334248], [123.9233295, 10.3343277], [123.9233543, 10.3344112]]}, "properties": {"city": "cebu", "name": "Hernan Cortes Street", "highway": "secondary", "v_posted": 40, "posted_imputed": false, "v_safe": 30, "gap": 10, "R": 3.16, "exposure": 0.366, "vru_150m": 1, "sss": 17.1, "recommended": 30, "fatal_reduction_pct": 68.4, "why": "pedestrian activity (1 VRU site<=50m)", "pop_density": 6696.5, "pop_density_peak": 7446.0, "v_design": 50, "design_gap": 20}}, {"type": "Feature", "geometry": {"type": "LineString", "coordinates": [[123.9344482, 10.3412478], [123.9345039, 10.3411918], [123.9350991, 10.3405968], [123.9351676, 10.3405283], [123.935202, 10.3404971], [123.935235, 10.3404642], [123.9353701, 10.3403442], [123.9354586, 10.3402656], [123.9355286, 10.340204], [123.9356619, 10.3400849], [123.9357604, 10.3399949], [123.9358445, 10.3399017], [123.9358875, 10.3398528], [123.9359554, 10.3397551], [123.9360128, 10.3396724], [123.9360534, 10.3396108], [123.9363366, 10.3391164]]}, "properties": {"city": "cebu", "name": "Manuel L. Quezon Avenue", "highway": "secondary", "v_posted": 50, "posted_imputed": false, "v_safe": 30, "gap": 20, "R": 7.72, "exposure": 0.872, "vru_150m": 4, "sss": 46.8, "recommended": 30, "fatal_reduction_pct": 87.0, "why": "pedestrian activity (1 VRU site<=50m)", "pop_density": 11610.7, "pop_density_peak": 12703.8, "v_design": 50, "design_gap": 20}}, {"type": "Feature", "geometry": {"type": "LineString", "coordinates": [[123.9258305, 10.3194953], [123.9257049, 10.3190919], [123.9256595, 10.3189421]]}, "properties": {"city": "cebu", "name": "M. Logarta Avenue", "highway": "secondary", "v_posted": 40, "posted_imputed": false, "v_safe": 30, "gap": 10, "R": 3.16, "exposure": 0.635, "vru_150m": 3, "sss": 20.4, "recommended": 30, "fatal_reduction_pct": 68.4, "why": "pedestrian activity (2 VRU site<=50m)", "pop_density": 2806.1, "pop_density_peak": 2806.1, "v_design": 50, "design_gap": 20}}, {"type": "Feature", "geometry": {"type": "LineString", "coordinates": [[123.928962, 10.3200382], [123.9291116, 10.319981]]}, "properties": {"city": "cebu", "name": "E.O. Perez Street", "highway": "secondary", "v_posted": 40, "posted_imputed": false, "v_safe": 30, "gap": 10, "R": 3.16, "exposure": 0.444, "vru_150m": 2, "sss": 18.1, "recommended": 30, "fatal_reduction_pct": 68.4, "why": "pedestrian activity (1 VRU site<=50m)", "pop_density": 2382.8, "pop_density_peak": 2382.8, "v_design": 50, "design_gap": 20}}, {"type": "Feature", "geometry": {"type": "LineString", "coordinates": [[123.9479295, 10.3303416], [123.9489492, 10.329699], [123.9492322, 10.3295223], [123.9496704, 10.3292433], [123.9499934, 10.329009], [123.9505141, 10.3285682]]}, "properties": {"city": "cebu", "name": "A.C. Cortes Avenue", "highway": "primary", "v_posted": 60, "posted_imputed": false, "v_safe": 50, "gap": 10, "R": 2.07, "exposure": 0.892, "vru_150m": 2, "sss": 23.6, "recommended": 50, "fatal_reduction_pct": 51.8, "why": "undivided arterial, side-impact intersections", "pop_density": 26522.8, "pop_density_peak": 30873.5, "v_design": 60, "design_gap": 10}}, {"type": "Feature", "geometry": {"type": "LineString", "coordinates": [[123.9396405, 10.3351219], [123.9395993, 10.3350918], [123.9395063, 10.3350209], [123.9390574, 10.3347014], [123.9387831, 10.3344954], [123.9386228, 10.3343896], [123.9385742, 10.3343622], [123.9384341, 10.3342591]]}, "properties": {"city": "cebu", "name": "M.C. Briones Street", "highway": "primary", "v_posted": 50, "posted_imputed": false, "v_safe": 30, "gap": 20, "R": 7.72, "exposure": 0.773, "vru_150m": 3, "sss": 44.3, "recommended": 30, "fatal_reduction_pct": 87.0, "why": "pedestrian activity (1 VRU site<=50m)", "pop_density": 13973.7, "pop_density_peak": 14663.7, "v_design": 60, "design_gap": 30}}, {"type": "Feature", "geometry": {"type": "LineString", "coordinates": [[123.9499838, 10.3102995], [123.9500661, 10.3103438], [123.9502153, 10.3104242], [123.9505194, 10.3105572], [123.9510584, 10.3107882]]}, "properties": {"city": "cebu", "name": "G. Y. Dela Serna Street", "highway": "primary", "v_posted": 40, "posted_imputed": false, "v_safe": 30, "gap": 10, "R": 3.16, "exposure": 0.524, "vru_150m": 1, "sss": 19.0, "recommended": 30, "fatal_reduction_pct": 68.4, "why": "pedestrian activity (1 VRU site<=50m)", "pop_density": 13087.1, "pop_density_peak": 13307.5, "v_design": 60, "design_gap": 30}}, {"type": "Feature", "geometry": {"type": "LineString", "coordinates": [[123.9147306, 10.3143001], [123.9151455, 10.3145013], [123.9153069, 10.3145796], [123.9154408, 10.3146445]]}, "properties": {"city": "cebu", "name": "M.J. Cuenco Avenue", "highway": "primary", "v_posted": 50, "posted_imputed": false, "v_safe": 30, "gap": 20, "R": 7.72, "exposure": 0.72, "vru_150m": 3, "sss": 43.0, "recommended": 30, "fatal_reduction_pct": 87.0, "why": "pedestrian activity (1 VRU site<=50m)", "pop_density": 9730.5, "pop_density_peak": 10532.5, "v_design": 60, "design_gap": 30}}, {"type": "Feature", "geometry": {"type": "LineString", "coordinates": [[123.9280379, 10.3387139], [123.9283755, 10.3386017], [123.9283932, 10.3385958]]}, "properties": {"city": "cebu", "name": "A. S. Fortuna Street", "highway": "secondary", "v_posted": 50, "posted_imputed": false, "v_safe": 30, "gap": 20, "R": 7.72, "exposure": 0.582, "vru_150m": 2, "sss": 39.6, "recommended": 30, "fatal_reduction_pct": 87.0, "why": "pedestrian activity (1 VRU site<=50m)", "pop_density": 9824.3, "pop_density_peak": 9824.3, "v_design": 50, "design_gap": 20}}, {"type": "Feature", "geometry": {"type": "LineString", "coordinates": [[123.9283932, 10.3385958], [123.9286148, 10.3385167]]}, "properties": {"city": "cebu", "name": "A. S. Fortuna Street", "highway": "secondary", "v_posted": 50, "posted_imputed": false, "v_safe": 30, "gap": 20, "R": 7.72, "exposure": 0.582, "vru_150m": 2, "sss": 39.6, "recommended": 30, "fatal_reduction_pct": 87.0, "why": "pedestrian activity (1 VRU site<=50m)", "pop_density": 9824.3, "pop_density_peak": 9824.3, "v_design": 50, "design_gap": 20}}, {"type": "Feature", "geometry": {"type": "LineString", "coordinates": [[123.9262376, 10.3485508], [123.9263114, 10.3484697], [123.9263834, 10.3483907], [123.9264435, 10.3483243], [123.9265582, 10.348209], [123.9267667, 10.3480279], [123.9269038, 10.3479242], [123.9271849, 10.3477601], [123.9274121, 10.3476416]]}, "properties": {"city": "cebu", "name": "Manuel L. Quezon Avenue", "highway": "secondary", "v_posted": 50, "posted_imputed": false, "v_safe": 30, "gap": 20, "R": 7.72, "exposure": 0.578, "vru_150m": 2, "sss": 39.4, "recommended": 30, "fatal_reduction_pct": 87.0, "why": "pedestrian activity (1 VRU site<=50m)", "pop_density": 9570.4, "pop_density_peak": 9653.4, "v_design": 50, "design_gap": 20}}, {"type": "Feature", "geometry": {"type": "LineString", "coordinates": [[123.9458191, 10.3316521], [123.9458794, 10.3316162], [123.9460598, 10.3315034], [123.9466185, 10.3311581]]}, "properties": {"city": "cebu", "name": "A.C. Cortes Avenue", "highway": "primary", "v_posted": 50, "posted_imputed": false, "v_safe": 30, "gap": 20, "R": 7.72, "exposure": 0.77, "vru_150m": 2, "sss": 44.2, "recommended": 30, "fatal_reduction_pct": 87.0, "why": "pedestrian activity (1 VRU site<=50m)", "pop_density": 19919.9, "pop_density_peak": 22060.8, "v_design": 60, "design_gap": 30}}, {"type": "Feature", "geometry": {"type": "LineString", "coordinates": [[123.9466743, 10.3312367], [123.9461639, 10.3315504], [123.9459304, 10.3317019], [123.9458629, 10.3317481]]}, "properties": {"city": "cebu", "name": "A.C. Cortes Avenue", "highway": "primary", "v_posted": 50, "posted_imputed": false, "v_safe": 30, "gap": 20, "R": 7.72, "exposure": 0.846, "vru_150m": 3, "sss": 46.2, "recommended": 30, "fatal_reduction_pct": 87.0, "why": "pedestrian activity (2 VRU site<=50m)", "pop_density": 19919.9, "pop_density_peak": 22060.8, "v_design": 60, "design_gap": 30}}, {"type": "Feature", "geometry": {"type": "LineString", "coordinates": [[123.9458629, 10.3317481], [123.945811, 10.3317827], [123.9456093, 10.331905]]}, "properties": {"city": "cebu", "name": "A.C. Cortes Avenue", "highway": "primary", "v_posted": 50, "posted_imputed": false, "v_safe": 30, "gap": 20, "R": 7.72, "exposure": 0.82, "vru_150m": 3, "sss": 45.5, "recommended": 30, "fatal_reduction_pct": 87.0, "why": "pedestrian activity (1 VRU site<=50m)", "pop_density": 17779.0, "pop_density_peak": 17779.0, "v_design": 60, "design_gap": 30}}, {"type": "Feature", "geometry": {"type": "LineString", "coordinates": [[123.9455671, 10.3318085], [123.945754, 10.331694], [123.9458191, 10.3316521]]}, "properties": {"city": "cebu", "name": "A.C. Cortes Avenue", "highway": "primary", "v_posted": 50, "posted_imputed": false, "v_safe": 30, "gap": 20, "R": 7.72, "exposure": 0.82, "vru_150m": 3, "sss": 45.5, "recommended": 30, "fatal_reduction_pct": 87.0, "why": "pedestrian activity (2 VRU site<=50m)", "pop_density": 17779.0, "pop_density_peak": 17779.0, "v_design": 60, "design_gap": 30}}, {"type": "Feature", "geometry": {"type": "LineString", "coordinates": [[123.944201, 10.3326633], [123.9442504, 10.3326336], [123.9450093, 10.3321549], [123.9455671, 10.3318085]]}, "properties": {"city": "cebu", "name": "A.C. Cortes Avenue", "highway": "primary", "v_posted": 50, "posted_imputed": false, "v_safe": 30, "gap": 20, "R": 7.72, "exposure": 0.905, "vru_150m": 4, "sss": 47.6, "recommended": 30, "fatal_reduction_pct": 87.0, "why": "pedestrian activity (1 VRU site<=50m)", "pop_density": 16931.6, "pop_density_peak": 17779.0, "v_design": 60, "design_gap": 30}}, {"type": "Feature", "geometry": {"type": "LineString", "coordinates": [[123.9257467, 10.3189177], [123.9259206, 10.3194689]]}, "properties": {"city": "cebu", "name": "M. Logarta Avenue", "highway": "secondary", "v_posted": 40, "posted_imputed": false, "v_safe": 30, "gap": 10, "R": 3.16, "exposure": 0.635, "vru_150m": 3, "sss": 20.4, "recommended": 30, "fatal_reduction_pct": 68.4, "why": "pedestrian activity (2 VRU site<=50m)", "pop_density": 2806.1, "pop_density_peak": 2806.1, "v_design": 50, "design_gap": 20}}, {"type": "Feature", "geometry": {"type": "LineString", "coordinates": [[123.9259206, 10.3194689], [123.9259843, 10.3196853]]}, "properties": {"city": "cebu", "name": "M. Logarta Avenue", "highway": "secondary", "v_posted": 40, "posted_imputed": false, "v_safe": 30, "gap": 10, "R": 3.16, "exposure": 0.634, "vru_150m": 3, "sss": 20.4, "recommended": 30, "fatal_reduction_pct": 68.4, "why": "pedestrian activity (1 VRU site<=50m)", "pop_density": 2764.2, "pop_density_peak": 2806.1, "v_design": 50, "design_gap": 20}}, {"type": "Feature", "geometry": {"type": "LineString", "coordinates": [[123.9258902, 10.31969], [123.9258305, 10.3194953]]}, "properties": {"city": "cebu", "name": "M. Logarta Avenue", "highway": "secondary", "v_posted": 40, "posted_imputed": false, "v_safe": 30, "gap": 10, "R": 3.16, "exposure": 0.634, "vru_150m": 3, "sss": 20.4, "recommended": 30, "fatal_reduction_pct": 68.4, "why": "pedestrian activity (2 VRU site<=50m)", "pop_density": 2764.2, "pop_density_peak": 2806.1, "v_design": 50, "design_gap": 20}}, {"type": "Feature", "geometry": {"type": "LineString", "coordinates": [[123.9465228, 10.3400315], [123.9467621, 10.3403802], [123.946797, 10.3404351]]}, "properties": {"city": "cebu", "name": "S.B. Cabahug Street", "highway": "tertiary", "v_posted": 50, "posted_imputed": false, "v_safe": 30, "gap": 20, "R": 7.72, "exposure": 0.614, "vru_150m": 2, "sss": 40.4, "recommended": 30, "fatal_reduction_pct": 87.0, "why": "pedestrian activity (1 VRU site<=50m)", "pop_density": 11560.4, "pop_density_peak": 11560.4, "v_design": 45, "design_gap": 15}}, {"type": "Feature", "geometry": {"type": "LineString", "coordinates": [[123.9259707, 10.320406], [123.9259749, 10.3201718], [123.9259609, 10.320001], [123.9259206, 10.319802], [123.9258902, 10.31969]]}, "properties": {"city": "cebu", "name": "M. Logarta Avenue", "highway": "secondary", "v_posted": 40, "posted_imputed": false, "v_safe": 30, "gap": 10, "R": 3.16, "exposure": 0.634, "vru_150m": 3, "sss": 20.4, "recommended": 30, "fatal_reduction_pct": 68.4, "why": "pedestrian activity (1 VRU site<=50m)", "pop_density": 2722.4, "pop_density_peak": 2722.4, "v_design": 50, "design_gap": 20}}, {"type": "Feature", "geometry": {"type": "LineString", "coordinates": [[123.9160224, 10.3126817], [123.9156741, 10.3130744], [123.9155488, 10.3132181]]}, "properties": {"city": "cebu", "name": "Juan Luna Avenue", "highway": "primary", "v_posted": 50, "posted_imputed": false, "v_safe": 30, "gap": 20, "R": 7.72, "exposure": 0.868, "vru_150m": 4, "sss": 46.7, "recommended": 30, "fatal_reduction_pct": 87.0, "why": "pedestrian activity (1 VRU site<=50m)", "pop_density": 10999.4, "pop_density_peak": 11536.5, "v_design": 60, "design_gap": 30}}, {"type": "Feature", "geometry": {"type": "LineString", "coordinates": [[123.9208274, 10.3118185], [123.9207716, 10.3118866]]}, "properties": {"city": "cebu", "name": "Kaohsiung Street", "highway": "secondary", "v_posted": 40, "posted_imputed": false, "v_safe": 30, "gap": 10, "R": 3.16, "exposure": 0.728, "vru_150m": 3, "sss": 21.6, "recommended": 30, "fatal_reduction_pct": 68.4, "why": "pedestrian activity (1 VRU site<=50m)", "pop_density": 10357.2, "pop_density_peak": 10357.2, "v_design": 50, "design_gap": 20}}, {"type": "Feature", "geometry": {"type": "LineString", "coordinates": [[123.9183367, 10.3099147], [123.9182662, 10.3099971], [123.9180955, 10.3101971], [123.9180547, 10.3102448]]}, "properties": {"city": "cebu", "name": "Juan Luna Avenue", "highway": "primary", "v_posted": 50, "posted_imputed": false, "v_safe": 30, "gap": 20, "R": 7.72, "exposure": 0.434, "vru_150m": 1, "sss": 35.9, "recommended": 30, "fatal_reduction_pct": 87.0, "why": "pedestrian activity (1 VRU site<=50m)", "pop_density": 9469.3, "pop_density_peak": 9469.3, "v_design": 60, "design_gap": 30}}, {"type": "Feature", "geometry": {"type": "LineString", "coordinates": [[123.9468865, 10.3408098], [123.9468661, 10.3407685], [123.9468441, 10.3406666]]}, "properties": {"city": "cebu", "name": "M.C. Briones Street", "highway": "primary", "v_posted": 50, "posted_imputed": false, "v_safe": 30, "gap": 20, "R": 7.72, "exposure": 0.654, "vru_150m": 2, "sss": 41.4, "recommended": 30, "fatal_reduction_pct": 87.0, "why": "pedestrian activity (1 VRU site<=50m)", "pop_density": 13713.7, "pop_density_peak": 13713.7, "v_design": 60, "design_gap": 30}}, {"type": "Feature", "geometry": {"type": "LineString", "coordinates": [[123.9465567, 10.3402156], [123.9466572, 10.3403506]]}, "properties": {"city": "cebu", "name": "M.C. Briones Street", "highway": "primary", "v_posted": 50, "posted_imputed": false, "v_safe": 30, "gap": 20, "R": 7.72, "exposure": 0.614, "vru_150m": 2, "sss": 40.4, "recommended": 30, "fatal_reduction_pct": 87.0, "why": "pedestrian activity (1 VRU site<=50m)", "pop_density": 11560.4, "pop_density_peak": 11560.4, "v_design": 60, "design_gap": 30}}, {"type": "Feature", "geometry": {"type": "LineString", "coordinates": [[123.9239654, 10.3226062], [123.9239993, 10.3226403], [123.9243357, 10.3229312], [123.9244247, 10.3230107]]}, "properties": {"city": "cebu", "name": "Lopez Jaena Street", "highway": "primary", "v_posted": 50, "posted_imputed": false, "v_safe": 30, "gap": 20, "R": 7.72, "exposure": 0.817, "vru_150m": 4, "sss": 45.4, "recommended": 30, "fatal_reduction_pct": 87.0, "why": "pedestrian activity (2 VRU site<=50m)", "pop_density": 2714.6, "pop_density_peak": 3071.8, "v_design": 60, "design_gap": 30}}, {"type": "Feature", "geometry": {"type": "LineString", "coordinates": [[123.9216959, 10.3280056], [123.9216038, 10.3281806], [123.9215686, 10.3282524], [123.9214823, 10.3284021]]}, "properties": {"city": "cebu", "name": "Hernan Cortes Street", "highway": "secondary", "v_posted": 40, "posted_imputed": false, "v_safe": 30, "gap": 10, "R": 3.16, "exposure": 0.397, "vru_150m": 1, "sss": 17.5, "recommended": 30, "fatal_reduction_pct": 68.4, "why": "pedestrian activity (1 VRU site<=50m)", "pop_density": 7978.9, "pop_density_peak": 7978.9, "v_design": 50, "design_gap": 20}}, {"type": "Feature", "geometry": {"type": "LineString", "coordinates": [[123.924474, 10.3506791], [123.9245408, 10.3505907]]}, "properties": {"city": "cebu", "name": "Manuel L. Quezon Avenue", "highway": "secondary", "v_posted": 50, "posted_imputed": false, "v_safe": 30, "gap": 20, "R": 7.72, "exposure": 0.579, "vru_150m": 2, "sss": 39.5, "recommended": 30, "fatal_reduction_pct": 87.0, "why": "pedestrian activity (1 VRU site<=50m)", "pop_density": 9640.0, "pop_density_peak": 9748.8, "v_design": 50, "design_gap": 20}}, {"type": "Feature", "geometry": {"type": "LineString", "coordinates": [[123.9291763, 10.3200808], [123.9290255, 10.320134]]}, "properties": {"city": "cebu", "name": "E.O. Perez Street", "highway": "secondary", "v_posted": 40, "posted_imputed": false, "v_safe": 30, "gap": 10, "R": 3.16, "exposure": 0.444, "vru_150m": 2, "sss": 18.1, "recommended": 30, "fatal_reduction_pct": 68.4, "why": "pedestrian activity (1 VRU site<=50m)", "pop_density": 2382.9, "pop_density_peak": 2382.9, "v_design": 50, "design_gap": 20}}, {"type": "Feature", "geometry": {"type": "LineString", "coordinates": [[123.9470214, 10.3410804], [123.9468865, 10.3408098]]}, "properties": {"city": "cebu", "name": "M.C. Briones Street", "highway": "primary", "v_posted": 50, "posted_imputed": false, "v_safe": 30, "gap": 20, "R": 7.72, "exposure": 0.637, "vru_150m": 2, "sss": 40.9, "recommended": 30, "fatal_reduction_pct": 87.0, "why": "pedestrian activity (1 VRU site<=50m)", "pop_density": 12789.0, "pop_density_peak": 13713.7, "v_design": 60, "design_gap": 30}}, {"type": "Feature", "geometry": {"type": "LineString", "coordinates": [[123.9180547, 10.3102448], [123.9179809, 10.3103312]]}, "properties": {"city": "cebu", "name": "Juan Luna Avenue", "highway": "primary", "v_posted": 50, "posted_imputed": false, "v_safe": 30, "gap": 20, "R": 7.72, "exposure": 0.434, "vru_150m": 1, "sss": 35.9, "recommended": 30, "fatal_reduction_pct": 87.0, "why": "pedestrian activity (1 VRU site<=50m)", "pop_density": 9469.3, "pop_density_peak": 9469.3, "v_design": 60, "design_gap": 30}}, {"type": "Feature", "geometry": {"type": "LineString", "coordinates": [[123.9179024, 10.3102667], [123.9179737, 10.3101792]]}, "properties": {"city": "cebu", "name": "Juan Luna Avenue", "highway": "primary", "v_posted": 50, "posted_imputed": false, "v_safe": 30, "gap": 20, "R": 7.72, "exposure": 0.434, "vru_150m": 1, "sss": 35.9, "recommended": 30, "fatal_reduction_pct": 87.0, "why": "pedestrian activity (1 VRU site<=50m)", "pop_density": 9469.3, "pop_density_peak": 9469.3, "v_design": 60, "design_gap": 30}}, {"type": "Feature", "geometry": {"type": "LineString", "coordinates": [[123.9179809, 10.3103312], [123.9179434, 10.3103751], [123.9178154, 10.3105285]]}, "properties": {"city": "cebu", "name": "Juan Luna Avenue", "highway": "primary", "v_posted": 50, "posted_imputed": false, "v_safe": 30, "gap": 20, "R": 7.72, "exposure": 0.439, "vru_150m": 1, "sss": 36.0, "recommended": 30, "fatal_reduction_pct": 87.0, "why": "pedestrian activity (1 VRU site<=50m)", "pop_density": 9661.8, "pop_density_peak": 9854.4, "v_design": 60, "design_gap": 30}}, {"type": "Feature", "geometry": {"type": "LineString", "coordinates": [[123.9478103, 10.3304147], [123.9478555, 10.3303864], [123.9479295, 10.3303416]]}, "properties": {"city": "cebu", "name": "A.C. Cortes Avenue", "highway": "primary", "v_posted": 60, "posted_imputed": false, "v_safe": 50, "gap": 10, "R": 2.07, "exposure": 0.815, "vru_150m": 2, "sss": 22.7, "recommended": 50, "fatal_reduction_pct": 51.8, "why": "undivided arterial, side-impact intersections", "pop_density": 22393.1, "pop_density_peak": 23663.2, "v_design": 60, "design_gap": 10}}, {"type": "Feature", "geometry": {"type": "LineString", "coordinates": [[123.9256111, 10.3184878], [123.9257467, 10.3189177]]}, "properties": {"city": "cebu", "name": "M. Logarta Avenue", "highway": "secondary", "v_posted": 40, "posted_imputed": false, "v_safe": 30, "gap": 10, "R": 3.16, "exposure": 0.634, "vru_150m": 3, "sss": 20.4, "recommended": 30, "fatal_reduction_pct": 68.4, "why": "pedestrian activity (2 VRU site<=50m)", "pop_density": 2780.7, "pop_density_peak": 2806.1, "v_design": 50, "design_gap": 20}}, {"type": "Feature", "geometry": {"type": "LineString", "coordinates": [[123.9505863, 10.3286437], [123.9503141, 10.3288805], [123.9500252, 10.3291107], [123.9497291, 10.3293259], [123.949288, 10.3296089], [123.9490042, 10.3297875]]}, "properties": {"city": "cebu", "name": "A.C. Cortes Avenue", "highway": "primary", "v_posted": 60, "posted_imputed": false, "v_safe": 50, "gap": 10, "R": 2.07, "exposure": 0.93, "vru_150m": 2, "sss": 24.1, "recommended": 50, "fatal_reduction_pct": 51.8, "why": "undivided arterial, side-impact intersections", "pop_density": 28593.7, "pop_density_peak": 30873.6, "v_design": 60, "design_gap": 10}}, {"type": "Feature", "geometry": {"type": "LineString", "coordinates": [[123.9176145, 10.3106101], [123.9178658, 10.3103132], [123.9179024, 10.3102667]]}, "properties": {"city": "cebu", "name": "Juan Luna Avenue", "highway": "primary", "v_posted": 50, "posted_imputed": false, "v_safe": 30, "gap": 20, "R": 7.72, "exposure": 0.439, "vru_150m": 1, "sss": 36.0, "recommended": 30, "fatal_reduction_pct": 87.0, "why": "pedestrian activity (1 VRU site<=50m)", "pop_density": 9661.8, "pop_density_peak": 9854.4, "v_design": 60, "design_gap": 30}}, {"type": "Feature", "geometry": {"type": "LineString", "coordinates": [[123.9299675, 10.337822], [123.9302617, 10.3376249], [123.9304517, 10.3374977], [123.9304871, 10.337474], [123.9306332, 10.3373762], [123.9306758, 10.3373477], [123.9307863, 10.3372737], [123.9310272, 10.3371123], [123.9310943, 10.3370674], [123.9312688, 10.3369573]]}, "properties": {"city": "cebu", "name": "A. S. Fortuna Street", "highway": "secondary", "v_posted": 50, "posted_imputed": false, "v_safe": 30, "gap": 20, "R": 7.72, "exposure": 0.755, "vru_150m": 3, "sss": 43.9, "recommended": 30, "fatal_reduction_pct": 87.0, "why": "pedestrian activity (3 VRU site<=50m)", "pop_density": 12548.0, "pop_density_peak": 13161.4, "v_design": 50, "design_gap": 20}}, {"type": "Feature", "geometry": {"type": "LineString", "coordinates": [[123.8675078, 10.3788543], [123.8676598, 10.3787877], [123.8678375, 10.3787931], [123.868222, 10.3788491], [123.8683257, 10.3788675], [123.8684051, 10.3788929], [123.8685255, 10.3789546], [123.8685883, 10.3790196], [123.8686073, 10.3790377], [123.8686757, 10.3791024], [123.8691584, 10.3796212], [123.8693472, 10.3797921], [123.8694817, 10.3798721], [123.869593, 10.3799156], [123.869695, 10.3799343], [123.8699082, 10.379942], [123.870046, 10.3799533], [123.8701733, 10.3799733], [123.8702703, 10.3800159], [123.8703134, 10.3800518], [123.8704003, 10.3801491], [123.8705391, 10.3803637], [123.8706916, 10.3805837], [123.8708282, 10.3807533], [123.8708711, 10.3807909], [123.870918, 10.38081], [123.8709757, 10.3808265], [123.8710149, 10.3808282], [123.8710809, 10.3808192], [123.8711587, 10.3807994], [123.8712329, 10.3807685], [123.8715018, 10.3806081], [123.8715604, 10.380562], [123.8716067, 10.3805112], [123.8716194, 10.380467], [123.8716301, 10.3804083], [123.8716295, 10.3803595], [123.8716141, 10.3803199], [123.8715832, 10.3802804], [123.8715516, 10.3802559], [123.8714605, 10.3802401], [123.8713149, 10.3802308], [123.8711983, 10.3802263], [123.8711158, 10.3802137], [123.8710414, 10.3801736], [123.8709806, 10.3801066], [123.8709535, 10.3800429], [123.8709435, 10.3799565], [123.8709354, 10.3797441], [123.8709003, 10.3796189], [123.8708563, 10.3795403], [123.8708033, 10.3794842], [123.8707242, 10.3794378], [123.8705598, 10.3793791], [123.870247, 10.3793233], [123.8700928, 10.379295], [123.8700295, 10.3792653], [123.8699819, 10.3792237], [123.8699609, 10.3791795], [123.8699564, 10.379132], [123.8699661, 10.3790876], [123.8699819, 10.3790509], [123.8700102, 10.379016], [123.8700651, 10.3789823], [123.8701474, 10.3789635], [123.8703896, 10.3789427], [123.8708185, 10.3789115], [123.8711681, 10.3788807], [123.871256, 10.3788874], [123.8713948, 10.3789236], [123.8715644, 10.3790061], [123.8719573, 10.3792725], [123.8720405, 10.3793292], [123.8721438, 10.3793735], [123.8722957, 10.3794098], [123.8725424, 10.3794194], [123.8731023, 10.3794217], [123.8733186, 10.3793859], [123.8734452, 10.379345], [123.8735969, 10.3792405], [123.873676, 10.3791308]]}, "properties": {"city": "cebu", "name": "Cebu-Balamban Transcentral Highway", "highway": "primary", "v_posted": 60, "posted_imputed": false, "v_safe": 50, "gap": 10, "R": 2.07, "exposure": 0.0, "vru_150m": 0, "sss": 12.5, "recommended": 50, "fatal_reduction_pct": 51.8, "why": "undivided arterial, side-impact intersections", "pop_density": 0.0, "pop_density_peak": 0.0, "v_design": 45, "design_gap": -5}}, {"type": "Feature", "geometry": {"type": "LineString", "coordinates": [[123.8606946, 10.3778097], [123.8607707, 10.3782267], [123.8608362, 10.3784155], [123.8609777, 10.3785669], [123.8612202, 10.3788986], [123.8614123, 10.3789919], [123.8617152, 10.3790799], [123.8619934, 10.3792289], [123.8623534, 10.3795757], [123.862567, 10.3797052], [123.8634831, 10.3799594], [123.8636987, 10.3800459], [123.8641513, 10.3803403], [123.8644612, 10.3804682], [123.8648441, 10.3806944], [123.8652564, 10.3810901], [123.8656661, 10.3812587], [123.8662521, 10.3813564], [123.8664595, 10.3812954], [123.8668556, 10.3809778], [123.8673146, 10.3807469], [123.8674501, 10.3805787], [123.8675062, 10.3803158], [123.8674938, 10.3799348], [123.8674715, 10.3798157], [123.8674317, 10.3796026], [123.8674069, 10.3795522], [123.8672728, 10.3792802], [123.8672405, 10.3791092], [123.8672642, 10.3790159], [123.8673013, 10.378967], [123.8673911, 10.3789217]]}, "properties": {"city": "cebu", "name": "Cebu-Balamban Transcentral Highway", "highway": "primary", "v_posted": 60, "posted_imputed": false, "v_safe": 50, "gap": 10, "R": 2.07, "exposure": 0.0, "vru_150m": 0, "sss": 12.5, "recommended": 50, "fatal_reduction_pct": 51.8, "why": "undivided arterial, side-impact intersections", "pop_density": 0.0, "pop_density_peak": 0.0, "v_design": 45, "design_gap": -5}}, {"type": "Feature", "geometry": {"type": "LineString", "coordinates": [[123.8673911, 10.3789217], [123.8675078, 10.3788543]]}, "properties": {"city": "cebu", "name": "Cebu-Balamban Transcentral Highway", "highway": "primary", "v_posted": 60, "posted_imputed": false, "v_safe": 50, "gap": 10, "R": 2.07, "exposure": 0.2, "vru_150m": 1, "sss": 15.0, "recommended": 50, "fatal_reduction_pct": 51.8, "why": "undivided arterial, side-impact intersections", "pop_density": 0.0, "pop_density_peak": 0.0, "v_design": 60, "design_gap": 10}}, {"type": "Feature", "geometry": {"type": "LineString", "coordinates": [[123.8527738, 10.3751733], [123.8528668, 10.3752817], [123.8530026, 10.3754351], [123.8531686, 10.3755415], [123.8540864, 10.3759867], [123.8545968, 10.3763132], [123.8548863, 10.3764638], [123.8551892, 10.3765273], [123.8559857, 10.3765527], [123.8563764, 10.3766164], [123.8566997, 10.3767334], [123.857, 10.3769026], [123.8572205, 10.3769767], [123.8572868, 10.3769737], [123.8578662, 10.3769474], [123.8580698, 10.3769621], [123.8582709, 10.3770012], [123.8591823, 10.3773725], [123.8596094, 10.3776192], [123.8598607, 10.3776908], [123.8604667, 10.3776605], [123.8606052, 10.377712]]}, "properties": {"city": "cebu", "name": "Cebu-Balamban Transcentral Highway", "highway": "primary", "v_posted": 60, "posted_imputed": false, "v_safe": 50, "gap": 10, "R": 2.07, "exposure": 0.0, "vru_150m": 0, "sss": 12.5, "recommended": 50, "fatal_reduction_pct": 51.8, "why": "undivided arterial, side-impact intersections", "pop_density": 0.0, "pop_density_peak": 0.0, "v_design": 60, "design_gap": 10}}, {"type": "Feature", "geometry": {"type": "LineString", "coordinates": [[123.8606052, 10.377712], [123.8606946, 10.3778097]]}, "properties": {"city": "cebu", "name": "Cebu-Balamban Transcentral Highway", "highway": "primary", "v_posted": 60, "posted_imputed": false, "v_safe": 50, "gap": 10, "R": 2.07, "exposure": 0.0, "vru_150m": 0, "sss": 12.5, "recommended": 50, "fatal_reduction_pct": 51.8, "why": "undivided arterial, side-impact intersections", "pop_density": 0.0, "pop_density_peak": 0.0, "v_design": 60, "design_gap": 10}}, {"type": "Feature", "geometry": {"type": "LineString", "coordinates": [[123.873676, 10.3791308], [123.8737438, 10.3789617], [123.873742, 10.3788187], [123.8736011, 10.378092], [123.8736167, 10.3777986], [123.8736513, 10.3775845], [123.8737182, 10.3772404], [123.8738137, 10.3767885], [123.8738376, 10.3765584], [123.8738021, 10.3763566], [123.873534, 10.3754343], [123.8735114, 10.3753117], [123.8735545, 10.375161], [123.8736654, 10.3749707], [123.8737614, 10.3748059], [123.8738115, 10.3746515], [123.8738259, 10.374539], [123.8737483, 10.374387], [123.8734337, 10.3740743], [123.8733492, 10.3738925], [123.8732912, 10.3737677], [123.8732842, 10.3735616], [123.8733173, 10.3733796], [123.8735654, 10.3726159], [123.873716, 10.3722145], [123.8737908, 10.3720152], [123.873906, 10.3718977], [123.8740441, 10.3718081], [123.8741957, 10.3717064], [123.8745004, 10.3715293], [123.8746995, 10.3715312], [123.8749279, 10.3715837], [123.8750325, 10.3716101], [123.8751189, 10.3715945], [123.8752714, 10.3715048], [123.8753777, 10.3713779], [123.8754664, 10.3711831], [123.8754651, 10.3710729], [123.8754309, 10.3709652], [123.8752317, 10.3707797], [123.8749845, 10.3705461], [123.8749279, 10.3704644], [123.874865, 10.3703307], [123.8748461, 10.3702328], [123.8748337, 10.3701074], [123.8748247, 10.3699994], [123.8748501, 10.3698417], [123.8748837, 10.3697553], [123.8749534, 10.3696379], [123.875052, 10.369533], [123.8752584, 10.3693795], [123.875305, 10.3693439], [123.8754709, 10.3692316], [123.875522, 10.369194], [123.8755478, 10.3691643], [123.8756121, 10.369072], [123.875635, 10.3689961], [123.8756424, 10.3689212], [123.875633, 10.3688662], [123.8756052, 10.3688134], [123.8755522, 10.3687451], [123.8754526, 10.3686627], [123.8753685, 10.3685914], [123.8753242, 10.3685407], [123.8753162, 10.3684802], [123.8753228, 10.3684335], [123.875345, 10.3683929], [123.8754556, 10.368291], [123.8755542, 10.3682039], [123.875638, 10.3681218], [123.8757134, 10.368018], [123.875841, 10.367846], [123.8758797, 10.367788], [123.8759289, 10.3677455], [123.8760343, 10.3676779], [123.8761424, 10.3676297], [123.8764876, 10.3674968], [123.876648, 10.3674291], [123.8768095, 10.3673579], [123.8768705, 10.3673332], [123.8769263, 10.3673139], [123.876991, 10.3672973], [123.8771154, 10.3672811], [123.8772491, 10.3672858], [123.8779764, 10.3675102], [123.8780906, 10.367547], [123.8782743, 10.3675878], [123.8783528, 10.3675954], [123.8784328, 10.3675957], [123.8784936, 10.3675829], [123.8785228, 10.3675718], [123.8785522, 10.3675607], [123.8785912, 10.3675368], [123.878625, 10.3675109], [123.8786437, 10.3674901], [123.8786923, 10.3674359], [123.8787574, 10.367359], [123.8788268, 10.367282], [123.8788795, 10.3672234], [123.8789491, 10.3671838], [123.8790565, 10.3671261], [123.8791853, 10.3670772], [123.87925, 10.3670315], [123.879302, 10.3669817], [123.8794162, 10.3668145], [123.8795507, 10.3665877], [123.879617, 10.366492], [123.879669, 10.3664333], [123.879757, 10.3663722], [123.8797934, 10.3663623], [123.8798478, 10.366359], [123.8799416, 10.3663748], [123.8801457, 10.3664111], [123.8802202, 10.3664213], [123.8802819, 10.366419], [123.8803322, 10.3664075], [123.8803841, 10.3663948], [123.8804911, 10.3663623], [123.8805972, 10.3663146], [123.8807165, 10.3662271], [123.8808058, 10.3661271], [123.8809035, 10.3659804], [123.8809216, 10.3659401], [123.8809354, 10.3658871], [123.880995, 10.3655263], [123.8810556, 10.3652296], [123.8810732, 10.3651414], [123.8811124, 10.3650415], [123.8811516, 10.3649836], [123.88122, 10.3649105], [123.8813383, 10.3648207], [123.8816395, 10.3646674], [123.8819591, 10.364519], [123.8821122, 10.3644082], [123.8821615, 10.364352], [123.8821957, 10.3642746], [123.8822228, 10.3641862], [123.8822218, 10.3641183], [123.8822148, 10.364054], [123.8822056, 10.3640013], [123.8821812, 10.3639312], [123.8820907, 10.3637767], [123.8820004, 10.3636075], [123.8819271, 10.3634659], [123.8818124, 10.3633499]]}, "properties": {"city": "cebu", "name": "Cebu-Balamban Transcentral Highway", "highway": "primary", "v_posted": 60, "posted_imputed": false, "v_safe": 50, "gap": 10, "R": 2.07, "exposure": 0.071, "vru_150m": 0, "sss": 13.4, "recommended": 50, "fatal_reduction_pct": 51.8, "why": "undivided arterial, side-impact intersections", "pop_density": 2287.9, "pop_density_peak": 15316.8, "v_design": 45, "design_gap": -5}}, {"type": "Feature", "geometry": {"type": "LineString", "coordinates": [[123.8523247, 10.3752362], [123.8524014, 10.3751449], [123.8524947, 10.3750966], [123.8526488, 10.3750966], [123.8527738, 10.3751733]]}, "properties": {"city": "cebu", "name": "Cebu-Balamban Transcentral Highway", "highway": "primary", "v_posted": 60, "posted_imputed": false, "v_safe": 50, "gap": 10, "R": 2.07, "exposure": 0.0, "vru_150m": 0, "sss": 12.5, "recommended": 50, "fatal_reduction_pct": 51.8, "why": "undivided arterial, side-impact intersections", "pop_density": 0.0, "pop_density_peak": 0.0, "v_design": 55, "design_gap": 5}}, {"type": "Feature", "geometry": {"type": "LineString", "coordinates": [[123.8522038, 10.3754883], [123.8522268, 10.3754306], [123.8523247, 10.3752362]]}, "properties": {"city": "cebu", "name": "Cebu-Balamban Transcentral Highway", "highway": "primary", "v_posted": 60, "posted_imputed": false, "v_safe": 50, "gap": 10, "R": 2.07, "exposure": 0.0, "vru_150m": 0, "sss": 12.5, "recommended": 50, "fatal_reduction_pct": 51.8, "why": "undivided arterial, side-impact intersections", "pop_density": 0.0, "pop_density_peak": 0.0, "v_design": 60, "design_gap": 10}}, {"type": "Feature", "geometry": {"type": "LineString", "coordinates": [[123.9154582, 10.3601943], [123.9155928, 10.3601976], [123.9160557, 10.3601996]]}, "properties": {"city": "cebu", "name": "Manuel L. Quezon Avenue", "highway": "secondary", "v_posted": 50, "posted_imputed": false, "v_safe": 30, "gap": 20, "R": 7.72, "exposure": 0.693, "vru_150m": 3, "sss": 42.3, "recommended": 30, "fatal_reduction_pct": 87.0, "why": "pedestrian activity (2 VRU site<=50m)", "pop_density": 7559.0, "pop_density_peak": 7559.0, "v_design": 50, "design_gap": 20}}, {"type": "Feature", "geometry": {"type": "LineString", "coordinates": [[123.9499925, 10.3550819], [123.9500152, 10.3553062], [123.9500647, 10.3557355], [123.9500698, 10.355844], [123.9500815, 10.3560912], [123.950069, 10.3564764], [123.9500055, 10.3573335], [123.9499646, 10.3578658], [123.9499501, 10.3580546], [123.9498939, 10.3586321], [123.949875, 10.3587978], [123.9498598, 10.3589013], [123.9498483, 10.3590291], [123.9498415, 10.359099], [123.949828, 10.3592386], [123.9497976, 10.3595528], [123.9497786, 10.3597488], [123.9497631, 10.3599087], [123.9497533, 10.3600594], [123.9497318, 10.3602881], [123.9497126, 10.3605825], [123.9497018, 10.3607105], [123.9496914, 10.3608717], [123.9496835, 10.3610855], [123.9496864, 10.3612576], [123.9497038, 10.3613849]]}, "properties": {"city": "cebu", "name": "M.C. Briones Street", "highway": "primary", "v_posted": 50, "posted_imputed": false, "v_safe": 30, "gap": 20, "R": 7.72, "exposure": 0.395, "vru_150m": 1, "sss": 34.9, "recommended": 30, "fatal_reduction_pct": 87.0, "why": "pedestrian activity (1 VRU site<=50m)", "pop_density": 7882.7, "pop_density_peak": 10581.4, "v_design": 60, "design_gap": 30}}, {"type": "Feature", "geometry": {"type": "LineString", "coordinates": [[123.9138302, 10.3659336], [123.9138346, 10.3656872]]}, "properties": {"city": "cebu", "name": "Governor M. Cuenco Avenue", "highway": "secondary", "v_posted": 40, "posted_imputed": false, "v_safe": 30, "gap": 10, "R": 3.16, "exposure": 0.619, "vru_150m": 2, "sss": 20.2, "recommended": 30, "fatal_reduction_pct": 68.4, "why": "pedestrian activity (1 VRU site<=50m)", "pop_density": 11827.0, "pop_density_peak": 11827.0, "v_design": 50, "design_gap": 20}}, {"type": "Feature", "geometry": {"type": "LineString", "coordinates": [[123.9139246, 10.3659129], [123.9139199, 10.3661756], [123.9139166, 10.3664185], [123.9139262, 10.3669078], [123.9139301, 10.3669504]]}, "properties": {"city": "cebu", "name": "Governor M. Cuenco Avenue", "highway": "secondary", "v_posted": 40, "posted_imputed": false, "v_safe": 30, "gap": 10, "R": 3.16, "exposure": 0.738, "vru_150m": 3, "sss": 21.7, "recommended": 30, "fatal_reduction_pct": 68.4, "why": "pedestrian activity (2 VRU site<=50m)", "pop_density": 11162.6, "pop_density_peak": 11827.0, "v_design": 50, "design_gap": 20}}, {"type": "Feature", "geometry": {"type": "LineString", "coordinates": [[123.9139258, 10.365724], [123.9139246, 10.3659129]]}, "properties": {"city": "cebu", "name": "Governor M. Cuenco Avenue", "highway": "secondary", "v_posted": 40, "posted_imputed": false, "v_safe": 30, "gap": 10, "R": 3.16, "exposure": 0.746, "vru_150m": 3, "sss": 21.8, "recommended": 30, "fatal_reduction_pct": 68.4, "why": "pedestrian activity (2 VRU site<=50m)", "pop_density": 11827.0, "pop_density_peak": 11827.0, "v_design": 50, "design_gap": 20}}, {"type": "Feature", "geometry": {"type": "LineString", "coordinates": [[123.9138444, 10.3669489], [123.913842, 10.3669104], [123.9138443, 10.3664222], [123.9138302, 10.3659336]]}, "properties": {"city": "cebu", "name": "Governor M. Cuenco Avenue", "highway": "secondary", "v_posted": 40, "posted_imputed": false, "v_safe": 30, "gap": 10, "R": 3.16, "exposure": 0.738, "vru_150m": 3, "sss": 21.7, "recommended": 30, "fatal_reduction_pct": 68.4, "why": "pedestrian activity (2 VRU site<=50m)", "pop_density": 11162.6, "pop_density_peak": 11827.0, "v_design": 50, "design_gap": 20}}, {"type": "Feature", "geometry": {"type": "LineString", "coordinates": [[123.9251079, 10.3599959], [123.925016, 10.3599954], [123.9249659, 10.3600208], [123.9249256, 10.3600498], [123.9249095, 10.3600958]]}, "properties": {"city": "cebu", "name": "", "highway": "residential", "v_posted": 40, "posted_imputed": false, "v_safe": 30, "gap": 10, "R": 3.16, "exposure": 0.28, "vru_150m": 0, "sss": 16.0, "recommended": 30, "fatal_reduction_pct": 68.4, "why": "local road, frontage/pedestrian mixing", "pop_density": 9041.4, "pop_density_peak": 9041.4, "v_design": 30, "design_gap": 0}}, {"type": "Feature", "geometry": {"type": "LineString", "coordinates": [[123.9249095, 10.3600958], [123.9249229, 10.3601395], [123.9249582, 10.3601824], [123.9252121, 10.3602893]]}, "properties": {"city": "cebu", "name": "", "highway": "residential", "v_posted": 40, "posted_imputed": false, "v_safe": 30, "gap": 10, "R": 3.16, "exposure": 0.28, "vru_150m": 0, "sss": 16.0, "recommended": 30, "fatal_reduction_pct": 68.4, "why": "local road, frontage/pedestrian mixing", "pop_density": 9041.4, "pop_density_peak": 9041.4, "v_design": 35, "design_gap": 5}}, {"type": "Feature", "geometry": {"type": "LineString", "coordinates": [[123.9497496, 10.3619693], [123.9493015, 10.3619891]]}, "properties": {"city": "cebu", "name": "H. Abellana Street", "highway": "secondary", "v_posted": 40, "posted_imputed": false, "v_safe": 30, "gap": 10, "R": 3.16, "exposure": 0.687, "vru_150m": 3, "sss": 21.1, "recommended": 30, "fatal_reduction_pct": 68.4, "why": "pedestrian activity (1 VRU site<=50m)", "pop_density": 6999.2, "pop_density_peak": 7206.1, "v_design": 50, "design_gap": 20}}, {"type": "Feature", "geometry": {"type": "LineString", "coordinates": [[123.9497496, 10.3619693], [123.9498269, 10.3625665]]}, "properties": {"city": "cebu", "name": "M.C. Briones Street", "highway": "primary", "v_posted": 50, "posted_imputed": false, "v_safe": 30, "gap": 20, "R": 7.72, "exposure": 0.524, "vru_150m": 2, "sss": 38.1, "recommended": 30, "fatal_reduction_pct": 87.0, "why": "pedestrian activity (2 VRU site<=50m)", "pop_density": 6711.1, "pop_density_peak": 6792.4, "v_design": 60, "design_gap": 30}}, {"type": "Feature", "geometry": {"type": "LineString", "coordinates": [[123.9497381, 10.361823], [123.9497496, 10.3619693]]}, "properties": {"city": "cebu", "name": "M.C. Briones Street", "highway": "primary", "v_posted": 50, "posted_imputed": false, "v_safe": 30, "gap": 20, "R": 7.72, "exposure": 0.684, "vru_150m": 3, "sss": 42.1, "recommended": 30, "fatal_reduction_pct": 87.0, "why": "pedestrian activity (1 VRU site<=50m)", "pop_density": 6792.4, "pop_density_peak": 6792.4, "v_design": 60, "design_gap": 30}}, {"type": "Feature", "geometry": {"type": "LineString", "coordinates": [[123.9497038, 10.3613849], [123.9497194, 10.361584], [123.9497222, 10.3616194], [123.9497251, 10.3616511], [123.9497324, 10.3617503], [123.9497381, 10.361823]]}, "properties": {"city": "cebu", "name": "M.C. Briones Street", "highway": "primary", "v_posted": 50, "posted_imputed": false, "v_safe": 30, "gap": 20, "R": 7.72, "exposure": 0.684, "vru_150m": 3, "sss": 42.1, "recommended": 30, "fatal_reduction_pct": 87.0, "why": "pedestrian activity (1 VRU site<=50m)", "pop_density": 6792.4, "pop_density_peak": 6792.4, "v_design": 60, "design_gap": 30}}, {"type": "Feature", "geometry": {"type": "LineString", "coordinates": [[123.9169116, 10.369345], [123.9168308, 10.3693221], [123.9166604, 10.3692738], [123.9165122, 10.3692025]]}, "properties": {"city": "cebu", "name": "Governor M. Cuenco Avenue", "highway": "secondary", "v_posted": 40, "posted_imputed": false, "v_safe": 30, "gap": 10, "R": 3.16, "exposure": 0.853, "vru_150m": 4, "sss": 23.2, "recommended": 30, "fatal_reduction_pct": 68.4, "why": "pedestrian activity (1 VRU site<=50m)", "pop_density": 8540.5, "pop_density_peak": 8540.5, "v_design": 50, "design_gap": 20}}, {"type": "Feature", "geometry": {"type": "LineString", "coordinates": [[123.9142913, 10.3678425], [123.9140658, 10.3676764], [123.9140274, 10.3676354], [123.9140183, 10.3676258]]}, "properties": {"city": "cebu", "name": "Governor M. Cuenco Avenue", "highway": "secondary", "v_posted": 40, "posted_imputed": false, "v_safe": 30, "gap": 10, "R": 3.16, "exposure": 0.474, "vru_150m": 1, "sss": 18.4, "recommended": 30, "fatal_reduction_pct": 68.4, "why": "pedestrian activity (1 VRU site<=50m)", "pop_density": 11062.6, "pop_density_peak": 11062.6, "v_design": 50, "design_gap": 20}}, {"type": "Feature", "geometry": {"type": "LineString", "coordinates": [[123.9140183, 10.3676258], [123.9139715, 10.3675364], [123.9139319, 10.3674108], [123.913895, 10.3672495], [123.9138807, 10.367048]]}, "properties": {"city": "cebu", "name": "Governor M. Cuenco Avenue", "highway": "secondary", "v_posted": 40, "posted_imputed": false, "v_safe": 30, "gap": 10, "R": 3.16, "exposure": 0.733, "vru_150m": 3, "sss": 21.7, "recommended": 30, "fatal_reduction_pct": 68.4, "why": "pedestrian activity (1 VRU site<=50m)", "pop_density": 10780.4, "pop_density_peak": 11062.6, "v_design": 50, "design_gap": 20}}, {"type": "Feature", "geometry": {"type": "LineString", "coordinates": [[123.9139301, 10.3669504], [123.9138807, 10.367048]]}, "properties": {"city": "cebu", "name": "Governor M. Cuenco Avenue", "highway": "secondary", "v_posted": 40, "posted_imputed": false, "v_safe": 30, "gap": 10, "R": 3.16, "exposure": 0.73, "vru_150m": 3, "sss": 21.6, "recommended": 30, "fatal_reduction_pct": 68.4, "why": "pedestrian activity (1 VRU site<=50m)", "pop_density": 10498.2, "pop_density_peak": 10498.2, "v_design": 50, "design_gap": 20}}, {"type": "Feature", "geometry": {"type": "LineString", "coordinates": [[123.9138807, 10.367048], [123.9138444, 10.3669489]]}, "properties": {"city": "cebu", "name": "Governor M. Cuenco Avenue", "highway": "secondary", "v_posted": 40, "posted_imputed": false, "v_safe": 30, "gap": 10, "R": 3.16, "exposure": 0.73, "vru_150m": 3, "sss": 21.6, "recommended": 30, "fatal_reduction_pct": 68.4, "why": "pedestrian activity (1 VRU site<=50m)", "pop_density": 10498.2, "pop_density_peak": 10498.2, "v_design": 50, "design_gap": 20}}, {"type": "Feature", "geometry": {"type": "LineString", "coordinates": [[123.9317202, 10.3685289], [123.9317105, 10.3685314], [123.9315254, 10.3685608], [123.9313803, 10.3685569], [123.9310963, 10.3685491], [123.9309236, 10.3685263], [123.930068, 10.3683931]]}, "properties": {"city": "cebu", "name": "H. Abellana Street", "highway": "secondary", "v_posted": 40, "posted_imputed": false, "v_safe": 30, "gap": 10, "R": 3.16, "exposure": 0.368, "vru_150m": 1, "sss": 17.1, "recommended": 30, "fatal_reduction_pct": 68.4, "why": "pedestrian activity (1 VRU site<=50m)", "pop_density": 6807.8, "pop_density_peak": 7052.0, "v_design": 50, "design_gap": 20}}, {"type": "Feature", "geometry": {"type": "LineString", "coordinates": [[123.9153552, 10.3606292], [123.9154244, 10.3603289], [123.9154503, 10.3602258]]}, "properties": {"city": "cebu", "name": "Governor M. Cuenco Avenue", "highway": "secondary", "v_posted": 50, "posted_imputed": false, "v_safe": 30, "gap": 20, "R": 7.72, "exposure": 0.692, "vru_150m": 3, "sss": 42.3, "recommended": 30, "fatal_reduction_pct": 87.0, "why": "pedestrian activity (1 VRU site<=50m)", "pop_density": 7439.0, "pop_density_peak": 7559.0, "v_design": 50, "design_gap": 20}}]}