{"type": "FeatureCollection", "features": [{"type": "Feature", "geometry": {"type": "LineString", "coordinates": [[122.5433994, 10.6973692], [122.5433028, 10.6973199], [122.5431152, 10.6972241], [122.5430233, 10.6971748], [122.5429859, 10.6971565], [122.5429151, 10.697122], [122.5428541, 10.6970909], [122.5427602, 10.6970429], [122.5423254, 10.6968148], [122.5421046, 10.6966789], [122.5419822, 10.6966043], [122.5419144, 10.6965623], [122.5413685, 10.6962239], [122.5410718, 10.6960338], [122.5408136, 10.6958727], [122.5399689, 10.6953912]]}, "properties": {"city": "iloilo", "name": "Avance\u00f1a Street", "highway": "primary", "v_posted": 50, "posted_imputed": false, "v_safe": 30, "gap": 20, "R": 7.72, "exposure": 0.864, "vru_150m": 4, "sss": 46.6, "recommended": 30, "fatal_reduction_pct": 87.0, "why": "pedestrian activity (1 VRU site<=50m)", "pop_density": 10291.5, "pop_density_peak": 11373.5, "v_design": 60, "design_gap": 30}}, {"type": "Feature", "geometry": {"type": "LineString", "coordinates": [[122.5455938, 10.6944363], [122.5458518, 10.6948152], [122.5463444, 10.6955121], [122.5464016, 10.6955806], [122.5464472, 10.6956227], [122.5465126, 10.6956656], [122.5465787, 10.6956957], [122.5466537, 10.6957176], [122.5467275, 10.6957294], [122.5474337, 10.6958], [122.5476326, 10.6958177], [122.5483058, 10.6958869], [122.5494873, 10.6960057], [122.5505733, 10.6961131], [122.5506269, 10.6961173], [122.5506972, 10.6961229], [122.5508887, 10.6961435], [122.5511032, 10.6961666], [122.5514505, 10.6962039], [122.5516063, 10.6962201], [122.5519419, 10.696255], [122.5523936, 10.696302], [122.552663, 10.696328], [122.5539412, 10.696463], [122.5540182, 10.6964711], [122.5547781, 10.69655], [122.5548617, 10.6965605]]}, "properties": {"city": "iloilo", "name": "Timawa Street", "highway": "tertiary", "v_posted": 40, "posted_imputed": false, "v_safe": 30, "gap": 10, "R": 3.16, "exposure": 0.651, "vru_150m": 2, "sss": 20.6, "recommended": 30, "fatal_reduction_pct": 68.4, "why": "pedestrian activity (1 VRU site<=50m)", "pop_density": 13522.7, "pop_density_peak": 22533.1, "v_design": 45, "design_gap": 15}}, {"type": "Feature", "geometry": {"type": "LineString", "coordinates": [[122.5556124, 10.7000032], [122.5554916, 10.7000133], [122.5554162, 10.6999999], [122.5552948, 10.6999807], [122.5551148, 10.6999571], [122.554716, 10.6999062], [122.5545406, 10.6998847]]}, "properties": {"city": "iloilo", "name": "General Luna Street", "highway": "trunk", "v_posted": 50, "posted_imputed": false, "v_safe": 30, "gap": 20, "R": 7.72, "exposure": 0.452, "vru_150m": 2, "sss": 36.3, "recommended": 30, "fatal_reduction_pct": 87.0, "why": "pedestrian activity (1 VRU site<=50m)", "pop_density": 2830.1, "pop_density_peak": 3140.2, "v_design": 70, "design_gap": 40}}, {"type": "Feature", "geometry": {"type": "LineString", "coordinates": [[122.5550603, 10.694753], [122.5549951, 10.6953999], [122.5549535, 10.6957093], [122.5548617, 10.6965605], [122.5548529, 10.6966293], [122.5548248, 10.6969018], [122.5547528, 10.6975987], [122.5547484, 10.6976415], [122.5546186, 10.6986557], [122.5546052, 10.698765], [122.5545897, 10.698823], [122.5545622, 10.6989192], [122.5545005, 10.6990675], [122.5544037, 10.6992897], [122.5543578, 10.699415], [122.5542758, 10.6996571], [122.5542971, 10.6997055]]}, "properties": {"city": "iloilo", "name": "Infante Avenue", "highway": "secondary", "v_posted": 50, "posted_imputed": false, "v_safe": 30, "gap": 20, "R": 7.72, "exposure": 0.566, "vru_150m": 2, "sss": 39.2, "recommended": 30, "fatal_reduction_pct": 87.0, "why": "pedestrian activity (1 VRU site<=50m)", "pop_density": 8954.2, "pop_density_peak": 21901.3, "v_design": 50, "design_gap": 20}}, {"type": "Feature", "geometry": {"type": "LineString", "coordinates": [[122.5534674, 10.7022927], [122.5538406, 10.7009914]]}, "properties": {"city": "iloilo", "name": "Benigno S. Aquino Jr. Avenue", "highway": "trunk", "v_posted": 60, "posted_imputed": false, "v_safe": 30, "gap": 30, "R": 16.0, "exposure": 0.629, "vru_150m": 3, "sss": 61.1, "recommended": 30, "fatal_reduction_pct": 93.8, "why": "pedestrian activity (1 VRU site<=50m)", "pop_density": 2329.9, "pop_density_peak": 3178.3, "v_design": 70, "design_gap": 40}}, {"type": "Feature", "geometry": {"type": "LineString", "coordinates": [[122.5538406, 10.7009914], [122.5538774, 10.7008265], [122.5538956, 10.7007453], [122.5538993, 10.7007283], [122.5539709, 10.7004308], [122.554037, 10.7001722]]}, "properties": {"city": "iloilo", "name": "Benigno S. Aquino Jr. Avenue", "highway": "trunk", "v_posted": 60, "posted_imputed": false, "v_safe": 30, "gap": 30, "R": 16.0, "exposure": 0.624, "vru_150m": 3, "sss": 60.9, "recommended": 30, "fatal_reduction_pct": 93.8, "why": "pedestrian activity (1 VRU site<=50m)", "pop_density": 1910.9, "pop_density_peak": 2340.2, "v_design": 70, "design_gap": 40}}, {"type": "Feature", "geometry": {"type": "LineString", "coordinates": [[122.553957, 10.7010209], [122.5535973, 10.7023262]]}, "properties": {"city": "iloilo", "name": "Benigno S. Aquino Jr. Avenue", "highway": "trunk", "v_posted": 60, "posted_imputed": false, "v_safe": 50, "gap": 10, "R": 2.07, "exposure": 0.072, "vru_150m": 0, "sss": 13.4, "recommended": 50, "fatal_reduction_pct": 51.8, "why": "undivided arterial, side-impact intersections", "pop_density": 2329.9, "pop_density_peak": 3178.3, "v_design": 70, "design_gap": 20}}, {"type": "Feature", "geometry": {"type": "LineString", "coordinates": [[122.553367, 10.703193], [122.5533244, 10.7033384], [122.55325, 10.7035933], [122.5532064, 10.7037621], [122.5531789, 10.7038668], [122.5528235, 10.7051803], [122.5528012, 10.7052662], [122.5526587, 10.7058129], [122.5526337, 10.7059087], [122.5525982, 10.7060418], [122.552568, 10.7061321], [122.5524272, 10.7066539], [122.5523923, 10.70679], [122.5523709, 10.7068611], [122.5522072, 10.7074789], [122.5521923, 10.7075318], [122.5521686, 10.7076163], [122.5521468, 10.7077033], [122.5519464, 10.7084605], [122.5518894, 10.7086562], [122.5518659, 10.7087485], [122.5518063, 10.7090759], [122.5517446, 10.7095187], [122.5517359, 10.709577], [122.5517311, 10.7096188]]}, "properties": {"city": "iloilo", "name": "Benigno S. Aquino Jr. Avenue", "highway": "trunk", "v_posted": 60, "posted_imputed": false, "v_safe": 50, "gap": 10, "R": 2.07, "exposure": 0.063, "vru_150m": 0, "sss": 13.3, "recommended": 50, "fatal_reduction_pct": 51.8, "why": "undivided arterial, side-impact intersections", "pop_density": 2036.9, "pop_density_peak": 2920.8, "v_design": 70, "design_gap": 20}}, {"type": "Feature", "geometry": {"type": "LineString", "coordinates": [[122.5556569, 10.6999362], [122.5559444, 10.6999642], [122.5560083, 10.6999704], [122.5562712, 10.7000005], [122.5565033, 10.7000192], [122.5569942, 10.7000619], [122.5570231, 10.700064], [122.5571684, 10.7000734], [122.5577124, 10.7001181], [122.5579469, 10.7001411], [122.5584592, 10.7001923], [122.5585235, 10.7001993], [122.5593576, 10.7002808], [122.5597637, 10.7003007], [122.5598613, 10.70031], [122.5599227, 10.7003223], [122.5599394, 10.7003267]]}, "properties": {"city": "iloilo", "name": "General Luna Street", "highway": "trunk", "v_posted": 50, "posted_imputed": false, "v_safe": 30, "gap": 20, "R": 7.72, "exposure": 0.672, "vru_150m": 3, "sss": 41.8, "recommended": 30, "fatal_reduction_pct": 87.0, "why": "pedestrian activity (2 VRU site<=50m)", "pop_density": 5811.9, "pop_density_peak": 8033.9, "v_design": 70, "design_gap": 40}}, {"type": "Feature", "geometry": {"type": "LineString", "coordinates": [[122.5599379, 10.7004188], [122.5599148, 10.7004163], [122.5597356, 10.7003969], [122.559358, 10.7003473], [122.5587076, 10.7003038], [122.5580772, 10.7002432], [122.5579402, 10.70023], [122.5577273, 10.700212], [122.5572742, 10.7001691], [122.5571215, 10.7001549], [122.5569337, 10.700139], [122.5565548, 10.7001068], [122.5565044, 10.700102], [122.5560676, 10.7000601]]}, "properties": {"city": "iloilo", "name": "General Luna Street", "highway": "trunk", "v_posted": 50, "posted_imputed": false, "v_safe": 30, "gap": 20, "R": 7.72, "exposure": 0.666, "vru_150m": 3, "sss": 41.6, "recommended": 30, "fatal_reduction_pct": 87.0, "why": "pedestrian activity (2 VRU site<=50m)", "pop_density": 5329.2, "pop_density_peak": 8033.9, "v_design": 70, "design_gap": 40}}, {"type": "Feature", "geometry": {"type": "LineString", "coordinates": [[122.5494524, 10.698959], [122.5496361, 10.6990542], [122.5497342, 10.6990899], [122.5499126, 10.6991518], [122.5501016, 10.6991945], [122.550551, 10.6992531], [122.5511485, 10.6993371], [122.5511954, 10.6993442], [122.5515841, 10.6994028]]}, "properties": {"city": "iloilo", "name": "Marcelo H. del Pilar Street", "highway": "primary", "v_posted": 50, "posted_imputed": false, "v_safe": 30, "gap": 20, "R": 7.72, "exposure": 0.84, "vru_150m": 4, "sss": 46.0, "recommended": 30, "fatal_reduction_pct": 87.0, "why": "pedestrian activity (1 VRU site<=50m)", "pop_density": 6515.5, "pop_density_peak": 14050.3, "v_design": 60, "design_gap": 30}}, {"type": "Feature", "geometry": {"type": "LineString", "coordinates": [[122.5541516, 10.6996851], [122.5541676, 10.6996436], [122.5542404, 10.6994554], [122.5542573, 10.6994121], [122.5542647, 10.699397], [122.5542872, 10.6993428], [122.5543255, 10.6992503], [122.5543757, 10.6991455], [122.5544286, 10.699035], [122.5544448, 10.6989935], [122.5544747, 10.6989171], [122.5545006, 10.6988131], [122.5545126, 10.698736], [122.5545258, 10.6986515], [122.5545766, 10.6983051], [122.5546513, 10.6976171], [122.5546538, 10.697596], [122.5547372, 10.6968944], [122.5547717, 10.6966039], [122.5547781, 10.69655], [122.5548484, 10.6959172], [122.5548735, 10.6957012], [122.5549144, 10.6953327], [122.5549409, 10.6950968], [122.5549804, 10.6947444]]}, "properties": {"city": "iloilo", "name": "Infante Avenue", "highway": "secondary", "v_posted": 50, "posted_imputed": false, "v_safe": 30, "gap": 20, "R": 7.72, "exposure": 0.743, "vru_150m": 3, "sss": 43.6, "recommended": 30, "fatal_reduction_pct": 87.0, "why": "pedestrian activity (1 VRU site<=50m)", "pop_density": 11543.6, "pop_density_peak": 21901.3, "v_design": 50, "design_gap": 20}}, {"type": "Feature", "geometry": {"type": "LineString", "coordinates": [[122.5542658, 10.6998541], [122.5542567, 10.6998902], [122.5541768, 10.7002071]]}, "properties": {"city": "iloilo", "name": "Benigno S. Aquino Jr. Avenue", "highway": "trunk", "v_posted": 60, "posted_imputed": false, "v_safe": 30, "gap": 30, "R": 16.0, "exposure": 1.0, "vru_150m": 5, "sss": 75.0, "recommended": 30, "fatal_reduction_pct": 93.8, "why": "pedestrian activity (1 VRU site<=50m)", "pop_density": 2340.2, "pop_density_peak": 2340.2, "v_design": 70, "design_gap": 40}}, {"type": "Feature", "geometry": {"type": "LineString", "coordinates": [[122.5542971, 10.6997055], [122.5543739, 10.6997123], [122.5545574, 10.6997509], [122.554672, 10.6997662], [122.5548473, 10.6997943], [122.5548948, 10.6997998], [122.5550949, 10.6998288], [122.5551808, 10.6998398], [122.5554967, 10.699889], [122.5555555, 10.6998993], [122.5556569, 10.6999362]]}, "properties": {"city": "iloilo", "name": "General Luna Street", "highway": "trunk", "v_posted": 50, "posted_imputed": false, "v_safe": 30, "gap": 20, "R": 7.72, "exposure": 0.817, "vru_150m": 4, "sss": 45.4, "recommended": 30, "fatal_reduction_pct": 87.0, "why": "pedestrian activity (2 VRU site<=50m)", "pop_density": 2740.2, "pop_density_peak": 3140.2, "v_design": 70, "design_gap": 40}}, {"type": "Feature", "geometry": {"type": "LineString", "coordinates": [[122.5520051, 10.7075702], [122.552027, 10.7074861], [122.5520399, 10.7074366], [122.5522114, 10.7068041], [122.5522292, 10.7067303], [122.5522525, 10.7066217], [122.5523938, 10.7061359], [122.5524112, 10.7060555], [122.5524604, 10.7058991], [122.5524896, 10.7058062], [122.5524983, 10.7057757], [122.5526142, 10.7053671], [122.5526531, 10.7052276], [122.5526729, 10.7051455], [122.5527665, 10.704805], [122.552907, 10.7043047], [122.552965, 10.7040796], [122.5530403, 10.7038089], [122.553066, 10.7037201], [122.5531018, 10.7035594], [122.5531283, 10.7034731], [122.5531435, 10.7034147], [122.5531586, 10.7033582], [122.5531752, 10.7032983], [122.5531941, 10.7032303], [122.5532822, 10.7029331], [122.5533727, 10.7026123], [122.5534495, 10.7023681], [122.5534674, 10.7022927]]}, "properties": {"city": "iloilo", "name": "Benigno S. Aquino Jr. Avenue", "highway": "trunk", "v_posted": 60, "posted_imputed": false, "v_safe": 50, "gap": 10, "R": 2.07, "exposure": 0.439, "vru_150m": 2, "sss": 18.0, "recommended": 50, "fatal_reduction_pct": 51.8, "why": "undivided arterial, side-impact intersections", "pop_density": 2090.6, "pop_density_peak": 3178.3, "v_design": 70, "design_gap": 20}}, {"type": "Feature", "geometry": {"type": "LineString", "coordinates": [[122.5535722, 10.7024218], [122.5535027, 10.7026808]]}, "properties": {"city": "iloilo", "name": "Benigno S. Aquino Jr. Avenue", "highway": "trunk", "v_posted": 60, "posted_imputed": false, "v_safe": 50, "gap": 10, "R": 2.07, "exposure": 0.279, "vru_150m": 1, "sss": 16.0, "recommended": 50, "fatal_reduction_pct": 51.8, "why": "undivided arterial, side-impact intersections", "pop_density": 3178.3, "pop_density_peak": 3178.3, "v_design": 70, "design_gap": 20}}, {"type": "Feature", "geometry": {"type": "LineString", "coordinates": [[122.5539762, 10.7009544], [122.553957, 10.7010209]]}, "properties": {"city": "iloilo", "name": "Benigno S. Aquino Jr. Avenue", "highway": "trunk", "v_posted": 60, "posted_imputed": false, "v_safe": 30, "gap": 30, "R": 16.0, "exposure": 0.427, "vru_150m": 2, "sss": 53.5, "recommended": 30, "fatal_reduction_pct": 93.8, "why": "pedestrian activity (1 VRU site<=50m)", "pop_density": 1481.5, "pop_density_peak": 1481.5, "v_design": 70, "design_gap": 40}}, {"type": "Feature", "geometry": {"type": "LineString", "coordinates": [[122.5535973, 10.7023262], [122.5535798, 10.7023964], [122.5535722, 10.7024218]]}, "properties": {"city": "iloilo", "name": "Benigno S. Aquino Jr. Avenue", "highway": "trunk", "v_posted": 60, "posted_imputed": false, "v_safe": 50, "gap": 10, "R": 2.07, "exposure": 0.098, "vru_150m": 0, "sss": 13.7, "recommended": 50, "fatal_reduction_pct": 51.8, "why": "undivided arterial, side-impact intersections", "pop_density": 3178.3, "pop_density_peak": 3178.3, "v_design": 70, "design_gap": 20}}, {"type": "Feature", "geometry": {"type": "LineString", "coordinates": [[122.5517211, 10.7097282], [122.5517164, 10.7098], [122.5517157, 10.7098646], [122.5517104, 10.7100992], [122.5517057, 10.7103041], [122.5517151, 10.7105011], [122.5517263, 10.7107131]]}, "properties": {"city": "iloilo", "name": "Benigno S. Aquino Jr. Avenue", "highway": "trunk", "v_posted": 60, "posted_imputed": false, "v_safe": 50, "gap": 10, "R": 2.07, "exposure": 0.123, "vru_150m": 0, "sss": 14.0, "recommended": 50, "fatal_reduction_pct": 51.8, "why": "undivided arterial, side-impact intersections", "pop_density": 3963.5, "pop_density_peak": 4301.6, "v_design": 70, "design_gap": 20}}, {"type": "Feature", "geometry": {"type": "LineString", "coordinates": [[122.5548617, 10.6965605], [122.5549558, 10.6965662], [122.5553427, 10.6966006]]}, "properties": {"city": "iloilo", "name": "Delgado Street", "highway": "tertiary", "v_posted": 40, "posted_imputed": false, "v_safe": 30, "gap": 10, "R": 3.16, "exposure": 0.716, "vru_150m": 3, "sss": 21.4, "recommended": 30, "fatal_reduction_pct": 68.4, "why": "pedestrian activity (2 VRU site<=50m)", "pop_density": 9346.4, "pop_density_peak": 9766.0, "v_design": 45, "design_gap": 15}}, {"type": "Feature", "geometry": {"type": "LineString", "coordinates": [[122.5535027, 10.7026808], [122.5534567, 10.7028409]]}, "properties": {"city": "iloilo", "name": "Benigno S. Aquino Jr. Avenue", "highway": "trunk", "v_posted": 60, "posted_imputed": false, "v_safe": 50, "gap": 10, "R": 2.07, "exposure": 0.279, "vru_150m": 1, "sss": 16.0, "recommended": 50, "fatal_reduction_pct": 51.8, "why": "undivided arterial, side-impact intersections", "pop_density": 3178.3, "pop_density_peak": 3178.3, "v_design": 70, "design_gap": 20}}, {"type": "Feature", "geometry": {"type": "LineString", "coordinates": [[122.5534567, 10.7028409], [122.5534304, 10.7029556], [122.553367, 10.703193]]}, "properties": {"city": "iloilo", "name": "Benigno S. Aquino Jr. Avenue", "highway": "trunk", "v_posted": 60, "posted_imputed": false, "v_safe": 50, "gap": 10, "R": 2.07, "exposure": 0.269, "vru_150m": 1, "sss": 15.9, "recommended": 50, "fatal_reduction_pct": 51.8, "why": "undivided arterial, side-impact intersections", "pop_density": 2777.6, "pop_density_peak": 3178.3, "v_design": 70, "design_gap": 20}}, {"type": "Feature", "geometry": {"type": "LineString", "coordinates": [[122.5540961, 10.7005155], [122.5540343, 10.7007581], [122.5540059, 10.7008536]]}, "properties": {"city": "iloilo", "name": "Benigno S. Aquino Jr. Avenue", "highway": "trunk", "v_posted": 60, "posted_imputed": false, "v_safe": 30, "gap": 30, "R": 16.0, "exposure": 0.618, "vru_150m": 3, "sss": 60.7, "recommended": 30, "fatal_reduction_pct": 93.8, "why": "pedestrian activity (1 VRU site<=50m)", "pop_density": 1481.5, "pop_density_peak": 1481.5, "v_design": 70, "design_gap": 40}}, {"type": "Feature", "geometry": {"type": "LineString", "coordinates": [[122.5540059, 10.7008536], [122.5539762, 10.7009544]]}, "properties": {"city": "iloilo", "name": "Benigno S. Aquino Jr. Avenue", "highway": "trunk", "v_posted": 60, "posted_imputed": false, "v_safe": 30, "gap": 30, "R": 16.0, "exposure": 0.618, "vru_150m": 3, "sss": 60.7, "recommended": 30, "fatal_reduction_pct": 93.8, "why": "pedestrian activity (1 VRU site<=50m)", "pop_density": 1481.5, "pop_density_peak": 1481.5, "v_design": 70, "design_gap": 40}}, {"type": "Feature", "geometry": {"type": "LineString", "coordinates": [[122.5517311, 10.7096188], [122.5517211, 10.7097282]]}, "properties": {"city": "iloilo", "name": "Benigno S. Aquino Jr. Avenue", "highway": "trunk", "v_posted": 60, "posted_imputed": false, "v_safe": 50, "gap": 10, "R": 2.07, "exposure": 0.101, "vru_150m": 0, "sss": 13.8, "recommended": 50, "fatal_reduction_pct": 51.8, "why": "undivided arterial, side-impact intersections", "pop_density": 3273.1, "pop_density_peak": 3625.4, "v_design": 70, "design_gap": 20}}, {"type": "Feature", "geometry": {"type": "LineString", "coordinates": [[122.554037, 10.7001722], [122.5541067, 10.6998719], [122.5541154, 10.6998342], [122.5541516, 10.6996851]]}, "properties": {"city": "iloilo", "name": "Benigno S. Aquino Jr. Avenue", "highway": "trunk", "v_posted": 60, "posted_imputed": false, "v_safe": 50, "gap": 10, "R": 2.07, "exposure": 1.0, "vru_150m": 5, "sss": 25.0, "recommended": 50, "fatal_reduction_pct": 51.8, "why": "undivided arterial, side-impact intersections", "pop_density": 2340.2, "pop_density_peak": 2340.2, "v_design": 70, "design_gap": 20}}, {"type": "Feature", "geometry": {"type": "LineString", "coordinates": [[122.5515633, 10.7107262], [122.5515541, 10.7103893], [122.5515515, 10.710281], [122.5515541, 10.7098817]]}, "properties": {"city": "iloilo", "name": "Benigno S. Aquino Jr. Avenue", "highway": "trunk", "v_posted": 60, "posted_imputed": false, "v_safe": 50, "gap": 10, "R": 2.07, "exposure": 0.123, "vru_150m": 0, "sss": 14.0, "recommended": 50, "fatal_reduction_pct": 51.8, "why": "undivided arterial, side-impact intersections", "pop_density": 3963.5, "pop_density_peak": 4301.6, "v_design": 70, "design_gap": 20}}, {"type": "Feature", "geometry": {"type": "LineString", "coordinates": [[122.5516303, 10.7112851], [122.5515721, 10.7108833], [122.5515665, 10.7107971], [122.5515662, 10.7107896], [122.5515633, 10.7107262]]}, "properties": {"city": "iloilo", "name": "Benigno S. Aquino Jr. Avenue", "highway": "trunk", "v_posted": 60, "posted_imputed": false, "v_safe": 50, "gap": 10, "R": 2.07, "exposure": 0.133, "vru_150m": 0, "sss": 14.2, "recommended": 50, "fatal_reduction_pct": 51.8, "why": "undivided arterial, side-impact intersections", "pop_density": 4301.6, "pop_density_peak": 4301.6, "v_design": 70, "design_gap": 20}}, {"type": "Feature", "geometry": {"type": "LineString", "coordinates": [[122.5542971, 10.6997055], [122.554287, 10.6997533], [122.5542658, 10.6998541]]}, "properties": {"city": "iloilo", "name": "Benigno S. Aquino Jr. Avenue", "highway": "trunk", "v_posted": 60, "posted_imputed": false, "v_safe": 50, "gap": 10, "R": 2.07, "exposure": 1.0, "vru_150m": 5, "sss": 25.0, "recommended": 50, "fatal_reduction_pct": 51.8, "why": "undivided arterial, side-impact intersections", "pop_density": 2340.2, "pop_density_peak": 2340.2, "v_design": 70, "design_gap": 20}}, {"type": "Feature", "geometry": {"type": "LineString", "coordinates": [[122.5517263, 10.7107131], [122.5517301, 10.7107809], [122.5517312, 10.7107949], [122.5517473, 10.7110143], [122.5517982, 10.7113576], [122.5518458, 10.7115895], [122.5519048, 10.7118214]]}, "properties": {"city": "iloilo", "name": "Benigno S. Aquino Jr. Avenue", "highway": "trunk", "v_posted": 60, "posted_imputed": false, "v_safe": 50, "gap": 10, "R": 2.07, "exposure": 0.134, "vru_150m": 0, "sss": 14.2, "recommended": 50, "fatal_reduction_pct": 51.8, "why": "undivided arterial, side-impact intersections", "pop_density": 4349.0, "pop_density_peak": 4396.4, "v_design": 70, "design_gap": 20}}, {"type": "Feature", "geometry": {"type": "LineString", "coordinates": [[122.5522082, 10.7136419], [122.5520178, 10.7129191], [122.5519171, 10.7125278], [122.5517904, 10.7120494], [122.5517278, 10.7117852], [122.5516481, 10.7114101], [122.5516303, 10.7112851]]}, "properties": {"city": "iloilo", "name": "Benigno S. Aquino Jr. Avenue", "highway": "trunk", "v_posted": 60, "posted_imputed": false, "v_safe": 50, "gap": 10, "R": 2.07, "exposure": 0.135, "vru_150m": 0, "sss": 14.2, "recommended": 50, "fatal_reduction_pct": 51.8, "why": "undivided arterial, side-impact intersections", "pop_density": 4371.5, "pop_density_peak": 4416.5, "v_design": 70, "design_gap": 20}}, {"type": "Feature", "geometry": {"type": "LineString", "coordinates": [[122.5541768, 10.7002071], [122.5540961, 10.7005155]]}, "properties": {"city": "iloilo", "name": "Benigno S. Aquino Jr. Avenue", "highway": "trunk", "v_posted": 60, "posted_imputed": false, "v_safe": 30, "gap": 30, "R": 16.0, "exposure": 0.812, "vru_150m": 4, "sss": 67.9, "recommended": 30, "fatal_reduction_pct": 93.8, "why": "pedestrian activity (1 VRU site<=50m)", "pop_density": 1910.9, "pop_density_peak": 2340.2, "v_design": 70, "design_gap": 40}}, {"type": "Feature", "geometry": {"type": "LineString", "coordinates": [[122.5545406, 10.6998847], [122.5543392, 10.6998636], [122.5542658, 10.6998541]]}, "properties": {"city": "iloilo", "name": "General Luna Street", "highway": "trunk", "v_posted": 50, "posted_imputed": false, "v_safe": 30, "gap": 20, "R": 7.72, "exposure": 1.0, "vru_150m": 5, "sss": 50.0, "recommended": 30, "fatal_reduction_pct": 87.0, "why": "pedestrian activity (1 VRU site<=50m)", "pop_density": 2430.2, "pop_density_peak": 2520.1, "v_design": 70, "design_gap": 40}}, {"type": "Feature", "geometry": {"type": "LineString", "coordinates": [[122.5491003, 10.6907624], [122.548689, 10.6895715], [122.5485492, 10.6892717], [122.548211, 10.6887494], [122.548147, 10.6886745], [122.5478911, 10.6883551], [122.5477008, 10.6881522], [122.5473916, 10.6878693], [122.5471805, 10.6876777], [122.5467606, 10.6872966]]}, "properties": {"city": "iloilo", "name": "Iloilo South Coastal Road", "highway": "tertiary", "v_posted": 50, "posted_imputed": false, "v_safe": 30, "gap": 20, "R": 7.72, "exposure": 1.0, "vru_150m": 1, "sss": 50.0, "recommended": 30, "fatal_reduction_pct": 87.0, "why": "pedestrian activity (1 VRU site<=50m)", "pop_density": 44600.2, "pop_density_peak": 63238.0, "v_design": 45, "design_gap": 15}}, {"type": "Feature", "geometry": {"type": "LineString", "coordinates": [[122.5365563, 10.6815411], [122.5356165, 10.6814326], [122.5347099, 10.6813279], [122.5343772, 10.6812895], [122.5341344, 10.6812555], [122.5338122, 10.6812104], [122.5333911, 10.6811702], [122.5328851, 10.6811138]]}, "properties": {"city": "iloilo", "name": "Iloilo South Coastal Road", "highway": "tertiary", "v_posted": 50, "posted_imputed": false, "v_safe": 30, "gap": 20, "R": 7.72, "exposure": 0.79, "vru_150m": 2, "sss": 44.7, "recommended": 30, "fatal_reduction_pct": 87.0, "why": "pedestrian activity (2 VRU site<=50m)", "pop_density": 21001.5, "pop_density_peak": 26746.1, "v_design": 45, "design_gap": 15}}, {"type": "Feature", "geometry": {"type": "LineString", "coordinates": [[122.5515639, 10.7097082], [122.5515724, 10.709596]]}, "properties": {"city": "iloilo", "name": "Benigno S. Aquino Jr. Avenue", "highway": "trunk", "v_posted": 60, "posted_imputed": false, "v_safe": 50, "gap": 10, "R": 2.07, "exposure": 0.101, "vru_150m": 0, "sss": 13.8, "recommended": 50, "fatal_reduction_pct": 51.8, "why": "undivided arterial, side-impact intersections", "pop_density": 3273.1, "pop_density_peak": 3625.4, "v_design": 70, "design_gap": 20}}, {"type": "Feature", "geometry": {"type": "LineString", "coordinates": [[122.5515541, 10.7098817], [122.5515583, 10.7097897], [122.5515639, 10.7097082]]}, "properties": {"city": "iloilo", "name": "Benigno S. Aquino Jr. Avenue", "highway": "trunk", "v_posted": 60, "posted_imputed": false, "v_safe": 50, "gap": 10, "R": 2.07, "exposure": 0.112, "vru_150m": 0, "sss": 13.9, "recommended": 50, "fatal_reduction_pct": 51.8, "why": "undivided arterial, side-impact intersections", "pop_density": 3625.4, "pop_density_peak": 3625.4, "v_design": 70, "design_gap": 20}}, {"type": "Feature", "geometry": {"type": "LineString", "coordinates": [[122.5429332, 10.7060372], [122.5429548, 10.7059904], [122.5430803, 10.7057292], [122.5431717, 10.7055376], [122.5434254, 10.7049961], [122.5436171, 10.7046773], [122.5437431, 10.7044585], [122.5438173, 10.7043362], [122.5439309, 10.7041488], [122.5440269, 10.7040127], [122.5440501, 10.7040013]]}, "properties": {"city": "iloilo", "name": "R. Mapa Street", "highway": "secondary", "v_posted": 50, "posted_imputed": false, "v_safe": 30, "gap": 20, "R": 7.72, "exposure": 0.476, "vru_150m": 2, "sss": 36.9, "recommended": 30, "fatal_reduction_pct": 87.0, "why": "pedestrian activity (2 VRU site<=50m)", "pop_density": 4113.5, "pop_density_peak": 5720.5, "v_design": 50, "design_gap": 20}}, {"type": "Feature", "geometry": {"type": "LineString", "coordinates": [[122.5515724, 10.709596], [122.5515839, 10.709494], [122.5515936, 10.7094191], [122.5516377, 10.7090948], [122.5516432, 10.7090543], [122.5517298, 10.7086385], [122.5518048, 10.7083297], [122.551979, 10.7076691], [122.5520051, 10.7075702]]}, "properties": {"city": "iloilo", "name": "Benigno S. Aquino Jr. Avenue", "highway": "trunk", "v_posted": 60, "posted_imputed": false, "v_safe": 50, "gap": 10, "R": 2.07, "exposure": 0.057, "vru_150m": 0, "sss": 13.2, "recommended": 50, "fatal_reduction_pct": 51.8, "why": "undivided arterial, side-impact intersections", "pop_density": 1858.5, "pop_density_peak": 2920.8, "v_design": 70, "design_gap": 20}}, {"type": "Feature", "geometry": {"type": "LineString", "coordinates": [[122.527029, 10.6887198], [122.5269877, 10.6887227]]}, "properties": {"city": "iloilo", "name": "Avance\u00f1a Street", "highway": "primary", "v_posted": 50, "posted_imputed": false, "v_safe": 30, "gap": 20, "R": 7.72, "exposure": 0.548, "vru_150m": 2, "sss": 38.7, "recommended": 30, "fatal_reduction_pct": 87.0, "why": "pedestrian activity (1 VRU site<=50m)", "pop_density": 7978.7, "pop_density_peak": 7978.7, "v_design": 60, "design_gap": 30}}, {"type": "Feature", "geometry": {"type": "LineString", "coordinates": [[122.5408895, 10.7106902], [122.5412745, 10.7100703], [122.5419434, 10.708999], [122.5420627, 10.7087987], [122.5422277, 10.7084969], [122.5423017, 10.7083034], [122.5423515, 10.7081422], [122.5423975, 10.7079831], [122.5424914, 10.7076669], [122.5425216, 10.7075602], [122.5425412, 10.7074899]]}, "properties": {"city": "iloilo", "name": "R. Mapa Street", "highway": "secondary", "v_posted": 50, "posted_imputed": false, "v_safe": 30, "gap": 20, "R": 7.72, "exposure": 0.455, "vru_150m": 2, "sss": 36.4, "recommended": 30, "fatal_reduction_pct": 87.0, "why": "pedestrian activity (1 VRU site<=50m)", "pop_density": 2966.6, "pop_density_peak": 5211.9, "v_design": 50, "design_gap": 20}}, {"type": "Feature", "geometry": {"type": "LineString", "coordinates": [[122.5666906, 10.7090956], [122.5669766, 10.7080578]]}, "properties": {"city": "iloilo", "name": "Luna Street", "highway": "primary", "v_posted": 50, "posted_imputed": false, "v_safe": 30, "gap": 20, "R": 7.72, "exposure": 1.0, "vru_150m": 5, "sss": 50.0, "recommended": 30, "fatal_reduction_pct": 87.0, "why": "pedestrian activity (1 VRU site<=50m)", "pop_density": 5187.7, "pop_density_peak": 5199.5, "v_design": 60, "design_gap": 30}}, {"type": "Feature", "geometry": {"type": "LineString", "coordinates": [[122.5665884, 10.7094219], [122.5666229, 10.7093007]]}, "properties": {"city": "iloilo", "name": "Luna Street", "highway": "primary", "v_posted": 50, "posted_imputed": false, "v_safe": 30, "gap": 20, "R": 7.72, "exposure": 0.664, "vru_150m": 3, "sss": 41.6, "recommended": 30, "fatal_reduction_pct": 87.0, "why": "pedestrian activity (1 VRU site<=50m)", "pop_density": 5199.5, "pop_density_peak": 5199.5, "v_design": 60, "design_gap": 30}}, {"type": "Feature", "geometry": {"type": "LineString", "coordinates": [[122.5694804, 10.7118175], [122.5697548, 10.7114066], [122.5699634, 10.7111039], [122.5700657, 10.7109347], [122.570377, 10.7104737]]}, "properties": {"city": "iloilo", "name": "Burgos Street", "highway": "secondary", "v_posted": 40, "posted_imputed": false, "v_safe": 30, "gap": 10, "R": 3.16, "exposure": 0.861, "vru_150m": 4, "sss": 23.3, "recommended": 30, "fatal_reduction_pct": 68.4, "why": "pedestrian activity (1 VRU site<=50m)", "pop_density": 9853.7, "pop_density_peak": 10941.8, "v_design": 50, "design_gap": 20}}, {"type": "Feature", "geometry": {"type": "LineString", "coordinates": [[122.5697699, 10.7016663], [122.5698554, 10.7016924]]}, "properties": {"city": "iloilo", "name": "Jocson Street", "highway": "secondary", "v_posted": 50, "posted_imputed": false, "v_safe": 30, "gap": 20, "R": 7.72, "exposure": 0.629, "vru_150m": 3, "sss": 40.7, "recommended": 30, "fatal_reduction_pct": 87.0, "why": "pedestrian activity (1 VRU site<=50m)", "pop_density": 2384.4, "pop_density_peak": 2384.4, "v_design": 50, "design_gap": 20}}, {"type": "Feature", "geometry": {"type": "LineString", "coordinates": [[122.5690086, 10.6920424], [122.5690213, 10.692029], [122.5690357, 10.6920181], [122.5690538, 10.6920115], [122.5690731, 10.6920098], [122.5690879, 10.6920118], [122.569102, 10.6920168], [122.5691147, 10.6920244]]}, "properties": {"city": "iloilo", "name": "", "highway": "secondary", "v_posted": 40, "posted_imputed": false, "v_safe": 30, "gap": 10, "R": 3.16, "exposure": 0.901, "vru_150m": 4, "sss": 23.8, "recommended": 30, "fatal_reduction_pct": 68.4, "why": "pedestrian activity (1 VRU site<=50m)", "pop_density": 16276.5, "pop_density_peak": 16276.5, "v_design": 45, "design_gap": 15}}, {"type": "Feature", "geometry": {"type": "LineString", "coordinates": [[122.5683781, 10.7018788], [122.5683429, 10.701878], [122.5683154, 10.7018747], [122.5682893, 10.7018683], [122.5682634, 10.7018572], [122.5682459, 10.7018475], [122.5682257, 10.7018333]]}, "properties": {"city": "iloilo", "name": "General Luna Street", "highway": "trunk", "v_posted": 50, "posted_imputed": false, "v_safe": 30, "gap": 20, "R": 7.72, "exposure": 1.0, "vru_150m": 9, "sss": 50.0, "recommended": 30, "fatal_reduction_pct": 87.0, "why": "pedestrian activity (1 VRU site<=50m)", "pop_density": 4111.2, "pop_density_peak": 4111.2, "v_design": 70, "design_gap": 40}}, {"type": "Feature", "geometry": {"type": "LineString", "coordinates": [[122.5683885, 10.7016855], [122.5683962, 10.7017387], [122.5684013, 10.7017691], [122.5684044, 10.7017998], [122.568404, 10.701807], [122.568403, 10.701814], [122.5683997, 10.7018257], [122.5683781, 10.7018788]]}, "properties": {"city": "iloilo", "name": "Bonifacio Drive", "highway": "primary", "v_posted": 50, "posted_imputed": false, "v_safe": 30, "gap": 20, "R": 7.72, "exposure": 1.0, "vru_150m": 7, "sss": 50.0, "recommended": 30, "fatal_reduction_pct": 87.0, "why": "pedestrian activity (1 VRU site<=50m)", "pop_density": 4111.2, "pop_density_peak": 4111.2, "v_design": 60, "design_gap": 30}}, {"type": "Feature", "geometry": {"type": "LineString", "coordinates": [[122.5679866, 10.7015062], [122.5681564, 10.7015544]]}, "properties": {"city": "iloilo", "name": "General Luna Street", "highway": "trunk", "v_posted": 50, "posted_imputed": false, "v_safe": 30, "gap": 20, "R": 7.72, "exposure": 1.0, "vru_150m": 7, "sss": 50.0, "recommended": 30, "fatal_reduction_pct": 87.0, "why": "pedestrian activity (2 VRU site<=50m)", "pop_density": 4111.2, "pop_density_peak": 4111.2, "v_design": 70, "design_gap": 40}}, {"type": "Feature", "geometry": {"type": "LineString", "coordinates": [[122.5599394, 10.7003267], [122.5602912, 10.7003757], [122.5605955, 10.7004239], [122.5607969, 10.7004615], [122.5608853, 10.700478], [122.5613075, 10.7005569], [122.5613522, 10.7005653], [122.561727, 10.7006141]]}, "properties": {"city": "iloilo", "name": "General Luna Street", "highway": "secondary", "v_posted": 50, "posted_imputed": false, "v_safe": 30, "gap": 20, "R": 7.72, "exposure": 0.832, "vru_150m": 4, "sss": 45.8, "recommended": 30, "fatal_reduction_pct": 87.0, "why": "pedestrian activity (1 VRU site<=50m)", "pop_density": 5175.2, "pop_density_peak": 8033.9, "v_design": 50, "design_gap": 20}}, {"type": "Feature", "geometry": {"type": "LineString", "coordinates": [[122.5630915, 10.7009367], [122.562881, 10.700905], [122.5621473, 10.7007898], [122.5618946, 10.7007501], [122.5617048, 10.7007215], [122.5616985, 10.7007199]]}, "properties": {"city": "iloilo", "name": "General Luna Street", "highway": "secondary", "v_posted": 50, "posted_imputed": false, "v_safe": 30, "gap": 20, "R": 7.72, "exposure": 0.823, "vru_150m": 4, "sss": 45.6, "recommended": 30, "fatal_reduction_pct": 87.0, "why": "pedestrian activity (2 VRU site<=50m)", "pop_density": 3778.8, "pop_density_peak": 3844.7, "v_design": 50, "design_gap": 20}}, {"type": "Feature", "geometry": {"type": "LineString", "coordinates": [[122.5588965, 10.6933095], [122.5615576, 10.6941284], [122.5616762, 10.6941653]]}, "properties": {"city": "iloilo", "name": "Ledesma Street", "highway": "secondary", "v_posted": 50, "posted_imputed": false, "v_safe": 30, "gap": 20, "R": 7.72, "exposure": 1.0, "vru_150m": 4, "sss": 50.0, "recommended": 30, "fatal_reduction_pct": 87.0, "why": "pedestrian activity (1 VRU site<=50m)", "pop_density": 35614.5, "pop_density_peak": 55825.0, "v_design": 50, "design_gap": 20}}, {"type": "Feature", "geometry": {"type": "LineString", "coordinates": [[122.5687293, 10.7016092], [122.5687805, 10.701594], [122.5688324, 10.7015772], [122.5689153, 10.7015387], [122.5689941, 10.7014975]]}, "properties": {"city": "iloilo", "name": "General Luna Street", "highway": "trunk", "v_posted": 50, "posted_imputed": false, "v_safe": 30, "gap": 20, "R": 7.72, "exposure": 1.0, "vru_150m": 6, "sss": 50.0, "recommended": 30, "fatal_reduction_pct": 87.0, "why": "pedestrian activity (1 VRU site<=50m)", "pop_density": 2708.4, "pop_density_peak": 2708.4, "v_design": 70, "design_gap": 40}}, {"type": "Feature", "geometry": {"type": "LineString", "coordinates": [[122.5690582, 10.7016445], [122.5690469, 10.7016487], [122.5690109, 10.701662], [122.5688247, 10.7017307], [122.5687811, 10.7017468]]}, "properties": {"city": "iloilo", "name": "General Luna Street", "highway": "trunk", "v_posted": 50, "posted_imputed": false, "v_safe": 30, "gap": 20, "R": 7.72, "exposure": 1.0, "vru_150m": 5, "sss": 50.0, "recommended": 30, "fatal_reduction_pct": 87.0, "why": "pedestrian activity (2 VRU site<=50m)", "pop_density": 2708.4, "pop_density_peak": 2708.4, "v_design": 70, "design_gap": 40}}, {"type": "Feature", "geometry": {"type": "LineString", "coordinates": [[122.5681942, 10.7022177], [122.5681729, 10.7022966], [122.5681519, 10.7023826], [122.5681351, 10.7024798], [122.5681133, 10.7025996], [122.5681047, 10.7026681], [122.5680803, 10.7029327], [122.5680742, 10.7029916], [122.5680613, 10.7031139], [122.568058, 10.7031419], [122.5680369, 10.7033378], [122.5680062, 10.7038248], [122.5679794, 10.7041065], [122.5679446, 10.7045154], [122.5679297, 10.7046894], [122.5679115, 10.7049021], [122.5679034, 10.7050097], [122.5679003, 10.705046], [122.5678931, 10.7051292], [122.5678827, 10.705185]]}, "properties": {"city": "iloilo", "name": "Bonifacio Drive", "highway": "primary", "v_posted": 50, "posted_imputed": false, "v_safe": 30, "gap": 20, "R": 7.72, "exposure": 0.815, "vru_150m": 4, "sss": 45.4, "recommended": 30, "fatal_reduction_pct": 87.0, "why": "pedestrian activity (1 VRU site<=50m)", "pop_density": 2421.6, "pop_density_peak": 3651.0, "v_design": 60, "design_gap": 30}}, {"type": "Feature", "geometry": {"type": "LineString", "coordinates": [[122.561727, 10.7006141], [122.5619221, 10.7006431], [122.5621642, 10.700688], [122.5622228, 10.7006989], [122.5627942, 10.7007784], [122.5629805, 10.7008067], [122.56309, 10.7008261]]}, "properties": {"city": "iloilo", "name": "General Luna Street", "highway": "secondary", "v_posted": 50, "posted_imputed": false, "v_safe": 30, "gap": 20, "R": 7.72, "exposure": 0.647, "vru_150m": 3, "sss": 41.2, "recommended": 30, "fatal_reduction_pct": 87.0, "why": "pedestrian activity (2 VRU site<=50m)", "pop_density": 3795.3, "pop_density_peak": 3844.7, "v_design": 50, "design_gap": 20}}, {"type": "Feature", "geometry": {"type": "LineString", "coordinates": [[122.5680751, 10.701667], [122.5680588, 10.7016461], [122.5680388, 10.7016285], [122.5680121, 10.7016093], [122.5679836, 10.7016033], [122.5679531, 10.7015953], [122.5678291, 10.7015793]]}, "properties": {"city": "iloilo", "name": "General Luna Street", "highway": "trunk", "v_posted": 50, "posted_imputed": false, "v_safe": 30, "gap": 20, "R": 7.72, "exposure": 1.0, "vru_150m": 5, "sss": 50.0, "recommended": 30, "fatal_reduction_pct": 87.0, "why": "pedestrian activity (2 VRU site<=50m)", "pop_density": 4111.2, "pop_density_peak": 4111.2, "v_design": 70, "design_gap": 40}}, {"type": "Feature", "geometry": {"type": "LineString", "coordinates": [[122.5683885, 10.7016855], [122.5685809, 10.7016422], [122.5687293, 10.7016092]]}, "properties": {"city": "iloilo", "name": "General Luna Street", "highway": "trunk", "v_posted": 50, "posted_imputed": false, "v_safe": 30, "gap": 20, "R": 7.72, "exposure": 1.0, "vru_150m": 7, "sss": 50.0, "recommended": 30, "fatal_reduction_pct": 87.0, "why": "pedestrian activity (1 VRU site<=50m)", "pop_density": 3409.8, "pop_density_peak": 4111.2, "v_design": 70, "design_gap": 40}}, {"type": "Feature", "geometry": {"type": "LineString", "coordinates": [[122.5691772, 10.6965171], [122.5691024, 10.6966121], [122.5690783, 10.696661], [122.5690759, 10.6966976], [122.569081, 10.6970994], [122.5690769, 10.6975781], [122.5690786, 10.6977076], [122.5690793, 10.6978134]]}, "properties": {"city": "iloilo", "name": "Ruperto Montinola Street", "highway": "secondary", "v_posted": 50, "posted_imputed": false, "v_safe": 30, "gap": 20, "R": 7.72, "exposure": 0.686, "vru_150m": 3, "sss": 42.1, "recommended": 30, "fatal_reduction_pct": 87.0, "why": "pedestrian activity (2 VRU site<=50m)", "pop_density": 6935.9, "pop_density_peak": 7211.9, "v_design": 50, "design_gap": 20}}, {"type": "Feature", "geometry": {"type": "LineString", "coordinates": [[122.5690216, 10.6978115], [122.5690229, 10.6977041], [122.5690152, 10.6971013], [122.5690154, 10.6966941], [122.5690146, 10.6966556]]}, "properties": {"city": "iloilo", "name": "Iznart Street", "highway": "secondary", "v_posted": 50, "posted_imputed": false, "v_safe": 30, "gap": 20, "R": 7.72, "exposure": 0.686, "vru_150m": 3, "sss": 42.1, "recommended": 30, "fatal_reduction_pct": 87.0, "why": "pedestrian activity (2 VRU site<=50m)", "pop_density": 6935.9, "pop_density_peak": 7211.9, "v_design": 50, "design_gap": 20}}, {"type": "Feature", "geometry": {"type": "LineString", "coordinates": [[122.5678025, 10.705158], [122.5678212, 10.705104], [122.5678499, 10.7048743], [122.5679186, 10.7041043], [122.5679369, 10.7038987], [122.5679426, 10.7038207], [122.5679514, 10.7036991], [122.5679964, 10.7032087], [122.5680031, 10.7031368], [122.5680068, 10.7031111], [122.5680312, 10.7029165], [122.5680635, 10.7026597], [122.5680882, 10.7024633], [122.5681101, 10.7021973]]}, "properties": {"city": "iloilo", "name": "Bonifacio Drive", "highway": "primary", "v_posted": 50, "posted_imputed": false, "v_safe": 30, "gap": 20, "R": 7.72, "exposure": 0.817, "vru_150m": 4, "sss": 45.4, "recommended": 30, "fatal_reduction_pct": 87.0, "why": "pedestrian activity (3 VRU site<=50m)", "pop_density": 2697.2, "pop_density_peak": 3651.0, "v_design": 60, "design_gap": 30}}, {"type": "Feature", "geometry": {"type": "LineString", "coordinates": [[122.5691666, 10.7015224], [122.5692349, 10.7015373], [122.5694924, 10.7016081], [122.569584, 10.7016333], [122.5697699, 10.7016663]]}, "properties": {"city": "iloilo", "name": "Jocson Street", "highway": "primary", "v_posted": 50, "posted_imputed": false, "v_safe": 30, "gap": 20, "R": 7.72, "exposure": 0.816, "vru_150m": 4, "sss": 45.4, "recommended": 30, "fatal_reduction_pct": 87.0, "why": "pedestrian activity (2 VRU site<=50m)", "pop_density": 2546.4, "pop_density_peak": 2708.4, "v_design": 60, "design_gap": 30}}, {"type": "Feature", "geometry": {"type": "LineString", "coordinates": [[122.5670447, 10.707795], [122.5673574, 10.708041], [122.5674439, 10.7081064], [122.5678033, 10.7083977]]}, "properties": {"city": "iloilo", "name": "Huervana Street", "highway": "primary", "v_posted": 40, "posted_imputed": false, "v_safe": 30, "gap": 10, "R": 3.16, "exposure": 1.0, "vru_150m": 5, "sss": 25.0, "recommended": 30, "fatal_reduction_pct": 68.4, "why": "pedestrian activity (1 VRU site<=50m)", "pop_density": 7628.3, "pop_density_peak": 10782.6, "v_design": 60, "design_gap": 30}}, {"type": "Feature", "geometry": {"type": "LineString", "coordinates": [[122.5688541, 10.7092565], [122.5689674, 10.7093479], [122.5691095, 10.7094624], [122.5695034, 10.7097798], [122.5695683, 10.7098322], [122.5699756, 10.7101604], [122.5701138, 10.7102683], [122.5702713, 10.7103912], [122.570377, 10.7104737]]}, "properties": {"city": "iloilo", "name": "Huervana Street", "highway": "primary", "v_posted": 40, "posted_imputed": false, "v_safe": 30, "gap": 10, "R": 3.16, "exposure": 0.874, "vru_150m": 4, "sss": 23.4, "recommended": 30, "fatal_reduction_pct": 68.4, "why": "pedestrian activity (1 VRU site<=50m)", "pop_density": 11891.0, "pop_density_peak": 15347.1, "v_design": 60, "design_gap": 30}}, {"type": "Feature", "geometry": {"type": "LineString", "coordinates": [[122.5681564, 10.7015544], [122.5682995, 10.7015799], [122.5683364, 10.701583], [122.5685111, 10.7015978], [122.5687293, 10.7016092]]}, "properties": {"city": "iloilo", "name": "", "highway": "trunk_link", "v_posted": 50, "posted_imputed": false, "v_safe": 30, "gap": 20, "R": 7.72, "exposure": 1.0, "vru_150m": 7, "sss": 50.0, "recommended": 30, "fatal_reduction_pct": 87.0, "why": "pedestrian activity (2 VRU site<=50m)", "pop_density": 3409.8, "pop_density_peak": 4111.2, "v_design": 55, "design_gap": 25}}, {"type": "Feature", "geometry": {"type": "LineString", "coordinates": [[122.5681564, 10.7015544], [122.5683365, 10.7016375], [122.56835, 10.7016455], [122.5683613, 10.7016535], [122.5683724, 10.7016647], [122.5683794, 10.7016733], [122.5683885, 10.7016855]]}, "properties": {"city": "iloilo", "name": "General Luna Street", "highway": "trunk", "v_posted": 50, "posted_imputed": false, "v_safe": 30, "gap": 20, "R": 7.72, "exposure": 1.0, "vru_150m": 7, "sss": 50.0, "recommended": 30, "fatal_reduction_pct": 87.0, "why": "pedestrian activity (2 VRU site<=50m)", "pop_density": 4111.2, "pop_density_peak": 4111.2, "v_design": 70, "design_gap": 40}}, {"type": "Feature", "geometry": {"type": "LineString", "coordinates": [[122.5682257, 10.7018333], [122.568244, 10.7017909], [122.5682553, 10.7017713], [122.5682666, 10.7017562], [122.5682788, 10.7017446], [122.5683022, 10.7017267], [122.5683345, 10.7017085], [122.5683586, 10.7016971], [122.5683885, 10.7016855]]}, "properties": {"city": "iloilo", "name": "Bonifacio Drive", "highway": "primary", "v_posted": 50, "posted_imputed": false, "v_safe": 30, "gap": 20, "R": 7.72, "exposure": 1.0, "vru_150m": 7, "sss": 50.0, "recommended": 30, "fatal_reduction_pct": 87.0, "why": "pedestrian activity (2 VRU site<=50m)", "pop_density": 4111.2, "pop_density_peak": 4111.2, "v_design": 60, "design_gap": 30}}, {"type": "Feature", "geometry": {"type": "LineString", "coordinates": [[122.5697413, 10.7017572], [122.569558, 10.7017221], [122.5694874, 10.7017035], [122.5691333, 10.701626]]}, "properties": {"city": "iloilo", "name": "Jocson Street", "highway": "primary", "v_posted": 50, "posted_imputed": false, "v_safe": 30, "gap": 20, "R": 7.72, "exposure": 0.816, "vru_150m": 4, "sss": 45.4, "recommended": 30, "fatal_reduction_pct": 87.0, "why": "pedestrian activity (2 VRU site<=50m)", "pop_density": 2546.4, "pop_density_peak": 2708.4, "v_design": 60, "design_gap": 30}}, {"type": "Feature", "geometry": {"type": "LineString", "coordinates": [[122.5647963, 10.701048], [122.5649383, 10.701069], [122.565275, 10.7011174], [122.5653571, 10.7011292], [122.5654595, 10.7011439], [122.5654913, 10.7011485], [122.5662389, 10.7012559], [122.5664171, 10.7012814]]}, "properties": {"city": "iloilo", "name": "General Luna Street", "highway": "trunk", "v_posted": 50, "posted_imputed": false, "v_safe": 30, "gap": 20, "R": 7.72, "exposure": 1.0, "vru_150m": 6, "sss": 50.0, "recommended": 30, "fatal_reduction_pct": 87.0, "why": "pedestrian activity (2 VRU site<=50m)", "pop_density": 4447.9, "pop_density_peak": 4759.8, "v_design": 70, "design_gap": 40}}, {"type": "Feature", "geometry": {"type": "LineString", "coordinates": [[122.5647717, 10.6976538], [122.5648896, 10.6976702], [122.5652749, 10.697724], [122.5653081, 10.6977286], [122.5655581, 10.6977654], [122.5658009, 10.6978011], [122.5663049, 10.697856], [122.5663414, 10.6978594], [122.5663759, 10.6978626]]}, "properties": {"city": "iloilo", "name": "Delgado Street", "highway": "tertiary", "v_posted": 40, "posted_imputed": false, "v_safe": 30, "gap": 10, "R": 3.16, "exposure": 0.698, "vru_150m": 3, "sss": 21.2, "recommended": 30, "fatal_reduction_pct": 68.4, "why": "pedestrian activity (1 VRU site<=50m)", "pop_density": 7901.5, "pop_density_peak": 8936.9, "v_design": 45, "design_gap": 15}}, {"type": "Feature", "geometry": {"type": "LineString", "coordinates": [[122.5662784, 10.6918045], [122.5664096, 10.6918113], [122.5665124, 10.6918196], [122.5670029, 10.6918591], [122.5673687, 10.6918886], [122.5678446, 10.6919256], [122.5679014, 10.6919305]]}, "properties": {"city": "iloilo", "name": "Rizal Street", "highway": "secondary", "v_posted": 40, "posted_imputed": false, "v_safe": 30, "gap": 10, "R": 3.16, "exposure": 1.0, "vru_150m": 5, "sss": 25.0, "recommended": 30, "fatal_reduction_pct": 68.4, "why": "pedestrian activity (2 VRU site<=50m)", "pop_density": 30647.8, "pop_density_peak": 35466.5, "v_design": 50, "design_gap": 20}}, {"type": "Feature", "geometry": {"type": "LineString", "coordinates": [[122.5823224, 10.6907316], [122.5823755, 10.6909505], [122.5824576, 10.6912893]]}, "properties": {"city": "iloilo", "name": "Fort San Pedro Drive", "highway": "secondary", "v_posted": 50, "posted_imputed": false, "v_safe": 30, "gap": 20, "R": 7.72, "exposure": 1.0, "vru_150m": 1, "sss": 50.0, "recommended": 30, "fatal_reduction_pct": 87.0, "why": "pedestrian activity (1 VRU site<=50m)", "pop_density": 33197.2, "pop_density_peak": 33197.2, "v_design": 50, "design_gap": 20}}, {"type": "Feature", "geometry": {"type": "LineString", "coordinates": [[122.5687278, 10.7017665], [122.5683781, 10.7018788]]}, "properties": {"city": "iloilo", "name": "General Luna Street", "highway": "trunk", "v_posted": 50, "posted_imputed": false, "v_safe": 30, "gap": 20, "R": 7.72, "exposure": 1.0, "vru_150m": 8, "sss": 50.0, "recommended": 30, "fatal_reduction_pct": 87.0, "why": "pedestrian activity (1 VRU site<=50m)", "pop_density": 3409.8, "pop_density_peak": 4111.2, "v_design": 70, "design_gap": 40}}, {"type": "Feature", "geometry": {"type": "LineString", "coordinates": [[122.5823343, 10.6986082], [122.5824954, 10.6986557]]}, "properties": {"city": "iloilo", "name": "La Paz Deep Sea Water Port Road", "highway": "secondary", "v_posted": 50, "posted_imputed": false, "v_safe": 30, "gap": 20, "R": 7.72, "exposure": 0.471, "vru_150m": 1, "sss": 36.8, "recommended": 30, "fatal_reduction_pct": 87.0, "why": "pedestrian activity (1 VRU site<=50m)", "pop_density": 10949.4, "pop_density_peak": 10949.4, "v_design": 50, "design_gap": 20}}, {"type": "Feature", "geometry": {"type": "LineString", "coordinates": [[122.5688034, 10.6919939], [122.5688718, 10.6920034], [122.5689382, 10.6920192], [122.5690086, 10.6920424]]}, "properties": {"city": "iloilo", "name": "Rizal Street", "highway": "secondary", "v_posted": 40, "posted_imputed": false, "v_safe": 30, "gap": 10, "R": 3.16, "exposure": 0.801, "vru_150m": 3, "sss": 22.5, "recommended": 30, "fatal_reduction_pct": 68.4, "why": "pedestrian activity (1 VRU site<=50m)", "pop_density": 16276.5, "pop_density_peak": 16276.5, "v_design": 50, "design_gap": 20}}, {"type": "Feature", "geometry": {"type": "LineString", "coordinates": [[122.5690793, 10.6978134], [122.5690772, 10.6980149], [122.5690765, 10.6980792], [122.5690842, 10.698514], [122.5690927, 10.6989932], [122.5690558, 10.6991472]]}, "properties": {"city": "iloilo", "name": "Ruperto Montinola Street", "highway": "secondary", "v_posted": 50, "posted_imputed": false, "v_safe": 30, "gap": 20, "R": 7.72, "exposure": 0.671, "vru_150m": 3, "sss": 41.8, "recommended": 30, "fatal_reduction_pct": 87.0, "why": "pedestrian activity (1 VRU site<=50m)", "pop_density": 5703.5, "pop_density_peak": 6659.8, "v_design": 50, "design_gap": 20}}, {"type": "Feature", "geometry": {"type": "LineString", "coordinates": [[122.5676811, 10.701459], [122.5676906, 10.7014638], [122.5677697, 10.7014751], [122.5677985, 10.7014792], [122.5679866, 10.7015062]]}, "properties": {"city": "iloilo", "name": "General Luna Street", "highway": "trunk", "v_posted": 50, "posted_imputed": false, "v_safe": 30, "gap": 20, "R": 7.72, "exposure": 0.828, "vru_150m": 4, "sss": 45.7, "recommended": 30, "fatal_reduction_pct": 87.0, "why": "pedestrian activity (1 VRU site<=50m)", "pop_density": 4538.0, "pop_density_peak": 4964.7, "v_design": 70, "design_gap": 40}}, {"type": "Feature", "geometry": {"type": "LineString", "coordinates": [[122.56478, 10.7011559], [122.56462, 10.7011334]]}, "properties": {"city": "iloilo", "name": "General Luna Street", "highway": "trunk", "v_posted": 50, "posted_imputed": false, "v_safe": 30, "gap": 20, "R": 7.72, "exposure": 1.0, "vru_150m": 9, "sss": 50.0, "recommended": 30, "fatal_reduction_pct": 87.0, "why": "pedestrian activity (2 VRU site<=50m)", "pop_density": 4759.8, "pop_density_peak": 4759.8, "v_design": 70, "design_gap": 40}}, {"type": "Feature", "geometry": {"type": "LineString", "coordinates": [[122.5646427, 10.7010262], [122.5647789, 10.7010455], [122.5647963, 10.701048]]}, "properties": {"city": "iloilo", "name": "General Luna Street", "highway": "trunk", "v_posted": 50, "posted_imputed": false, "v_safe": 30, "gap": 20, "R": 7.72, "exposure": 1.0, "vru_150m": 9, "sss": 50.0, "recommended": 30, "fatal_reduction_pct": 87.0, "why": "pedestrian activity (3 VRU site<=50m)", "pop_density": 4759.8, "pop_density_peak": 4759.8, "v_design": 70, "design_gap": 40}}, {"type": "Feature", "geometry": {"type": "LineString", "coordinates": [[122.5690675, 10.7012609], [122.5690911, 10.7013322], [122.5691072, 10.701378], [122.5691232, 10.7014216], [122.5691384, 10.7014601], [122.5691558, 10.7014996]]}, "properties": {"city": "iloilo", "name": "Ruperto Montinola Street", "highway": "secondary", "v_posted": 50, "posted_imputed": false, "v_safe": 30, "gap": 20, "R": 7.72, "exposure": 1.0, "vru_150m": 5, "sss": 50.0, "recommended": 30, "fatal_reduction_pct": 87.0, "why": "pedestrian activity (2 VRU site<=50m)", "pop_density": 2912.1, "pop_density_peak": 3115.8, "v_design": 50, "design_gap": 20}}, {"type": "Feature", "geometry": {"type": "LineString", "coordinates": [[122.5690159, 10.7014749], [122.5690365, 10.7014257], [122.569048, 10.7013753], [122.5690543, 10.7013325], [122.5690675, 10.7012609]]}, "properties": {"city": "iloilo", "name": "Ruperto Montinola Street", "highway": "secondary", "v_posted": 50, "posted_imputed": false, "v_safe": 30, "gap": 20, "R": 7.72, "exposure": 1.0, "vru_150m": 5, "sss": 50.0, "recommended": 30, "fatal_reduction_pct": 87.0, "why": "pedestrian activity (2 VRU site<=50m)", "pop_density": 2912.1, "pop_density_peak": 3115.8, "v_design": 50, "design_gap": 20}}, {"type": "Feature", "geometry": {"type": "LineString", "coordinates": [[122.5698619, 10.7017719], [122.5698331, 10.701766], [122.5697413, 10.7017572]]}, "properties": {"city": "iloilo", "name": "Jocson Street", "highway": "secondary", "v_posted": 50, "posted_imputed": false, "v_safe": 30, "gap": 20, "R": 7.72, "exposure": 0.629, "vru_150m": 3, "sss": 40.7, "recommended": 30, "fatal_reduction_pct": 87.0, "why": "pedestrian activity (1 VRU site<=50m)", "pop_density": 2384.4, "pop_density_peak": 2384.4, "v_design": 50, "design_gap": 20}}, {"type": "Feature", "geometry": {"type": "LineString", "coordinates": [[122.57081, 10.7020828], [122.5698619, 10.7017719]]}, "properties": {"city": "iloilo", "name": "Jocson Street", "highway": "secondary", "v_posted": 50, "posted_imputed": false, "v_safe": 30, "gap": 20, "R": 7.72, "exposure": 0.632, "vru_150m": 3, "sss": 40.8, "recommended": 30, "fatal_reduction_pct": 87.0, "why": "pedestrian activity (1 VRU site<=50m)", "pop_density": 2573.4, "pop_density_peak": 2762.4, "v_design": 50, "design_gap": 20}}, {"type": "Feature", "geometry": {"type": "LineString", "coordinates": [[122.5820967, 10.6985464], [122.5823343, 10.6986082]]}, "properties": {"city": "iloilo", "name": "La Paz Deep Sea Water Port Road", "highway": "secondary", "v_posted": 50, "posted_imputed": false, "v_safe": 30, "gap": 20, "R": 7.72, "exposure": 0.471, "vru_150m": 1, "sss": 36.8, "recommended": 30, "fatal_reduction_pct": 87.0, "why": "pedestrian activity (1 VRU site<=50m)", "pop_density": 10949.4, "pop_density_peak": 10949.4, "v_design": 50, "design_gap": 20}}, {"type": "Feature", "geometry": {"type": "LineString", "coordinates": [[122.5616786, 10.6942855], [122.5615459, 10.6942447], [122.5608014, 10.694016], [122.5601486, 10.6938155], [122.5598654, 10.6937285], [122.5593385, 10.6935671], [122.5588628, 10.6934147]]}, "properties": {"city": "iloilo", "name": "Ledesma Street", "highway": "secondary", "v_posted": 50, "posted_imputed": false, "v_safe": 30, "gap": 20, "R": 7.72, "exposure": 1.0, "vru_150m": 6, "sss": 50.0, "recommended": 30, "fatal_reduction_pct": 87.0, "why": "pedestrian activity (2 VRU site<=50m)", "pop_density": 39540.7, "pop_density_peak": 55825.0, "v_design": 50, "design_gap": 20}}, {"type": "Feature", "geometry": {"type": "LineString", "coordinates": [[122.5679014, 10.6919305], [122.5688034, 10.6919939]]}, "properties": {"city": "iloilo", "name": "Rizal Street", "highway": "secondary", "v_posted": 40, "posted_imputed": false, "v_safe": 30, "gap": 10, "R": 3.16, "exposure": 0.875, "vru_150m": 3, "sss": 23.4, "recommended": 30, "fatal_reduction_pct": 68.4, "why": "pedestrian activity (1 VRU site<=50m)", "pop_density": 22257.5, "pop_density_peak": 28238.5, "v_design": 50, "design_gap": 20}}, {"type": "Feature", "geometry": {"type": "LineString", "coordinates": [[122.5690157, 10.6921308], [122.5690026, 10.6921108], [122.5689968, 10.6920878], [122.5689989, 10.6920641], [122.5690086, 10.6920424]]}, "properties": {"city": "iloilo", "name": "", "highway": "secondary", "v_posted": 40, "posted_imputed": false, "v_safe": 30, "gap": 10, "R": 3.16, "exposure": 0.801, "vru_150m": 3, "sss": 22.5, "recommended": 30, "fatal_reduction_pct": 68.4, "why": "pedestrian activity (1 VRU site<=50m)", "pop_density": 16276.5, "pop_density_peak": 16276.5, "v_design": 50, "design_gap": 20}}, {"type": "Feature", "geometry": {"type": "LineString", "coordinates": [[122.5589759, 10.6931753], [122.5590956, 10.6931427], [122.5616128, 10.692563]]}, "properties": {"city": "iloilo", "name": "Rizal Street", "highway": "secondary", "v_posted": 40, "posted_imputed": false, "v_safe": 30, "gap": 10, "R": 3.16, "exposure": 1.0, "vru_150m": 4, "sss": 25.0, "recommended": 30, "fatal_reduction_pct": 68.4, "why": "pedestrian activity (1 VRU site<=50m)", "pop_density": 57152.9, "pop_density_peak": 58480.8, "v_design": 50, "design_gap": 20}}, {"type": "Feature", "geometry": {"type": "LineString", "coordinates": [[122.5690146, 10.6966556], [122.569045, 10.6965873], [122.5691191, 10.6964902]]}, "properties": {"city": "iloilo", "name": "Iznart Street", "highway": "secondary", "v_posted": 50, "posted_imputed": false, "v_safe": 30, "gap": 20, "R": 7.72, "exposure": 0.689, "vru_150m": 3, "sss": 42.2, "recommended": 30, "fatal_reduction_pct": 87.0, "why": "pedestrian activity (1 VRU site<=50m)", "pop_density": 7211.9, "pop_density_peak": 7211.9, "v_design": 50, "design_gap": 20}}, {"type": "Feature", "geometry": {"type": "LineString", "coordinates": [[122.5690146, 10.6966556], [122.5689977, 10.6966077], [122.5689851, 10.6965783], [122.5689578, 10.6965432], [122.5689327, 10.696526], [122.5688987, 10.6965101], [122.568797, 10.6964734]]}, "properties": {"city": "iloilo", "name": "Ledesma Street", "highway": "secondary", "v_posted": 50, "posted_imputed": false, "v_safe": 30, "gap": 20, "R": 7.72, "exposure": 0.689, "vru_150m": 3, "sss": 42.2, "recommended": 30, "fatal_reduction_pct": 87.0, "why": "pedestrian activity (1 VRU site<=50m)", "pop_density": 7211.9, "pop_density_peak": 7211.9, "v_design": 50, "design_gap": 20}}, {"type": "Feature", "geometry": {"type": "LineString", "coordinates": [[122.5715898, 10.6919808], [122.5715699, 10.6919823], [122.5706098, 10.6920526]]}, "properties": {"city": "iloilo", "name": "Rizal Street", "highway": "secondary", "v_posted": 40, "posted_imputed": false, "v_safe": 30, "gap": 10, "R": 3.16, "exposure": 1.0, "vru_150m": 9, "sss": 25.0, "recommended": 30, "fatal_reduction_pct": 68.4, "why": "pedestrian activity (6 VRU site<=50m)", "pop_density": 4165.7, "pop_density_peak": 6366.8, "v_design": 50, "design_gap": 20}}, {"type": "Feature", "geometry": {"type": "LineString", "coordinates": [[122.5691103, 10.6921428], [122.5690915, 10.6921513], [122.5690711, 10.6921544], [122.5690506, 10.6921518], [122.5690316, 10.6921437], [122.5690157, 10.6921308]]}, "properties": {"city": "iloilo", "name": "", "highway": "secondary", "v_posted": 40, "posted_imputed": false, "v_safe": 30, "gap": 10, "R": 3.16, "exposure": 0.815, "vru_150m": 3, "sss": 22.7, "recommended": 30, "fatal_reduction_pct": 68.4, "why": "pedestrian activity (1 VRU site<=50m)", "pop_density": 17368.2, "pop_density_peak": 18459.9, "v_design": 50, "design_gap": 20}}, {"type": "Feature", "geometry": {"type": "LineString", "coordinates": [[122.5698554, 10.7016924], [122.5698841, 10.7017012]]}, "properties": {"city": "iloilo", "name": "Jocson Street", "highway": "secondary", "v_posted": 50, "posted_imputed": false, "v_safe": 30, "gap": 20, "R": 7.72, "exposure": 0.629, "vru_150m": 3, "sss": 40.7, "recommended": 30, "fatal_reduction_pct": 87.0, "why": "pedestrian activity (1 VRU site<=50m)", "pop_density": 2384.4, "pop_density_peak": 2384.4, "v_design": 50, "design_gap": 20}}, {"type": "Feature", "geometry": {"type": "LineString", "coordinates": [[122.5683781, 10.7018788], [122.5683551, 10.7019347], [122.5681942, 10.7022177]]}, "properties": {"city": "iloilo", "name": "Bonifacio Drive", "highway": "primary", "v_posted": 50, "posted_imputed": false, "v_safe": 30, "gap": 20, "R": 7.72, "exposure": 1.0, "vru_150m": 9, "sss": 50.0, "recommended": 30, "fatal_reduction_pct": 87.0, "why": "pedestrian activity (1 VRU site<=50m)", "pop_density": 3881.1, "pop_density_peak": 4111.2, "v_design": 60, "design_gap": 30}}, {"type": "Feature", "geometry": {"type": "LineString", "coordinates": [[122.5682257, 10.7018333], [122.5680751, 10.701667]]}, "properties": {"city": "iloilo", "name": "General Luna Street", "highway": "trunk", "v_posted": 50, "posted_imputed": false, "v_safe": 30, "gap": 20, "R": 7.72, "exposure": 1.0, "vru_150m": 6, "sss": 50.0, "recommended": 30, "fatal_reduction_pct": 87.0, "why": "pedestrian activity (2 VRU site<=50m)", "pop_density": 4111.2, "pop_density_peak": 4111.2, "v_design": 70, "design_gap": 40}}, {"type": "Feature", "geometry": {"type": "LineString", "coordinates": [[122.5687811, 10.7017468], [122.5687278, 10.7017665]]}, "properties": {"city": "iloilo", "name": "General Luna Street", "highway": "trunk", "v_posted": 50, "posted_imputed": false, "v_safe": 30, "gap": 20, "R": 7.72, "exposure": 1.0, "vru_150m": 7, "sss": 50.0, "recommended": 30, "fatal_reduction_pct": 87.0, "why": "pedestrian activity (1 VRU site<=50m)", "pop_density": 2708.4, "pop_density_peak": 2708.4, "v_design": 70, "design_gap": 40}}, {"type": "Feature", "geometry": {"type": "LineString", "coordinates": [[122.549551, 10.7249231], [122.5496556, 10.7247333], [122.5499842, 10.7241183], [122.5500437, 10.7240097], [122.5501782, 10.7237658], [122.5504898, 10.7230493], [122.5510021, 10.7218819], [122.5512626, 10.7213367], [122.5513157, 10.7212272], [122.5514701, 10.7209205]]}, "properties": {"city": "iloilo", "name": "Benigno S. Aquino Jr. Avenue", "highway": "trunk", "v_posted": 80, "posted_imputed": false, "v_safe": 50, "gap": 30, "R": 6.55, "exposure": 0.367, "vru_150m": 1, "sss": 51.3, "recommended": 50, "fatal_reduction_pct": 84.7, "why": "undivided arterial, side-impact intersections", "pop_density": 6766.7, "pop_density_peak": 8544.5, "v_design": 70, "design_gap": 20}}, {"type": "Feature", "geometry": {"type": "LineString", "coordinates": [[122.5527076, 10.7174013], [122.5527265, 10.7172638], [122.5527341, 10.7172062], [122.5527438, 10.7170616], [122.5527443, 10.7166636], [122.5527524, 10.7162342], [122.5527527, 10.7162198], [122.5527063, 10.7158294], [122.5527034, 10.7158054], [122.5526666, 10.7155066], [122.5526356, 10.7153177], [122.5524972, 10.7147622], [122.552392, 10.7143144]]}, "properties": {"city": "iloilo", "name": "Benigno S. Aquino Jr. Avenue", "highway": "trunk", "v_posted": 60, "posted_imputed": false, "v_safe": 50, "gap": 10, "R": 2.07, "exposure": 0.312, "vru_150m": 1, "sss": 16.4, "recommended": 50, "fatal_reduction_pct": 51.8, "why": "undivided arterial, side-impact intersections", "pop_density": 4511.0, "pop_density_peak": 5034.1, "v_design": 70, "design_gap": 20}}, {"type": "Feature", "geometry": {"type": "LineString", "coordinates": [[122.5520816, 10.7195125], [122.5520136, 10.7194844], [122.5518062, 10.719404], [122.5517251, 10.7193732], [122.5515656, 10.7193125], [122.5513365, 10.7192253], [122.5512608, 10.7191973], [122.5504611, 10.7189012], [122.5500582, 10.7187887], [122.5497768, 10.7187621], [122.5494115, 10.7187275], [122.5493172, 10.7187177], [122.5492544, 10.7187111], [122.5491836, 10.7187037], [122.5490578, 10.7186895], [122.5490264, 10.7186859], [122.548722, 10.7186546], [122.5487109, 10.7186535], [122.5485107, 10.7186269]]}, "properties": {"city": "iloilo", "name": "Taft Street", "highway": "secondary", "v_posted": 50, "posted_imputed": false, "v_safe": 30, "gap": 20, "R": 7.72, "exposure": 0.348, "vru_150m": 1, "sss": 33.7, "recommended": 30, "fatal_reduction_pct": 87.0, "why": "pedestrian activity (1 VRU site<=50m)", "pop_density": 5984.9, "pop_density_peak": 10096.8, "v_design": 50, "design_gap": 20}}, {"type": "Feature", "geometry": {"type": "LineString", "coordinates": [[122.5570936, 10.7255295], [122.5570232, 10.7255058], [122.5569588, 10.7254643], [122.5569117, 10.7254167], [122.5566753, 10.7251215], [122.5566657, 10.7251097], [122.5565828, 10.7250082], [122.556404, 10.724784], [122.5563804, 10.7247543]]}, "properties": {"city": "iloilo", "name": "Plaza Rizal Street", "highway": "primary", "v_posted": 50, "posted_imputed": false, "v_safe": 30, "gap": 20, "R": 7.72, "exposure": 0.678, "vru_150m": 2, "sss": 42.0, "recommended": 30, "fatal_reduction_pct": 87.0, "why": "pedestrian activity (1 VRU site<=50m)", "pop_density": 15002.3, "pop_density_peak": 19232.0, "v_design": 60, "design_gap": 30}}, {"type": "Feature", "geometry": {"type": "LineString", "coordinates": [[122.5376393, 10.7177065], [122.5375443, 10.7177508], [122.5375007, 10.7177756], [122.5374391, 10.7178186], [122.5374095, 10.7178428], [122.5373616, 10.7178788], [122.5373013, 10.7179376], [122.5366011, 10.7185993]]}, "properties": {"city": "iloilo", "name": "Guzman Street", "highway": "secondary", "v_posted": 50, "posted_imputed": false, "v_safe": 30, "gap": 20, "R": 7.72, "exposure": 0.626, "vru_150m": 2, "sss": 40.7, "recommended": 30, "fatal_reduction_pct": 87.0, "why": "pedestrian activity (1 VRU site<=50m)", "pop_density": 12189.4, "pop_density_peak": 12880.5, "v_design": 50, "design_gap": 20}}, {"type": "Feature", "geometry": {"type": "LineString", "coordinates": [[122.538812, 10.7494486], [122.5388213, 10.7493958], [122.5388526, 10.7492192], [122.5388882, 10.7490064], [122.5388935, 10.7489746], [122.5389195, 10.7487691], [122.5389211, 10.7487569], [122.5389232, 10.7487402], [122.5389578, 10.7485038], [122.5389933, 10.7482486], [122.5390605, 10.7478329], [122.5390716, 10.7477336], [122.5390898, 10.7475916], [122.5391173, 10.7472902], [122.5391339, 10.7471374], [122.539154, 10.7469597], [122.5391609, 10.7469055], [122.5392062, 10.7467773]]}, "properties": {"city": "iloilo", "name": "Benigno S. Aquino Jr. Avenue", "highway": "trunk", "v_posted": 60, "posted_imputed": false, "v_safe": 50, "gap": 10, "R": 2.07, "exposure": 0.154, "vru_150m": 0, "sss": 14.4, "recommended": 50, "fatal_reduction_pct": 51.8, "why": "undivided arterial, side-impact intersections", "pop_density": 4974.2, "pop_density_peak": 5696.6, "v_design": 70, "design_gap": 20}}, {"type": "Feature", "geometry": {"type": "LineString", "coordinates": [[122.5354737, 10.7193788], [122.5344823, 10.7202584], [122.5343575, 10.7203661], [122.5341651, 10.7205321], [122.5336438, 10.7209818], [122.5332692, 10.7212903], [122.5331479, 10.7214044], [122.5330414, 10.7214944], [122.5329603, 10.7215631], [122.532823, 10.7216792], [122.5327258, 10.7217614], [122.5325236, 10.7219403], [122.5324068, 10.72204], [122.5321143, 10.722269], [122.5318543, 10.7224643], [122.5315379, 10.7227108], [122.5313421, 10.7228775], [122.5311944, 10.7229952], [122.5310993, 10.7230658], [122.5309963, 10.7231485], [122.5307441, 10.7233534], [122.5306902, 10.7233972], [122.5304943, 10.7235581], [122.5302107, 10.723794], [122.5298142, 10.7241342], [122.5296808, 10.7242858], [122.5292054, 10.7248454], [122.529161, 10.7248976], [122.5290172, 10.7250771], [122.5289527, 10.7251505], [122.5288604, 10.7252555], [122.5287383, 10.7253944], [122.5286872, 10.7254526], [122.5286383, 10.7255082], [122.5284311, 10.7257425], [122.5284125, 10.7257635], [122.5283753, 10.7258033], [122.5283604, 10.7258193], [122.5282517, 10.7259353], [122.5280998, 10.7260969], [122.5279572, 10.7262408], [122.5278075, 10.7264052], [122.527639, 10.7265758], [122.5275481, 10.7266678], [122.5273271, 10.7269216], [122.5271021, 10.7271781], [122.5269514, 10.72735], [122.526824, 10.7274952], [122.5267137, 10.727622], [122.5266747, 10.7276675], [122.5263554, 10.7280762], [122.5258138, 10.7287498], [122.5256422, 10.7289656], [122.5251408, 10.7296303], [122.5250563, 10.7297389], [122.5248685, 10.7299804], [122.5247497, 10.7301363], [122.5247158, 10.7301789], [122.5246563, 10.7302538], [122.5242854, 10.7307203], [122.5242423, 10.7307787], [122.5237612, 10.7313834], [122.5236926, 10.7314676], [122.5236579, 10.7315081], [122.5236003, 10.731587], [122.5232716, 10.732014], [122.5228447, 10.7325671], [122.5225666, 10.7329131], [122.522545, 10.7329399], [122.5222548, 10.7333237], [122.522115, 10.7334971], [122.5220422, 10.7335948], [122.5217999, 10.7338973], [122.5216384, 10.7341258], [122.5208972, 10.7350784], [122.5208246, 10.7351697], [122.5206846, 10.7353368], [122.520431, 10.735683], [122.5202704, 10.7359035], [122.5201506, 10.7360541], [122.519987, 10.7362719], [122.5198671, 10.7364315], [122.5198635, 10.7364291], [122.519732, 10.7366047], [122.5193314, 10.7371396], [122.5192903, 10.7371944], [122.5192078, 10.7373045], [122.5191629, 10.7373645], [122.5190005, 10.7375813], [122.5185851, 10.7381325], [122.5184801, 10.7382822], [122.5180727, 10.7388631], [122.5175547, 10.7396016], [122.517316, 10.7399419], [122.5172627, 10.7400251]]}, "properties": {"city": "iloilo", "name": "Guzman Street", "highway": "secondary", "v_posted": 50, "posted_imputed": false, "v_safe": 30, "gap": 20, "R": 7.72, "exposure": 0.652, "vru_150m": 3, "sss": 41.3, "recommended": 30, "fatal_reduction_pct": 87.0, "why": "pedestrian activity (3 VRU site<=50m)", "pop_density": 4214.4, "pop_density_peak": 10293.2, "v_design": 50, "design_gap": 20}}, {"type": "Feature", "geometry": {"type": "LineString", "coordinates": [[122.546321, 10.7281031], [122.5465464, 10.7279197]]}, "properties": {"city": "iloilo", "name": "Benigno S. Aquino Jr. Avenue", "highway": "trunk", "v_posted": 80, "posted_imputed": false, "v_safe": 50, "gap": 30, "R": 6.55, "exposure": 0.538, "vru_150m": 0, "sss": 57.7, "recommended": 50, "fatal_reduction_pct": 84.7, "why": "undivided arterial, side-impact intersections", "pop_density": 17400.0, "pop_density_peak": 17880.2, "v_design": 70, "design_gap": 20}}, {"type": "Feature", "geometry": {"type": "LineString", "coordinates": [[122.5478984, 10.7267945], [122.547946, 10.7267515], [122.5479832, 10.7267145], [122.5485639, 10.7261538], [122.5489395, 10.7257216], [122.5491511, 10.7254668], [122.5492091, 10.7253982], [122.5492556, 10.7253424], [122.5493008, 10.7252809], [122.549551, 10.7249231]]}, "properties": {"city": "iloilo", "name": "Benigno S. Aquino Jr. Avenue", "highway": "trunk", "v_posted": 80, "posted_imputed": false, "v_safe": 30, "gap": 50, "R": 50.57, "exposure": 0.467, "vru_150m": 1, "sss": 73.3, "recommended": 30, "fatal_reduction_pct": 98.0, "why": "pedestrian activity (1 VRU site<=50m)", "pop_density": 10781.3, "pop_density_peak": 12602.4, "v_design": 70, "design_gap": 40}}, {"type": "Feature", "geometry": {"type": "LineString", "coordinates": [[122.5384094, 10.7397629], [122.5382967, 10.7393919], [122.538249, 10.7392109], [122.5382146, 10.7390299], [122.5381784, 10.7386569], [122.5381666, 10.7384813], [122.5381647, 10.7383311], [122.5381634, 10.7382331], [122.53816, 10.7381504], [122.538157, 10.7380284], [122.5381597, 10.7377043], [122.5381731, 10.7374922], [122.5381865, 10.7373459], [122.5381979, 10.737241], [122.5382348, 10.7369664], [122.5382904, 10.7366186], [122.5384011, 10.7361653], [122.5384711, 10.7359485], [122.5385018, 10.7358524], [122.5386425, 10.7354327], [122.5387712, 10.7351059], [122.5389214, 10.7348108], [122.5391467, 10.7344208], [122.5392856, 10.7341947], [122.5393473, 10.7341088], [122.539389, 10.7340508], [122.53971, 10.733617], [122.539913, 10.7333542], [122.5401821, 10.7330662], [122.5403698, 10.732887], [122.540579, 10.7327184], [122.5409052, 10.7324477], [122.5410096, 10.7323635], [122.5410822, 10.7323015], [122.5411012, 10.7322872], [122.5413193, 10.7321228], [122.5414159, 10.7320452], [122.5417846, 10.7317447], [122.5418031, 10.7317272], [122.541989, 10.731589], [122.5422797, 10.731356], [122.5429226, 10.7308344], [122.5429877, 10.7307828], [122.543312, 10.7305269], [122.5434118, 10.7304399], [122.5434716, 10.7303907], [122.543554, 10.7303302], [122.5442689, 10.7297527], [122.5445843, 10.7295051], [122.5446625, 10.7294367], [122.5452944, 10.7289182], [122.5458235, 10.7284981], [122.546321, 10.7281031]]}, "properties": {"city": "iloilo", "name": "Benigno S. Aquino Jr. Avenue", "highway": "trunk", "v_posted": 80, "posted_imputed": false, "v_safe": 50, "gap": 30, "R": 6.55, "exposure": 0.226, "vru_150m": 0, "sss": 46.0, "recommended": 50, "fatal_reduction_pct": 84.7, "why": "undivided arterial, side-impact intersections", "pop_density": 7317.4, "pop_density_peak": 16919.8, "v_design": 70, "design_gap": 20}}, {"type": "Feature", "geometry": {"type": "LineString", "coordinates": [[122.5424354, 10.7314482], [122.5414321, 10.7322481], [122.5411237, 10.7324946], [122.5410238, 10.7325705], [122.5406958, 10.7328393], [122.5402933, 10.7332175], [122.5400478, 10.7334783], [122.539852, 10.7337211], [122.5395036, 10.7342167], [122.5394498, 10.734285], [122.5393065, 10.7344971], [122.5391923, 10.7346823], [122.5390792, 10.7348658], [122.5389099, 10.7352103], [122.538647, 10.7359104], [122.5386215, 10.7359799], [122.538533, 10.7362791], [122.5384489, 10.7366288], [122.5383935, 10.7369432], [122.5383409, 10.737353], [122.5383288, 10.7374983], [122.538315, 10.7377816]]}, "properties": {"city": "iloilo", "name": "Benigno S. Aquino Jr. Avenue", "highway": "trunk", "v_posted": 80, "posted_imputed": false, "v_safe": 50, "gap": 30, "R": 6.55, "exposure": 0.172, "vru_150m": 0, "sss": 43.9, "recommended": 50, "fatal_reduction_pct": 84.7, "why": "undivided arterial, side-impact intersections", "pop_density": 5556.8, "pop_density_peak": 7100.1, "v_design": 70, "design_gap": 20}}, {"type": "Feature", "geometry": {"type": "LineString", "coordinates": [[122.546646, 10.7280354], [122.5464193, 10.7282174]]}, "properties": {"city": "iloilo", "name": "Benigno S. Aquino Jr. Avenue", "highway": "trunk", "v_posted": 80, "posted_imputed": false, "v_safe": 50, "gap": 30, "R": 6.55, "exposure": 0.523, "vru_150m": 0, "sss": 57.1, "recommended": 50, "fatal_reduction_pct": 84.7, "why": "undivided arterial, side-impact intersections", "pop_density": 16919.8, "pop_density_peak": 16919.8, "v_design": 70, "design_gap": 20}}, {"type": "Feature", "geometry": {"type": "LineString", "coordinates": [[122.5522185, 10.7195685], [122.5521497, 10.7197238], [122.5520802, 10.7198935], [122.5518292, 10.7204625]]}, "properties": {"city": "iloilo", "name": "Benigno S. Aquino Jr. Avenue", "highway": "trunk", "v_posted": 60, "posted_imputed": false, "v_safe": 50, "gap": 10, "R": 2.07, "exposure": 0.243, "vru_150m": 0, "sss": 15.5, "recommended": 50, "fatal_reduction_pct": 51.8, "why": "undivided arterial, side-impact intersections", "pop_density": 7859.7, "pop_density_peak": 10096.8, "v_design": 70, "design_gap": 20}}, {"type": "Feature", "geometry": {"type": "LineString", "coordinates": [[122.5465492, 10.7283571], [122.5457368, 10.7290338], [122.5453801, 10.7293104], [122.5446487, 10.7299031], [122.5435258, 10.7308304], [122.5427682, 10.7314338], [122.5427412, 10.7314569], [122.5422471, 10.7318619], [122.5421917, 10.7319061], [122.5417626, 10.732237], [122.5417088, 10.732277], [122.541552, 10.7324068]]}, "properties": {"city": "iloilo", "name": "East Service Road", "highway": "tertiary", "v_posted": 40, "posted_imputed": false, "v_safe": 30, "gap": 10, "R": 3.16, "exposure": 0.58, "vru_150m": 2, "sss": 19.8, "recommended": 30, "fatal_reduction_pct": 68.4, "why": "pedestrian activity (1 VRU site<=50m)", "pop_density": 9710.9, "pop_density_peak": 16919.8, "v_design": 45, "design_gap": 15}}, {"type": "Feature", "geometry": {"type": "LineString", "coordinates": [[122.5426475, 10.7312812], [122.5424354, 10.7314482]]}, "properties": {"city": "iloilo", "name": "Benigno S. Aquino Jr. Avenue", "highway": "trunk", "v_posted": 80, "posted_imputed": false, "v_safe": 30, "gap": 50, "R": 50.57, "exposure": 0.523, "vru_150m": 2, "sss": 76.1, "recommended": 30, "fatal_reduction_pct": 98.0, "why": "pedestrian activity (1 VRU site<=50m)", "pop_density": 6626.7, "pop_density_peak": 6667.6, "v_design": 70, "design_gap": 40}}, {"type": "Feature", "geometry": {"type": "LineString", "coordinates": [[122.5428341, 10.7311314], [122.5426475, 10.7312812]]}, "properties": {"city": "iloilo", "name": "Benigno S. Aquino Jr. Avenue", "highway": "trunk", "v_posted": 80, "posted_imputed": false, "v_safe": 30, "gap": 50, "R": 50.57, "exposure": 0.516, "vru_150m": 2, "sss": 75.8, "recommended": 30, "fatal_reduction_pct": 98.0, "why": "pedestrian activity (1 VRU site<=50m)", "pop_density": 6270.9, "pop_density_peak": 6667.6, "v_design": 70, "design_gap": 40}}, {"type": "Feature", "geometry": {"type": "LineString", "coordinates": [[122.5452311, 10.729207], [122.5447585, 10.7295731], [122.5446997, 10.7296199], [122.5444767, 10.7298058], [122.5434329, 10.7306552], [122.5430874, 10.7309263], [122.5430358, 10.7309662], [122.5428341, 10.7311314]]}, "properties": {"city": "iloilo", "name": "Benigno S. Aquino Jr. Avenue", "highway": "trunk", "v_posted": 80, "posted_imputed": false, "v_safe": 50, "gap": 30, "R": 6.55, "exposure": 0.373, "vru_150m": 1, "sss": 51.5, "recommended": 50, "fatal_reduction_pct": 84.7, "why": "undivided arterial, side-impact intersections", "pop_density": 7014.1, "pop_density_peak": 9293.6, "v_design": 70, "design_gap": 20}}, {"type": "Feature", "geometry": {"type": "LineString", "coordinates": [[122.5456234, 10.7288911], [122.5454983, 10.7289919], [122.5454273, 10.7290491], [122.5452311, 10.729207]]}, "properties": {"city": "iloilo", "name": "Benigno S. Aquino Jr. Avenue", "highway": "trunk", "v_posted": 80, "posted_imputed": false, "v_safe": 50, "gap": 30, "R": 6.55, "exposure": 0.476, "vru_150m": 1, "sss": 55.3, "recommended": 50, "fatal_reduction_pct": 84.7, "why": "undivided arterial, side-impact intersections", "pop_density": 11150.6, "pop_density_peak": 13007.5, "v_design": 70, "design_gap": 20}}, {"type": "Feature", "geometry": {"type": "LineString", "coordinates": [[122.5464193, 10.7282174], [122.5456234, 10.7288911]]}, "properties": {"city": "iloilo", "name": "Benigno S. Aquino Jr. Avenue", "highway": "trunk", "v_posted": 80, "posted_imputed": false, "v_safe": 50, "gap": 30, "R": 6.55, "exposure": 0.57, "vru_150m": 1, "sss": 58.9, "recommended": 50, "fatal_reduction_pct": 84.7, "why": "undivided arterial, side-impact intersections", "pop_density": 14963.7, "pop_density_peak": 16919.8, "v_design": 70, "design_gap": 20}}, {"type": "Feature", "geometry": {"type": "LineString", "coordinates": [[122.5395631, 10.744764], [122.5395464, 10.7448729], [122.5394954, 10.7452909], [122.5394342, 10.7457789], [122.5394047, 10.7460632], [122.5393714, 10.7463587], [122.5393577, 10.7464917], [122.5393446, 10.7466232], [122.5393221, 10.7467855]]}, "properties": {"city": "iloilo", "name": "Benigno S. Aquino Jr. Avenue", "highway": "trunk", "v_posted": 80, "posted_imputed": false, "v_safe": 30, "gap": 50, "R": 50.57, "exposure": 1.0, "vru_150m": 6, "sss": 100.0, "recommended": 30, "fatal_reduction_pct": 98.0, "why": "pedestrian activity (5 VRU site<=50m)", "pop_density": 3669.4, "pop_density_peak": 4154.7, "v_design": 70, "design_gap": 40}}, {"type": "Feature", "geometry": {"type": "LineString", "coordinates": [[122.5525387, 10.7142719], [122.5526619, 10.7148002], [122.552779, 10.7153443], [122.5528448, 10.7157874], [122.552891, 10.716213], [122.5529036, 10.7164561], [122.5529008, 10.7165225]]}, "properties": {"city": "iloilo", "name": "Benigno S. Aquino Jr. Avenue", "highway": "trunk", "v_posted": 60, "posted_imputed": false, "v_safe": 50, "gap": 10, "R": 2.07, "exposure": 0.332, "vru_150m": 1, "sss": 16.7, "recommended": 50, "fatal_reduction_pct": 51.8, "why": "undivided arterial, side-impact intersections", "pop_density": 5338.8, "pop_density_peak": 5929.6, "v_design": 70, "design_gap": 20}}, {"type": "Feature", "geometry": {"type": "LineString", "coordinates": [[122.5519048, 10.7118214], [122.5519631, 10.7120797], [122.5520007, 10.7122464]]}, "properties": {"city": "iloilo", "name": "Benigno S. Aquino Jr. Avenue", "highway": "trunk", "v_posted": 60, "posted_imputed": false, "v_safe": 50, "gap": 10, "R": 2.07, "exposure": 0.147, "vru_150m": 0, "sss": 14.3, "recommended": 50, "fatal_reduction_pct": 51.8, "why": "undivided arterial, side-impact intersections", "pop_density": 4742.1, "pop_density_peak": 5087.8, "v_design": 70, "design_gap": 20}}, {"type": "Feature", "geometry": {"type": "LineString", "coordinates": [[122.5523245, 10.7140672], [122.5522082, 10.7136419]]}, "properties": {"city": "iloilo", "name": "Benigno S. Aquino Jr. Avenue", "highway": "trunk", "v_posted": 60, "posted_imputed": false, "v_safe": 30, "gap": 30, "R": 16.0, "exposure": 0.653, "vru_150m": 3, "sss": 62.0, "recommended": 30, "fatal_reduction_pct": 93.8, "why": "pedestrian activity (1 VRU site<=50m)", "pop_density": 4287.4, "pop_density_peak": 4416.5, "v_design": 70, "design_gap": 40}}, {"type": "Feature", "geometry": {"type": "LineString", "coordinates": [[122.552392, 10.7143144], [122.5523245, 10.7140672]]}, "properties": {"city": "iloilo", "name": "Benigno S. Aquino Jr. Avenue", "highway": "trunk", "v_posted": 60, "posted_imputed": false, "v_safe": 30, "gap": 30, "R": 16.0, "exposure": 0.651, "vru_150m": 3, "sss": 61.9, "recommended": 30, "fatal_reduction_pct": 93.8, "why": "pedestrian activity (1 VRU site<=50m)", "pop_density": 4158.3, "pop_density_peak": 4158.3, "v_design": 70, "design_gap": 40}}, {"type": "Feature", "geometry": {"type": "LineString", "coordinates": [[122.5514701, 10.7209205], [122.5516872, 10.7204532]]}, "properties": {"city": "iloilo", "name": "Benigno S. Aquino Jr. Avenue", "highway": "trunk", "v_posted": 60, "posted_imputed": false, "v_safe": 50, "gap": 10, "R": 2.07, "exposure": 0.346, "vru_150m": 1, "sss": 16.8, "recommended": 50, "fatal_reduction_pct": 51.8, "why": "undivided arterial, side-impact intersections", "pop_density": 5908.8, "pop_density_peak": 6194.8, "v_design": 70, "design_gap": 20}}, {"type": "Feature", "geometry": {"type": "LineString", "coordinates": [[122.5518292, 10.7204625], [122.551628, 10.7209265]]}, "properties": {"city": "iloilo", "name": "Benigno S. Aquino Jr. Avenue", "highway": "trunk", "v_posted": 60, "posted_imputed": false, "v_safe": 50, "gap": 10, "R": 2.07, "exposure": 0.346, "vru_150m": 1, "sss": 16.8, "recommended": 50, "fatal_reduction_pct": 51.8, "why": "undivided arterial, side-impact intersections", "pop_density": 5908.8, "pop_density_peak": 6194.8, "v_design": 70, "design_gap": 20}}, {"type": "Feature", "geometry": {"type": "LineString", "coordinates": [[122.5516872, 10.7204532], [122.5517197, 10.7203762], [122.551931, 10.7198992], [122.5519529, 10.7198477], [122.5520206, 10.7196715], [122.5520816, 10.7195125]]}, "properties": {"city": "iloilo", "name": "Benigno S. Aquino Jr. Avenue", "highway": "trunk", "v_posted": 60, "posted_imputed": false, "v_safe": 50, "gap": 10, "R": 2.07, "exposure": 0.243, "vru_150m": 0, "sss": 15.5, "recommended": 50, "fatal_reduction_pct": 51.8, "why": "undivided arterial, side-impact intersections", "pop_density": 7859.7, "pop_density_peak": 10096.8, "v_design": 70, "design_gap": 20}}, {"type": "Feature", "geometry": {"type": "LineString", "coordinates": [[122.551628, 10.7209265], [122.5514555, 10.7212868], [122.5513996, 10.7213908], [122.5510235, 10.7222745]]}, "properties": {"city": "iloilo", "name": "Benigno S. Aquino Jr. Avenue", "highway": "trunk", "v_posted": 60, "posted_imputed": false, "v_safe": 50, "gap": 10, "R": 2.07, "exposure": 0.332, "vru_150m": 1, "sss": 16.6, "recommended": 50, "fatal_reduction_pct": 51.8, "why": "undivided arterial, side-impact intersections", "pop_density": 5333.8, "pop_density_peak": 6194.8, "v_design": 70, "design_gap": 20}}, {"type": "Feature", "geometry": {"type": "LineString", "coordinates": [[122.5510235, 10.7222745], [122.5509101, 10.7225173]]}, "properties": {"city": "iloilo", "name": "Benigno S. Aquino Jr. Avenue", "highway": "trunk", "v_posted": 60, "posted_imputed": false, "v_safe": 30, "gap": 30, "R": 16.0, "exposure": 0.311, "vru_150m": 1, "sss": 49.1, "recommended": 30, "fatal_reduction_pct": 93.8, "why": "pedestrian activity (1 VRU site<=50m)", "pop_density": 4472.8, "pop_density_peak": 4472.8, "v_design": 70, "design_gap": 40}}, {"type": "Feature", "geometry": {"type": "LineString", "coordinates": [[122.5508076, 10.7227445], [122.5503155, 10.7238347], [122.5501673, 10.7240844], [122.5501072, 10.7241821], [122.5497781, 10.7247923]]}, "properties": {"city": "iloilo", "name": "Benigno S. Aquino Jr. Avenue", "highway": "trunk", "v_posted": 80, "posted_imputed": false, "v_safe": 50, "gap": 30, "R": 6.55, "exposure": 0.371, "vru_150m": 1, "sss": 51.4, "recommended": 50, "fatal_reduction_pct": 84.7, "why": "undivided arterial, side-impact intersections", "pop_density": 6906.5, "pop_density_peak": 8544.5, "v_design": 70, "design_gap": 20}}, {"type": "Feature", "geometry": {"type": "LineString", "coordinates": [[122.5491935, 10.7256565], [122.5490977, 10.7257822], [122.5486948, 10.726234], [122.5480658, 10.7268408], [122.5480475, 10.7268538], [122.5479891, 10.7269083], [122.5479317, 10.7269561], [122.5472213, 10.7275481], [122.5469964, 10.7277355], [122.546646, 10.7280354]]}, "properties": {"city": "iloilo", "name": "Benigno S. Aquino Jr. Avenue", "highway": "trunk", "v_posted": 80, "posted_imputed": false, "v_safe": 50, "gap": 30, "R": 6.55, "exposure": 0.422, "vru_150m": 0, "sss": 53.3, "recommended": 50, "fatal_reduction_pct": 84.7, "why": "undivided arterial, side-impact intersections", "pop_density": 13647.3, "pop_density_peak": 16919.8, "v_design": 70, "design_gap": 20}}, {"type": "Feature", "geometry": {"type": "LineString", "coordinates": [[122.5497781, 10.7247923], [122.5496203, 10.7250545], [122.5495321, 10.7251854], [122.5494169, 10.7253632], [122.5493276, 10.7254838], [122.5492741, 10.7255555], [122.5491935, 10.7256565]]}, "properties": {"city": "iloilo", "name": "Benigno S. Aquino Jr. Avenue", "highway": "trunk", "v_posted": 80, "posted_imputed": false, "v_safe": 30, "gap": 50, "R": 50.57, "exposure": 0.583, "vru_150m": 2, "sss": 79.2, "recommended": 30, "fatal_reduction_pct": 98.0, "why": "pedestrian activity (1 VRU site<=50m)", "pop_density": 9870.7, "pop_density_peak": 11196.9, "v_design": 70, "design_gap": 40}}, {"type": "Feature", "geometry": {"type": "LineString", "coordinates": [[122.5386613, 10.7400713], [122.538686, 10.7401429], [122.5390188, 10.7411053]]}, "properties": {"city": "iloilo", "name": "Benigno S. Aquino Jr. Avenue", "highway": "trunk", "v_posted": 80, "posted_imputed": false, "v_safe": 50, "gap": 30, "R": 6.55, "exposure": 0.107, "vru_150m": 0, "sss": 41.5, "recommended": 50, "fatal_reduction_pct": 84.7, "why": "undivided arterial, side-impact intersections", "pop_density": 3461.0, "pop_density_peak": 3509.2, "v_design": 70, "design_gap": 20}}, {"type": "Feature", "geometry": {"type": "LineString", "coordinates": [[122.538549, 10.7397168], [122.5386613, 10.7400713]]}, "properties": {"city": "iloilo", "name": "Benigno S. Aquino Jr. Avenue", "highway": "trunk", "v_posted": 80, "posted_imputed": false, "v_safe": 50, "gap": 30, "R": 6.55, "exposure": 0.108, "vru_150m": 0, "sss": 41.5, "recommended": 50, "fatal_reduction_pct": 84.7, "why": "undivided arterial, side-impact intersections", "pop_density": 3487.5, "pop_density_peak": 3562.2, "v_design": 70, "design_gap": 20}}, {"type": "Feature", "geometry": {"type": "LineString", "coordinates": [[122.5385161, 10.7401193], [122.5384094, 10.7397629]]}, "properties": {"city": "iloilo", "name": "Benigno S. Aquino Jr. Avenue", "highway": "trunk", "v_posted": 80, "posted_imputed": false, "v_safe": 50, "gap": 30, "R": 6.55, "exposure": 0.11, "vru_150m": 0, "sss": 41.6, "recommended": 50, "fatal_reduction_pct": 84.7, "why": "undivided arterial, side-impact intersections", "pop_density": 3562.2, "pop_density_peak": 3562.2, "v_design": 70, "design_gap": 20}}, {"type": "Feature", "geometry": {"type": "LineString", "coordinates": [[122.5389048, 10.7412912], [122.5388721, 10.7411907], [122.538685, 10.7406277], [122.5386244, 10.7404453], [122.5385161, 10.7401193]]}, "properties": {"city": "iloilo", "name": "Benigno S. Aquino Jr. Avenue", "highway": "trunk", "v_posted": 80, "posted_imputed": false, "v_safe": 50, "gap": 30, "R": 6.55, "exposure": 0.109, "vru_150m": 0, "sss": 41.6, "recommended": 50, "fatal_reduction_pct": 84.7, "why": "undivided arterial, side-impact intersections", "pop_density": 3535.7, "pop_density_peak": 3562.2, "v_design": 70, "design_gap": 20}}, {"type": "Feature", "geometry": {"type": "LineString", "coordinates": [[122.5390188, 10.7411053], [122.5391601, 10.7415573]]}, "properties": {"city": "iloilo", "name": "Benigno S. Aquino Jr. Avenue", "highway": "trunk", "v_posted": 80, "posted_imputed": false, "v_safe": 50, "gap": 30, "R": 6.55, "exposure": 0.287, "vru_150m": 1, "sss": 48.3, "recommended": 50, "fatal_reduction_pct": 84.7, "why": "undivided arterial, side-impact intersections", "pop_density": 3507.7, "pop_density_peak": 3509.2, "v_design": 70, "design_gap": 20}}, {"type": "Feature", "geometry": {"type": "LineString", "coordinates": [[122.5390268, 10.7416857], [122.5389048, 10.7412912]]}, "properties": {"city": "iloilo", "name": "Benigno S. Aquino Jr. Avenue", "highway": "trunk", "v_posted": 80, "posted_imputed": false, "v_safe": 50, "gap": 30, "R": 6.55, "exposure": 0.108, "vru_150m": 0, "sss": 41.6, "recommended": 50, "fatal_reduction_pct": 84.7, "why": "undivided arterial, side-impact intersections", "pop_density": 3507.7, "pop_density_peak": 3509.2, "v_design": 70, "design_gap": 20}}, {"type": "Feature", "geometry": {"type": "LineString", "coordinates": [[122.5391601, 10.7415573], [122.5392867, 10.7419633]]}, "properties": {"city": "iloilo", "name": "Benigno S. Aquino Jr. Avenue", "highway": "trunk", "v_posted": 80, "posted_imputed": false, "v_safe": 50, "gap": 30, "R": 6.55, "exposure": 0.287, "vru_150m": 1, "sss": 48.3, "recommended": 50, "fatal_reduction_pct": 84.7, "why": "undivided arterial, side-impact intersections", "pop_density": 3506.3, "pop_density_peak": 3506.3, "v_design": 70, "design_gap": 20}}, {"type": "Feature", "geometry": {"type": "LineString", "coordinates": [[122.5391743, 10.7421112], [122.5391378, 10.7420069], [122.5390823, 10.7418463], [122.5390268, 10.7416857]]}, "properties": {"city": "iloilo", "name": "Benigno S. Aquino Jr. Avenue", "highway": "trunk", "v_posted": 80, "posted_imputed": false, "v_safe": 50, "gap": 30, "R": 6.55, "exposure": 0.287, "vru_150m": 1, "sss": 48.3, "recommended": 50, "fatal_reduction_pct": 84.7, "why": "undivided arterial, side-impact intersections", "pop_density": 3506.3, "pop_density_peak": 3506.3, "v_design": 70, "design_gap": 20}}, {"type": "Feature", "geometry": {"type": "LineString", "coordinates": [[122.5509101, 10.7225173], [122.5508076, 10.7227445]]}, "properties": {"city": "iloilo", "name": "Benigno S. Aquino Jr. Avenue", "highway": "trunk", "v_posted": 60, "posted_imputed": false, "v_safe": 30, "gap": 30, "R": 16.0, "exposure": 0.311, "vru_150m": 1, "sss": 49.1, "recommended": 30, "fatal_reduction_pct": 93.8, "why": "pedestrian activity (1 VRU site<=50m)", "pop_density": 4472.8, "pop_density_peak": 4472.8, "v_design": 70, "design_gap": 40}}, {"type": "Feature", "geometry": {"type": "LineString", "coordinates": [[122.5529008, 10.7165225], [122.552892, 10.7167332], [122.552884, 10.7169239]]}, "properties": {"city": "iloilo", "name": "Benigno S. Aquino Jr. Avenue", "highway": "trunk", "v_posted": 60, "posted_imputed": false, "v_safe": 50, "gap": 10, "R": 2.07, "exposure": 0.347, "vru_150m": 1, "sss": 16.8, "recommended": 50, "fatal_reduction_pct": 51.8, "why": "undivided arterial, side-impact intersections", "pop_density": 5928.4, "pop_density_peak": 5928.4, "v_design": 70, "design_gap": 20}}, {"type": "Feature", "geometry": {"type": "LineString", "coordinates": [[122.5528524, 10.7174136], [122.552819, 10.7176283], [122.5527176, 10.7182069], [122.5526086, 10.7186002], [122.5525064, 10.718916], [122.5523378, 10.7193124], [122.5523278, 10.7193379], [122.5523062, 10.7193818], [122.5522185, 10.7195685]]}, "properties": {"city": "iloilo", "name": "Benigno S. Aquino Jr. Avenue", "highway": "trunk", "v_posted": 60, "posted_imputed": false, "v_safe": 50, "gap": 10, "R": 2.07, "exposure": 0.276, "vru_150m": 0, "sss": 16.0, "recommended": 50, "fatal_reduction_pct": 51.8, "why": "undivided arterial, side-impact intersections", "pop_density": 8937.6, "pop_density_peak": 10096.8, "v_design": 70, "design_gap": 20}}, {"type": "Feature", "geometry": {"type": "LineString", "coordinates": [[122.5383036, 10.7382272], [122.5383275, 10.7386513], [122.5383706, 10.7390122], [122.5384046, 10.7391808], [122.5384413, 10.7393468], [122.5384872, 10.7395105], [122.538549, 10.7397168]]}, "properties": {"city": "iloilo", "name": "Benigno S. Aquino Jr. Avenue", "highway": "trunk", "v_posted": 80, "posted_imputed": false, "v_safe": 50, "gap": 30, "R": 6.55, "exposure": 0.102, "vru_150m": 0, "sss": 41.3, "recommended": 50, "fatal_reduction_pct": 84.7, "why": "undivided arterial, side-impact intersections", "pop_density": 3292.5, "pop_density_peak": 3562.2, "v_design": 70, "design_gap": 20}}, {"type": "Feature", "geometry": {"type": "LineString", "coordinates": [[122.5393221, 10.7467855], [122.5393423, 10.7469174], [122.5393267, 10.7470979], [122.5393056, 10.7473147], [122.5392787, 10.7476084], [122.5392392, 10.747883], [122.5392143, 10.7480334], [122.5391862, 10.7481606], [122.5391676, 10.7482647], [122.5391195, 10.7485342], [122.5390442, 10.7490117], [122.5390123, 10.7492191], [122.538969, 10.7494705], [122.5389581, 10.7495364], [122.5389298, 10.749707]]}, "properties": {"city": "iloilo", "name": "Benigno S. Aquino Jr. Avenue", "highway": "trunk", "v_posted": 60, "posted_imputed": false, "v_safe": 50, "gap": 10, "R": 2.07, "exposure": 0.161, "vru_150m": 0, "sss": 14.5, "recommended": 50, "fatal_reduction_pct": 51.8, "why": "undivided arterial, side-impact intersections", "pop_density": 5206.7, "pop_density_peak": 5696.6, "v_design": 70, "design_gap": 20}}, {"type": "Feature", "geometry": {"type": "LineString", "coordinates": [[122.5393328, 10.7456965], [122.5393467, 10.7455911], [122.5394289, 10.7448632], [122.5394461, 10.7447415], [122.5394718, 10.7445331], [122.5394983, 10.7443361], [122.5395109, 10.7441183], [122.5395084, 10.7440089], [122.5395039, 10.7438699], [122.5394816, 10.7435261], [122.5394448, 10.7432639], [122.539406, 10.7430047], [122.5393456, 10.742712], [122.5393102, 10.742585], [122.5392924, 10.7425209], [122.5392511, 10.7423827]]}, "properties": {"city": "iloilo", "name": "Benigno S. Aquino Jr. Avenue", "highway": "trunk", "v_posted": 80, "posted_imputed": false, "v_safe": 50, "gap": 30, "R": 6.55, "exposure": 0.281, "vru_150m": 1, "sss": 48.0, "recommended": 50, "fatal_reduction_pct": 84.7, "why": "undivided arterial, side-impact intersections", "pop_density": 3270.9, "pop_density_peak": 3495.1, "v_design": 70, "design_gap": 20}}, {"type": "Feature", "geometry": {"type": "LineString", "coordinates": [[122.5235346, 10.7456191], [122.5239294, 10.7459274], [122.5243411, 10.7462491], [122.5246387, 10.7464864], [122.5246978, 10.7465346], [122.5250896, 10.7468542], [122.5254666, 10.7471373], [122.5257408, 10.7473198], [122.5260739, 10.74753], [122.5264711, 10.7477582], [122.5267076, 10.7478923], [122.5271965, 10.7481279], [122.5276201, 10.7483021], [122.5276823, 10.748325], [122.5277612, 10.7483513]]}, "properties": {"city": "iloilo", "name": "President Corazon C. Aquino Avenue", "highway": "primary", "v_posted": 60, "posted_imputed": false, "v_safe": 50, "gap": 10, "R": 2.07, "exposure": 0.0, "vru_150m": 0, "sss": 12.5, "recommended": 50, "fatal_reduction_pct": 51.8, "why": "undivided arterial, side-impact intersections", "pop_density": 0.0, "pop_density_peak": 0.0, "v_design": 60, "design_gap": 10}}, {"type": "Feature", "geometry": {"type": "LineString", "coordinates": [[122.5199349, 10.7428049], [122.5222847, 10.7446323], [122.5235346, 10.7456191]]}, "properties": {"city": "iloilo", "name": "President Corazon C. Aquino Avenue", "highway": "primary", "v_posted": 60, "posted_imputed": false, "v_safe": 50, "gap": 10, "R": 2.07, "exposure": 0.0, "vru_150m": 0, "sss": 12.5, "recommended": 50, "fatal_reduction_pct": 51.8, "why": "undivided arterial, side-impact intersections", "pop_density": 0.0, "pop_density_peak": 0.0, "v_design": 60, "design_gap": 10}}, {"type": "Feature", "geometry": {"type": "LineString", "coordinates": [[122.5394341, 10.7424803], [122.5394749, 10.7426745], [122.5395052, 10.7428345], [122.5395285, 10.7429887], [122.53957, 10.7432485], [122.5396022, 10.7435146], [122.5396245, 10.7438629], [122.5396328, 10.7439944]]}, "properties": {"city": "iloilo", "name": "Benigno S. Aquino Jr. Avenue", "highway": "trunk", "v_posted": 80, "posted_imputed": false, "v_safe": 50, "gap": 30, "R": 6.55, "exposure": 0.279, "vru_150m": 1, "sss": 48.0, "recommended": 50, "fatal_reduction_pct": 84.7, "why": "undivided arterial, side-impact intersections", "pop_density": 3207.0, "pop_density_peak": 3495.0, "v_design": 70, "design_gap": 20}}, {"type": "Feature", "geometry": {"type": "LineString", "coordinates": [[122.5396328, 10.7439944], [122.5396323, 10.7441252], [122.5396098, 10.7443472], [122.5395631, 10.744764]]}, "properties": {"city": "iloilo", "name": "Benigno S. Aquino Jr. Avenue", "highway": "trunk", "v_posted": 80, "posted_imputed": false, "v_safe": 50, "gap": 30, "R": 6.55, "exposure": 0.271, "vru_150m": 1, "sss": 47.7, "recommended": 50, "fatal_reduction_pct": 84.7, "why": "undivided arterial, side-impact intersections", "pop_density": 2880.8, "pop_density_peak": 3062.9, "v_design": 70, "design_gap": 20}}, {"type": "Feature", "geometry": {"type": "LineString", "coordinates": [[122.5358626, 10.7177527], [122.5359216, 10.7175601], [122.5359935, 10.7174004], [122.5361475, 10.7171813], [122.5363296, 10.716987], [122.5363416, 10.7169775], [122.5365585, 10.7167613], [122.5367303, 10.7165818], [122.5368534, 10.7164472]]}, "properties": {"city": "iloilo", "name": "R. Mapa Street", "highway": "secondary", "v_posted": 50, "posted_imputed": false, "v_safe": 30, "gap": 20, "R": 7.72, "exposure": 0.862, "vru_150m": 4, "sss": 46.6, "recommended": 30, "fatal_reduction_pct": 87.0, "why": "pedestrian activity (1 VRU site<=50m)", "pop_density": 10039.5, "pop_density_peak": 10727.8, "v_design": 50, "design_gap": 20}}, {"type": "Feature", "geometry": {"type": "LineString", "coordinates": [[122.5520816, 10.7195125], [122.5521636, 10.7193223], [122.5521803, 10.7192812], [122.5522163, 10.7192016], [122.5523898, 10.718759], [122.5524632, 10.7185534], [122.5525721, 10.7181742], [122.5526119, 10.7179681], [122.5526326, 10.7178598], [122.5526805, 10.7176107], [122.5527076, 10.7174013]]}, "properties": {"city": "iloilo", "name": "Benigno S. Aquino Jr. Avenue", "highway": "trunk", "v_posted": 60, "posted_imputed": false, "v_safe": 50, "gap": 10, "R": 2.07, "exposure": 0.253, "vru_150m": 0, "sss": 15.7, "recommended": 50, "fatal_reduction_pct": 51.8, "why": "undivided arterial, side-impact intersections", "pop_density": 8173.0, "pop_density_peak": 10096.8, "v_design": 70, "design_gap": 20}}, {"type": "Feature", "geometry": {"type": "LineString", "coordinates": [[122.552884, 10.7169239], [122.5528718, 10.717216], [122.5528645, 10.7172781], [122.5528524, 10.7174136]]}, "properties": {"city": "iloilo", "name": "Benigno S. Aquino Jr. Avenue", "highway": "trunk", "v_posted": 60, "posted_imputed": false, "v_safe": 50, "gap": 10, "R": 2.07, "exposure": 0.194, "vru_150m": 0, "sss": 14.9, "recommended": 50, "fatal_reduction_pct": 51.8, "why": "undivided arterial, side-impact intersections", "pop_density": 6273.7, "pop_density_peak": 6619.0, "v_design": 70, "design_gap": 20}}, {"type": "Feature", "geometry": {"type": "LineString", "coordinates": [[122.5520007, 10.7122464], [122.5522394, 10.7131108], [122.5523085, 10.7133928], [122.5525387, 10.7142719]]}, "properties": {"city": "iloilo", "name": "Benigno S. Aquino Jr. Avenue", "highway": "trunk", "v_posted": 60, "posted_imputed": false, "v_safe": 30, "gap": 30, "R": 16.0, "exposure": 0.657, "vru_150m": 3, "sss": 62.1, "recommended": 30, "fatal_reduction_pct": 93.8, "why": "pedestrian activity (1 VRU site<=50m)", "pop_density": 4623.0, "pop_density_peak": 5087.8, "v_design": 70, "design_gap": 40}}, {"type": "Feature", "geometry": {"type": "LineString", "coordinates": [[122.5392062, 10.7467773], [122.5392318, 10.7465178]]}, "properties": {"city": "iloilo", "name": "Benigno S. Aquino Jr. Avenue", "highway": "trunk", "v_posted": 80, "posted_imputed": false, "v_safe": 30, "gap": 50, "R": 50.57, "exposure": 1.0, "vru_150m": 6, "sss": 100.0, "recommended": 30, "fatal_reduction_pct": 98.0, "why": "pedestrian activity (2 VRU site<=50m)", "pop_density": 4154.7, "pop_density_peak": 4154.7, "v_design": 70, "design_gap": 40}}, {"type": "Feature", "geometry": {"type": "LineString", "coordinates": [[122.5392318, 10.7465178], [122.5392405, 10.7464681], [122.539292, 10.7460532], [122.5393328, 10.7456965]]}, "properties": {"city": "iloilo", "name": "Benigno S. Aquino Jr. Avenue", "highway": "trunk", "v_posted": 80, "posted_imputed": false, "v_safe": 30, "gap": 50, "R": 50.57, "exposure": 1.0, "vru_150m": 6, "sss": 100.0, "recommended": 30, "fatal_reduction_pct": 98.0, "why": "pedestrian activity (6 VRU site<=50m)", "pop_density": 3592.7, "pop_density_peak": 4154.7, "v_design": 70, "design_gap": 40}}, {"type": "Feature", "geometry": {"type": "LineString", "coordinates": [[122.5392867, 10.7419633], [122.5393181, 10.7420644], [122.5393365, 10.7421172], [122.5393774, 10.7422657], [122.5393921, 10.7423147]]}, "properties": {"city": "iloilo", "name": "Benigno S. Aquino Jr. Avenue", "highway": "trunk", "v_posted": 80, "posted_imputed": false, "v_safe": 50, "gap": 30, "R": 6.55, "exposure": 0.287, "vru_150m": 1, "sss": 48.2, "recommended": 50, "fatal_reduction_pct": 84.7, "why": "undivided arterial, side-impact intersections", "pop_density": 3500.7, "pop_density_peak": 3506.3, "v_design": 70, "design_gap": 20}}, {"type": "Feature", "geometry": {"type": "LineString", "coordinates": [[122.5392511, 10.7423827], [122.5391743, 10.7421112]]}, "properties": {"city": "iloilo", "name": "Benigno S. Aquino Jr. Avenue", "highway": "trunk", "v_posted": 80, "posted_imputed": false, "v_safe": 50, "gap": 30, "R": 6.55, "exposure": 0.287, "vru_150m": 1, "sss": 48.2, "recommended": 50, "fatal_reduction_pct": 84.7, "why": "undivided arterial, side-impact intersections", "pop_density": 3500.7, "pop_density_peak": 3506.3, "v_design": 70, "design_gap": 20}}, {"type": "Feature", "geometry": {"type": "LineString", "coordinates": [[122.5393921, 10.7423147], [122.5394013, 10.7423517], [122.5394341, 10.7424803]]}, "properties": {"city": "iloilo", "name": "Benigno S. Aquino Jr. Avenue", "highway": "trunk", "v_posted": 80, "posted_imputed": false, "v_safe": 50, "gap": 30, "R": 6.55, "exposure": 0.286, "vru_150m": 1, "sss": 48.2, "recommended": 50, "fatal_reduction_pct": 84.7, "why": "undivided arterial, side-impact intersections", "pop_density": 3495.0, "pop_density_peak": 3495.0, "v_design": 70, "design_gap": 20}}, {"type": "Feature", "geometry": {"type": "LineString", "coordinates": [[122.538315, 10.7377816], [122.5383022, 10.7381444], [122.5383036, 10.7382272]]}, "properties": {"city": "iloilo", "name": "Benigno S. Aquino Jr. Avenue", "highway": "trunk", "v_posted": 80, "posted_imputed": false, "v_safe": 50, "gap": 30, "R": 6.55, "exposure": 0.28, "vru_150m": 1, "sss": 48.0, "recommended": 50, "fatal_reduction_pct": 84.7, "why": "undivided arterial, side-impact intersections", "pop_density": 3222.3, "pop_density_peak": 3421.8, "v_design": 70, "design_gap": 20}}, {"type": "Feature", "geometry": {"type": "LineString", "coordinates": [[122.539214, 10.7469026], [122.5392062, 10.7467773]]}, "properties": {"city": "iloilo", "name": "Ungka II Flyover", "highway": "primary", "v_posted": 40, "posted_imputed": false, "v_safe": 30, "gap": 10, "R": 3.16, "exposure": 1.0, "vru_150m": 6, "sss": 25.0, "recommended": 30, "fatal_reduction_pct": 68.4, "why": "pedestrian activity (1 VRU site<=50m)", "pop_density": 4154.7, "pop_density_peak": 4154.7, "v_design": 60, "design_gap": 30}}, {"type": "Feature", "geometry": {"type": "LineString", "coordinates": [[122.5465464, 10.7279197], [122.5468552, 10.727674], [122.5469077, 10.7276315], [122.5471333, 10.7274417], [122.5472354, 10.7273558], [122.5473846, 10.7272302], [122.5476645, 10.7269947], [122.5478283, 10.7268545], [122.5478984, 10.7267945]]}, "properties": {"city": "iloilo", "name": "Benigno S. Aquino Jr. Avenue", "highway": "trunk", "v_posted": 80, "posted_imputed": false, "v_safe": 50, "gap": 30, "R": 6.55, "exposure": 0.454, "vru_150m": 0, "sss": 54.5, "recommended": 50, "fatal_reduction_pct": 84.7, "why": "undivided arterial, side-impact intersections", "pop_density": 14676.4, "pop_density_peak": 17880.2, "v_design": 70, "design_gap": 20}}, {"type": "Feature", "geometry": {"type": "LineString", "coordinates": [[122.5409866, 10.740624], [122.5406073, 10.7410706], [122.5405529, 10.7411394], [122.5401833, 10.7416182], [122.5401426, 10.7416637], [122.5400136, 10.7417806], [122.53981, 10.7419303], [122.5394693, 10.7420735]]}, "properties": {"city": "iloilo", "name": "Lopez Jaena Street", "highway": "primary", "v_posted": 50, "posted_imputed": false, "v_safe": 30, "gap": 20, "R": 7.72, "exposure": 0.295, "vru_150m": 1, "sss": 32.4, "recommended": 30, "fatal_reduction_pct": 87.0, "why": "pedestrian activity (1 VRU site<=50m)", "pop_density": 3838.8, "pop_density_peak": 4217.5, "v_design": 60, "design_gap": 30}}, {"type": "Feature", "geometry": {"type": "LineString", "coordinates": [[122.5627118, 10.7155488], [122.5625878, 10.7157523], [122.5625088, 10.7158796], [122.5624941, 10.7159032], [122.5624253, 10.7160191], [122.5622097, 10.7163617], [122.5621648, 10.7164355], [122.5619621, 10.716753], [122.5619306, 10.7168024], [122.5618448, 10.7169369]]}, "properties": {"city": "iloilo", "name": "Eugenio Lopez Street", "highway": "primary", "v_posted": 50, "posted_imputed": false, "v_safe": 30, "gap": 20, "R": 7.72, "exposure": 0.774, "vru_150m": 3, "sss": 44.3, "recommended": 30, "fatal_reduction_pct": 87.0, "why": "pedestrian activity (1 VRU site<=50m)", "pop_density": 14033.5, "pop_density_peak": 15030.1, "v_design": 60, "design_gap": 30}}, {"type": "Feature", "geometry": {"type": "LineString", "coordinates": [[122.5855262, 10.744301], [122.585991, 10.7449423]]}, "properties": {"city": "iloilo", "name": "Narciso Monfort Boulevard", "highway": "primary", "v_posted": 60, "posted_imputed": false, "v_safe": 50, "gap": 10, "R": 2.07, "exposure": 0.023, "vru_150m": 0, "sss": 12.8, "recommended": 50, "fatal_reduction_pct": 51.8, "why": "undivided arterial, side-impact intersections", "pop_density": 730.7, "pop_density_peak": 1461.5, "v_design": 60, "design_gap": 10}}, {"type": "Feature", "geometry": {"type": "LineString", "coordinates": [[122.5610924, 10.735887], [122.5610492, 10.7357877], [122.5610204, 10.7357098], [122.5610062, 10.7356669], [122.5606719, 10.7347263], [122.5606385, 10.7346345], [122.5604523, 10.7340948], [122.5603653, 10.7338272], [122.5603398, 10.7337383], [122.5602272, 10.733419], [122.5601993, 10.7333427], [122.5601187, 10.7331155], [122.560025, 10.732862], [122.559951, 10.7326235], [122.5599278, 10.7325534]]}, "properties": {"city": "iloilo", "name": "MacArthur Drive", "highway": "primary", "v_posted": 50, "posted_imputed": false, "v_safe": 30, "gap": 20, "R": 7.72, "exposure": 0.524, "vru_150m": 2, "sss": 38.1, "recommended": 30, "fatal_reduction_pct": 87.0, "why": "pedestrian activity (2 VRU site<=50m)", "pop_density": 6663.6, "pop_density_peak": 7059.4, "v_design": 60, "design_gap": 30}}, {"type": "Feature", "geometry": {"type": "LineString", "coordinates": [[122.5827016, 10.7406161], [122.5826033, 10.7406182], [122.5822484, 10.7406308], [122.5820892, 10.7406513], [122.5819504, 10.7406747], [122.5817868, 10.7407238], [122.5816718, 10.7407647], [122.5815609, 10.7408139], [122.5813201, 10.7409573], [122.5809645, 10.741191], [122.5807044, 10.7413683], [122.5806109, 10.7414341], [122.5805008, 10.7415238], [122.5804227, 10.7416093], [122.5803418, 10.7417081], [122.5801997, 10.7418823], [122.5799215, 10.7422326], [122.5796399, 10.7425793], [122.5791381, 10.7431971], [122.578515, 10.743948], [122.5781263, 10.7444166], [122.5779316, 10.7446544], [122.5777364, 10.7449], [122.5776952, 10.74496], [122.5775507, 10.7451798], [122.5774321, 10.7453932], [122.5773446, 10.7455555], [122.5772298, 10.7457678], [122.5771136, 10.7459745], [122.5770436, 10.746115], [122.5768787, 10.7463493], [122.5767699, 10.7464818], [122.5766358, 10.746614], [122.5764575, 10.7467539], [122.5760575, 10.74708], [122.5759988, 10.7471307], [122.5758618, 10.7472492], [122.5756723, 10.7474776], [122.5753912, 10.7478225], [122.575262, 10.7479837], [122.5750986, 10.7481847], [122.5749177, 10.7483963], [122.5748343, 10.7484727], [122.5747037, 10.7485562], [122.5745643, 10.7486301], [122.5744488, 10.7486855], [122.574288, 10.7487614], [122.574231, 10.7487871], [122.5738124, 10.7490079], [122.5736735, 10.7490624], [122.5734521, 10.7491705], [122.5733577, 10.7492111], [122.5728449, 10.749423], [122.572611, 10.7495126], [122.5723463, 10.7495952], [122.5722797, 10.7496091], [122.5721906, 10.7496277], [122.5720167, 10.7496506], [122.5719015, 10.7496683], [122.571605, 10.7497138], [122.5712509, 10.7497599], [122.5710784, 10.7497822], [122.5710055, 10.7497916], [122.5708567, 10.7498176], [122.570037, 10.7499212], [122.5699313, 10.7499314], [122.5697825, 10.7499772]]}, "properties": {"city": "iloilo", "name": "President Corazon C. Aquino Avenue", "highway": "primary", "v_posted": 60, "posted_imputed": false, "v_safe": 50, "gap": 10, "R": 2.07, "exposure": 0.1, "vru_150m": 0, "sss": 13.8, "recommended": 50, "fatal_reduction_pct": 51.8, "why": "undivided arterial, side-impact intersections", "pop_density": 3246.2, "pop_density_peak": 6819.5, "v_design": 60, "design_gap": 10}}, {"type": "Feature", "geometry": {"type": "LineString", "coordinates": [[122.5579501, 10.7294673], [122.5579308, 10.729459], [122.5577433, 10.7293781], [122.5575194, 10.7292951], [122.5573006, 10.72919], [122.5569414, 10.7288531], [122.5566608, 10.7285586]]}, "properties": {"city": "iloilo", "name": "Simeon Ledesma Street", "highway": "primary", "v_posted": 50, "posted_imputed": false, "v_safe": 30, "gap": 20, "R": 7.72, "exposure": 0.732, "vru_150m": 2, "sss": 43.3, "recommended": 30, "fatal_reduction_pct": 87.0, "why": "pedestrian activity (1 VRU site<=50m)", "pop_density": 17887.1, "pop_density_peak": 22906.5, "v_design": 60, "design_gap": 30}}, {"type": "Feature", "geometry": {"type": "LineString", "coordinates": [[122.5588771, 10.7293628], [122.5589421, 10.7295852], [122.5589733, 10.7296623]]}, "properties": {"city": "iloilo", "name": "Washington Street", "highway": "primary", "v_posted": 50, "posted_imputed": false, "v_safe": 30, "gap": 20, "R": 7.72, "exposure": 0.712, "vru_150m": 3, "sss": 42.8, "recommended": 30, "fatal_reduction_pct": 87.0, "why": "pedestrian activity (1 VRU site<=50m)", "pop_density": 9085.4, "pop_density_peak": 11107.2, "v_design": 60, "design_gap": 30}}, {"type": "Feature", "geometry": {"type": "LineString", "coordinates": [[122.5639731, 10.713688], [122.5636169, 10.7142313]]}, "properties": {"city": "iloilo", "name": "Luna Street", "highway": "primary", "v_posted": 50, "posted_imputed": false, "v_safe": 30, "gap": 20, "R": 7.72, "exposure": 0.714, "vru_150m": 3, "sss": 42.9, "recommended": 30, "fatal_reduction_pct": 87.0, "why": "pedestrian activity (1 VRU site<=50m)", "pop_density": 9251.0, "pop_density_peak": 9519.5, "v_design": 60, "design_gap": 30}}, {"type": "Feature", "geometry": {"type": "LineString", "coordinates": [[122.5696925, 10.7348412], [122.5696111, 10.7347885]]}, "properties": {"city": "iloilo", "name": "Cubay-Balabago Road", "highway": "secondary", "v_posted": 50, "posted_imputed": false, "v_safe": 30, "gap": 20, "R": 7.72, "exposure": 0.358, "vru_150m": 1, "sss": 33.9, "recommended": 30, "fatal_reduction_pct": 87.0, "why": "pedestrian activity (1 VRU site<=50m)", "pop_density": 6368.3, "pop_density_peak": 6368.3, "v_design": 50, "design_gap": 20}}, {"type": "Feature", "geometry": {"type": "LineString", "coordinates": [[122.5566586, 10.7241899], [122.5567269, 10.7241259], [122.5568666, 10.7239918], [122.5568818, 10.7239785], [122.5570787, 10.7237903], [122.5572346, 10.7236413]]}, "properties": {"city": "iloilo", "name": "Plaza Rizal Street", "highway": "primary", "v_posted": 50, "posted_imputed": false, "v_safe": 30, "gap": 20, "R": 7.72, "exposure": 1.0, "vru_150m": 5, "sss": 50.0, "recommended": 30, "fatal_reduction_pct": 87.0, "why": "pedestrian activity (1 VRU site<=50m)", "pop_density": 12121.0, "pop_density_peak": 12935.7, "v_design": 60, "design_gap": 30}}, {"type": "Feature", "geometry": {"type": "LineString", "coordinates": [[122.5641123, 10.7413318], [122.564316, 10.7416323], [122.5644849, 10.7418815], [122.5645211, 10.7419347], [122.5649905, 10.7426293], [122.5653168, 10.7431362], [122.5653527, 10.7431842], [122.5654248, 10.7432855], [122.5655613, 10.7434909], [122.565654, 10.7436304], [122.5661972, 10.7444519], [122.5662555, 10.7445401], [122.5666785, 10.7451993], [122.5667329, 10.7452826], [122.5674297, 10.746339], [122.5678042, 10.7469069], [122.5678776, 10.7470189], [122.5680069, 10.7472161], [122.5682689, 10.7476264], [122.5688405, 10.7485211], [122.5689096, 10.7486275], [122.5689963, 10.7487622], [122.5691471, 10.7489965], [122.5693081, 10.7492466], [122.5695388, 10.7496117]]}, "properties": {"city": "iloilo", "name": "MacArthur Drive", "highway": "primary", "v_posted": 50, "posted_imputed": false, "v_safe": 30, "gap": 20, "R": 7.72, "exposure": 0.486, "vru_150m": 2, "sss": 37.2, "recommended": 30, "fatal_reduction_pct": 87.0, "why": "pedestrian activity (1 VRU site<=50m)", "pop_density": 4645.5, "pop_density_peak": 6355.8, "v_design": 60, "design_gap": 30}}, {"type": "Feature", "geometry": {"type": "LineString", "coordinates": [[122.5697079, 10.7498702], [122.5697479, 10.7498611], [122.5698267, 10.7498439], [122.5699003, 10.7498328], [122.5705912, 10.7497491], [122.5707006, 10.7497384], [122.5707948, 10.7497256], [122.5709891, 10.7497029], [122.5711128, 10.7496888], [122.5712818, 10.7496704], [122.5715716, 10.7496291], [122.5718989, 10.7495944], [122.57201, 10.7495826], [122.5721772, 10.7495613], [122.5722967, 10.7495362], [122.572335, 10.7495281], [122.572593, 10.7494476], [122.5728104, 10.7493579], [122.573324, 10.749133], [122.5734159, 10.7490939], [122.5736331, 10.7489922], [122.5739181, 10.7488479], [122.5741929, 10.7487101], [122.5742675, 10.7486745], [122.5744039, 10.7486098], [122.5745247, 10.7485552], [122.5746598, 10.7484836], [122.5747812, 10.748406], [122.5748553, 10.748338], [122.5750321, 10.7481312], [122.5751632, 10.7479705], [122.5751914, 10.747936], [122.5753242, 10.747774], [122.5756055, 10.7474247], [122.5757997, 10.7471904], [122.5759364, 10.7470723], [122.5760019, 10.7470157], [122.5763951, 10.7466955], [122.576578, 10.7465514], [122.5767059, 10.7464254], [122.5767876, 10.7463315], [122.5768094, 10.7462992], [122.5769649, 10.7460696], [122.5770385, 10.7459337], [122.5771542, 10.7457276], [122.5772687, 10.745516], [122.5773565, 10.7453532], [122.5774768, 10.7451366], [122.5776248, 10.7449115], [122.5778639, 10.7446025], [122.5779896, 10.744449], [122.5780595, 10.7443635], [122.5784452, 10.7438987], [122.5790713, 10.7431441], [122.579569, 10.7425313], [122.5798541, 10.7421803], [122.5801324, 10.7418299], [122.5802748, 10.7416553], [122.5803573, 10.7415547], [122.5804411, 10.7414628], [122.5805585, 10.7413672], [122.5806549, 10.7412993], [122.5809161, 10.7411213], [122.5812739, 10.7408861], [122.5815208, 10.7407391], [122.5816394, 10.7406865], [122.5817596, 10.7406437], [122.5819306, 10.7405924], [122.5820764, 10.7405679], [122.5822416, 10.7405466], [122.5823631, 10.7405431], [122.5824465, 10.7405446], [122.5825765, 10.7405531]]}, "properties": {"city": "iloilo", "name": "President Corazon C. Aquino Avenue", "highway": "primary", "v_posted": 60, "posted_imputed": false, "v_safe": 50, "gap": 10, "R": 2.07, "exposure": 0.105, "vru_150m": 0, "sss": 13.8, "recommended": 50, "fatal_reduction_pct": 51.8, "why": "undivided arterial, side-impact intersections", "pop_density": 3398.0, "pop_density_peak": 6819.5, "v_design": 60, "design_gap": 10}}, {"type": "Feature", "geometry": {"type": "LineString", "coordinates": [[122.5825765, 10.7405531], [122.5826977, 10.7405548], [122.5827611, 10.7405557], [122.5827892, 10.7405532], [122.5828279, 10.7405336]]}, "properties": {"city": "iloilo", "name": "President Corazon C. Aquino Avenue", "highway": "primary", "v_posted": 60, "posted_imputed": false, "v_safe": 50, "gap": 10, "R": 2.07, "exposure": 0.0, "vru_150m": 0, "sss": 12.5, "recommended": 50, "fatal_reduction_pct": 51.8, "why": "undivided arterial, side-impact intersections", "pop_density": 0.0, "pop_density_peak": 0.0, "v_design": 60, "design_gap": 10}}, {"type": "Feature", "geometry": {"type": "LineString", "coordinates": [[122.5828279, 10.7405336], [122.5828795, 10.7406181]]}, "properties": {"city": "iloilo", "name": "Narciso Monfort Boulevard", "highway": "primary", "v_posted": 60, "posted_imputed": false, "v_safe": 50, "gap": 10, "R": 2.07, "exposure": 0.0, "vru_150m": 0, "sss": 12.5, "recommended": 50, "fatal_reduction_pct": 51.8, "why": "undivided arterial, side-impact intersections", "pop_density": 0.0, "pop_density_peak": 0.0, "v_design": 60, "design_gap": 10}}, {"type": "Feature", "geometry": {"type": "LineString", "coordinates": [[122.5828795, 10.7406181], [122.5828156, 10.740622], [122.582773, 10.7406205], [122.5827016, 10.7406161]]}, "properties": {"city": "iloilo", "name": "President Corazon C. Aquino Avenue", "highway": "primary", "v_posted": 60, "posted_imputed": false, "v_safe": 50, "gap": 10, "R": 2.07, "exposure": 0.0, "vru_150m": 0, "sss": 12.5, "recommended": 50, "fatal_reduction_pct": 51.8, "why": "undivided arterial, side-impact intersections", "pop_density": 0.0, "pop_density_peak": 0.0, "v_design": 60, "design_gap": 10}}, {"type": "Feature", "geometry": {"type": "LineString", "coordinates": [[122.585991, 10.7449423], [122.5860042, 10.7449562], [122.5860662, 10.7450406], [122.5863329, 10.7452488], [122.5864854, 10.7453678], [122.5867729, 10.745716], [122.5873469, 10.7466049], [122.5884721, 10.7486], [122.5887121, 10.749024], [122.5890501, 10.7495663], [122.589114, 10.7496877], [122.589156, 10.7497902], [122.5891627, 10.74986], [122.5891735, 10.7499918], [122.589148, 10.7501974], [122.5891293, 10.7504688], [122.5891037, 10.7507982], [122.589093, 10.7510064], [122.5891051, 10.7511263], [122.5891198, 10.751175], [122.5891373, 10.7512145], [122.5892391, 10.7513983], [122.5893277, 10.751536], [122.5894189, 10.7516691], [122.5898226, 10.7521671], [122.5900586, 10.7524425], [122.5901565, 10.7525492], [122.5904663, 10.7528312], [122.5906353, 10.7529906], [122.5907989, 10.7531645]]}, "properties": {"city": "iloilo", "name": "Narciso Monfort Boulevard", "highway": "primary", "v_posted": 60, "posted_imputed": false, "v_safe": 50, "gap": 10, "R": 2.07, "exposure": 0.188, "vru_150m": 0, "sss": 14.8, "recommended": 50, "fatal_reduction_pct": 51.8, "why": "undivided arterial, side-impact intersections", "pop_density": 6069.2, "pop_density_peak": 10511.5, "v_design": 60, "design_gap": 10}}, {"type": "Feature", "geometry": {"type": "LineString", "coordinates": [[122.5817966, 10.7136085], [122.5816604, 10.7137084], [122.5815939, 10.7137591], [122.5815283, 10.7138092], [122.5814289, 10.7138985]]}, "properties": {"city": "iloilo", "name": "La Paz Deep Sea Water Port Road", "highway": "secondary", "v_posted": 50, "posted_imputed": false, "v_safe": 30, "gap": 20, "R": 7.72, "exposure": 0.439, "vru_150m": 1, "sss": 36.0, "recommended": 30, "fatal_reduction_pct": 87.0, "why": "pedestrian activity (1 VRU site<=50m)", "pop_density": 9681.6, "pop_density_peak": 12293.0, "v_design": 50, "design_gap": 20}}, {"type": "Feature", "geometry": {"type": "LineString", "coordinates": [[122.582153, 10.7132877], [122.5819172, 10.7134965], [122.5817966, 10.7136085]]}, "properties": {"city": "iloilo", "name": "La Paz Deep Sea Water Port Road", "highway": "secondary", "v_posted": 50, "posted_imputed": false, "v_safe": 30, "gap": 20, "R": 7.72, "exposure": 0.541, "vru_150m": 1, "sss": 38.5, "recommended": 30, "fatal_reduction_pct": 87.0, "why": "pedestrian activity (1 VRU site<=50m)", "pop_density": 13787.0, "pop_density_peak": 15281.1, "v_design": 50, "design_gap": 20}}, {"type": "Feature", "geometry": {"type": "LineString", "coordinates": [[122.5639178, 10.7184931], [122.5636264, 10.7187678], [122.5635263, 10.7188543]]}, "properties": {"city": "iloilo", "name": "Comision Civil Street", "highway": "secondary", "v_posted": 40, "posted_imputed": false, "v_safe": 30, "gap": 10, "R": 3.16, "exposure": 0.672, "vru_150m": 2, "sss": 20.9, "recommended": 30, "fatal_reduction_pct": 68.4, "why": "pedestrian activity (1 VRU site<=50m)", "pop_density": 14661.4, "pop_density_peak": 15954.2, "v_design": 50, "design_gap": 20}}, {"type": "Feature", "geometry": {"type": "LineString", "coordinates": [[122.5635263, 10.7188543], [122.5629744, 10.7193876], [122.5625265, 10.7198069], [122.5622104, 10.7201345]]}, "properties": {"city": "iloilo", "name": "Comision Civil Street", "highway": "secondary", "v_posted": 40, "posted_imputed": false, "v_safe": 30, "gap": 10, "R": 3.16, "exposure": 0.799, "vru_150m": 3, "sss": 22.5, "recommended": 30, "fatal_reduction_pct": 68.4, "why": "pedestrian activity (1 VRU site<=50m)", "pop_density": 16089.9, "pop_density_peak": 16157.8, "v_design": 50, "design_gap": 20}}, {"type": "Feature", "geometry": {"type": "LineString", "coordinates": [[122.5634219, 10.7403265], [122.5632552, 10.7400042], [122.5632203, 10.7399299]]}, "properties": {"city": "iloilo", "name": "MacArthur Drive", "highway": "primary", "v_posted": 50, "posted_imputed": false, "v_safe": 30, "gap": 20, "R": 7.72, "exposure": 0.705, "vru_150m": 3, "sss": 42.6, "recommended": 30, "fatal_reduction_pct": 87.0, "why": "pedestrian activity (2 VRU site<=50m)", "pop_density": 8526.8, "pop_density_peak": 8526.8, "v_design": 60, "design_gap": 30}}, {"type": "Feature", "geometry": {"type": "LineString", "coordinates": [[122.5589733, 10.7296623], [122.5591415, 10.730179]]}, "properties": {"city": "iloilo", "name": "Washington Street", "highway": "primary", "v_posted": 50, "posted_imputed": false, "v_safe": 30, "gap": 20, "R": 7.72, "exposure": 0.844, "vru_150m": 4, "sss": 46.1, "recommended": 30, "fatal_reduction_pct": 87.0, "why": "pedestrian activity (2 VRU site<=50m)", "pop_density": 7063.6, "pop_density_peak": 7063.6, "v_design": 60, "design_gap": 30}}, {"type": "Feature", "geometry": {"type": "LineString", "coordinates": [[122.5828795, 10.7406181], [122.5829324, 10.7406949], [122.5829641, 10.7407381], [122.5833654, 10.7413585], [122.5834727, 10.741506], [122.5836802, 10.7417908], [122.5837913, 10.7419374], [122.5838998, 10.7420797], [122.5839362, 10.7421324], [122.5842275, 10.7425436], [122.5845258, 10.7429403], [122.5849089, 10.7434516], [122.5854888, 10.7442538], [122.5855262, 10.744301]]}, "properties": {"city": "iloilo", "name": "Narciso Monfort Boulevard", "highway": "primary", "v_posted": 60, "posted_imputed": false, "v_safe": 50, "gap": 10, "R": 2.07, "exposure": 0.0, "vru_150m": 0, "sss": 12.5, "recommended": 50, "fatal_reduction_pct": 51.8, "why": "undivided arterial, side-impact intersections", "pop_density": 0.0, "pop_density_peak": 0.0, "v_design": 60, "design_gap": 10}}, {"type": "Feature", "geometry": {"type": "LineString", "coordinates": [[122.5647773, 10.7122816], [122.5647258, 10.7124289], [122.5643229, 10.7131126], [122.5641463, 10.7134122], [122.5639731, 10.713688]]}, "properties": {"city": "iloilo", "name": "Luna Street", "highway": "primary", "v_posted": 50, "posted_imputed": false, "v_safe": 30, "gap": 20, "R": 7.72, "exposure": 1.0, "vru_150m": 5, "sss": 50.0, "recommended": 30, "fatal_reduction_pct": 87.0, "why": "pedestrian activity (1 VRU site<=50m)", "pop_density": 8467.9, "pop_density_peak": 8982.5, "v_design": 60, "design_gap": 30}}, {"type": "Feature", "geometry": {"type": "LineString", "coordinates": [[122.5581183, 10.7271838], [122.558236, 10.7275842]]}, "properties": {"city": "iloilo", "name": "Washington Street", "highway": "primary", "v_posted": 50, "posted_imputed": false, "v_safe": 30, "gap": 20, "R": 7.72, "exposure": 0.862, "vru_150m": 2, "sss": 46.6, "recommended": 30, "fatal_reduction_pct": 87.0, "why": "pedestrian activity (1 VRU site<=50m)", "pop_density": 24928.7, "pop_density_peak": 24928.8, "v_design": 60, "design_gap": 30}}, {"type": "Feature", "geometry": {"type": "LineString", "coordinates": [[122.5580156, 10.726918], [122.5581183, 10.7271838]]}, "properties": {"city": "iloilo", "name": "Washington Street", "highway": "primary", "v_posted": 50, "posted_imputed": false, "v_safe": 30, "gap": 20, "R": 7.72, "exposure": 0.869, "vru_150m": 2, "sss": 46.7, "recommended": 30, "fatal_reduction_pct": 87.0, "why": "pedestrian activity (1 VRU site<=50m)", "pop_density": 25303.9, "pop_density_peak": 25679.1, "v_design": 60, "design_gap": 30}}, {"type": "Feature", "geometry": {"type": "LineString", "coordinates": [[122.5578562, 10.7262934], [122.5580156, 10.726918]]}, "properties": {"city": "iloilo", "name": "Washington Street", "highway": "primary", "v_posted": 50, "posted_imputed": false, "v_safe": 30, "gap": 20, "R": 7.72, "exposure": 0.882, "vru_150m": 2, "sss": 47.0, "recommended": 30, "fatal_reduction_pct": 87.0, "why": "pedestrian activity (1 VRU site<=50m)", "pop_density": 25966.2, "pop_density_peak": 26253.3, "v_design": 60, "design_gap": 30}}, {"type": "Feature", "geometry": {"type": "LineString", "coordinates": [[122.5574557, 10.7256495], [122.5575972, 10.7257476], [122.5577194, 10.7258557], [122.5578562, 10.7262934]]}, "properties": {"city": "iloilo", "name": "Washington Street", "highway": "primary", "v_posted": 50, "posted_imputed": false, "v_safe": 30, "gap": 20, "R": 7.72, "exposure": 0.881, "vru_150m": 3, "sss": 47.0, "recommended": 30, "fatal_reduction_pct": 87.0, "why": "pedestrian activity (1 VRU site<=50m)", "pop_density": 22742.7, "pop_density_peak": 26253.3, "v_design": 60, "design_gap": 30}}, {"type": "Feature", "geometry": {"type": "LineString", "coordinates": [[122.5570936, 10.7255295], [122.5572477, 10.7255744], [122.5574557, 10.7256495]]}, "properties": {"city": "iloilo", "name": "Washington Street", "highway": "primary", "v_posted": 50, "posted_imputed": false, "v_safe": 30, "gap": 20, "R": 7.72, "exposure": 0.838, "vru_150m": 3, "sss": 45.9, "recommended": 30, "fatal_reduction_pct": 87.0, "why": "pedestrian activity (1 VRU site<=50m)", "pop_density": 19232.0, "pop_density_peak": 19232.0, "v_design": 60, "design_gap": 30}}, {"type": "Feature", "geometry": {"type": "LineString", "coordinates": [[122.57012, 10.7350674], [122.5697388, 10.7348709], [122.5696925, 10.7348412]]}, "properties": {"city": "iloilo", "name": "Cubay-Balabago Road", "highway": "secondary", "v_posted": 50, "posted_imputed": false, "v_safe": 30, "gap": 20, "R": 7.72, "exposure": 0.358, "vru_150m": 1, "sss": 33.9, "recommended": 30, "fatal_reduction_pct": 87.0, "why": "pedestrian activity (1 VRU site<=50m)", "pop_density": 6368.3, "pop_density_peak": 6368.3, "v_design": 50, "design_gap": 20}}, {"type": "Feature", "geometry": {"type": "LineString", "coordinates": [[122.5596307, 10.7316588], [122.5597591, 10.7320286], [122.5598165, 10.7321939], [122.5598333, 10.7322424]]}, "properties": {"city": "iloilo", "name": "MacArthur Drive", "highway": "primary", "v_posted": 50, "posted_imputed": false, "v_safe": 30, "gap": 20, "R": 7.72, "exposure": 0.838, "vru_150m": 4, "sss": 45.9, "recommended": 30, "fatal_reduction_pct": 87.0, "why": "pedestrian activity (2 VRU site<=50m)", "pop_density": 6134.6, "pop_density_peak": 6321.6, "v_design": 60, "design_gap": 30}}, {"type": "Feature", "geometry": {"type": "LineString", "coordinates": [[122.5613769, 10.736485], [122.5613061, 10.7363454], [122.5610924, 10.735887]]}, "properties": {"city": "iloilo", "name": "MacArthur Drive", "highway": "primary", "v_posted": 50, "posted_imputed": false, "v_safe": 30, "gap": 20, "R": 7.72, "exposure": 0.686, "vru_150m": 3, "sss": 42.1, "recommended": 30, "fatal_reduction_pct": 87.0, "why": "pedestrian activity (2 VRU site<=50m)", "pop_density": 6951.0, "pop_density_peak": 7059.4, "v_design": 60, "design_gap": 30}}, {"type": "Feature", "geometry": {"type": "LineString", "coordinates": [[122.5632203, 10.7399299], [122.5631664, 10.7398473], [122.5631243, 10.7397797], [122.5623993, 10.7385263], [122.562293, 10.7383544], [122.5621231, 10.7380403], [122.562076, 10.7379436], [122.561833, 10.7374438], [122.5616595, 10.7370806], [122.5614249, 10.7365842], [122.5613769, 10.736485]]}, "properties": {"city": "iloilo", "name": "MacArthur Drive", "highway": "primary", "v_posted": 50, "posted_imputed": false, "v_safe": 30, "gap": 20, "R": 7.72, "exposure": 0.689, "vru_150m": 3, "sss": 42.2, "recommended": 30, "fatal_reduction_pct": 87.0, "why": "pedestrian activity (1 VRU site<=50m)", "pop_density": 7219.8, "pop_density_peak": 8526.8, "v_design": 60, "design_gap": 30}}, {"type": "Feature", "geometry": {"type": "LineString", "coordinates": [[122.5587699, 10.7290658], [122.5588771, 10.7293628]]}, "properties": {"city": "iloilo", "name": "Washington Street", "highway": "primary", "v_posted": 50, "posted_imputed": false, "v_safe": 30, "gap": 20, "R": 7.72, "exposure": 0.737, "vru_150m": 3, "sss": 43.4, "recommended": 30, "fatal_reduction_pct": 87.0, "why": "pedestrian activity (1 VRU site<=50m)", "pop_density": 11107.1, "pop_density_peak": 11107.2, "v_design": 60, "design_gap": 30}}, {"type": "Feature", "geometry": {"type": "LineString", "coordinates": [[122.560202, 10.7219643], [122.5601277, 10.7220475], [122.5597186, 10.7225077], [122.558668, 10.723624], [122.5583054, 10.7239841]]}, "properties": {"city": "iloilo", "name": "Comision Civil Street", "highway": "secondary", "v_posted": 40, "posted_imputed": false, "v_safe": 30, "gap": 10, "R": 3.16, "exposure": 0.767, "vru_150m": 2, "sss": 22.1, "recommended": 30, "fatal_reduction_pct": 68.4, "why": "pedestrian activity (1 VRU site<=50m)", "pop_density": 19791.1, "pop_density_peak": 24636.3, "v_design": 50, "design_gap": 20}}, {"type": "Feature", "geometry": {"type": "LineString", "coordinates": [[122.559219, 10.7304182], [122.5594495, 10.7311103], [122.5595713, 10.7314832], [122.5596112, 10.731601], [122.5596307, 10.7316588]]}, "properties": {"city": "iloilo", "name": "MacArthur Drive", "highway": "primary", "v_posted": 50, "posted_imputed": false, "v_safe": 30, "gap": 20, "R": 7.72, "exposure": 1.0, "vru_150m": 6, "sss": 50.0, "recommended": 30, "fatal_reduction_pct": 87.0, "why": "pedestrian activity (2 VRU site<=50m)", "pop_density": 6505.6, "pop_density_peak": 7063.6, "v_design": 60, "design_gap": 30}}, {"type": "Feature", "geometry": {"type": "LineString", "coordinates": [[122.5635554, 10.7142023], [122.5638821, 10.7136882], [122.5639075, 10.7136483], [122.5641105, 10.7133411], [122.5642652, 10.713078], [122.5646661, 10.712396], [122.5647773, 10.7122816]]}, "properties": {"city": "iloilo", "name": "Luna Street", "highway": "primary", "v_posted": 50, "posted_imputed": false, "v_safe": 30, "gap": 20, "R": 7.72, "exposure": 1.0, "vru_150m": 5, "sss": 50.0, "recommended": 30, "fatal_reduction_pct": 87.0, "why": "pedestrian activity (1 VRU site<=50m)", "pop_density": 8475.4, "pop_density_peak": 9519.5, "v_design": 60, "design_gap": 30}}, {"type": "Feature", "geometry": {"type": "LineString", "coordinates": [[122.5632203, 10.7399299], [122.5634167, 10.740218], [122.5634731, 10.7403003], [122.5637069, 10.7406287], [122.5638333, 10.7408364], [122.5639407, 10.7410069], [122.5639963, 10.7410897], [122.5641123, 10.7413318]]}, "properties": {"city": "iloilo", "name": "MacArthur Drive", "highway": "primary", "v_posted": 50, "posted_imputed": false, "v_safe": 30, "gap": 20, "R": 7.72, "exposure": 0.693, "vru_150m": 3, "sss": 42.3, "recommended": 30, "fatal_reduction_pct": 87.0, "why": "pedestrian activity (1 VRU site<=50m)", "pop_density": 7535.4, "pop_density_peak": 8526.8, "v_design": 60, "design_gap": 30}}, {"type": "Feature", "geometry": {"type": "LineString", "coordinates": [[122.5636386, 10.7406717], [122.5634219, 10.7403265]]}, "properties": {"city": "iloilo", "name": "MacArthur Drive", "highway": "primary", "v_posted": 50, "posted_imputed": false, "v_safe": 30, "gap": 20, "R": 7.72, "exposure": 0.7, "vru_150m": 3, "sss": 42.5, "recommended": 30, "fatal_reduction_pct": 87.0, "why": "pedestrian activity (2 VRU site<=50m)", "pop_density": 8125.2, "pop_density_peak": 8526.8, "v_design": 60, "design_gap": 30}}, {"type": "Feature", "geometry": {"type": "LineString", "coordinates": [[122.5641123, 10.7413318], [122.5639519, 10.7411233], [122.5639367, 10.7411], [122.5636386, 10.7406717]]}, "properties": {"city": "iloilo", "name": "MacArthur Drive", "highway": "primary", "v_posted": 50, "posted_imputed": false, "v_safe": 30, "gap": 20, "R": 7.72, "exposure": 1.0, "vru_150m": 5, "sss": 50.0, "recommended": 30, "fatal_reduction_pct": 87.0, "why": "pedestrian activity (1 VRU site<=50m)", "pop_density": 7039.7, "pop_density_peak": 7723.6, "v_design": 60, "design_gap": 30}}, {"type": "Feature", "geometry": {"type": "LineString", "coordinates": [[122.5569941, 10.7256733], [122.5570936, 10.7255295]]}, "properties": {"city": "iloilo", "name": "Lopez Jaena Street", "highway": "primary", "v_posted": 50, "posted_imputed": false, "v_safe": 30, "gap": 20, "R": 7.72, "exposure": 0.757, "vru_150m": 2, "sss": 43.9, "recommended": 30, "fatal_reduction_pct": 87.0, "why": "pedestrian activity (1 VRU site<=50m)", "pop_density": 19232.0, "pop_density_peak": 19232.0, "v_design": 60, "design_gap": 30}}]}