{"type": "FeatureCollection", "features": [{"type": "Feature", "geometry": {"type": "LineString", "coordinates": [[125.7720441, 7.3991096], [125.7721602, 7.399134], [125.7722787, 7.3991501], [125.7724098, 7.3991601], [125.7725533, 7.3991638], [125.7726907, 7.399158], [125.7728255, 7.399144], [125.7729817, 7.3991195], [125.7731487, 7.3990882], [125.773319, 7.3990516], [125.7735041, 7.3990031], [125.7736744, 7.3989539], [125.7738434, 7.3988914], [125.7741062, 7.3987823], [125.7742921, 7.3987022], [125.7746935, 7.3985291], [125.7752211, 7.3982915], [125.7755088, 7.3981619], [125.7756743, 7.3980874], [125.7758901, 7.3979902], [125.7763501, 7.397783], [125.7766528, 7.3976467], [125.7769088, 7.3975314], [125.7773384, 7.397338], [125.777482, 7.3972733], [125.777823, 7.3971197], [125.7781312, 7.3969809], [125.7785128, 7.396809], [125.7788256, 7.3966681], [125.7790692, 7.3965584], [125.7791579, 7.3965176], [125.7793278, 7.396442], [125.7793879, 7.3964144], [125.7795731, 7.3963295], [125.7797827, 7.3962334], [125.7799663, 7.3961491], [125.7804829, 7.3959122], [125.7808376, 7.3957495], [125.7810501, 7.3956565]]}, "properties": {"city": "tagum", "name": "Tagum City Bypass Road", "highway": "primary", "v_posted": 80, "posted_imputed": false, "v_safe": 50, "gap": 30, "R": 6.55, "exposure": 0.303, "vru_150m": 0, "sss": 48.8, "recommended": 50, "fatal_reduction_pct": 84.7, "why": "undivided arterial, side-impact intersections", "pop_density": 9784.7, "pop_density_peak": 20860.4, "v_design": 60, "design_gap": 10}}, {"type": "Feature", "geometry": {"type": "LineString", "coordinates": [[125.7621346, 7.3985242], [125.7623742, 7.3989892], [125.7626581, 7.39954], [125.7629048, 7.4000188], [125.7633113, 7.4008644], [125.7635986, 7.4014619], [125.7638481, 7.4019329], [125.7640888, 7.4023538], [125.7643738, 7.4028519], [125.7644261, 7.4029497], [125.7644536, 7.4030654], [125.764451, 7.403213], [125.764347, 7.4034976], [125.7639238, 7.4043364], [125.7634049, 7.4053648], [125.7632205, 7.4057831], [125.7631454, 7.4059819], [125.7631105, 7.4061515], [125.7630894, 7.4064547], [125.7630459, 7.4077174], [125.763014, 7.4086444], [125.7630073, 7.4090759], [125.7630113, 7.4091358], [125.763022, 7.4091983], [125.7630334, 7.4092355], [125.7630516, 7.4092737]]}, "properties": {"city": "tagum", "name": "Canocotan-Bincungan Road", "highway": "tertiary", "v_posted": 80, "posted_imputed": false, "v_safe": 50, "gap": 30, "R": 6.55, "exposure": 0.0, "vru_150m": 0, "sss": 37.5, "recommended": 50, "fatal_reduction_pct": 84.7, "why": "undivided arterial, side-impact intersections", "pop_density": 0.0, "pop_density_peak": 0.0, "v_design": 45, "design_gap": -5}}, {"type": "Feature", "geometry": {"type": "LineString", "coordinates": [[125.7732352, 7.4128755], [125.7719775, 7.4139016], [125.7716896, 7.4141335], [125.7701961, 7.4153364], [125.7696806, 7.4157507], [125.7660885, 7.4186258], [125.7641666, 7.4201721], [125.763902, 7.4203849], [125.7632977, 7.4208542]]}, "properties": {"city": "tagum", "name": "", "highway": "unclassified", "v_posted": 40, "posted_imputed": false, "v_safe": 30, "gap": 10, "R": 3.16, "exposure": 0.0, "vru_150m": 0, "sss": 12.5, "recommended": 30, "fatal_reduction_pct": 68.4, "why": "local road, frontage/pedestrian mixing", "pop_density": 0.0, "pop_density_peak": 0.0, "v_design": 40, "design_gap": 10}}, {"type": "Feature", "geometry": {"type": "LineString", "coordinates": [[125.7682447, 7.428596], [125.770216, 7.4310654], [125.7703042, 7.4311771], [125.7707667, 7.4317342], [125.7710674, 7.4321001], [125.7714395, 7.432551], [125.7726331, 7.4340351], [125.7727759, 7.4341732], [125.7729093, 7.4342558], [125.7730508, 7.4342994], [125.7731957, 7.434326], [125.77418, 7.4342941], [125.7742383, 7.4342995], [125.7743, 7.4343162], [125.7743577, 7.4343468], [125.774408, 7.434384], [125.7744653, 7.434439]]}, "properties": {"city": "tagum", "name": "", "highway": "unclassified", "v_posted": 40, "posted_imputed": false, "v_safe": 30, "gap": 10, "R": 3.16, "exposure": 0.06, "vru_150m": 0, "sss": 13.3, "recommended": 30, "fatal_reduction_pct": 68.4, "why": "local road, frontage/pedestrian mixing", "pop_density": 1954.8, "pop_density_peak": 4475.2, "v_design": 40, "design_gap": 10}}, {"type": "Feature", "geometry": {"type": "LineString", "coordinates": [[125.7825217, 7.4170391], [125.7832539, 7.4179211], [125.7839862, 7.4188412], [125.7848472, 7.4199769], [125.7851846, 7.4204014], [125.7858724, 7.4212844], [125.7864629, 7.4220059], [125.7868591, 7.4225199], [125.7872016, 7.4229642], [125.7876044, 7.4234586], [125.7881514, 7.4241309]]}, "properties": {"city": "tagum", "name": "", "highway": "unclassified", "v_posted": 40, "posted_imputed": false, "v_safe": 30, "gap": 10, "R": 3.16, "exposure": 0.105, "vru_150m": 0, "sss": 13.8, "recommended": 30, "fatal_reduction_pct": 68.4, "why": "local road, frontage/pedestrian mixing", "pop_density": 3389.5, "pop_density_peak": 14755.0, "v_design": 40, "design_gap": 10}}, {"type": "Feature", "geometry": {"type": "LineString", "coordinates": [[125.7810501, 7.3956565], [125.7813044, 7.3955451]]}, "properties": {"city": "tagum", "name": "Tagum City Bypass Road", "highway": "primary", "v_posted": 80, "posted_imputed": false, "v_safe": 50, "gap": 30, "R": 6.55, "exposure": 0.716, "vru_150m": 1, "sss": 64.3, "recommended": 50, "fatal_reduction_pct": 84.7, "why": "undivided arterial, side-impact intersections", "pop_density": 20860.4, "pop_density_peak": 20860.4, "v_design": 60, "design_gap": 10}}, {"type": "Feature", "geometry": {"type": "LineString", "coordinates": [[125.7696806, 7.4157507], [125.770229, 7.4164285], [125.7707651, 7.4170912], [125.7714007, 7.4179019], [125.7718178, 7.4184339], [125.7719269, 7.4185695], [125.7734524, 7.4204211], [125.7736915, 7.4207222], [125.7739963, 7.421106], [125.774575, 7.4218119], [125.7750956, 7.4224469], [125.7753961, 7.4228134]]}, "properties": {"city": "tagum", "name": "", "highway": "unclassified", "v_posted": 40, "posted_imputed": false, "v_safe": 30, "gap": 10, "R": 3.16, "exposure": 0.0, "vru_150m": 0, "sss": 12.5, "recommended": 30, "fatal_reduction_pct": 68.4, "why": "local road, frontage/pedestrian mixing", "pop_density": 0.0, "pop_density_peak": 0.0, "v_design": 40, "design_gap": 10}}, {"type": "Feature", "geometry": {"type": "LineString", "coordinates": [[125.7753961, 7.4228134], [125.7770868, 7.424923], [125.7781928, 7.4262441], [125.778747, 7.4269602], [125.7793351, 7.4277502], [125.7794211, 7.4278629], [125.7802308, 7.4289244], [125.7809925, 7.4298624]]}, "properties": {"city": "tagum", "name": "", "highway": "unclassified", "v_posted": 40, "posted_imputed": false, "v_safe": 30, "gap": 10, "R": 3.16, "exposure": 0.0, "vru_150m": 0, "sss": 12.5, "recommended": 30, "fatal_reduction_pct": 68.4, "why": "local road, frontage/pedestrian mixing", "pop_density": 0.0, "pop_density_peak": 0.0, "v_design": 40, "design_gap": 10}}, {"type": "Feature", "geometry": {"type": "LineString", "coordinates": [[125.7774296, 7.4327112], [125.7768575, 7.4320051], [125.7756782, 7.4305519], [125.7755264, 7.4303777], [125.7751755, 7.4299016], [125.7741878, 7.4286761], [125.7732895, 7.4275182], [125.7718164, 7.4257104]]}, "properties": {"city": "tagum", "name": "", "highway": "unclassified", "v_posted": 40, "posted_imputed": false, "v_safe": 30, "gap": 10, "R": 3.16, "exposure": 0.021, "vru_150m": 0, "sss": 12.8, "recommended": 30, "fatal_reduction_pct": 68.4, "why": "local road, frontage/pedestrian mixing", "pop_density": 680.1, "pop_density_peak": 3400.4, "v_design": 40, "design_gap": 10}}, {"type": "Feature", "geometry": {"type": "LineString", "coordinates": [[125.7825217, 7.4170391], [125.7810943, 7.4152685], [125.7789302, 7.4125643], [125.7786531, 7.4122138], [125.7782382, 7.4116892], [125.7776213, 7.4109498], [125.7768032, 7.4100069]]}, "properties": {"city": "tagum", "name": "", "highway": "unclassified", "v_posted": 40, "posted_imputed": false, "v_safe": 30, "gap": 10, "R": 3.16, "exposure": 0.113, "vru_150m": 0, "sss": 13.9, "recommended": 30, "fatal_reduction_pct": 68.4, "why": "local road, frontage/pedestrian mixing", "pop_density": 3652.0, "pop_density_peak": 14755.0, "v_design": 40, "design_gap": 10}}, {"type": "Feature", "geometry": {"type": "LineString", "coordinates": [[125.7720441, 7.3991096], [125.7719685, 7.3991089], [125.7719009, 7.3991194], [125.7718362, 7.3991416], [125.7717764, 7.3991749], [125.7717236, 7.399218], [125.7716793, 7.3992698], [125.7716449, 7.3993285], [125.7716215, 7.3993923], [125.7716099, 7.3994592], [125.7716104, 7.3995271]]}, "properties": {"city": "tagum", "name": "Tagum City Bypass Road", "highway": "primary", "v_posted": 80, "posted_imputed": false, "v_safe": 50, "gap": 30, "R": 6.55, "exposure": 0.396, "vru_150m": 0, "sss": 52.4, "recommended": 50, "fatal_reduction_pct": 84.7, "why": "undivided arterial, side-impact intersections", "pop_density": 12823.1, "pop_density_peak": 17382.9, "v_design": 55, "design_gap": 5}}, {"type": "Feature", "geometry": {"type": "LineString", "coordinates": [[125.7632977, 7.4208542], [125.7624789, 7.4215503], [125.7617225, 7.4221474], [125.7608119, 7.4228775], [125.7607508, 7.4229094], [125.7606858, 7.42293], [125.7605999, 7.422948], [125.7604766, 7.4229865], [125.7603881, 7.4230238], [125.7603089, 7.4230663], [125.7601185, 7.4232113], [125.7599469, 7.4233243], [125.7596317, 7.4235198], [125.7592964, 7.423722], [125.759047, 7.4238842], [125.7586607, 7.4241608], [125.7583831, 7.424351], [125.7581672, 7.4245079], [125.757844, 7.4247433], [125.7575758, 7.4249321], [125.7573786, 7.4250758], [125.7572283, 7.425177], [125.7571292, 7.425242], [125.7564693, 7.4256889], [125.7558336, 7.4261343], [125.7554367, 7.426383], [125.7550531, 7.4266356], [125.7548842, 7.4267593], [125.7547018, 7.4268977]]}, "properties": {"city": "tagum", "name": "", "highway": "unclassified", "v_posted": 40, "posted_imputed": false, "v_safe": 30, "gap": 10, "R": 3.16, "exposure": 0.0, "vru_150m": 0, "sss": 12.5, "recommended": 30, "fatal_reduction_pct": 68.4, "why": "local road, frontage/pedestrian mixing", "pop_density": 0.0, "pop_density_peak": 0.0, "v_design": 40, "design_gap": 10}}, {"type": "Feature", "geometry": {"type": "LineString", "coordinates": [[125.7768032, 7.4100069], [125.7758908, 7.40885], [125.7731916, 7.4054878], [125.7729515, 7.4052285], [125.7728201, 7.4050755], [125.7727343, 7.4049851], [125.7726753, 7.404912], [125.7726082, 7.4048215], [125.7725251, 7.4046952], [125.7724191, 7.4045409], [125.7722032, 7.4042723], [125.7718652, 7.403876], [125.7716279, 7.4035953], [125.7712913, 7.403207], [125.7710244, 7.4028639]]}, "properties": {"city": "tagum", "name": "", "highway": "unclassified", "v_posted": 40, "posted_imputed": false, "v_safe": 30, "gap": 10, "R": 3.16, "exposure": 0.018, "vru_150m": 0, "sss": 12.7, "recommended": 30, "fatal_reduction_pct": 68.4, "why": "local road, frontage/pedestrian mixing", "pop_density": 574.8, "pop_density_peak": 2685.1, "v_design": 40, "design_gap": 10}}, {"type": "Feature", "geometry": {"type": "LineString", "coordinates": [[125.7639219, 7.4085692], [125.7640855, 7.4087774], [125.7644332, 7.4092415], [125.7647782, 7.4096711], [125.7651678, 7.4101718], [125.7656444, 7.4107662], [125.7661924, 7.4114498], [125.7671124, 7.4126201], [125.7680016, 7.4137319], [125.7684465, 7.4142668], [125.7696806, 7.4157507]]}, "properties": {"city": "tagum", "name": "", "highway": "unclassified", "v_posted": 40, "posted_imputed": false, "v_safe": 30, "gap": 10, "R": 3.16, "exposure": 0.0, "vru_150m": 0, "sss": 12.5, "recommended": 30, "fatal_reduction_pct": 68.4, "why": "local road, frontage/pedestrian mixing", "pop_density": 0.0, "pop_density_peak": 0.0, "v_design": 40, "design_gap": 10}}, {"type": "Feature", "geometry": {"type": "LineString", "coordinates": [[125.7547018, 7.4268977], [125.7549244, 7.4270479], [125.7551511, 7.4271915], [125.7555279, 7.427411], [125.755654, 7.4274788], [125.7557707, 7.4275293], [125.7560255, 7.4276251], [125.7563526, 7.42777], [125.7565679, 7.4278658], [125.7567068, 7.4279197], [125.7570474, 7.4280227], [125.7573518, 7.4281091], [125.7576348, 7.428169], [125.7579097, 7.4282129], [125.7582128, 7.4282621], [125.7585186, 7.4283153], [125.7586594, 7.4283326], [125.7587466, 7.4283332], [125.758815, 7.4283219], [125.7589477, 7.4282821], [125.7590215, 7.4282574], [125.7590993, 7.4282248], [125.7591529, 7.4281989], [125.7591972, 7.4281843], [125.759232, 7.4281783], [125.7593232, 7.4281823], [125.7594144, 7.4282036], [125.7595754, 7.4282461], [125.7597189, 7.4282794], [125.7601574, 7.4283758], [125.7602996, 7.4284044], [125.7604203, 7.4284376], [125.7605664, 7.4285094], [125.7606845, 7.4285773], [125.7608199, 7.4286557], [125.7609554, 7.4287302], [125.7610935, 7.428806], [125.761186, 7.4288632], [125.7612625, 7.4289257], [125.7613362, 7.4289762], [125.7614127, 7.4290188], [125.7614905, 7.4290387], [125.7615461, 7.4290394], [125.7616031, 7.4290181], [125.761705, 7.4289722], [125.7618177, 7.4288977], [125.761935, 7.4288113], [125.7620457, 7.4287355], [125.7621362, 7.428693], [125.7621932, 7.428669], [125.7622509, 7.4286531], [125.7623052, 7.4286544], [125.7623488, 7.4286664], [125.7623816, 7.4286763], [125.7624098, 7.4286956], [125.7624641, 7.4287608], [125.7626612, 7.4290095], [125.7629094, 7.4292967], [125.7631011, 7.429564], [125.7633908, 7.4299576], [125.7637542, 7.4304178], [125.7639688, 7.4306797], [125.7643048, 7.4310814], [125.7644885, 7.4313094], [125.7645207, 7.4313526], [125.7645395, 7.4313713], [125.7645623, 7.4313879], [125.7645924, 7.4314025], [125.7646253, 7.4314052], [125.7646622, 7.4313979], [125.7647058, 7.4313733], [125.7650841, 7.4310566]]}, "properties": {"city": "tagum", "name": "", "highway": "unclassified", "v_posted": 40, "posted_imputed": false, "v_safe": 30, "gap": 10, "R": 3.16, "exposure": 0.0, "vru_150m": 0, "sss": 12.5, "recommended": 30, "fatal_reduction_pct": 68.4, "why": "local road, frontage/pedestrian mixing", "pop_density": 0.0, "pop_density_peak": 0.0, "v_design": 35, "design_gap": 5}}, {"type": "Feature", "geometry": {"type": "LineString", "coordinates": [[125.76487, 7.4420205], [125.7647802, 7.4380257], [125.7648057, 7.4377704], [125.7648794, 7.4375284], [125.7650665, 7.4371123], [125.7658705, 7.4353235], [125.7659268, 7.4351294], [125.7659534, 7.434981], [125.7659644, 7.4349193], [125.7659523, 7.4346865], [125.7659181, 7.4344888], [125.7656398, 7.4335894], [125.7655433, 7.4331985], [125.7654601, 7.4327942], [125.7653783, 7.4323966], [125.7652925, 7.4319644], [125.7650841, 7.4310566], [125.7647306, 7.4292781], [125.7645328, 7.4284172], [125.7643618, 7.427673], [125.76417, 7.4268285], [125.7639554, 7.4257753], [125.7638213, 7.4250199], [125.7637046, 7.4243749], [125.7635987, 7.4237126], [125.7635503, 7.4233148], [125.7635042, 7.422988], [125.7634524, 7.422449], [125.7634082, 7.4220091], [125.7633733, 7.4215647], [125.7632977, 7.4208542], [125.7632446, 7.4201419], [125.7631802, 7.4193837], [125.7630032, 7.4176976], [125.7628368, 7.4159898], [125.7628156, 7.4157144], [125.7627966, 7.4154419], [125.7627867, 7.4152294], [125.7627833, 7.41499], [125.7628027, 7.4141794], [125.7628192, 7.4136883], [125.7628459, 7.4128965], [125.7628736, 7.412071], [125.7628986, 7.4113288], [125.7629381, 7.410519], [125.7629695, 7.4098761], [125.7629804, 7.4096318], [125.7629971, 7.4094591], [125.7630081, 7.4093941], [125.7630235, 7.4093355], [125.7630516, 7.4092737]]}, "properties": {"city": "tagum", "name": "Tagum City Bypass Road", "highway": "primary", "v_posted": 80, "posted_imputed": false, "v_safe": 50, "gap": 30, "R": 6.55, "exposure": 0.0, "vru_150m": 0, "sss": 37.5, "recommended": 50, "fatal_reduction_pct": 84.7, "why": "undivided arterial, side-impact intersections", "pop_density": 0.0, "pop_density_peak": 0.0, "v_design": 60, "design_gap": 10}}, {"type": "Feature", "geometry": {"type": "LineString", "coordinates": [[125.7672349, 7.394273], [125.7670765, 7.394418]]}, "properties": {"city": "tagum", "name": "", "highway": "unclassified", "v_posted": 80, "posted_imputed": false, "v_safe": 30, "gap": 50, "R": 50.57, "exposure": 0.0, "vru_150m": 0, "sss": 50.0, "recommended": 30, "fatal_reduction_pct": 98.0, "why": "local road, frontage/pedestrian mixing", "pop_density": 0.0, "pop_density_peak": 0.0, "v_design": 40, "design_gap": 10}}, {"type": "Feature", "geometry": {"type": "LineString", "coordinates": [[125.767295, 7.3942091], [125.7672349, 7.394273]]}, "properties": {"city": "tagum", "name": "", "highway": "unclassified", "v_posted": 80, "posted_imputed": false, "v_safe": 30, "gap": 50, "R": 50.57, "exposure": 0.0, "vru_150m": 0, "sss": 50.0, "recommended": 30, "fatal_reduction_pct": 98.0, "why": "local road, frontage/pedestrian mixing", "pop_density": 0.0, "pop_density_peak": 0.0, "v_design": 40, "design_gap": 10}}, {"type": "Feature", "geometry": {"type": "LineString", "coordinates": [[125.7670765, 7.394418], [125.766643, 7.3948151], [125.7658249, 7.3955014], [125.7653117, 7.3959277], [125.7646179, 7.3965041], [125.7630354, 7.3977862], [125.7621346, 7.3985242]]}, "properties": {"city": "tagum", "name": "", "highway": "unclassified", "v_posted": 80, "posted_imputed": false, "v_safe": 30, "gap": 50, "R": 50.57, "exposure": 0.0, "vru_150m": 0, "sss": 50.0, "recommended": 30, "fatal_reduction_pct": 98.0, "why": "local road, frontage/pedestrian mixing", "pop_density": 0.0, "pop_density_peak": 0.0, "v_design": 40, "design_gap": 10}}, {"type": "Feature", "geometry": {"type": "LineString", "coordinates": [[125.7788151, 7.4083895], [125.7782382, 7.4088379], [125.7768032, 7.4100069], [125.7762051, 7.4105189], [125.7740352, 7.4122238], [125.7732352, 7.4128755]]}, "properties": {"city": "tagum", "name": "", "highway": "unclassified", "v_posted": 40, "posted_imputed": false, "v_safe": 30, "gap": 10, "R": 3.16, "exposure": 0.253, "vru_150m": 0, "sss": 15.7, "recommended": 30, "fatal_reduction_pct": 68.4, "why": "local road, frontage/pedestrian mixing", "pop_density": 8175.3, "pop_density_peak": 30016.1, "v_design": 40, "design_gap": 10}}, {"type": "Feature", "geometry": {"type": "LineString", "coordinates": [[125.7630516, 7.4092737], [125.7630837, 7.4092365], [125.7631534, 7.4091717], [125.763238, 7.4090987], [125.7633982, 7.4089675], [125.7639219, 7.4085692], [125.7674718, 7.4057605], [125.7703498, 7.4034092], [125.7710244, 7.4028639], [125.7724661, 7.4016989], [125.7729977, 7.4012386]]}, "properties": {"city": "tagum", "name": "Tagum City Bypass Road", "highway": "primary", "v_posted": 80, "posted_imputed": false, "v_safe": 50, "gap": 30, "R": 6.55, "exposure": 0.183, "vru_150m": 0, "sss": 44.4, "recommended": 50, "fatal_reduction_pct": 84.7, "why": "undivided arterial, side-impact intersections", "pop_density": 5918.0, "pop_density_peak": 14795.1, "v_design": 60, "design_gap": 10}}, {"type": "Feature", "geometry": {"type": "LineString", "coordinates": [[125.7582611, 7.3956543], [125.7590602, 7.3960187], [125.7597108, 7.3963153], [125.7609084, 7.3968459], [125.7614569, 7.3970654], [125.7616145, 7.3971392], [125.7616957, 7.3972063], [125.7617345, 7.3972675], [125.7617694, 7.3973713], [125.7618069, 7.3975732], [125.7618659, 7.397887], [125.761941, 7.3981264], [125.7620229, 7.3983075], [125.7621346, 7.3985242]]}, "properties": {"city": "tagum", "name": "Canocotan-Bincungan Road", "highway": "tertiary", "v_posted": 80, "posted_imputed": false, "v_safe": 50, "gap": 30, "R": 6.55, "exposure": 0.0, "vru_150m": 0, "sss": 37.5, "recommended": 50, "fatal_reduction_pct": 84.7, "why": "undivided arterial, side-impact intersections", "pop_density": 0.0, "pop_density_peak": 0.0, "v_design": 45, "design_gap": -5}}, {"type": "Feature", "geometry": {"type": "LineString", "coordinates": [[125.7709187, 7.3986789], [125.7712488, 7.3988143], [125.7713949, 7.3988729], [125.7714486, 7.3988944], [125.7715927, 7.3989502], [125.7717204, 7.3989993], [125.7718337, 7.3990398], [125.771878, 7.3990484], [125.7720441, 7.3991096]]}, "properties": {"city": "tagum", "name": "Tagum City Bypass Road", "highway": "primary", "v_posted": 80, "posted_imputed": false, "v_safe": 50, "gap": 30, "R": 6.55, "exposure": 0.158, "vru_150m": 0, "sss": 43.4, "recommended": 50, "fatal_reduction_pct": 84.7, "why": "undivided arterial, side-impact intersections", "pop_density": 5125.2, "pop_density_peak": 8263.3, "v_design": 60, "design_gap": 10}}, {"type": "Feature", "geometry": {"type": "LineString", "coordinates": [[125.7813044, 7.3955451], [125.7817098, 7.3953566], [125.7817479, 7.39534], [125.7819633, 7.3952424], [125.7823968, 7.3950518], [125.7830214, 7.3947697], [125.7835055, 7.3945518], [125.7841164, 7.3942687], [125.7846529, 7.3940324], [125.7852352, 7.393783], [125.78592, 7.3934905], [125.7865458, 7.393212], [125.7870901, 7.3929698], [125.7877134, 7.3926882], [125.7884338, 7.3923626], [125.7890653, 7.3920735], [125.7891454, 7.3920368]]}, "properties": {"city": "tagum", "name": "Tagum City Bypass Road", "highway": "primary", "v_posted": 80, "posted_imputed": false, "v_safe": 50, "gap": 30, "R": 6.55, "exposure": 0.24, "vru_150m": 0, "sss": 46.5, "recommended": 50, "fatal_reduction_pct": 84.7, "why": "undivided arterial, side-impact intersections", "pop_density": 7775.2, "pop_density_peak": 22332.3, "v_design": 60, "design_gap": 10}}, {"type": "Feature", "geometry": {"type": "LineString", "coordinates": [[125.8015486, 7.425183], [125.8023754, 7.4245172], [125.8032363, 7.4238662], [125.8033075, 7.4238204], [125.8033966, 7.4237752], [125.8034925, 7.4237399], [125.8036078, 7.4237033], [125.8045381, 7.4234408], [125.8046204, 7.423421], [125.8050817, 7.4232991], [125.8063075, 7.422956], [125.8065543, 7.4228801], [125.806683, 7.4228203], [125.8069555, 7.4226498], [125.8072355, 7.4224745]]}, "properties": {"city": "tagum", "name": "", "highway": "unclassified", "v_posted": 40, "posted_imputed": false, "v_safe": 30, "gap": 10, "R": 3.16, "exposure": 0.006, "vru_150m": 0, "sss": 12.6, "recommended": 30, "fatal_reduction_pct": 68.4, "why": "local road, frontage/pedestrian mixing", "pop_density": 192.6, "pop_density_peak": 963.0, "v_design": 40, "design_gap": 10}}, {"type": "Feature", "geometry": {"type": "LineString", "coordinates": [[125.7978349, 7.428108], [125.7987531, 7.4273937], [125.7990394, 7.4271683], [125.7990991, 7.4271184], [125.7993407, 7.4269311], [125.8003671, 7.4261497], [125.8003978, 7.4261246], [125.8009331, 7.4256866], [125.8010836, 7.4255634], [125.8015486, 7.425183]]}, "properties": {"city": "tagum", "name": "", "highway": "unclassified", "v_posted": 40, "posted_imputed": false, "v_safe": 30, "gap": 10, "R": 3.16, "exposure": 0.112, "vru_150m": 0, "sss": 13.9, "recommended": 30, "fatal_reduction_pct": 68.4, "why": "local road, frontage/pedestrian mixing", "pop_density": 3613.0, "pop_density_peak": 5430.6, "v_design": 40, "design_gap": 10}}, {"type": "Feature", "geometry": {"type": "LineString", "coordinates": [[125.7958, 7.4296685], [125.7959182, 7.4295808], [125.7965845, 7.4290866], [125.7974679, 7.4283816], [125.7978349, 7.428108]]}, "properties": {"city": "tagum", "name": "", "highway": "unclassified", "v_posted": 40, "posted_imputed": false, "v_safe": 30, "gap": 10, "R": 3.16, "exposure": 0.482, "vru_150m": 1, "sss": 18.5, "recommended": 30, "fatal_reduction_pct": 68.4, "why": "local road, frontage/pedestrian mixing", "pop_density": 11388.5, "pop_density_peak": 27330.8, "v_design": 40, "design_gap": 10}}, {"type": "Feature", "geometry": {"type": "LineString", "coordinates": [[125.8406076, 7.3908414], [125.8408115, 7.3914211], [125.841052, 7.3921046], [125.8412257, 7.3925981], [125.8413721, 7.3930196], [125.8415217, 7.3934472], [125.8416858, 7.3938919], [125.8419944, 7.3947532], [125.8422219, 7.3954072], [125.8425771, 7.3964357], [125.842984, 7.397574], [125.8432537, 7.3983467], [125.8433944, 7.3987371], [125.8434574, 7.3989047], [125.8435153, 7.3990409], [125.8435848, 7.399188], [125.8437124, 7.3994306], [125.8439748, 7.3999307], [125.8442955, 7.4005418], [125.8446978, 7.4013019], [125.8449434, 7.401788], [125.845131, 7.4021989], [125.8453472, 7.4027407], [125.8457172, 7.403715], [125.8460459, 7.4045854], [125.8461985, 7.4049786], [125.8463143, 7.405277], [125.846424, 7.4055317], [125.8465568, 7.4058209], [125.8467371, 7.4062104], [125.8468436, 7.4064308], [125.8468893, 7.4065146], [125.8469577, 7.4065956], [125.8470556, 7.4066741], [125.8471548, 7.4067393], [125.8476186, 7.4070091], [125.8484302, 7.4074667], [125.848618, 7.4076037], [125.8487307, 7.4077008], [125.8490266, 7.407986], [125.8493489, 7.4082966], [125.8494937, 7.4084283], [125.849711, 7.4086171], [125.8497928, 7.4086716], [125.8499027, 7.4087222], [125.8500396, 7.4087661], [125.8502032, 7.4088033], [125.8504442, 7.4088517], [125.8506742, 7.408898], [125.8508619, 7.4089321], [125.851069, 7.4089721], [125.8512877, 7.4090144]]}, "properties": {"city": "tagum", "name": "Dumlan Road", "highway": "tertiary", "v_posted": 80, "posted_imputed": false, "v_safe": 50, "gap": 30, "R": 6.55, "exposure": 0.0, "vru_150m": 0, "sss": 37.5, "recommended": 50, "fatal_reduction_pct": 84.7, "why": "undivided arterial, side-impact intersections", "pop_density": 0.0, "pop_density_peak": 0.0, "v_design": 45, "design_gap": -5}}, {"type": "Feature", "geometry": {"type": "LineString", "coordinates": [[125.8592684, 7.4189643], [125.8592884, 7.4189199], [125.8593093, 7.4188875], [125.8593351, 7.4188586], [125.8594461, 7.4187675], [125.859552, 7.4186824], [125.8596251, 7.4186285], [125.8596801, 7.418594], [125.8597525, 7.418554], [125.8598174, 7.4185275], [125.8598705, 7.4185116], [125.8599242, 7.4185009], [125.8599805, 7.4184952], [125.8600787, 7.4184932], [125.8601515, 7.4184876], [125.8602219, 7.4184737], [125.8603051, 7.418445], [125.8603721, 7.4184157], [125.8604479, 7.4183752], [125.8605123, 7.4183307], [125.8605753, 7.4182794], [125.860633, 7.4182169], [125.8606792, 7.4181538], [125.8607262, 7.41807], [125.8607615, 7.4179868], [125.8607978, 7.4178883], [125.8608548, 7.4177202], [125.8609111, 7.4175518], [125.8609707, 7.4173735]]}, "properties": {"city": "tagum", "name": "Mawab-Maco Road", "highway": "primary", "v_posted": 80, "posted_imputed": false, "v_safe": 70, "gap": 10, "R": 1.71, "exposure": 0.031, "vru_150m": 0, "sss": 12.9, "recommended": 70, "fatal_reduction_pct": 41.4, "why": "divided carriageway (head-on only, no side impact)", "pop_density": 1009.2, "pop_density_peak": 2304.9, "v_design": 60, "design_gap": -10}}, {"type": "Feature", "geometry": {"type": "LineString", "coordinates": [[125.8538624, 7.3890331], [125.8537772, 7.3895237], [125.8537605, 7.3896236], [125.8537506, 7.3896827], [125.85365, 7.3902736], [125.8535704, 7.3907412], [125.8534953, 7.3911543], [125.8534224, 7.3915537], [125.8533195, 7.3921174], [125.8532152, 7.3926884], [125.853163, 7.3929743], [125.853058, 7.3935287], [125.8529887, 7.3938948], [125.8528977, 7.3944155], [125.8528423, 7.3947327], [125.8527491, 7.3952086], [125.8526491, 7.3957373], [125.8525771, 7.3961174], [125.8525031, 7.3965441], [125.8524098, 7.3970355], [125.8523354, 7.3974271], [125.852239, 7.3979136], [125.8521293, 7.3984674], [125.8520471, 7.398882], [125.8519693, 7.3992717], [125.8519118, 7.399616], [125.8518486, 7.3999939], [125.8517844, 7.4003285], [125.8517359, 7.4005814], [125.851661, 7.400972], [125.8516185, 7.4011926], [125.8515795, 7.4013963], [125.851536, 7.4016229], [125.8514694, 7.4019804], [125.8514417, 7.4021291], [125.8513911, 7.4024186], [125.8513202, 7.402824], [125.8512787, 7.4030672], [125.8512114, 7.4034621], [125.8511341, 7.4039152], [125.8510641, 7.4043255], [125.8510051, 7.4046221], [125.8509837, 7.4047431], [125.8509676, 7.4048761], [125.8509648, 7.4049905], [125.8509688, 7.4051195], [125.8510173, 7.4057173], [125.8510812, 7.4065052], [125.8511217, 7.4070053], [125.85117, 7.4076037], [125.8512137, 7.4080447], [125.851268, 7.4086012], [125.8512804, 7.4088066], [125.8512877, 7.4090144]]}, "properties": {"city": "tagum", "name": "Mawab-Maco Road", "highway": "primary", "v_posted": 80, "posted_imputed": false, "v_safe": 50, "gap": 30, "R": 6.55, "exposure": 0.071, "vru_150m": 0, "sss": 40.2, "recommended": 50, "fatal_reduction_pct": 84.7, "why": "undivided arterial, side-impact intersections", "pop_density": 2307.9, "pop_density_peak": 15391.9, "v_design": 60, "design_gap": 10}}, {"type": "Feature", "geometry": {"type": "LineString", "coordinates": [[125.8362678, 7.3970278], [125.837022, 7.3964107]]}, "properties": {"city": "tagum", "name": "Surigao-Davao Coastal Road", "highway": "trunk", "v_posted": 80, "posted_imputed": false, "v_safe": 70, "gap": 10, "R": 1.71, "exposure": 0.0, "vru_150m": 0, "sss": 12.5, "recommended": 70, "fatal_reduction_pct": 41.4, "why": "trunk highway (head-on only; no at-grade ped mixing assumed)", "pop_density": 0.0, "pop_density_peak": 0.0, "v_design": 70, "design_gap": 0}}, {"type": "Feature", "geometry": {"type": "LineString", "coordinates": [[125.8199139, 7.3780331], [125.8200143, 7.3780967], [125.8200485, 7.3781326], [125.8200887, 7.3781904], [125.820135, 7.3782596], [125.8202578, 7.3784205], [125.8204689, 7.3786989], [125.8208285, 7.3791732], [125.8211153, 7.3795588], [125.8214456, 7.3799928], [125.8216256, 7.3802293], [125.8217731, 7.3804381], [125.8218495, 7.3805744], [125.8219099, 7.3807014], [125.8219882, 7.3808832], [125.8220981, 7.3811542], [125.8221773, 7.3813387], [125.8222426, 7.381479], [125.8223078, 7.3815981], [125.8224003, 7.3817581], [125.8228882, 7.382513], [125.8233289, 7.3832076], [125.8239858, 7.3842686], [125.8243788, 7.3848878], [125.8248094, 7.3855213], [125.8252806, 7.3862533], [125.8257242, 7.3869284], [125.8261612, 7.3875934], [125.8268073, 7.388558], [125.8273549, 7.3893987], [125.8279175, 7.3902623], [125.8284071, 7.3910139], [125.8289441, 7.3919016], [125.8294278, 7.3927012], [125.8299694, 7.3935964], [125.8302651, 7.394081], [125.8306204, 7.3946294], [125.8312014, 7.3954852], [125.8317268, 7.396278], [125.8320124, 7.3967183], [125.8322741, 7.3971179], [125.8326294, 7.3976532], [125.8327568, 7.397846], [125.8328593, 7.3979814], [125.8329673, 7.3981094], [125.8330728, 7.3982289], [125.8332583, 7.3984125], [125.8337411, 7.3988474], [125.8341582, 7.3992199], [125.8346228, 7.3995948], [125.8348958, 7.3998237], [125.8351386, 7.4000296], [125.8355315, 7.4003562], [125.835923, 7.4006816], [125.8362766, 7.4009756], [125.8364111, 7.4010805], [125.8364609, 7.4011057], [125.8365038, 7.4011164], [125.8365508, 7.4011111], [125.8366124, 7.4011024]]}, "properties": {"city": "tagum", "name": "Apokon-Madaum Road", "highway": "tertiary", "v_posted": 80, "posted_imputed": false, "v_safe": 50, "gap": 30, "R": 6.55, "exposure": 0.048, "vru_150m": 0, "sss": 39.3, "recommended": 50, "fatal_reduction_pct": 84.7, "why": "undivided arterial, side-impact intersections", "pop_density": 1549.1, "pop_density_peak": 15842.2, "v_design": 45, "design_gap": -5}}, {"type": "Feature", "geometry": {"type": "LineString", "coordinates": [[125.8537973, 7.4222165], [125.8537779, 7.4222771], [125.8537638, 7.4223549], [125.8537644, 7.4224294], [125.8537879, 7.4225198], [125.8538255, 7.4226262], [125.8540144, 7.4230965], [125.8543314, 7.4238561], [125.8546516, 7.424613], [125.8548902, 7.4252191], [125.8551219, 7.4257723], [125.8551559, 7.4258534], [125.8556843, 7.4271463], [125.8561723, 7.4283948], [125.8563495, 7.4288459], [125.8564298, 7.4291608], [125.8564527, 7.4293246], [125.8564541, 7.429552], [125.856446, 7.429677], [125.8564352, 7.4297885], [125.8563307, 7.430592], [125.8562434, 7.4316064], [125.8562314, 7.4318234], [125.8562341, 7.4318859], [125.8562426, 7.4319718]]}, "properties": {"city": "tagum", "name": "Mawab-Maco Road", "highway": "primary", "v_posted": 80, "posted_imputed": false, "v_safe": 50, "gap": 30, "R": 6.55, "exposure": 0.295, "vru_150m": 1, "sss": 48.6, "recommended": 50, "fatal_reduction_pct": 84.7, "why": "undivided arterial, side-impact intersections", "pop_density": 3846.2, "pop_density_peak": 16449.2, "v_design": 60, "design_gap": 10}}, {"type": "Feature", "geometry": {"type": "LineString", "coordinates": [[125.8354792, 7.3983142], [125.8355435, 7.3985429], [125.8355731, 7.3986414], [125.8356106, 7.398765], [125.8357072, 7.399039], [125.8358842, 7.3994752], [125.8360814, 7.3999114], [125.836475, 7.4007826], [125.8366124, 7.4011024], [125.8370921, 7.4022191], [125.8382237, 7.4048236], [125.8384229, 7.405537], [125.8384887, 7.4059599], [125.8386053, 7.4068363], [125.8386234, 7.4069714], [125.838667, 7.4074415], [125.83873, 7.4079349], [125.8388521, 7.4089177], [125.838883, 7.409161], [125.8388923, 7.4093991], [125.8388829, 7.4095786], [125.8388467, 7.4097874], [125.8387863, 7.4100321], [125.8387247, 7.4102409], [125.8386616, 7.4104231], [125.8383049, 7.4114977], [125.8381104, 7.412031], [125.8379159, 7.4125583], [125.837515, 7.4136588], [125.8373111, 7.4142014], [125.8372079, 7.4144713], [125.8371075, 7.4147496]]}, "properties": {"city": "tagum", "name": "Apokon Road", "highway": "trunk", "v_posted": 80, "posted_imputed": false, "v_safe": 70, "gap": 10, "R": 1.71, "exposure": 0.125, "vru_150m": 0, "sss": 14.1, "recommended": 70, "fatal_reduction_pct": 41.4, "why": "trunk highway (head-on only; no at-grade ped mixing assumed)", "pop_density": 4055.7, "pop_density_peak": 15840.1, "v_design": 70, "design_gap": 0}}, {"type": "Feature", "geometry": {"type": "LineString", "coordinates": [[125.837022, 7.3964107], [125.8373604, 7.3961134], [125.837506, 7.3959861], [125.8375979, 7.3958838], [125.8377054, 7.3957354], [125.8378369, 7.395504], [125.8382884, 7.3946487], [125.8389124, 7.3934665], [125.8396679, 7.3920333], [125.8399982, 7.3914066], [125.840161, 7.3910926], [125.8403105, 7.3907967], [125.8403648, 7.3906716], [125.8404178, 7.3905397]]}, "properties": {"city": "tagum", "name": "Surigao-Davao Coastal Road", "highway": "trunk", "v_posted": 80, "posted_imputed": false, "v_safe": 70, "gap": 10, "R": 1.71, "exposure": 0.0, "vru_150m": 0, "sss": 12.5, "recommended": 70, "fatal_reduction_pct": 41.4, "why": "trunk highway (head-on only; no at-grade ped mixing assumed)", "pop_density": 0.0, "pop_density_peak": 0.0, "v_design": 70, "design_gap": 0}}, {"type": "Feature", "geometry": {"type": "LineString", "coordinates": [[125.8610567, 7.4174591], [125.8610143, 7.4175858], [125.8609579, 7.4177543], [125.8609004, 7.417924], [125.8608627, 7.4180262], [125.8608241, 7.4181172], [125.8607711, 7.4182118], [125.8607173, 7.4182852], [125.8606502, 7.4183579], [125.8605779, 7.4184167], [125.860505, 7.4184671], [125.8604199, 7.4185127], [125.8603332, 7.4185421], [125.8602329, 7.4185556], [125.8601494, 7.418557], [125.8600819, 7.4185561], [125.8599844, 7.418558], [125.8599336, 7.4185631], [125.859886, 7.4185726], [125.8598387, 7.4185868], [125.8597801, 7.4186108], [125.8597125, 7.418648], [125.8596611, 7.4186804], [125.8595909, 7.4187321], [125.8594863, 7.4188162], [125.8593755, 7.4189071], [125.8593492, 7.4189271], [125.859316, 7.4189454], [125.8592684, 7.4189643]]}, "properties": {"city": "tagum", "name": "Mawab-Maco Road", "highway": "primary", "v_posted": 80, "posted_imputed": false, "v_safe": 70, "gap": 10, "R": 1.71, "exposure": 0.031, "vru_150m": 0, "sss": 12.9, "recommended": 70, "fatal_reduction_pct": 41.4, "why": "divided carriageway (head-on only, no side impact)", "pop_density": 1009.2, "pop_density_peak": 2304.9, "v_design": 60, "design_gap": -10}}, {"type": "Feature", "geometry": {"type": "LineString", "coordinates": [[125.8512877, 7.4090144], [125.8516574, 7.4090858], [125.8520395, 7.4091596], [125.8525659, 7.4092544], [125.8529551, 7.4093326], [125.85332, 7.409407], [125.8536177, 7.4094842], [125.8538484, 7.4095653], [125.8540951, 7.4096824], [125.8543526, 7.4098113], [125.8546154, 7.4099537], [125.85483, 7.4100906], [125.8549561, 7.4101877], [125.855125, 7.4103327], [125.8552632, 7.4104736], [125.8554947, 7.410737], [125.8558103, 7.411105], [125.8560107, 7.4113378], [125.8562368, 7.4115894]]}, "properties": {"city": "tagum", "name": "Mawab-Maco Road", "highway": "primary", "v_posted": 80, "posted_imputed": false, "v_safe": 50, "gap": 30, "R": 6.55, "exposure": 0.0, "vru_150m": 0, "sss": 37.5, "recommended": 50, "fatal_reduction_pct": 84.7, "why": "undivided arterial, side-impact intersections", "pop_density": 0.0, "pop_density_peak": 0.0, "v_design": 60, "design_gap": 10}}, {"type": "Feature", "geometry": {"type": "LineString", "coordinates": [[125.8592684, 7.4189643], [125.8584797, 7.4197006], [125.8581613, 7.4200036], [125.8579212, 7.4202231], [125.8577228, 7.420388], [125.8575605, 7.4205024], [125.8574331, 7.4205742], [125.8572708, 7.4206566], [125.8568899, 7.4208122], [125.8562838, 7.421037], [125.8557446, 7.4212431]]}, "properties": {"city": "tagum", "name": "Mawab-Maco Road", "highway": "primary", "v_posted": 80, "posted_imputed": false, "v_safe": 50, "gap": 30, "R": 6.55, "exposure": 0.03, "vru_150m": 0, "sss": 38.6, "recommended": 50, "fatal_reduction_pct": 84.7, "why": "undivided arterial, side-impact intersections", "pop_density": 960.9, "pop_density_peak": 2304.9, "v_design": 60, "design_gap": 10}}, {"type": "Feature", "geometry": {"type": "LineString", "coordinates": [[125.8557446, 7.4212431], [125.8552316, 7.4214439], [125.8545417, 7.4217139], [125.8541876, 7.4218575], [125.8540428, 7.4219453], [125.8539234, 7.422041], [125.8538429, 7.4221261], [125.8537973, 7.4222165]]}, "properties": {"city": "tagum", "name": "Mawab-Maco Road", "highway": "primary", "v_posted": 80, "posted_imputed": false, "v_safe": 50, "gap": 30, "R": 6.55, "exposure": 0.084, "vru_150m": 0, "sss": 40.6, "recommended": 50, "fatal_reduction_pct": 84.7, "why": "undivided arterial, side-impact intersections", "pop_density": 2712.1, "pop_density_peak": 4068.1, "v_design": 60, "design_gap": 10}}, {"type": "Feature", "geometry": {"type": "LineString", "coordinates": [[125.8370438, 7.4147493], [125.8371475, 7.41447], [125.8372508, 7.414196], [125.8374506, 7.4136388], [125.8378628, 7.4125277], [125.8382486, 7.4114817], [125.8386124, 7.4104012], [125.8386684, 7.4102279], [125.8387394, 7.4100165], [125.838792, 7.4097762], [125.8388235, 7.4095716], [125.8388355, 7.4093913], [125.8388209, 7.4091568], [125.8388092, 7.409032], [125.8387916, 7.4089194], [125.8386724, 7.4079322], [125.8386053, 7.4074401], [125.8385577, 7.4069792], [125.8385422, 7.4068422], [125.8384324, 7.4059607], [125.8383651, 7.4055436], [125.838188, 7.4049209], [125.8370286, 7.402223], [125.8365508, 7.4011111], [125.8364166, 7.400798], [125.8356336, 7.3990589], [125.835533, 7.3987907], [125.8354595, 7.3985617], [125.8354792, 7.3983142]]}, "properties": {"city": "tagum", "name": "Apokon Road", "highway": "trunk", "v_posted": 80, "posted_imputed": false, "v_safe": 70, "gap": 10, "R": 1.71, "exposure": 0.165, "vru_150m": 0, "sss": 14.6, "recommended": 70, "fatal_reduction_pct": 41.4, "why": "trunk highway (head-on only; no at-grade ped mixing assumed)", "pop_density": 5333.9, "pop_density_peak": 15840.1, "v_design": 70, "design_gap": 0}}, {"type": "Feature", "geometry": {"type": "LineString", "coordinates": [[125.8354792, 7.3983142], [125.8354859, 7.3980801], [125.8355489, 7.3978633], [125.835616, 7.3977037], [125.8357045, 7.3975614], [125.8357877, 7.397463], [125.8358921, 7.3973724], [125.8362678, 7.3970278]]}, "properties": {"city": "tagum", "name": "Apokon Road", "highway": "trunk", "v_posted": 80, "posted_imputed": false, "v_safe": 70, "gap": 10, "R": 1.71, "exposure": 0.0, "vru_150m": 0, "sss": 12.5, "recommended": 70, "fatal_reduction_pct": 41.4, "why": "trunk highway (head-on only; no at-grade ped mixing assumed)", "pop_density": 0.0, "pop_density_peak": 0.0, "v_design": 70, "design_gap": 0}}, {"type": "Feature", "geometry": {"type": "LineString", "coordinates": [[125.7502815, 7.4388403], [125.7507783, 7.4390055], [125.7512915, 7.4391761], [125.7517414, 7.439324], [125.7524252, 7.4395424], [125.7529985, 7.4397255], [125.7537736, 7.439973], [125.7543193, 7.4401426], [125.754881, 7.4403171], [125.7557829, 7.4405973], [125.7565438, 7.4408384], [125.7571568, 7.4410345], [125.7576015, 7.4411844], [125.7580832, 7.4413517], [125.7583261, 7.4414348], [125.7585675, 7.4415112], [125.7587791, 7.4415625], [125.7589668, 7.4415899], [125.7591761, 7.4416053], [125.760023, 7.4416599], [125.7608153, 7.441711], [125.7615763, 7.44176], [125.7622247, 7.4418018], [125.762848, 7.4418545], [125.7634297, 7.4419037], [125.7638664, 7.4419391], [125.764347, 7.4419781], [125.76487, 7.4420205]]}, "properties": {"city": "tagum", "name": "Tagum-Santo Tomas Road", "highway": "secondary", "v_posted": 80, "posted_imputed": false, "v_safe": 50, "gap": 30, "R": 6.55, "exposure": 0.0, "vru_150m": 0, "sss": 37.5, "recommended": 50, "fatal_reduction_pct": 84.7, "why": "undivided arterial, side-impact intersections", "pop_density": 0.0, "pop_density_peak": 0.0, "v_design": 50, "design_gap": 0}}, {"type": "Feature", "geometry": {"type": "LineString", "coordinates": [[125.7643879, 7.4695194], [125.7643062, 7.4693292], [125.7642507, 7.4692], [125.7639701, 7.4685226], [125.763913, 7.4683983], [125.7637237, 7.4679865], [125.7636667, 7.4678632], [125.7636381, 7.4677625], [125.7636165, 7.4675782], [125.7635834, 7.466968], [125.7635841, 7.4668319], [125.7635855, 7.466558], [125.7635747, 7.4662847], [125.7635597, 7.4656718], [125.7635489, 7.4648497], [125.7635144, 7.4642924], [125.7634943, 7.4636443], [125.7634908, 7.463009], [125.7634778, 7.4625862], [125.7634671, 7.462189], [125.763452, 7.4620181], [125.7634348, 7.4618644], [125.7633938, 7.4617298], [125.7633422, 7.4616145], [125.7629566, 7.4607668], [125.7628188, 7.460534], [125.7627284, 7.4604144], [125.762653, 7.4603482], [125.7625324, 7.4602649], [125.7623967, 7.4601859], [125.7614706, 7.4597247], [125.7613199, 7.4596392], [125.7611562, 7.4595517], [125.761014, 7.4594919], [125.7604605, 7.4593147], [125.7602969, 7.4592506], [125.7601353, 7.459178], [125.7600427, 7.4591225], [125.759948, 7.4590328], [125.7598446, 7.458926], [125.7597434, 7.4587851], [125.7596701, 7.458674], [125.7593277, 7.4579095], [125.7590685, 7.4573235], [125.75899, 7.4571093], [125.7589659, 7.4570084], [125.7589422, 7.456876], [125.7589443, 7.456782], [125.7589573, 7.456656], [125.759065, 7.4562396], [125.7596486, 7.4546828], [125.7602808, 7.453091], [125.7606249, 7.4522394], [125.7609815, 7.4513568]]}, "properties": {"city": "tagum", "name": "Tagum City Bypass Road", "highway": "primary", "v_posted": 80, "posted_imputed": false, "v_safe": 50, "gap": 30, "R": 6.55, "exposure": 0.01, "vru_150m": 0, "sss": 37.9, "recommended": 50, "fatal_reduction_pct": 84.7, "why": "undivided arterial, side-impact intersections", "pop_density": 337.1, "pop_density_peak": 2095.1, "v_design": 55, "design_gap": 5}}, {"type": "Feature", "geometry": {"type": "LineString", "coordinates": [[125.7609815, 7.4513568], [125.7610734, 7.4511216], [125.7611378, 7.4509514], [125.7611713, 7.4508464], [125.7612008, 7.450736], [125.7612276, 7.4506003], [125.7612531, 7.4504474], [125.7612678, 7.4502878], [125.7612813, 7.450111], [125.7612877, 7.4499526], [125.7612987, 7.4495123], [125.7613115, 7.4490017], [125.76133, 7.4482624], [125.7613483, 7.4475312], [125.7613859, 7.4466495], [125.7614033, 7.4465205], [125.7614301, 7.4464102], [125.7614717, 7.4463064], [125.7615253, 7.4462107], [125.7616192, 7.4460764], [125.7618445, 7.4457493], [125.7619263, 7.4456389], [125.7619974, 7.4455298], [125.7620618, 7.4454128], [125.7621248, 7.4452905], [125.7621795, 7.4451636], [125.7623582, 7.4446605], [125.7624648, 7.4443603], [125.7625151, 7.4442539], [125.7625872, 7.4441495], [125.7626743, 7.4440644], [125.7627722, 7.4439891], [125.7630534, 7.4438257], [125.7632383, 7.4437522], [125.7634377, 7.4437067], [125.763655, 7.4436708], [125.763765, 7.4436521], [125.7638468, 7.4436256], [125.7639259, 7.443587], [125.7640077, 7.4435365], [125.7645965, 7.4431269], [125.7646957, 7.4430405], [125.7647695, 7.4429394], [125.7648177, 7.442845], [125.7648539, 7.4427319], [125.76487, 7.4426162], [125.76487, 7.4420205]]}, "properties": {"city": "tagum", "name": "Tagum City Bypass Road", "highway": "primary", "v_posted": 80, "posted_imputed": false, "v_safe": 50, "gap": 30, "R": 6.55, "exposure": 0.0, "vru_150m": 0, "sss": 37.5, "recommended": 50, "fatal_reduction_pct": 84.7, "why": "undivided arterial, side-impact intersections", "pop_density": 0.0, "pop_density_peak": 0.0, "v_design": 60, "design_gap": 10}}, {"type": "Feature", "geometry": {"type": "LineString", "coordinates": [[125.7909117, 7.4531298], [125.7911228, 7.4530504], [125.7913823, 7.4529514], [125.7917445, 7.4527891], [125.7920406, 7.4526502], [125.7920763, 7.4526335], [125.7925306, 7.4524066], [125.7928355, 7.4522683], [125.7931575, 7.4521304], [125.7939895, 7.451774], [125.7942262, 7.4516555], [125.7943543, 7.451579], [125.7944897, 7.4514913], [125.7946255, 7.4514041], [125.7952979, 7.4509725]]}, "properties": {"city": "tagum", "name": "H. A. Misa Street", "highway": "tertiary", "v_posted": 40, "posted_imputed": false, "v_safe": 30, "gap": 10, "R": 3.16, "exposure": 0.581, "vru_150m": 1, "sss": 19.8, "recommended": 30, "fatal_reduction_pct": 68.4, "why": "pedestrian activity (1 VRU site<=50m)", "pop_density": 15404.4, "pop_density_peak": 21634.3, "v_design": 45, "design_gap": 15}}, {"type": "Feature", "geometry": {"type": "LineString", "coordinates": [[125.8089017, 7.45364], [125.8089307, 7.453603], [125.8089736, 7.4535843], [125.8090252, 7.4535784], [125.8097275, 7.4535977], [125.8102138, 7.4536162], [125.8104381, 7.4536136], [125.8105776, 7.4536016], [125.8107206, 7.45357], [125.8108778, 7.4535179], [125.8115462, 7.453234], [125.8118372, 7.4531083], [125.8121708, 7.4529668], [125.8123371, 7.4528982], [125.8124897, 7.4528332], [125.8126925, 7.4527373], [125.8128367, 7.4526615], [125.8129889, 7.4525717], [125.8130854, 7.4525052], [125.8131745, 7.4524359], [125.8132945, 7.4523349], [125.8133933, 7.4522517]]}, "properties": {"city": "tagum", "name": "Domingo Street", "highway": "unclassified", "v_posted": 40, "posted_imputed": false, "v_safe": 30, "gap": 10, "R": 3.16, "exposure": 0.309, "vru_150m": 0, "sss": 16.4, "recommended": 30, "fatal_reduction_pct": 68.4, "why": "local road, frontage/pedestrian mixing", "pop_density": 9981.2, "pop_density_peak": 11292.2, "v_design": 40, "design_gap": 10}}, {"type": "Feature", "geometry": {"type": "LineString", "coordinates": [[125.8113494, 7.4364529], [125.8114313, 7.4368313], [125.8115133, 7.4372097], [125.8115952, 7.4375881], [125.8116196, 7.4376939], [125.8116386, 7.4377567], [125.8116574, 7.4377959], [125.8117023, 7.4378424], [125.8117566, 7.4378663], [125.8118324, 7.4378787], [125.8119445, 7.4378862], [125.811975, 7.4378964], [125.8119996, 7.4379209], [125.8120179, 7.4379615], [125.8120227, 7.4380095], [125.8120128, 7.4382513], [125.8119885, 7.4388429], [125.8119696, 7.439305], [125.8119522, 7.43968], [125.8119346, 7.4400175], [125.8119238, 7.440254], [125.8119163, 7.4405513], [125.8119243, 7.4408716], [125.8119251, 7.4410102], [125.8119281, 7.4410257], [125.8119364, 7.4410378], [125.8119482, 7.4410456], [125.811966, 7.4410491], [125.8123291, 7.4410404], [125.813013, 7.4410085], [125.8130546, 7.4410152], [125.8130988, 7.4410311], [125.8131605, 7.4410604], [125.8138008, 7.4414594], [125.8144293, 7.4418364], [125.8151166, 7.4422486], [125.8155053, 7.4424818], [125.8156995, 7.4425983]]}, "properties": {"city": "tagum", "name": "Evan Road", "highway": "unclassified", "v_posted": 40, "posted_imputed": false, "v_safe": 30, "gap": 10, "R": 3.16, "exposure": 0.449, "vru_150m": 0, "sss": 18.1, "recommended": 30, "fatal_reduction_pct": 68.4, "why": "local road, frontage/pedestrian mixing", "pop_density": 14534.9, "pop_density_peak": 22982.0, "v_design": 35, "design_gap": 5}}, {"type": "Feature", "geometry": {"type": "LineString", "coordinates": [[125.7968279, 7.4593229], [125.7967836, 7.4592977], [125.7967407, 7.4592445], [125.7967159, 7.459172], [125.7965939, 7.4585257], [125.7964061, 7.4575311], [125.7963149, 7.4570045], [125.7961017, 7.455833], [125.7959665, 7.455052]]}, "properties": {"city": "tagum", "name": "Estrella Street", "highway": "residential", "v_posted": 40, "posted_imputed": false, "v_safe": 30, "gap": 10, "R": 3.16, "exposure": 0.567, "vru_150m": 0, "sss": 19.6, "recommended": 30, "fatal_reduction_pct": 68.4, "why": "local road, frontage/pedestrian mixing", "pop_density": 18329.9, "pop_density_peak": 22621.6, "v_design": 35, "design_gap": 5}}, {"type": "Feature", "geometry": {"type": "LineString", "coordinates": [[125.8000082, 7.435088], [125.8000706, 7.4350418]]}, "properties": {"city": "tagum", "name": "Paulino Manigo Street", "highway": "tertiary", "v_posted": 40, "posted_imputed": false, "v_safe": 30, "gap": 10, "R": 3.16, "exposure": 0.916, "vru_150m": 3, "sss": 24.0, "recommended": 30, "fatal_reduction_pct": 68.4, "why": "pedestrian activity (1 VRU site<=50m)", "pop_density": 25554.4, "pop_density_peak": 25554.4, "v_design": 45, "design_gap": 15}}, {"type": "Feature", "geometry": {"type": "LineString", "coordinates": [[125.7977385, 7.4590132], [125.7972805, 7.4592039], [125.7970512, 7.4592977], [125.7969479, 7.4593289], [125.7968748, 7.4593356], [125.7968279, 7.4593229]]}, "properties": {"city": "tagum", "name": "Estrella Street", "highway": "residential", "v_posted": 40, "posted_imputed": false, "v_safe": 30, "gap": 10, "R": 3.16, "exposure": 0.59, "vru_150m": 0, "sss": 19.9, "recommended": 30, "fatal_reduction_pct": 68.4, "why": "local road, frontage/pedestrian mixing", "pop_density": 19070.0, "pop_density_peak": 22621.6, "v_design": 35, "design_gap": 5}}, {"type": "Feature", "geometry": {"type": "LineString", "coordinates": [[125.8128999, 7.4641532], [125.8129576, 7.4641553], [125.8130097, 7.4641508], [125.8130606, 7.464138], [125.8131061, 7.4641232], [125.8131813, 7.4640912], [125.8139015, 7.4637843], [125.8143501, 7.4635834], [125.8148153, 7.4633879], [125.8150657, 7.4632853], [125.8156912, 7.463016], [125.8165133, 7.4626586], [125.8168814, 7.4625137], [125.8172715, 7.4623418], [125.8175295, 7.4622132], [125.8177324, 7.4621083], [125.8178187, 7.4620623], [125.8183826, 7.4617749], [125.8186636, 7.4616249], [125.8188945, 7.4615079], [125.8196057, 7.4611476], [125.8196611, 7.4611192], [125.8198546, 7.4610202], [125.8200022, 7.4609446], [125.8200452, 7.4609207], [125.820092, 7.4608947], [125.8202802, 7.4607718]]}, "properties": {"city": "tagum", "name": "Capitol Circumferential Road", "highway": "secondary", "v_posted": 40, "posted_imputed": false, "v_safe": 30, "gap": 10, "R": 3.16, "exposure": 0.515, "vru_150m": 1, "sss": 18.9, "recommended": 30, "fatal_reduction_pct": 68.4, "why": "pedestrian activity (1 VRU site<=50m)", "pop_density": 12737.5, "pop_density_peak": 22812.4, "v_design": 50, "design_gap": 20}}, {"type": "Feature", "geometry": {"type": "LineString", "coordinates": [[125.861952, 7.4450122], [125.8619526, 7.4451602], [125.8619432, 7.4453051], [125.8619218, 7.4454567], [125.8618842, 7.4456322], [125.8618387, 7.4457825], [125.8617541, 7.4460365], [125.8616911, 7.4462053], [125.8616066, 7.4464181], [125.8615342, 7.4465817], [125.8614457, 7.4467347], [125.8613223, 7.4468769], [125.8611587, 7.4470711], [125.8610326, 7.4472532], [125.8606846, 7.4477585], [125.8598893, 7.4487965], [125.8597773, 7.4489461], [125.8587286, 7.4505352], [125.8586649, 7.450603], [125.85862, 7.4506442], [125.858567, 7.4506781], [125.8585277, 7.4506925], [125.8584778, 7.4507107], [125.8583263, 7.4507519], [125.8581519, 7.4507985], [125.8579937, 7.4508623], [125.8578931, 7.4509168], [125.857822, 7.4509673], [125.8577402, 7.4510498], [125.8576356, 7.451224], [125.8576135, 7.4512665], [125.85759, 7.4513264], [125.8575779, 7.4514009], [125.8575793, 7.4516482], [125.8575752, 7.4518184], [125.8575652, 7.4518869], [125.8575457, 7.4519594], [125.8575343, 7.4520019], [125.8575068, 7.4520524], [125.8573231, 7.4523397], [125.8570629, 7.4526668], [125.8570079, 7.4527399], [125.8569811, 7.4527878], [125.8569543, 7.4528543], [125.8569469, 7.4528869], [125.8569456, 7.4529274], [125.8569516, 7.4529667], [125.8569691, 7.4530159], [125.8569999, 7.453087], [125.8571662, 7.4533835], [125.8572011, 7.453454], [125.8572265, 7.4535498], [125.8573633, 7.4539115], [125.8574747, 7.4541827], [125.8574961, 7.4542346], [125.8575135, 7.4542931], [125.8575162, 7.4543569], [125.8575042, 7.454442], [125.8574928, 7.4544912], [125.8574639, 7.4545564], [125.8572641, 7.4549407], [125.8572333, 7.4550165], [125.8571917, 7.4551601], [125.8571796, 7.4552771], [125.857193, 7.4553928], [125.85724, 7.4555298], [125.8573821, 7.4558317], [125.8574358, 7.4559699], [125.8574854, 7.4561654], [125.8575243, 7.4563529], [125.8575404, 7.4566441], [125.8575471, 7.4567452], [125.8575323, 7.4568981], [125.8575109, 7.4569939], [125.857476, 7.4571002], [125.8574089, 7.4572798], [125.8573379, 7.4574101], [125.8572265, 7.4575603], [125.8569972, 7.4578821], [125.8567666, 7.4582226], [125.856729, 7.4582744], [125.8566727, 7.4583781], [125.8566378, 7.4584606], [125.8566163, 7.4585271], [125.8565989, 7.4586095], [125.8565935, 7.4586827], [125.8565882, 7.4587944], [125.8566029, 7.4588914], [125.8566445, 7.4590085], [125.8567089, 7.4591441], [125.8567947, 7.4592784], [125.8569114, 7.4594539], [125.8570183, 7.4595827]]}, "properties": {"city": "tagum", "name": "Mawab-Maco Road", "highway": "primary", "v_posted": 80, "posted_imputed": false, "v_safe": 50, "gap": 30, "R": 6.55, "exposure": 0.114, "vru_150m": 0, "sss": 41.8, "recommended": 50, "fatal_reduction_pct": 84.7, "why": "undivided arterial, side-impact intersections", "pop_density": 3683.6, "pop_density_peak": 30725.4, "v_design": 55, "design_gap": 5}}, {"type": "Feature", "geometry": {"type": "LineString", "coordinates": [[125.8570183, 7.4595827], [125.8571286, 7.4597039], [125.8572534, 7.4598342], [125.8573902, 7.4599592], [125.857594, 7.4601348], [125.8578515, 7.4603582], [125.8582807, 7.4606919], [125.8583893, 7.4607584], [125.8584791, 7.4607903], [125.858565, 7.4608076], [125.8586977, 7.4608236], [125.8588734, 7.4608143], [125.8590558, 7.460801], [125.8591497, 7.4608262], [125.8592302, 7.4608648], [125.8592892, 7.460906], [125.8594085, 7.4610124], [125.8594917, 7.4611028], [125.8595949, 7.4612384], [125.8596566, 7.4613488], [125.8597089, 7.4614539], [125.8597532, 7.4615935], [125.8597948, 7.4617384], [125.8598229, 7.4618209], [125.8598699, 7.4619126], [125.8599423, 7.462039], [125.860012, 7.4621427], [125.8601046, 7.4622544], [125.860173, 7.4623315], [125.860295, 7.4624097], [125.8609052, 7.4627278], [125.8609883, 7.4627756], [125.8610809, 7.4628567], [125.8611801, 7.4629538], [125.8613037, 7.4631028], [125.8615476, 7.4635918], [125.8617769, 7.4640721], [125.861852, 7.4641985], [125.8619553, 7.4643301], [125.8620693, 7.4644431], [125.862418, 7.4647171], [125.8627398, 7.4649897], [125.8628002, 7.4650575], [125.8628458, 7.4651279], [125.8628914, 7.4652303], [125.8629718, 7.4655109], [125.863, 7.4655894], [125.8630549, 7.4656665], [125.8631542, 7.4657303], [125.8632749, 7.4657782], [125.8635512, 7.4658181], [125.8637363, 7.4658207], [125.8639656, 7.4658008], [125.8648185, 7.4655561], [125.8649915, 7.4655083], [125.8651015, 7.4654763], [125.8652142, 7.4654657], [125.8652745, 7.465463], [125.8653671, 7.4654737], [125.865422, 7.4654963], [125.8654891, 7.4655415], [125.8655803, 7.4656372], [125.8658941, 7.4659457], [125.8660188, 7.4660787], [125.8661475, 7.4661798], [125.8662066, 7.4662123], [125.8662824, 7.4662429], [125.8663782, 7.4662675], [125.8664661, 7.4662795], [125.8665754, 7.4662822], [125.8666706, 7.4662715], [125.8668007, 7.4662197], [125.8669563, 7.4661372], [125.8671319, 7.4660348], [125.8672138, 7.4659511], [125.8672741, 7.4658779], [125.8673438, 7.4657543], [125.8674149, 7.4655508], [125.8674671, 7.4654298], [125.8675343, 7.4653048], [125.8676308, 7.4651718], [125.8678535, 7.464858], [125.8679768, 7.4646785], [125.868178, 7.4644498], [125.8682585, 7.4643939], [125.8683416, 7.4643727], [125.8684194, 7.4643766], [125.8685222, 7.4644006], [125.8685777, 7.4644458], [125.868634, 7.4645123], [125.8686769, 7.4645881], [125.8688056, 7.4651306], [125.8688298, 7.4651904], [125.8688767, 7.4652782], [125.8689626, 7.4654019], [125.8691731, 7.4656359], [125.8693314, 7.4657981], [125.8695339, 7.4659604], [125.8696868, 7.4660867], [125.8698598, 7.4662476], [125.8700193, 7.4664484], [125.8701883, 7.4667037], [125.8703586, 7.4669843], [125.8704002, 7.467084], [125.8704257, 7.4671731], [125.8705008, 7.4675587], [125.8705397, 7.4676997], [125.8705974, 7.4678326], [125.8707891, 7.4681916], [125.8708629, 7.4682927], [125.870946, 7.4683698], [125.8710372, 7.468427], [125.8711123, 7.4684483], [125.8711807, 7.4684656], [125.8712853, 7.4684736], [125.8713712, 7.4684722], [125.8714677, 7.4684576], [125.8715549, 7.4684204], [125.8716971, 7.4683472], [125.8718312, 7.4682382], [125.8720806, 7.4680268], [125.8721624, 7.467931], [125.8722442, 7.4678034], [125.8723783, 7.4675534], [125.8724186, 7.4674882], [125.8724615, 7.467447], [125.8725353, 7.4673978], [125.8727668, 7.467297], [125.873183, 7.4671159], [125.8732997, 7.4670694], [125.8733828, 7.4670388], [125.8734485, 7.4670295], [125.8735666, 7.4670321], [125.8736765, 7.4670388], [125.8737865, 7.4670587], [125.8740319, 7.4671212], [125.8741339, 7.4671358], [125.8742009, 7.4671372], [125.8742774, 7.4671305], [125.8743887, 7.4671026], [125.8745281, 7.4670561], [125.8747762, 7.466951], [125.8752067, 7.4667914], [125.8753167, 7.4667449], [125.8754106, 7.466717], [125.8755125, 7.466709], [125.8756305, 7.4667156], [125.8766323, 7.4669204], [125.8770521, 7.4670082], [125.8771929, 7.4670388], [125.8772854, 7.467064], [125.8773673, 7.4670999], [125.8774571, 7.4671531], [125.8775443, 7.4672063], [125.8776422, 7.467306], [125.8777052, 7.4673792], [125.877791, 7.4674962], [125.877846, 7.4675973], [125.8779185, 7.4677715], [125.8779976, 7.4679643], [125.8780861, 7.4681597], [125.8781961, 7.4683619], [125.8782926, 7.4685267], [125.8783744, 7.4686557], [125.8789404, 7.4694735], [125.8790691, 7.4696091], [125.879214, 7.4697142], [125.8794996, 7.4698206], [125.8804357, 7.4699642], [125.8807281, 7.4700533], [125.8809467, 7.4701317], [125.8810526, 7.4701955], [125.8811411, 7.4702767], [125.8812109, 7.4703697], [125.8813544, 7.4705546], [125.8815609, 7.4708405], [125.8818197, 7.4712327], [125.8819216, 7.4713591], [125.8820853, 7.471488], [125.882265, 7.4715997], [125.883543, 7.4722672], [125.8836637, 7.4723078], [125.8837791, 7.4723271], [125.8839132, 7.4723324], [125.8844718, 7.4723437], [125.8845804, 7.4723789], [125.8846582, 7.4724122], [125.8847588, 7.4724807], [125.8848258, 7.4725585], [125.8849244, 7.4727566], [125.8850867, 7.4731901], [125.8851148, 7.4732911], [125.8851175, 7.4733948], [125.8851034, 7.473472], [125.8850726, 7.473581], [125.8849566, 7.4738735], [125.8847567, 7.4743895], [125.8847366, 7.4744839], [125.8847346, 7.474573], [125.884748, 7.4746607], [125.8847769, 7.4747525], [125.8848292, 7.4748416], [125.8849056, 7.4749812], [125.8849525, 7.4751155], [125.8850303, 7.4753043], [125.8851108, 7.4754679], [125.8852355, 7.4756593], [125.8853026, 7.4757331], [125.8853897, 7.4758149], [125.8854957, 7.4758841], [125.8856285, 7.47592], [125.8857277, 7.4759186], [125.8860724, 7.4758774], [125.886246, 7.4758694], [125.8863802, 7.4758887], [125.8865485, 7.4759565], [125.8867784, 7.4760975], [125.8878748, 7.4769106], [125.8879922, 7.4769824], [125.8881162, 7.4770336], [125.8882476, 7.4770874], [125.8890241, 7.4774092], [125.8891878, 7.4774518], [125.8892957, 7.4774717], [125.8895371, 7.4774943], [125.8896364, 7.4775266], [125.8897343, 7.4776027], [125.8897839, 7.4776931], [125.8898328, 7.4778148], [125.8899052, 7.4781778], [125.8900246, 7.4785913], [125.89004, 7.4786452], [125.8900756, 7.4787157], [125.8901171, 7.4787575], [125.8901748, 7.4787881], [125.8904135, 7.4788765], [125.8904598, 7.4789111], [125.890498, 7.4789636], [125.890612, 7.4792416], [125.8906744, 7.4793546], [125.8907421, 7.4794364], [125.8908923, 7.4795926], [125.8909493, 7.4796803], [125.8910452, 7.4798825], [125.8910834, 7.4799669], [125.8911283, 7.4800174], [125.8912108, 7.480054], [125.8913102, 7.48007], [125.8915924, 7.48006], [125.8916856, 7.4800354], [125.8917721, 7.4799888], [125.8918626, 7.4798924], [125.8919155, 7.4798014], [125.8919511, 7.4796936], [125.8919907, 7.4794902], [125.8920309, 7.4793911], [125.8921201, 7.479324], [125.8922267, 7.47931], [125.8923186, 7.479334], [125.8923776, 7.4793818], [125.8924567, 7.4794516], [125.8925834, 7.4796059], [125.8927953, 7.4798412], [125.892971, 7.4799848], [125.8931065, 7.4800859], [125.8933197, 7.4802295], [125.8934444, 7.4802947], [125.8935383, 7.4803385], [125.8936737, 7.4803678], [125.8938052, 7.4803798], [125.8939084, 7.4803652], [125.8940238, 7.4803186], [125.8941512, 7.4802455], [125.8942947, 7.480163], [125.8944114, 7.4801364], [125.8945173, 7.4801152], [125.8946769, 7.4800912], [125.894929, 7.4800739], [125.8954521, 7.480062], [125.8961141, 7.4800487], [125.8963438, 7.4800567], [125.8964418, 7.4800633], [125.8965383, 7.4800819], [125.8966295, 7.4801085], [125.8967556, 7.4801763], [125.8968978, 7.4802854], [125.8970667, 7.480433], [125.8971217, 7.4804675], [125.8971754, 7.4804822], [125.8972357, 7.4804728], [125.8972813, 7.4804396], [125.8973363, 7.4803744], [125.8974449, 7.480159], [125.8975308, 7.4799769], [125.8976474, 7.4797123], [125.8977199, 7.4794157], [125.8978164, 7.4790368], [125.8979264, 7.4785009], [125.89798, 7.4783573], [125.8980538, 7.4782429], [125.8981276, 7.4781765], [125.8982456, 7.4780767], [125.8983676, 7.477997], [125.8985661, 7.477876], [125.8986935, 7.4778281], [125.8987847, 7.4778161], [125.8988665, 7.4778268], [125.8989657, 7.4778613], [125.8992648, 7.4780275], [125.9000105, 7.4784451], [125.9002545, 7.4785714], [125.9003511, 7.478598], [125.9004611, 7.4786046], [125.9005925, 7.478594], [125.9007628, 7.478582], [125.9008755, 7.4785435], [125.9009667, 7.4785022], [125.9010914, 7.4784185], [125.9012483, 7.4782536], [125.9013395, 7.4780993], [125.9014454, 7.4778773], [125.9015225, 7.4777575], [125.901597, 7.4776419], [125.901837, 7.4773201], [125.9021294, 7.4769265], [125.9022582, 7.4767258], [125.9027275, 7.4760809], [125.9029636, 7.4757737], [125.9032398, 7.4754399], [125.9034611, 7.4751687], [125.9035979, 7.4749932], [125.9036757, 7.4748788], [125.9037387, 7.4747724], [125.9037776, 7.4746913], [125.9038018, 7.4745969], [125.9038313, 7.4743017], [125.9038487, 7.4740052], [125.9038487, 7.4737246], [125.9038205, 7.4735065], [125.9037951, 7.4733696], [125.9037709, 7.4731648], [125.9037584, 7.4730093], [125.9037669, 7.4729294], [125.903787, 7.4728377], [125.9038286, 7.4727433], [125.9038903, 7.4726688], [125.9039667, 7.4725944], [125.9041035, 7.4724906], [125.9043892, 7.4723071], [125.9047246, 7.4721048], [125.9050195, 7.4719268], [125.9051053, 7.4718737], [125.9051818, 7.4718178], [125.9053025, 7.4717207], [125.9054138, 7.4716077], [125.9055063, 7.4714827], [125.9055988, 7.4713205], [125.9056699, 7.4711902], [125.9057504, 7.4710918], [125.9058537, 7.4710053], [125.9059784, 7.4709256], [125.9061138, 7.4708418], [125.906264, 7.4707527], [125.9063807, 7.4706703], [125.9064612, 7.4705745], [125.9065202, 7.4704814], [125.9066114, 7.4703179], [125.906716, 7.4701277], [125.9067817, 7.4699894], [125.9068327, 7.4699083], [125.9068944, 7.4698551], [125.9069587, 7.4698272], [125.9070218, 7.4698246], [125.9070754, 7.4698472], [125.9071277, 7.4698857], [125.9071746, 7.4699362], [125.9072377, 7.4700187], [125.907357, 7.4702381], [125.9074335, 7.4703405], [125.9075113, 7.4704056], [125.9076105, 7.4704801], [125.9076856, 7.4705386], [125.907746, 7.4705918], [125.9077875, 7.470653], [125.9078264, 7.4707673], [125.9078599, 7.4709069], [125.9078881, 7.4710093], [125.9079136, 7.4710998], [125.9079511, 7.4711702], [125.9080102, 7.4712314], [125.9081282, 7.4713298], [125.9083307, 7.4715146], [125.9085184, 7.4717194], [125.9085882, 7.4718231], [125.9086485, 7.4719707], [125.9087168, 7.4721449], [125.9088725, 7.4725491], [125.9089704, 7.4728058], [125.9090026, 7.4729108], [125.9090267, 7.4730172], [125.909071, 7.4733124], [125.9091099, 7.473468], [125.9091581, 7.4735717], [125.9092185, 7.4736568], [125.9093446, 7.473811], [125.9095323, 7.474057], [125.9096141, 7.4741741], [125.9096691, 7.4742538], [125.9097053, 7.4743323], [125.9097308, 7.4744134], [125.9097482, 7.4745251], [125.9097657, 7.4749838], [125.9097911, 7.4751168], [125.9098113, 7.4752019], [125.9098394, 7.4752764], [125.9098864, 7.4753867], [125.9100017, 7.4755343], [125.9101841, 7.4757152], [125.9102994, 7.4758256], [125.9104, 7.4759545], [125.9104858, 7.4760942], [125.9105422, 7.4762205], [125.9105945, 7.4763322], [125.9106629, 7.476517], [125.9107339, 7.4767417], [125.9108077, 7.4769398], [125.9108922, 7.4770728], [125.9110075, 7.4772191], [125.9111457, 7.4773374], [125.9115212, 7.4776366], [125.9116928, 7.4777869], [125.9118336, 7.4779238], [125.9118913, 7.4779943], [125.9119302, 7.4780781], [125.911953, 7.4781645], [125.9119651, 7.4783307], [125.9119892, 7.4787629], [125.912004, 7.4793386], [125.9120227, 7.4794477], [125.9120616, 7.4795168], [125.9121126, 7.4795766], [125.9122011, 7.4796577], [125.9123902, 7.479804], [125.9126906, 7.4800407], [125.9129642, 7.4802574], [125.9130715, 7.4803372], [125.9131479, 7.4803997], [125.9132029, 7.4804702], [125.9132431, 7.480554], [125.9132847, 7.4806922], [125.9133732, 7.4809143], [125.9134121, 7.4809994], [125.9134671, 7.4810725], [125.9135234, 7.4811483], [125.9135811, 7.4812161], [125.913616, 7.4812919], [125.9136415, 7.4813917], [125.913679, 7.4815127], [125.9137273, 7.4816244], [125.9137662, 7.4817028], [125.9138319, 7.4817879], [125.9138963, 7.4818517], [125.9140304, 7.4819568], [125.9142114, 7.4820858], [125.9144649, 7.4822626], [125.9145534, 7.4823278], [125.9146151, 7.4824036], [125.9146634, 7.4824847], [125.9147358, 7.4826575], [125.9148055, 7.4828397], [125.9149249, 7.4831242], [125.9149772, 7.4832319], [125.9150496, 7.4833303], [125.9151542, 7.483438], [125.9155069, 7.4837479], [125.9158932, 7.4840736], [125.9160313, 7.4842039], [125.9161212, 7.4842983], [125.9161735, 7.4843728], [125.9162123, 7.4844532], [125.9162378, 7.4845437], [125.91626, 7.4846454], [125.9162928, 7.4848821], [125.9163028, 7.4849679], [125.9163042, 7.4850463], [125.9162901, 7.4851108], [125.9162645, 7.485171], [125.9162238, 7.4852238], [125.9161668, 7.4852584], [125.9160829, 7.4852876], [125.9160058, 7.4853036], [125.9158851, 7.4853209], [125.915477, 7.4853658], [125.9151113, 7.485406], [125.9150221, 7.4854233], [125.9149463, 7.4854523], [125.914878, 7.4854924], [125.9148256, 7.485536], [125.9147713, 7.4856021], [125.9147056, 7.4857046], [125.9146754, 7.4857623], [125.9146513, 7.4858295], [125.9146393, 7.4859093], [125.9146406, 7.4859997], [125.9146466, 7.4860735], [125.9146567, 7.4861375], [125.9146788, 7.4861985], [125.9147137, 7.4862623], [125.914756, 7.4863175], [125.9148076, 7.4863634], [125.9153073, 7.4867595], [125.9155883, 7.4869804], [125.915941, 7.4872577], [125.9163339, 7.4875666], [125.9167037, 7.4878563], [125.917119, 7.4881817], [125.9171608, 7.4882166], [125.9171966, 7.4882505], [125.9172139, 7.4882718], [125.9172256, 7.4883027], [125.9172323, 7.4883395], [125.9172329, 7.4883771], [125.9172048, 7.4887531], [125.9171731, 7.4891774], [125.9171371, 7.4896603], [125.9171263, 7.4897746], [125.9171129, 7.489873], [125.9170935, 7.4899747], [125.9170304, 7.4902539], [125.9169553, 7.4905903], [125.9169178, 7.4908164], [125.9168238, 7.4914168], [125.9167522, 7.4918745], [125.9167119, 7.4921321], [125.9167032, 7.4922205], [125.9167005, 7.4923216], [125.9167079, 7.4924067], [125.9167263, 7.4924871], [125.9167515, 7.4925562], [125.9167843, 7.4926241], [125.9168669, 7.4927766], [125.9168913, 7.4928217], [125.9169064, 7.4928494], [125.9170224, 7.493114], [125.9170492, 7.4931892], [125.9170727, 7.4932649], [125.9170891, 7.493341], [125.9170998, 7.4934085], [125.9171055, 7.4934857], [125.9171022, 7.4935714], [125.9170888, 7.4936918], [125.9170807, 7.4937941], [125.9170794, 7.4938905], [125.9170813, 7.4939926], [125.9170941, 7.494084], [125.9171129, 7.4941764], [125.9171605, 7.4943666], [125.9171806, 7.494435], [125.9172048, 7.4945108], [125.9172339, 7.4945766], [125.9172561, 7.4946162], [125.9172859, 7.494659], [125.917332, 7.4947015], [125.9173744, 7.4947242], [125.9174288, 7.4947469], [125.9175025, 7.4947661], [125.9178901, 7.4948439], [125.917994, 7.4948652], [125.9180725, 7.4948964], [125.9181368, 7.4949357], [125.9181918, 7.4949848], [125.9183923, 7.4952051], [125.918547, 7.4953751], [125.9187564, 7.4956111], [125.9188054, 7.4956856], [125.9188462, 7.4957621], [125.9188671, 7.4958225], [125.9188805, 7.4959003], [125.9188852, 7.4959834], [125.9188845, 7.4960572], [125.9188738, 7.4961436], [125.918855, 7.4962327], [125.9187718, 7.4965691], [125.9187578, 7.4966575], [125.918749, 7.4967493], [125.9187484, 7.4968364], [125.9187591, 7.4969141], [125.9187799, 7.496976], [125.9188128, 7.4970391], [125.9188657, 7.497109], [125.9189408, 7.4971941], [125.9190642, 7.4973108]]}, "properties": {"city": "tagum", "name": "Mawab-Maco Road", "highway": "primary", "v_posted": 80, "posted_imputed": false, "v_safe": 50, "gap": 30, "R": 6.55, "exposure": 0.0, "vru_150m": 0, "sss": 37.5, "recommended": 50, "fatal_reduction_pct": 84.7, "why": "undivided arterial, side-impact intersections", "pop_density": 0.0, "pop_density_peak": 0.0, "v_design": 45, "design_gap": -5}}, {"type": "Feature", "geometry": {"type": "LineString", "coordinates": [[125.8547301, 7.4664418], [125.8548252, 7.466231], [125.8549305, 7.4660096], [125.8550486, 7.4658181], [125.855184, 7.4656572], [125.8553778, 7.4654704], [125.8554281, 7.4653886], [125.8554482, 7.4653001], [125.8554523, 7.4651286], [125.8554576, 7.4649897], [125.8554738, 7.4648852], [125.8554979, 7.4647835], [125.8555207, 7.4647144], [125.8557191, 7.4641945], [125.8557554, 7.464124], [125.8557983, 7.4640735], [125.8558814, 7.4640296], [125.8561175, 7.4639471], [125.8565466, 7.4637862], [125.8566539, 7.4637583], [125.8566928, 7.463753], [125.856737, 7.4637523], [125.8568061, 7.463763], [125.8569523, 7.4637869], [125.8570334, 7.4637902], [125.8570723, 7.4637856], [125.8571099, 7.4637729], [125.8571434, 7.4637517], [125.8571796, 7.4637211], [125.8572118, 7.4636692], [125.8572306, 7.4636001], [125.8572273, 7.4635343], [125.8571742, 7.463366], [125.8571139, 7.4631213], [125.8571059, 7.4630562], [125.857122, 7.4629751], [125.8571688, 7.4629047], [125.8572627, 7.4628088], [125.8573854, 7.462644], [125.8574747, 7.4624858], [125.8575766, 7.4622783], [125.8576369, 7.462148], [125.8577161, 7.4620097], [125.8578062, 7.4618496], [125.8578915, 7.461688], [125.8579514, 7.4615748], [125.8579949, 7.4614916], [125.8580156, 7.461416], [125.8580177, 7.4613517], [125.8580086, 7.4612954], [125.8579829, 7.461213], [125.8579373, 7.46114], [125.8578569, 7.4610456], [125.8577523, 7.4609433], [125.8576825, 7.4608807], [125.8575068, 7.4607518], [125.8572366, 7.4605809], [125.857183, 7.460553], [125.8571481, 7.460529], [125.8571032, 7.4604785], [125.8570763, 7.4604333], [125.8570609, 7.4603867], [125.8570489, 7.4603389], [125.8570415, 7.460281], [125.8570395, 7.4601461], [125.8570354, 7.4600058], [125.8570314, 7.4598594], [125.8570267, 7.4597126], [125.8570183, 7.4595827]]}, "properties": {"city": "tagum", "name": "Magangit Road", "highway": "tertiary", "v_posted": 80, "posted_imputed": false, "v_safe": 50, "gap": 30, "R": 6.55, "exposure": 0.0, "vru_150m": 0, "sss": 37.5, "recommended": 50, "fatal_reduction_pct": 84.7, "why": "undivided arterial, side-impact intersections", "pop_density": 0.0, "pop_density_peak": 0.0, "v_design": 40, "design_gap": -10}}, {"type": "Feature", "geometry": {"type": "LineString", "coordinates": [[125.8562426, 7.4319718], [125.8562972, 7.4321545], [125.8563629, 7.4323168], [125.8564687, 7.432536], [125.8565828, 7.432745], [125.8567196, 7.4329737], [125.8572118, 7.4336865], [125.8573915, 7.4339724], [125.857484, 7.4341918], [125.8575538, 7.43439], [125.8576074, 7.4346347], [125.8576275, 7.4348661], [125.8576302, 7.4350443], [125.8576208, 7.4353102], [125.8575551, 7.4357238], [125.8575055, 7.4360097], [125.8574411, 7.4362704], [125.8571541, 7.4373342], [125.8570344, 7.4378581], [125.8568886, 7.438422], [125.8567572, 7.4388808], [125.8567263, 7.4390417], [125.8567169, 7.4391694], [125.8567357, 7.4393063], [125.8568001, 7.4394779], [125.8568939, 7.4396082], [125.8569945, 7.4397], [125.8572429, 7.4399055]]}, "properties": {"city": "tagum", "name": "Mawab-Maco Road", "highway": "primary", "v_posted": 80, "posted_imputed": false, "v_safe": 50, "gap": 30, "R": 6.55, "exposure": 0.202, "vru_150m": 0, "sss": 45.1, "recommended": 50, "fatal_reduction_pct": 84.7, "why": "undivided arterial, side-impact intersections", "pop_density": 6534.4, "pop_density_peak": 16449.2, "v_design": 60, "design_gap": 10}}, {"type": "Feature", "geometry": {"type": "LineString", "coordinates": [[125.8572429, 7.4399055], [125.8583692, 7.440837], [125.8587522, 7.4411531], [125.8591357, 7.4414696], [125.85951, 7.4417785], [125.8598534, 7.4420619], [125.8601912, 7.4423407], [125.8605605, 7.4426455], [125.8607581, 7.4428083], [125.8612351, 7.4432013], [125.8614135, 7.4433477], [125.8615624, 7.4434873], [125.8616562, 7.4435976], [125.8617126, 7.4436921], [125.8617689, 7.4438037], [125.861809, 7.4439035], [125.8618493, 7.4440258], [125.8618922, 7.4441695], [125.8619231, 7.4443463], [125.8619432, 7.4445518], [125.8619503, 7.4447659]]}, "properties": {"city": "tagum", "name": "Mawab-Maco Road", "highway": "primary", "v_posted": 80, "posted_imputed": false, "v_safe": 50, "gap": 30, "R": 6.55, "exposure": 0.0, "vru_150m": 0, "sss": 37.5, "recommended": 50, "fatal_reduction_pct": 84.7, "why": "undivided arterial, side-impact intersections", "pop_density": 0.0, "pop_density_peak": 0.0, "v_design": 60, "design_gap": 10}}, {"type": "Feature", "geometry": {"type": "LineString", "coordinates": [[125.843904, 7.4554341], [125.8441763, 7.4554221], [125.8443735, 7.4554208], [125.8445142, 7.4554447], [125.8446242, 7.4554833], [125.8450735, 7.4557505], [125.8452411, 7.4558622], [125.8453658, 7.4559713], [125.845461, 7.4560976], [125.8457226, 7.4564739], [125.8458446, 7.4567146], [125.8459492, 7.4569487], [125.8461691, 7.4573981], [125.8462429, 7.4576215], [125.8463059, 7.4579513], [125.8463086, 7.4580776], [125.8462805, 7.4582305], [125.8462201, 7.4583888], [125.846027, 7.4588156], [125.8459224, 7.4591228], [125.8458714, 7.4593063], [125.8458486, 7.4594526], [125.8458553, 7.4595723], [125.8459023, 7.4599592], [125.8459425, 7.4604725], [125.8459385, 7.4607664], [125.8459023, 7.4609991], [125.8458352, 7.4612464], [125.84574, 7.4614725], [125.8456542, 7.4616001], [125.8454382, 7.4618049], [125.8452599, 7.4620004], [125.8451258, 7.4621719], [125.8449461, 7.462402], [125.8446805, 7.4626879], [125.8445732, 7.4628089], [125.8444029, 7.4631373], [125.8442125, 7.4635123], [125.8441736, 7.463636], [125.8441709, 7.463749], [125.8441776, 7.4639006], [125.8442017, 7.4648686], [125.8442393, 7.4652569], [125.8442634, 7.4655814], [125.8442353, 7.4659231], [125.8442393, 7.466088], [125.8442768, 7.4661997], [125.8443211, 7.4662768], [125.8445089, 7.4664111], [125.8448213, 7.4666066], [125.8452679, 7.4669191], [125.8456783, 7.4672422], [125.8459324, 7.4674217], [125.8460203, 7.4674477], [125.8461048, 7.467443], [125.8461665, 7.4674184], [125.8462355, 7.4673473], [125.8463274, 7.4671485], [125.8464414, 7.4669038], [125.846497, 7.4668533], [125.8465856, 7.4668187], [125.8471481, 7.4666984], [125.848048, 7.4664949], [125.8482666, 7.4664244], [125.8484289, 7.466354], [125.8485308, 7.4662808], [125.8491115, 7.4658035], [125.8493583, 7.4656372], [125.8499457, 7.4652849], [125.850336, 7.4650748], [125.8505445, 7.464971], [125.8506243, 7.4649484], [125.8507235, 7.4649438], [125.8508503, 7.4649744], [125.8511768, 7.4650668], [125.8513418, 7.4651452], [125.8515215, 7.465249], [125.8517133, 7.4653208], [125.8522256, 7.4654817], [125.8524348, 7.4655309], [125.8525716, 7.4655455], [125.8527607, 7.4655176], [125.8530208, 7.4654378], [125.8531717, 7.4653879], [125.853269, 7.4653819], [125.8533373, 7.4654019], [125.8534339, 7.4654557], [125.8538148, 7.4656904], [125.8541776, 7.4659551], [125.8542862, 7.466072], [125.8543606, 7.4661878], [125.8544217, 7.4662755], [125.8544987, 7.4663479], [125.8545986, 7.4663958], [125.8547301, 7.4664418]]}, "properties": {"city": "tagum", "name": "Taglawig Road", "highway": "tertiary", "v_posted": 80, "posted_imputed": false, "v_safe": 50, "gap": 30, "R": 6.55, "exposure": 0.0, "vru_150m": 0, "sss": 37.5, "recommended": 50, "fatal_reduction_pct": 84.7, "why": "undivided arterial, side-impact intersections", "pop_density": 0.0, "pop_density_peak": 0.0, "v_design": 30, "design_gap": -20}}, {"type": "Feature", "geometry": {"type": "LineString", "coordinates": [[125.838775, 7.4341632], [125.8388098, 7.4348348], [125.8388184, 7.4350563], [125.8388306, 7.4353601], [125.8388434, 7.4358874], [125.8388534, 7.4363422], [125.8388595, 7.4366932], [125.8388581, 7.4370277], [125.8388551, 7.4372986], [125.8388568, 7.4377119], [125.8388561, 7.4384267], [125.8388722, 7.4391474], [125.8388769, 7.4392618], [125.8388735, 7.4400098], [125.8388799, 7.4402475], [125.8389091, 7.440554], [125.8389513, 7.4408363], [125.8389956, 7.4411727], [125.839064, 7.4417625], [125.8391102, 7.4420544], [125.8391652, 7.4422845], [125.8392229, 7.4425165], [125.8392705, 7.4426069], [125.8393986, 7.4427326], [125.8394475, 7.4428034], [125.8394787, 7.4428646], [125.8394971, 7.4429321], [125.8395052, 7.4430218], [125.8394918, 7.4431362], [125.8394556, 7.4433164], [125.8393872, 7.4435298], [125.8393583, 7.4437698], [125.8393604, 7.4439859], [125.8393832, 7.4441043], [125.8394241, 7.4441681], [125.8394717, 7.4442093], [125.8395441, 7.4442532], [125.8396816, 7.4443463], [125.8398284, 7.4444866], [125.8400229, 7.4447413], [125.840214, 7.444974], [125.8402663, 7.4450504], [125.840279, 7.4451163], [125.8402747, 7.4451841], [125.8402495, 7.445228], [125.8401999, 7.4452609], [125.8401325, 7.4452732], [125.8400363, 7.4452765], [125.8398884, 7.4452822], [125.8398116, 7.4453004], [125.8397724, 7.445337], [125.8397422, 7.4453812], [125.8397221, 7.4454441], [125.8397292, 7.4455305], [125.8397751, 7.4458364], [125.8398324, 7.4460132], [125.8398566, 7.4461036], [125.8400054, 7.4464195], [125.8401409, 7.4466947], [125.8402911, 7.4469275], [125.8404064, 7.447115], [125.8404762, 7.4473144], [125.8405124, 7.4474913], [125.840558, 7.4477346], [125.8405901, 7.4480152], [125.8406056, 7.4482173], [125.8406029, 7.4484441], [125.8405714, 7.4487021], [125.8404896, 7.4489607], [125.8404775, 7.4491455], [125.8405164, 7.4493025], [125.840684, 7.4495511], [125.840802, 7.4497639], [125.8408584, 7.4500019], [125.8408885, 7.4501755], [125.8408973, 7.4505418], [125.8408738, 7.4507346], [125.840847, 7.450863], [125.8407906, 7.4509587], [125.8407196, 7.4510245], [125.8406129, 7.4510671], [125.8405399, 7.4511136], [125.8405023, 7.4511515], [125.840456, 7.4512167], [125.8404346, 7.4514201], [125.8404453, 7.4515817], [125.8404661, 7.4516748], [125.8405258, 7.4517891], [125.8405969, 7.4518729], [125.8408691, 7.4520671], [125.8413592, 7.4524438], [125.8414538, 7.4525165], [125.8416174, 7.4526136], [125.8417448, 7.4526814], [125.8419541, 7.4528463], [125.8420278, 7.4529354], [125.8420707, 7.4530405], [125.8421069, 7.4531947], [125.8421492, 7.4533051], [125.8422169, 7.4533895], [125.8423483, 7.45346], [125.8425099, 7.4535358], [125.8426159, 7.4536315], [125.8428647, 7.4539168], [125.8429807, 7.4540225], [125.8430665, 7.4540837], [125.843161, 7.4541322], [125.8434574, 7.4542107], [125.8435976, 7.4542539], [125.8436579, 7.4542858], [125.8436955, 7.454341], [125.8437337, 7.4544966], [125.8437981, 7.4550112], [125.8438544, 7.4552878], [125.843904, 7.4554341]]}, "properties": {"city": "tagum", "name": "Taglawig Road", "highway": "tertiary", "v_posted": 80, "posted_imputed": false, "v_safe": 50, "gap": 30, "R": 6.55, "exposure": 0.001, "vru_150m": 0, "sss": 37.5, "recommended": 50, "fatal_reduction_pct": 84.7, "why": "undivided arterial, side-impact intersections", "pop_density": 18.1, "pop_density_peak": 108.6, "v_design": 40, "design_gap": -10}}, {"type": "Feature", "geometry": {"type": "LineString", "coordinates": [[125.7641041, 7.469651], [125.764225, 7.47002], [125.7643158, 7.4703144], [125.7643947, 7.4706302], [125.7644842, 7.4710869], [125.7645342, 7.4713708], [125.7645657, 7.4716094], [125.7647769, 7.4736965], [125.7647886, 7.4737766], [125.7648134, 7.4738428], [125.7648661, 7.4739058], [125.7649193, 7.4739499], [125.7649949, 7.4739867], [125.7650738, 7.4740124], [125.7651569, 7.4740209], [125.765269, 7.4740211], [125.7654721, 7.4740019], [125.7656149, 7.4739862], [125.7658075, 7.4739694], [125.7658893, 7.4739695], [125.7659711, 7.4739813], [125.7660532, 7.4740001], [125.7661304, 7.4740288], [125.7661971, 7.4740597], [125.7662507, 7.4740904], [125.7663004, 7.4741402], [125.7663462, 7.474205], [125.7663844, 7.4742774], [125.7664217, 7.4744141], [125.7664664, 7.4746234], [125.7664932, 7.4747074], [125.7665247, 7.4747694], [125.7665626, 7.4748165], [125.7666114, 7.4748563], [125.7666831, 7.474889], [125.7667756, 7.4749076], [125.7671385, 7.4749331], [125.7677266, 7.4749746], [125.7678071, 7.4749878], [125.7678902, 7.4750144], [125.7679492, 7.4750503], [125.7680122, 7.4751115], [125.7680351, 7.4751634], [125.7680458, 7.4752418], [125.7680471, 7.4753575], [125.7680123, 7.4758189], [125.7679988, 7.4760556], [125.7679962, 7.4763348], [125.7679895, 7.477009], [125.7680002, 7.4782377], [125.7680029, 7.4789051], [125.768086, 7.4812959], [125.7680995, 7.481611], [125.7681128, 7.4817533], [125.7681338, 7.4819106], [125.7681665, 7.4820445], [125.7683173, 7.4825515], [125.768534, 7.4832705], [125.7688035, 7.4839793], [125.7688511, 7.484065], [125.768892, 7.4841168], [125.768941, 7.4841627], [125.7689779, 7.484186], [125.7690249, 7.4842076], [125.7690888, 7.4842238], [125.7691562, 7.4842266], [125.769248, 7.4842252], [125.7693382, 7.4842156], [125.7694205, 7.484196], [125.7695015, 7.4841707], [125.7700037, 7.4839912], [125.7710389, 7.4836457], [125.7718626, 7.4834179], [125.7724135, 7.4832656], [125.7726876, 7.4831843], [125.772874, 7.4831212], [125.7729832, 7.4830678], [125.7730755, 7.4830179], [125.7734392, 7.4827941], [125.7737296, 7.4826332], [125.7740024, 7.4824927], [125.7740901, 7.4824594], [125.7741637, 7.4824446], [125.7742533, 7.4824326], [125.7743329, 7.4824341], [125.7744845, 7.4824493], [125.7746448, 7.4824725], [125.7755779, 7.4826568], [125.776161, 7.4827562], [125.7762433, 7.4827661], [125.776324, 7.4827717], [125.7764143, 7.4827708], [125.7764968, 7.4827652], [125.7765882, 7.4827546], [125.7766771, 7.4827393], [125.776745, 7.4827237], [125.7774259, 7.482523], [125.7779899, 7.4823315], [125.7784446, 7.482217], [125.7790185, 7.4820936], [125.7808775, 7.4816286], [125.7809628, 7.4816009], [125.7810346, 7.4815583], [125.7810783, 7.4815167], [125.7811105, 7.481464], [125.7811327, 7.4814127], [125.7811475, 7.4813411], [125.7811478, 7.4812658], [125.781137, 7.4812002], [125.7811198, 7.481142], [125.7809963, 7.4807987], [125.780604, 7.4797486], [125.7805418, 7.4795822], [125.7801938, 7.4786498], [125.779828, 7.477756], [125.7798119, 7.4777048], [125.7798077, 7.4776584], [125.7798116, 7.4776124], [125.7798298, 7.4775621]]}, "properties": {"city": "tagum", "name": "Tagum City Bypass Road", "highway": "primary", "v_posted": 80, "posted_imputed": false, "v_safe": 50, "gap": 30, "R": 6.55, "exposure": 0.005, "vru_150m": 0, "sss": 37.7, "recommended": 50, "fatal_reduction_pct": 84.7, "why": "undivided arterial, side-impact intersections", "pop_density": 174.6, "pop_density_peak": 2095.1, "v_design": 45, "design_gap": -5}}, {"type": "Feature", "geometry": {"type": "LineString", "coordinates": [[125.7798298, 7.4775621], [125.779862, 7.4775236], [125.7799171, 7.4774906], [125.7799846, 7.4774679], [125.7800567, 7.4774532], [125.7801664, 7.4774406], [125.7802982, 7.4774372], [125.7805706, 7.4774385], [125.7810961, 7.4774478], [125.7814717, 7.4774601], [125.7820827, 7.4774802], [125.7821865, 7.4774839], [125.7829226, 7.4775102], [125.7838215, 7.4775188], [125.7848202, 7.4775282], [125.785755, 7.4775371], [125.7866952, 7.477537], [125.7881724, 7.4775344], [125.7882625, 7.4775303], [125.788354, 7.4775219], [125.7884599, 7.4775038], [125.7885859, 7.4774804], [125.7887042, 7.4774636], [125.7888382, 7.4774487], [125.7889804, 7.4774387], [125.7891038, 7.4774356], [125.7895644, 7.4774366], [125.7903788, 7.4774385], [125.7913369, 7.47744], [125.7922468, 7.4774439], [125.7931915, 7.4774479], [125.7941077, 7.4774499], [125.7949714, 7.4774716], [125.7950558, 7.4774649], [125.7951083, 7.4774496], [125.795149, 7.4774252], [125.7951683, 7.4774076], [125.7951836, 7.4773838], [125.7951998, 7.4773378], [125.7952126, 7.4772799], [125.7952211, 7.4772068], [125.7952253, 7.4766515], [125.7952257, 7.4765976], [125.7952541, 7.4756381], [125.795258, 7.4746337], [125.7952601, 7.4746009], [125.795265, 7.4745685], [125.7952758, 7.4745389], [125.7952924, 7.474515], [125.7953161, 7.474501], [125.7953448, 7.4744929], [125.7953762, 7.4744897], [125.7954147, 7.4744883], [125.7976103, 7.4744957], [125.7976486, 7.4744958], [125.7976919, 7.474496], [125.7978599, 7.4744965], [125.7983762, 7.4745061], [125.7988855, 7.4745195], [125.7992465, 7.4745371], [125.7996596, 7.4745631], [125.8006244, 7.4746354], [125.8015795, 7.4747064], [125.8016304, 7.4747053], [125.8016686, 7.474698], [125.8017068, 7.474682], [125.8017424, 7.4746547], [125.8017679, 7.4746202], [125.8017887, 7.4745821], [125.8022299, 7.4736015], [125.8022567, 7.4735498], [125.8022788, 7.4735155], [125.8023049, 7.4734879], [125.8023328, 7.4734697], [125.8023694, 7.473458], [125.8024013, 7.4734565]]}, "properties": {"city": "tagum", "name": "Tagum City Bypass Road", "highway": "primary", "v_posted": 80, "posted_imputed": false, "v_safe": 50, "gap": 30, "R": 6.55, "exposure": 0.049, "vru_150m": 0, "sss": 39.3, "recommended": 50, "fatal_reduction_pct": 84.7, "why": "undivided arterial, side-impact intersections", "pop_density": 1591.9, "pop_density_peak": 8813.6, "v_design": 55, "design_gap": 5}}, {"type": "Feature", "geometry": {"type": "LineString", "coordinates": [[125.8329652, 7.4934386], [125.8324201, 7.4934631], [125.8322418, 7.4934723], [125.8321506, 7.493479], [125.8320795, 7.493493], [125.8320342, 7.4935169], [125.8320077, 7.4935475], [125.831944, 7.4936486], [125.8318502, 7.493832], [125.8317818, 7.4939677], [125.8317067, 7.4940833], [125.8316235, 7.4941844], [125.8315001, 7.4942921], [125.8313593, 7.4943825], [125.8312561, 7.4944756], [125.831181, 7.4945687], [125.8311152, 7.4946724], [125.8310522, 7.4947881], [125.8309785, 7.4948984], [125.8309074, 7.4949782], [125.8308202, 7.4950699], [125.8305962, 7.4952488], [125.8304065, 7.4953485], [125.8301537, 7.495425], [125.8295515, 7.4955632], [125.8292102, 7.4956171], [125.8290144, 7.4956198], [125.8287965, 7.4955872], [125.8286268, 7.4955546], [125.8282801, 7.4954688], [125.8280535, 7.4954203], [125.8278215, 7.4953917], [125.8276713, 7.4953864], [125.8274446, 7.4953957], [125.8271838, 7.495435], [125.8269129, 7.4955094], [125.8267124, 7.4955592], [125.8266098, 7.4955765], [125.8265246, 7.4955779], [125.8264616, 7.4955646], [125.826416, 7.495542], [125.8263785, 7.4955047], [125.8263476, 7.4954436], [125.8260754, 7.4947448], [125.8260606, 7.494679], [125.8260553, 7.4946245], [125.8260573, 7.494558], [125.8260847, 7.4942815], [125.8261169, 7.4939078], [125.8261224, 7.4936519], [125.8261753, 7.492501], [125.8261706, 7.4924128], [125.8261612, 7.4923149], [125.8261487, 7.4922382], [125.826121, 7.4921527], [125.8260901, 7.4920849], [125.826058, 7.4920401], [125.826019, 7.4920197], [125.8259589, 7.4919974], [125.825701, 7.4919337], [125.8254303, 7.4918641], [125.8247732, 7.491668], [125.8246384, 7.4916321], [125.8244935, 7.4916109], [125.8241475, 7.4915856], [125.8239011, 7.491567], [125.8237647, 7.4915504], [125.8236292, 7.4915092], [125.8234897, 7.4914374], [125.8233972, 7.4913576], [125.8233167, 7.4912312], [125.8232416, 7.4911003], [125.8231303, 7.4909334], [125.8230096, 7.4907978], [125.8228809, 7.4906462], [125.822787, 7.4905132], [125.8226716, 7.4903005], [125.8225711, 7.4901576], [125.8224168, 7.4899947], [125.822213, 7.4898005], [125.8220414, 7.4896304], [125.8219662, 7.4895107], [125.8219179, 7.4894043], [125.8218509, 7.4892527], [125.8217838, 7.4891357], [125.8217007, 7.4890373], [125.8214915, 7.4888352], [125.8212581, 7.4885879], [125.8209081, 7.4881903], [125.820449, 7.4877386], [125.8203442, 7.4876571], [125.8202322, 7.4875879], [125.820149, 7.4875401], [125.8200538, 7.4875096], [125.8199653, 7.4874976], [125.8198634, 7.4875015], [125.8197266, 7.4875201], [125.8195751, 7.4875494], [125.8192639, 7.4876518], [125.8188186, 7.4877887], [125.818702, 7.4878101], [125.8185638, 7.4878113], [125.8184646, 7.4878113], [125.81836, 7.487802], [125.8182178, 7.4877728], [125.8181032, 7.4877322], [125.818024, 7.4877016], [125.8178799, 7.4876172], [125.8177109, 7.4875068], [125.8175245, 7.4873925], [125.8173756, 7.4873273], [125.8172093, 7.4872755], [125.8169089, 7.4871997], [125.8166997, 7.4871465], [125.8165244, 7.4870695], [125.8164767, 7.4870463], [125.8163833, 7.4870009], [125.8162411, 7.4868912], [125.8161445, 7.4867841], [125.8160734, 7.4866638], [125.8160251, 7.4865362], [125.8159903, 7.4863846], [125.8159624, 7.4862038]]}, "properties": {"city": "tagum", "name": "Tagum City Bypass Road", "highway": "primary", "v_posted": 80, "posted_imputed": false, "v_safe": 50, "gap": 30, "R": 6.55, "exposure": 0.211, "vru_150m": 1, "sss": 45.4, "recommended": 50, "fatal_reduction_pct": 84.7, "why": "undivided arterial, side-impact intersections", "pop_density": 464.1, "pop_density_peak": 5569.2, "v_design": 55, "design_gap": 5}}, {"type": "Feature", "geometry": {"type": "LineString", "coordinates": [[125.7992201, 7.4957471], [125.7991379, 7.4959522], [125.7989309, 7.4964368], [125.7988716, 7.4965866], [125.7985371, 7.4974307], [125.7984889, 7.4975478], [125.7984075, 7.4977433], [125.7983287, 7.4979328], [125.7981237, 7.4984354], [125.7978758, 7.4990619], [125.7976465, 7.4996025], [125.7975508, 7.4998282], [125.7974716, 7.5000206], [125.7972131, 7.5006487], [125.7962854, 7.5029029], [125.7959879, 7.5036258], [125.795809, 7.5040607], [125.7952487, 7.5053786], [125.7950472, 7.5058685], [125.7947841, 7.5065081], [125.7946573, 7.5068225], [125.7942349, 7.5078384], [125.7940498, 7.5082745], [125.7938862, 7.5086135], [125.7935482, 7.5092132], [125.7933842, 7.5095207], [125.793044, 7.5101585], [125.792945, 7.5103312], [125.7928817, 7.5104417]]}, "properties": {"city": "tagum", "name": "Tagum-New Corella Road", "highway": "secondary", "v_posted": 80, "posted_imputed": false, "v_safe": 50, "gap": 30, "R": 6.55, "exposure": 0.192, "vru_150m": 0, "sss": 44.7, "recommended": 50, "fatal_reduction_pct": 84.7, "why": "undivided arterial, side-impact intersections", "pop_density": 6209.8, "pop_density_peak": 14988.8, "v_design": 50, "design_gap": 0}}, {"type": "Feature", "geometry": {"type": "LineString", "coordinates": [[125.8159624, 7.4862038], [125.8159474, 7.4860768], [125.8159286, 7.4858307], [125.8159011, 7.4855482], [125.8158733, 7.4851333], [125.8158481, 7.4848389], [125.8158293, 7.4846893], [125.8157851, 7.484527], [125.8157368, 7.4843369], [125.8156738, 7.4841973], [125.8155973, 7.484055], [125.8154967, 7.4839234], [125.8153908, 7.4838117], [125.8152634, 7.4837066], [125.8146248, 7.4832331], [125.8138378, 7.4826495], [125.8132309, 7.4821768], [125.8128585, 7.4818979], [125.8126053, 7.4816948], [125.8125148, 7.481627], [125.8120213, 7.4812753], [125.811042, 7.4805516], [125.8107077, 7.4803046], [125.8104066, 7.4800806], [125.810048, 7.4798154], [125.8095756, 7.479466], [125.8089713, 7.4790191], [125.8083379, 7.4785506], [125.8081394, 7.4784038], [125.8079866, 7.4782855], [125.8078243, 7.4781352], [125.8076808, 7.4779837]]}, "properties": {"city": "tagum", "name": "Tagum City Bypass Road", "highway": "primary", "v_posted": 80, "posted_imputed": false, "v_safe": 50, "gap": 30, "R": 6.55, "exposure": 0.1, "vru_150m": 0, "sss": 41.3, "recommended": 50, "fatal_reduction_pct": 84.7, "why": "undivided arterial, side-impact intersections", "pop_density": 3239.5, "pop_density_peak": 9343.4, "v_design": 60, "design_gap": 10}}, {"type": "Feature", "geometry": {"type": "LineString", "coordinates": [[125.8026268, 7.4851287], [125.8025966, 7.4852065], [125.8025812, 7.485273], [125.8025745, 7.4853421], [125.8025826, 7.4854764], [125.8026101, 7.4856753], [125.8026368, 7.4858732], [125.8026684, 7.4861074], [125.8026831, 7.4862583], [125.8026825, 7.4864046], [125.802669, 7.4865608], [125.8026409, 7.4867422], [125.8025605, 7.4872569], [125.8025149, 7.4874949], [125.8024425, 7.4879031], [125.8023741, 7.4882262], [125.8023526, 7.488322], [125.802322, 7.4884222], [125.8022507, 7.4886038], [125.8021903, 7.4887554], [125.801973, 7.4892899], [125.8014689, 7.4904393], [125.8008918, 7.4917692], [125.800788, 7.4920084], [125.8002698, 7.4932179], [125.799992, 7.4938805], [125.7998288, 7.4942805], [125.7994283, 7.4952291], [125.7992725, 7.4956168], [125.7992201, 7.4957471]]}, "properties": {"city": "tagum", "name": "Tagum-New Corella Road", "highway": "secondary", "v_posted": 80, "posted_imputed": false, "v_safe": 50, "gap": 30, "R": 6.55, "exposure": 0.161, "vru_150m": 0, "sss": 43.5, "recommended": 50, "fatal_reduction_pct": 84.7, "why": "undivided arterial, side-impact intersections", "pop_density": 5207.5, "pop_density_peak": 12584.5, "v_design": 50, "design_gap": 0}}, {"type": "Feature", "geometry": {"type": "LineString", "coordinates": [[125.8547301, 7.4664418], [125.8548981, 7.4665187], [125.8549836, 7.4665667], [125.8550593, 7.4666172], [125.8557084, 7.4671372], [125.8558492, 7.467326], [125.8559673, 7.4675228], [125.8560759, 7.4677196], [125.8563213, 7.4681092], [125.856381, 7.4681976], [125.8564045, 7.4682402], [125.8564205, 7.4682794], [125.8564353, 7.4683206], [125.8564487, 7.4683632], [125.8564594, 7.468419], [125.8564702, 7.4685068], [125.8564849, 7.4685826], [125.8564916, 7.4686251], [125.8565064, 7.4686717], [125.8565614, 7.4688047], [125.8567142, 7.4691158], [125.8568269, 7.4694243], [125.8568913, 7.4696716], [125.8569315, 7.4699269], [125.8569449, 7.4701743], [125.8569556, 7.4704562], [125.8569986, 7.470903], [125.8570898, 7.4713684], [125.8571783, 7.4719082], [125.8573124, 7.4725465], [125.8574304, 7.4732113], [125.8574653, 7.4734068], [125.8574599, 7.4735783], [125.8574156, 7.4737353], [125.8573244, 7.4738576], [125.8571729, 7.4740132], [125.8570388, 7.4741475], [125.8569409, 7.474319], [125.8568926, 7.474424], [125.8568966, 7.474553], [125.8569074, 7.4746528], [125.8569396, 7.4747166], [125.8571032, 7.4748788], [125.8576235, 7.4752724], [125.8578153, 7.4754413], [125.85794, 7.4755915], [125.8580446, 7.4757085], [125.8582123, 7.4758176], [125.8583879, 7.475908], [125.8585167, 7.4759585], [125.8586267, 7.4759798], [125.8587246, 7.4759878], [125.8588949, 7.4759851], [125.8595614, 7.476029], [125.8601327, 7.4760489], [125.8604103, 7.4760356], [125.8605324, 7.4760263], [125.8606008, 7.4760356], [125.8606558, 7.4760609], [125.8607081, 7.4761207], [125.8607684, 7.4762058], [125.8608516, 7.4764399], [125.8609065, 7.4766965], [125.860928, 7.4768867], [125.8609655, 7.4770369], [125.8609937, 7.4771047], [125.8610393, 7.4771858], [125.8612365, 7.4773893], [125.8618426, 7.477993], [125.8623523, 7.4784703], [125.8625601, 7.478578], [125.862717, 7.4786286], [125.862827, 7.4786392], [125.8629544, 7.4786232], [125.8631583, 7.4785621], [125.8635002, 7.4783453], [125.8638194, 7.4780475], [125.8640246, 7.4779132], [125.8642995, 7.4777589], [125.8645329, 7.4776778], [125.8646603, 7.4775941], [125.8647421, 7.4775143], [125.8647823, 7.4774611], [125.8648266, 7.4773667], [125.8648574, 7.4772138], [125.8649084, 7.4769146], [125.8649419, 7.4766992], [125.8649835, 7.4764452], [125.8649902, 7.476279], [125.8649701, 7.4761048], [125.8649138, 7.4759107], [125.8647636, 7.4756341], [125.8645248, 7.4753389], [125.8644162, 7.4751408], [125.8643941, 7.4750849], [125.8643981, 7.4750317], [125.8644229, 7.4749825], [125.8644712, 7.4749526], [125.8645195, 7.474944], [125.8645731, 7.4749453], [125.864663, 7.4749725], [125.8647796, 7.4750251], [125.8649299, 7.4750729], [125.8650237, 7.4750783], [125.8651552, 7.4750596], [125.8652356, 7.4750191], [125.8653121, 7.4749652], [125.8653872, 7.4748795], [125.8654931, 7.4748336], [125.8656051, 7.4748003], [125.8656896, 7.4747917], [125.8658036, 7.4747977], [125.8660711, 7.4748309], [125.8662066, 7.4748768], [125.8662871, 7.4749227], [125.8663655, 7.4749819], [125.8664319, 7.4750071], [125.8664889, 7.4750224], [125.866564, 7.4750443], [125.8666237, 7.4750783], [125.8666565, 7.4751142], [125.8667028, 7.4751767], [125.8667698, 7.4752564], [125.8668523, 7.4753183], [125.8669442, 7.4753628], [125.8670448, 7.4753981], [125.8671205, 7.4754054], [125.8671829, 7.4754], [125.8672634, 7.4753675], [125.8673197, 7.4753149], [125.8674337, 7.4752272], [125.8675584, 7.4751527], [125.8676751, 7.4751029], [125.8677596, 7.475057], [125.8678065, 7.4750071], [125.8678233, 7.4749579], [125.8678253, 7.4749027], [125.867824, 7.4747831], [125.8678394, 7.4746541], [125.8678729, 7.4745876], [125.8679393, 7.4745065], [125.8679835, 7.4744486], [125.868007, 7.4743915], [125.8680144, 7.4742964], [125.8680419, 7.4741987], [125.8680741, 7.4741215], [125.8681244, 7.4740491], [125.8682571, 7.4739281], [125.868343, 7.4738124], [125.8684503, 7.4736608], [125.868524, 7.4735411], [125.8686293, 7.4734327], [125.8687681, 7.4733523], [125.8690377, 7.4732379], [125.8693394, 7.4731515], [125.8697337, 7.4730278], [125.8700891, 7.4729042], [125.8704016, 7.4728098], [125.8705853, 7.4727951], [125.8707583, 7.4728018], [125.870887, 7.4728404], [125.8710185, 7.4729055], [125.8712438, 7.4730784], [125.8714852, 7.4733815], [125.8718955, 7.4738602], [125.8720216, 7.4739932], [125.8721825, 7.4741182], [125.8723006, 7.4741687], [125.8724293, 7.4741874], [125.8725943, 7.4741993], [125.8727404, 7.4741953], [125.8728665, 7.4742193], [125.873175, 7.4743456], [125.8733413, 7.4744267], [125.8737543, 7.4745982], [125.8739502, 7.4746834], [125.8741079, 7.4747584], [125.8743645, 7.4749014], [125.8745375, 7.4749998], [125.8747025, 7.4750437], [125.8750083, 7.4750902], [125.87519, 7.4751022], [125.8753281, 7.4750882], [125.8754756, 7.4750517], [125.8757378, 7.474928], [125.8761576, 7.474702], [125.8762662, 7.474666], [125.8763547, 7.4746488], [125.8764593, 7.4746554], [125.8766866, 7.4747246], [125.8768429, 7.4747625], [125.8769723, 7.4747771], [125.877099, 7.4747611], [125.8772378, 7.4747192], [125.8776543, 7.4745251], [125.8778098, 7.4744865], [125.877964, 7.4744599], [125.8783798, 7.4743748], [125.8785877, 7.474319], [125.8788572, 7.4742126], [125.8794661, 7.4739041], [125.879678, 7.4737485], [125.8797826, 7.4736196], [125.8798201, 7.4735185], [125.879847, 7.4732619], [125.8798671, 7.4728084], [125.8798631, 7.4726143], [125.8798282, 7.4724055], [125.8798007, 7.472343], [125.8797531, 7.4722879], [125.8796498, 7.4722187], [125.8795325, 7.4721821], [125.8794218, 7.4721735], [125.8793601, 7.4721556], [125.8793072, 7.472103], [125.8792461, 7.4719734], [125.8791543, 7.4716975], [125.8791436, 7.4716316], [125.8791496, 7.4715791], [125.8791751, 7.4715399], [125.8793575, 7.4714295], [125.8794071, 7.4713704], [125.8794326, 7.4712992], [125.8794399, 7.471238], [125.8794238, 7.4711536], [125.8792368, 7.4708817], [125.8791161, 7.4707394], [125.8790007, 7.470645]]}, "properties": {"city": "tagum", "name": "New Asturias Road", "highway": "tertiary", "v_posted": 80, "posted_imputed": false, "v_safe": 50, "gap": 30, "R": 6.55, "exposure": 0.0, "vru_150m": 0, "sss": 37.5, "recommended": 50, "fatal_reduction_pct": 84.7, "why": "undivided arterial, side-impact intersections", "pop_density": 0.0, "pop_density_peak": 0.0, "v_design": 30, "design_gap": -20}}, {"type": "Feature", "geometry": {"type": "LineString", "coordinates": [[125.8349864, 7.5217651], [125.8347791, 7.5214586], [125.8346531, 7.5213097], [125.8344975, 7.5211821], [125.8331028, 7.5201636], [125.8326253, 7.519794], [125.832459, 7.5196611], [125.8321841, 7.5194869], [125.8321144, 7.519455], [125.8320071, 7.5194151], [125.8317523, 7.519346], [125.8316195, 7.5193007], [125.8314921, 7.5192396], [125.8312708, 7.5191133], [125.8311447, 7.5190255], [125.831067, 7.5189325], [125.8310106, 7.5187835], [125.8309758, 7.5186373], [125.8309489, 7.5183581], [125.8309597, 7.5182491], [125.8309972, 7.518148], [125.8311903, 7.5177491], [125.8312958, 7.5174931], [125.8313271, 7.5173565], [125.8313218, 7.5170471], [125.8312707, 7.5166932], [125.8312868, 7.5165283], [125.8313352, 7.5163717], [125.8313942, 7.5162627], [125.8315095, 7.5161616], [125.8317429, 7.5160366], [125.8319682, 7.5159648], [125.8320674, 7.5158904], [125.8321828, 7.5157308], [125.8322445, 7.5155872], [125.8323437, 7.5152548], [125.8323893, 7.514949], [125.8324416, 7.5147017], [125.8324604, 7.5146406], [125.8325087, 7.5145462], [125.8325583, 7.5144504], [125.8326173, 7.514356], [125.8328882, 7.5139651], [125.8329995, 7.5138242], [125.833092, 7.5137258], [125.8334944, 7.5134572], [125.8335856, 7.5133775], [125.8336419, 7.5133136], [125.833945, 7.5127393], [125.8340549, 7.512593], [125.8343929, 7.5122446], [125.8347604, 7.511883], [125.8348797, 7.5117926], [125.8349656, 7.5117381], [125.8351493, 7.5116769], [125.8353317, 7.5116437], [125.8354577, 7.5116317], [125.8355865, 7.511641], [125.8366111, 7.5117873], [125.8367654, 7.5117873], [125.8369155, 7.51175], [125.8371205, 7.51167], [125.837401, 7.5115014], [125.8381614, 7.5110653], [125.8382808, 7.5109855], [125.8383786, 7.5108765], [125.8384565, 7.5107475], [125.8385034, 7.5106079], [125.8386241, 7.5101984], [125.8386938, 7.5100109], [125.8387797, 7.5098115], [125.8389178, 7.5096546], [125.8390975, 7.5095043], [125.8391806, 7.5094166], [125.839241, 7.5093169], [125.8392853, 7.5092012], [125.8392898, 7.5089745], [125.8393081, 7.5087358], [125.8393443, 7.5085962], [125.8394355, 7.5084154], [125.8395534, 7.5082423], [125.8396929, 7.50812], [125.8398673, 7.5080232], [125.8400832, 7.507962], [125.8403389, 7.5079094], [125.8404138, 7.5078949], [125.8405258, 7.5078769], [125.8406438, 7.5078184], [125.8407323, 7.5077141], [125.8407618, 7.5075884], [125.8407497, 7.5074395], [125.8407055, 7.5072374], [125.8406706, 7.507119], [125.8406532, 7.5069954], [125.8406652, 7.5068544], [125.8407189, 7.5066763], [125.8407766, 7.5065446], [125.8408946, 7.506308], [125.8409563, 7.5060886], [125.8409831, 7.5058426], [125.8409992, 7.5053719], [125.8410314, 7.5049784], [125.8410957, 7.5044877], [125.8411118, 7.5040436], [125.8411387, 7.5039133], [125.8411971, 7.5037905], [125.8412889, 7.5036913], [125.841419, 7.5036208], [125.8417207, 7.5035238], [125.8418897, 7.5034559], [125.8419608, 7.5034081], [125.8420064, 7.5033389], [125.8420359, 7.5032206], [125.8420533, 7.5030238], [125.8420841, 7.5028656], [125.8421338, 7.5027845], [125.8422022, 7.5027247], [125.8422826, 7.5026954], [125.8426326, 7.5026329], [125.8427292, 7.5025944], [125.8427896, 7.5025398], [125.8428459, 7.5024401], [125.8429129, 7.5022513], [125.8429639, 7.5021556], [125.8430149, 7.5020931], [125.8433153, 7.5018059], [125.8433931, 7.5017234], [125.8434534, 7.5016277], [125.8435889, 7.5013153], [125.8437243, 7.5007847], [125.8437632, 7.500677], [125.8438342, 7.5005305], [125.8439495, 7.5003543], [125.8441588, 7.5000601], [125.844242, 7.4999231], [125.8443077, 7.4997955], [125.8444887, 7.4993126], [125.8445464, 7.4991706], [125.8446322, 7.4990323], [125.8447985, 7.4988368], [125.8448683, 7.4987437], [125.8449353, 7.4986015], [125.8451606, 7.4978981], [125.8452035, 7.4978024], [125.8452639, 7.4977066], [125.8453605, 7.4976122], [125.845508, 7.4974899], [125.8455978, 7.4974101], [125.8456676, 7.497337], [125.8457413, 7.4972452], [125.8460096, 7.4967852], [125.8460847, 7.4966668], [125.8461611, 7.4965591], [125.8463207, 7.4963664], [125.8464763, 7.4961822], [125.8465319, 7.4961077], [125.8465742, 7.4960299], [125.8468705, 7.4954675], [125.8469484, 7.4952794]]}, "properties": {"city": "tagum", "name": "New Balamban-New Bohol Road", "highway": "tertiary", "v_posted": 80, "posted_imputed": false, "v_safe": 50, "gap": 30, "R": 6.55, "exposure": 0.0, "vru_150m": 0, "sss": 37.5, "recommended": 50, "fatal_reduction_pct": 84.7, "why": "undivided arterial, side-impact intersections", "pop_density": 0.0, "pop_density_peak": 0.0, "v_design": 40, "design_gap": -10}}, {"type": "Feature", "geometry": {"type": "LineString", "coordinates": [[125.8469484, 7.4952794], [125.8468021, 7.4952481], [125.8466801, 7.4952162], [125.846496, 7.4951614], [125.8453605, 7.4947788], [125.8451754, 7.4947389], [125.8449823, 7.4947176], [125.8447972, 7.4947322], [125.8446443, 7.4947628], [125.8441266, 7.4948904], [125.8438987, 7.4949357], [125.8436452, 7.4949689], [125.8434722, 7.4950035], [125.8433193, 7.495058], [125.8431798, 7.4951404], [125.8430806, 7.4952229], [125.8427265, 7.4956337], [125.8426581, 7.4957095], [125.8425723, 7.4957693], [125.8423577, 7.495877], [125.8418106, 7.4961177], [125.8416939, 7.496147], [125.8415718, 7.4961509], [125.8414538, 7.4961416], [125.8410394, 7.4960645], [125.8406129, 7.4959834], [125.8403313, 7.4958996], [125.8402388, 7.4958504], [125.8401677, 7.4957919], [125.8400698, 7.4956723], [125.8400081, 7.4955659], [125.8397533, 7.4948439], [125.8396903, 7.4947349], [125.8396366, 7.494687], [125.8395776, 7.4946551], [125.8395132, 7.4946524], [125.8394194, 7.4946671], [125.8391793, 7.4947296], [125.8390693, 7.4947322], [125.8389768, 7.4947149], [125.838895, 7.494675], [125.8387998, 7.4946086], [125.8382083, 7.4940355], [125.837924, 7.4937616], [125.8378194, 7.4936419], [125.8377048, 7.493507], [125.8376598, 7.4934624], [125.8376062, 7.4934252], [125.8375244, 7.4933879], [125.8373809, 7.493348], [125.8368941, 7.4932184], [125.836654, 7.4931685], [125.8364481, 7.4931612], [125.8362021, 7.4931991], [125.8359653, 7.4932703], [125.835783, 7.4933294], [125.8355469, 7.4934052], [125.8353397, 7.4934338], [125.8349595, 7.4934464], [125.8342366, 7.4935216], [125.8341119, 7.4935275], [125.834, 7.4935222], [125.8338585, 7.4934963], [125.8337371, 7.4934677], [125.8336231, 7.4934491], [125.8334729, 7.4934345], [125.8332711, 7.4934339], [125.8330953, 7.4934366], [125.8329652, 7.4934386]]}, "properties": {"city": "tagum", "name": "Tagum City Bypass Road", "highway": "primary", "v_posted": 80, "posted_imputed": false, "v_safe": 50, "gap": 30, "R": 6.55, "exposure": 0.0, "vru_150m": 0, "sss": 37.5, "recommended": 50, "fatal_reduction_pct": 84.7, "why": "undivided arterial, side-impact intersections", "pop_density": 0.0, "pop_density_peak": 0.0, "v_design": 55, "design_gap": 5}}, {"type": "Feature", "geometry": {"type": "LineString", "coordinates": [[125.8526856, 7.4888538], [125.8526333, 7.4888924], [125.852593, 7.4889402], [125.8525622, 7.4890067], [125.8525461, 7.4890851], [125.8525338, 7.48919], [125.85253, 7.4894069], [125.8525313, 7.4896051], [125.8525327, 7.4897221], [125.8525394, 7.4898125], [125.8525568, 7.4899096], [125.8525797, 7.4899946], [125.8526735, 7.49021], [125.8527245, 7.4903683], [125.8527432, 7.4904933], [125.8527285, 7.490597], [125.8526963, 7.4906848], [125.8526239, 7.4907659], [125.8524938, 7.4908563], [125.8524066, 7.4909068], [125.8520004, 7.4911234], [125.851464, 7.4914851], [125.8513217, 7.4915902], [125.8511701, 7.4916847], [125.8509904, 7.4917498], [125.8507773, 7.4918042], [125.8506203, 7.4918349], [125.8504902, 7.4918908], [125.8504134, 7.4919549], [125.8503641, 7.4920304], [125.850348, 7.4921022], [125.8503427, 7.4922032], [125.8503628, 7.4924492], [125.8503601, 7.4925689], [125.8503386, 7.4926726], [125.8502716, 7.4928228], [125.8501415, 7.493005], [125.8500371, 7.493118], [125.8497581, 7.4934264], [125.8495662, 7.4936379], [125.849424, 7.4937509], [125.8492161, 7.4938826], [125.8488929, 7.4940528], [125.8488178, 7.4941099], [125.8487481, 7.4941804], [125.8486113, 7.4943998], [125.8485402, 7.4944942], [125.8484611, 7.4945727], [125.8481178, 7.4948692], [125.8479502, 7.4950127], [125.8478213, 7.4951271], [125.8477235, 7.4952042], [125.8476055, 7.495264], [125.8474687, 7.495288], [125.8473091, 7.4953], [125.847124, 7.4952973], [125.847089, 7.4952937], [125.8469484, 7.4952794]]}, "properties": {"city": "tagum", "name": "Tagum City Bypass Road", "highway": "primary", "v_posted": 80, "posted_imputed": false, "v_safe": 50, "gap": 30, "R": 6.55, "exposure": 0.2, "vru_150m": 1, "sss": 45.0, "recommended": 50, "fatal_reduction_pct": 84.7, "why": "undivided arterial, side-impact intersections", "pop_density": 0.0, "pop_density_peak": 0.0, "v_design": 55, "design_gap": 5}}]}