{"type": "FeatureCollection", "features": [{"type": "Feature", "geometry": {"type": "LineString", "coordinates": [[121.1375255, 14.1707687], [121.1374062, 14.1707658], [121.1372904, 14.1707611], [121.137141, 14.1707544]]}, "properties": {"city": "calamba", "name": "Makiling Drive", "highway": "unclassified", "v_posted": 40, "posted_imputed": false, "v_safe": 30, "gap": 10, "R": 3.16, "exposure": 0.44, "vru_150m": 2, "sss": 18.0, "recommended": 30, "fatal_reduction_pct": 68.4, "why": "pedestrian activity (1 VRU site<=50m)", "pop_density": 2136.6, "pop_density_peak": 2136.6, "v_design": 40, "design_gap": 10}}, {"type": "Feature", "geometry": {"type": "LineString", "coordinates": [[121.1380032, 14.1740097], [121.1374744, 14.1739716], [121.1373135, 14.1739634]]}, "properties": {"city": "calamba", "name": "Milagrosa-Bucal Bypass Road", "highway": "secondary", "v_posted": 60, "posted_imputed": false, "v_safe": 30, "gap": 30, "R": 16.0, "exposure": 0.428, "vru_150m": 2, "sss": 53.6, "recommended": 30, "fatal_reduction_pct": 93.8, "why": "pedestrian activity (2 VRU site<=50m)", "pop_density": 1527.7, "pop_density_peak": 1716.5, "v_design": 50, "design_gap": 20}}, {"type": "Feature", "geometry": {"type": "LineString", "coordinates": [[121.1245203, 14.1773939], [121.1238981, 14.1769312], [121.1235805, 14.1767599], [121.1235331, 14.1767331], [121.1233424, 14.1766386], [121.1231347, 14.1765345], [121.1224372, 14.1762002], [121.1217715, 14.1758811], [121.1215413, 14.1757602], [121.1212773, 14.1756299], [121.121042, 14.1754922], [121.1209862, 14.1754596], [121.1208476, 14.1753785]]}, "properties": {"city": "calamba", "name": "Tagaytay Ridge Drive", "highway": "unclassified", "v_posted": 40, "posted_imputed": false, "v_safe": 30, "gap": 10, "R": 3.16, "exposure": 0.036, "vru_150m": 0, "sss": 13.0, "recommended": 30, "fatal_reduction_pct": 68.4, "why": "local road, frontage/pedestrian mixing", "pop_density": 1169.9, "pop_density_peak": 1736.8, "v_design": 40, "design_gap": 10}}, {"type": "Feature", "geometry": {"type": "LineString", "coordinates": [[121.1373218, 14.1738284], [121.137482, 14.173839], [121.1376403, 14.1738484], [121.1380032, 14.1740097]]}, "properties": {"city": "calamba", "name": "Milagrosa-Bucal Bypass Road", "highway": "secondary", "v_posted": 60, "posted_imputed": false, "v_safe": 50, "gap": 10, "R": 2.07, "exposure": 0.428, "vru_150m": 2, "sss": 17.9, "recommended": 50, "fatal_reduction_pct": 51.8, "why": "undivided arterial, side-impact intersections", "pop_density": 1527.7, "pop_density_peak": 1716.5, "v_design": 50, "design_gap": 0}}, {"type": "Feature", "geometry": {"type": "LineString", "coordinates": [[121.1380032, 14.1740097], [121.1382547, 14.1740332], [121.1392515, 14.1741402]]}, "properties": {"city": "calamba", "name": "Milagrosa-Bucal Bypass Road", "highway": "secondary", "v_posted": 60, "posted_imputed": false, "v_safe": 50, "gap": 10, "R": 2.07, "exposure": 0.412, "vru_150m": 2, "sss": 17.7, "recommended": 50, "fatal_reduction_pct": 51.8, "why": "undivided arterial, side-impact intersections", "pop_density": 669.4, "pop_density_peak": 1338.8, "v_design": 50, "design_gap": 0}}, {"type": "Feature", "geometry": {"type": "LineString", "coordinates": [[121.1258524, 14.176558], [121.1252486, 14.177203], [121.1250836, 14.1773792]]}, "properties": {"city": "calamba", "name": "Makiling Drive", "highway": "unclassified", "v_posted": 60, "posted_imputed": false, "v_safe": 30, "gap": 30, "R": 16.0, "exposure": 0.077, "vru_150m": 0, "sss": 40.4, "recommended": 30, "fatal_reduction_pct": 93.8, "why": "local road, frontage/pedestrian mixing", "pop_density": 2487.9, "pop_density_peak": 2907.7, "v_design": 40, "design_gap": 10}}, {"type": "Feature", "geometry": {"type": "LineString", "coordinates": [[121.128059, 14.1741506], [121.1274889, 14.1747874], [121.1268741, 14.1754317]]}, "properties": {"city": "calamba", "name": "Makiling Drive", "highway": "unclassified", "v_posted": 60, "posted_imputed": false, "v_safe": 30, "gap": 30, "R": 16.0, "exposure": 0.104, "vru_150m": 0, "sss": 41.4, "recommended": 30, "fatal_reduction_pct": 93.8, "why": "local road, frontage/pedestrian mixing", "pop_density": 3379.1, "pop_density_peak": 3411.0, "v_design": 40, "design_gap": 10}}, {"type": "Feature", "geometry": {"type": "LineString", "coordinates": [[121.1220548, 14.1733388], [121.1223955, 14.1735722], [121.1229525, 14.1739761], [121.1231694, 14.1741334], [121.123476, 14.1743641], [121.1240292, 14.1747803], [121.1250973, 14.175584], [121.1257673, 14.1760881]]}, "properties": {"city": "calamba", "name": "San Juan River Drive", "highway": "unclassified", "v_posted": 40, "posted_imputed": false, "v_safe": 30, "gap": 10, "R": 3.16, "exposure": 0.077, "vru_150m": 0, "sss": 13.5, "recommended": 30, "fatal_reduction_pct": 68.4, "why": "local road, frontage/pedestrian mixing", "pop_density": 2488.9, "pop_density_peak": 3275.6, "v_design": 40, "design_gap": 10}}, {"type": "Feature", "geometry": {"type": "LineString", "coordinates": [[121.137141, 14.1707544], [121.1368459, 14.1707453], [121.1367653, 14.170725], [121.1366825, 14.1706994]]}, "properties": {"city": "calamba", "name": "Makiling Drive", "highway": "unclassified", "v_posted": 40, "posted_imputed": false, "v_safe": 30, "gap": 10, "R": 3.16, "exposure": 0.444, "vru_150m": 2, "sss": 18.1, "recommended": 30, "fatal_reduction_pct": 68.4, "why": "local road, frontage/pedestrian mixing", "pop_density": 2374.6, "pop_density_peak": 2612.6, "v_design": 40, "design_gap": 10}}, {"type": "Feature", "geometry": {"type": "LineString", "coordinates": [[121.1371936, 14.1706742], [121.1374016, 14.1706816], [121.1375302, 14.1706788]]}, "properties": {"city": "calamba", "name": "Makiling Drive", "highway": "unclassified", "v_posted": 40, "posted_imputed": false, "v_safe": 30, "gap": 10, "R": 3.16, "exposure": 0.44, "vru_150m": 2, "sss": 18.0, "recommended": 30, "fatal_reduction_pct": 68.4, "why": "pedestrian activity (1 VRU site<=50m)", "pop_density": 2136.6, "pop_density_peak": 2136.6, "v_design": 40, "design_gap": 10}}, {"type": "Feature", "geometry": {"type": "LineString", "coordinates": [[121.1366825, 14.1706994], [121.1367756, 14.1706635], [121.1368311, 14.1706621], [121.1368954, 14.1706616], [121.1371936, 14.1706742]]}, "properties": {"city": "calamba", "name": "Makiling Drive", "highway": "unclassified", "v_posted": 40, "posted_imputed": false, "v_safe": 30, "gap": 10, "R": 3.16, "exposure": 0.444, "vru_150m": 2, "sss": 18.1, "recommended": 30, "fatal_reduction_pct": 68.4, "why": "local road, frontage/pedestrian mixing", "pop_density": 2374.6, "pop_density_peak": 2612.6, "v_design": 40, "design_gap": 10}}, {"type": "Feature", "geometry": {"type": "LineString", "coordinates": [[121.1366825, 14.1706994], [121.136511, 14.1707317], [121.1363429, 14.1707786], [121.1362453, 14.1708028], [121.1360288, 14.1708664], [121.135861, 14.1709164], [121.1350505, 14.171158], [121.1348548, 14.1711961], [121.1347068, 14.1712056], [121.1345324, 14.1711999], [121.1343597, 14.171156], [121.1341518, 14.1710719], [121.1338035, 14.1708563], [121.1334552, 14.1706473], [121.1331637, 14.1705381], [121.1330647, 14.1705191], [121.1330018, 14.1705128], [121.1325439, 14.170572], [121.1323947, 14.170601], [121.132264, 14.1706243], [121.1321388, 14.1706466], [121.1318518, 14.1706978], [121.131539, 14.1707909], [121.1314087, 14.1708262], [121.1311637, 14.1709761], [121.1311087, 14.171012], [121.1306785, 14.1713573], [121.1306306, 14.1714153], [121.1305638, 14.1714871], [121.1303305, 14.1717238], [121.1301021, 14.1719552], [121.1296233, 14.1724403], [121.1295068, 14.1725584], [121.1292715, 14.1727967], [121.128845, 14.1732288], [121.128059, 14.1741506]]}, "properties": {"city": "calamba", "name": "Makiling Drive", "highway": "unclassified", "v_posted": 40, "posted_imputed": false, "v_safe": 30, "gap": 10, "R": 3.16, "exposure": 0.095, "vru_150m": 0, "sss": 13.7, "recommended": 30, "fatal_reduction_pct": 68.4, "why": "local road, frontage/pedestrian mixing", "pop_density": 3072.5, "pop_density_peak": 3568.3, "v_design": 35, "design_gap": 5}}, {"type": "Feature", "geometry": {"type": "LineString", "coordinates": [[121.1206635, 14.1748589], [121.1212393, 14.174079], [121.1217069, 14.1734277]]}, "properties": {"city": "calamba", "name": "River Valley Road", "highway": "unclassified", "v_posted": 40, "posted_imputed": false, "v_safe": 30, "gap": 10, "R": 3.16, "exposure": 0.036, "vru_150m": 0, "sss": 12.9, "recommended": 30, "fatal_reduction_pct": 68.4, "why": "local road, frontage/pedestrian mixing", "pop_density": 1153.5, "pop_density_peak": 1367.5, "v_design": 40, "design_gap": 10}}, {"type": "Feature", "geometry": {"type": "LineString", "coordinates": [[121.1246114, 14.1802765], [121.1251907, 14.1797798], [121.1257106, 14.1793486], [121.125797, 14.1792759]]}, "properties": {"city": "calamba", "name": "Concord Drive", "highway": "unclassified", "v_posted": 40, "posted_imputed": false, "v_safe": 30, "gap": 10, "R": 3.16, "exposure": 0.236, "vru_150m": 1, "sss": 15.5, "recommended": 30, "fatal_reduction_pct": 68.4, "why": "local road, frontage/pedestrian mixing", "pop_density": 1467.6, "pop_density_peak": 2146.4, "v_design": 40, "design_gap": 10}}, {"type": "Feature", "geometry": {"type": "LineString", "coordinates": [[121.1258415, 14.178757], [121.1255358, 14.1783974], [121.1252511, 14.1780886], [121.1250983, 14.1779227]]}, "properties": {"city": "calamba", "name": "Tagaytay Ridge Drive", "highway": "unclassified", "v_posted": 40, "posted_imputed": false, "v_safe": 30, "gap": 10, "R": 3.16, "exposure": 0.241, "vru_150m": 1, "sss": 15.5, "recommended": 30, "fatal_reduction_pct": 68.4, "why": "local road, frontage/pedestrian mixing", "pop_density": 1650.0, "pop_density_peak": 2068.1, "v_design": 40, "design_gap": 10}}, {"type": "Feature", "geometry": {"type": "LineString", "coordinates": [[121.118024, 14.1734476], [121.1189404, 14.172165], [121.1196918, 14.1711141], [121.1197723, 14.1710985], [121.1199466, 14.1711505], [121.1203289, 14.1713403], [121.1204415, 14.1714027], [121.1212649, 14.1721673], [121.1213105, 14.1722505], [121.121332, 14.1723103], [121.121332, 14.1723884], [121.1212113, 14.1725561], [121.1211845, 14.1726341], [121.1212113, 14.1727173], [121.1216341, 14.1730273]]}, "properties": {"city": "calamba", "name": "San Juan River Drive", "highway": "unclassified", "v_posted": 40, "posted_imputed": false, "v_safe": 30, "gap": 10, "R": 3.16, "exposure": 0.064, "vru_150m": 0, "sss": 13.3, "recommended": 30, "fatal_reduction_pct": 68.4, "why": "local road, frontage/pedestrian mixing", "pop_density": 2066.4, "pop_density_peak": 4960.1, "v_design": 30, "design_gap": 0}}, {"type": "Feature", "geometry": {"type": "LineString", "coordinates": [[121.1204555, 14.1751405], [121.1206635, 14.1748589]]}, "properties": {"city": "calamba", "name": "River Valley Road", "highway": "unclassified", "v_posted": 40, "posted_imputed": false, "v_safe": 30, "gap": 10, "R": 3.16, "exposure": 0.029, "vru_150m": 0, "sss": 12.9, "recommended": 30, "fatal_reduction_pct": 68.4, "why": "local road, frontage/pedestrian mixing", "pop_density": 939.4, "pop_density_peak": 939.4, "v_design": 40, "design_gap": 10}}, {"type": "Feature", "geometry": {"type": "LineString", "coordinates": [[121.1204555, 14.1751405], [121.1202302, 14.1749947]]}, "properties": {"city": "calamba", "name": "Tagaytay Ridge Drive", "highway": "unclassified", "v_posted": 40, "posted_imputed": false, "v_safe": 30, "gap": 10, "R": 3.16, "exposure": 0.03, "vru_150m": 0, "sss": 12.9, "recommended": 30, "fatal_reduction_pct": 68.4, "why": "local road, frontage/pedestrian mixing", "pop_density": 963.2, "pop_density_peak": 986.9, "v_design": 40, "design_gap": 10}}, {"type": "Feature", "geometry": {"type": "LineString", "coordinates": [[121.1208476, 14.1753785], [121.1204555, 14.1751405]]}, "properties": {"city": "calamba", "name": "Tagaytay Ridge Drive", "highway": "unclassified", "v_posted": 40, "posted_imputed": false, "v_safe": 30, "gap": 10, "R": 3.16, "exposure": 0.029, "vru_150m": 0, "sss": 12.9, "recommended": 30, "fatal_reduction_pct": 68.4, "why": "local road, frontage/pedestrian mixing", "pop_density": 939.4, "pop_density_peak": 939.4, "v_design": 40, "design_gap": 10}}, {"type": "Feature", "geometry": {"type": "LineString", "coordinates": [[121.1202302, 14.1749947], [121.1189448, 14.1740975], [121.1184086, 14.1737232], [121.118024, 14.1734476]]}, "properties": {"city": "calamba", "name": "Tagaytay Ridge Drive", "highway": "unclassified", "v_posted": 40, "posted_imputed": false, "v_safe": 30, "gap": 10, "R": 3.16, "exposure": 0.416, "vru_150m": 2, "sss": 17.7, "recommended": 30, "fatal_reduction_pct": 68.4, "why": "pedestrian activity (1 VRU site<=50m)", "pop_density": 876.6, "pop_density_peak": 986.9, "v_design": 40, "design_gap": 10}}, {"type": "Feature", "geometry": {"type": "LineString", "coordinates": [[121.1260802, 14.1790377], [121.1263609, 14.1788076]]}, "properties": {"city": "calamba", "name": "Lake View Road", "highway": "unclassified", "v_posted": 40, "posted_imputed": false, "v_safe": 30, "gap": 10, "R": 3.16, "exposure": 0.222, "vru_150m": 1, "sss": 15.3, "recommended": 30, "fatal_reduction_pct": 68.4, "why": "pedestrian activity (1 VRU site<=50m)", "pop_density": 908.1, "pop_density_peak": 1128.3, "v_design": 40, "design_gap": 10}}, {"type": "Feature", "geometry": {"type": "LineString", "coordinates": [[121.1263609, 14.1788076], [121.1271353, 14.1781727]]}, "properties": {"city": "calamba", "name": "Lake View Road", "highway": "unclassified", "v_posted": 40, "posted_imputed": false, "v_safe": 30, "gap": 10, "R": 3.16, "exposure": 0.212, "vru_150m": 1, "sss": 15.1, "recommended": 30, "fatal_reduction_pct": 68.4, "why": "local road, frontage/pedestrian mixing", "pop_density": 475.7, "pop_density_peak": 688.0, "v_design": 40, "design_gap": 10}}, {"type": "Feature", "geometry": {"type": "LineString", "coordinates": [[121.125797, 14.1792759], [121.1260802, 14.1790377]]}, "properties": {"city": "calamba", "name": "Concord Drive", "highway": "unclassified", "v_posted": 40, "posted_imputed": false, "v_safe": 30, "gap": 10, "R": 3.16, "exposure": 0.228, "vru_150m": 1, "sss": 15.3, "recommended": 30, "fatal_reduction_pct": 68.4, "why": "pedestrian activity (1 VRU site<=50m)", "pop_density": 1128.3, "pop_density_peak": 1128.3, "v_design": 40, "design_gap": 10}}, {"type": "Feature", "geometry": {"type": "LineString", "coordinates": [[121.1260802, 14.1790377], [121.1258415, 14.178757]]}, "properties": {"city": "calamba", "name": "Tagaytay Ridge Drive", "highway": "unclassified", "v_posted": 40, "posted_imputed": false, "v_safe": 30, "gap": 10, "R": 3.16, "exposure": 0.229, "vru_150m": 1, "sss": 15.4, "recommended": 30, "fatal_reduction_pct": 68.4, "why": "pedestrian activity (1 VRU site<=50m)", "pop_density": 1180.0, "pop_density_peak": 1231.8, "v_design": 40, "design_gap": 10}}, {"type": "Feature", "geometry": {"type": "LineString", "coordinates": [[121.1263058, 14.1793218], [121.1260802, 14.1790377]]}, "properties": {"city": "calamba", "name": "Tagaytay Ridge Drive", "highway": "unclassified", "v_posted": 40, "posted_imputed": false, "v_safe": 30, "gap": 10, "R": 3.16, "exposure": 0.222, "vru_150m": 1, "sss": 15.3, "recommended": 30, "fatal_reduction_pct": 68.4, "why": "pedestrian activity (1 VRU site<=50m)", "pop_density": 908.1, "pop_density_peak": 1128.3, "v_design": 40, "design_gap": 10}}, {"type": "Feature", "geometry": {"type": "LineString", "coordinates": [[121.1270224, 14.1801446], [121.1269531, 14.1800859], [121.1263058, 14.1793218]]}, "properties": {"city": "calamba", "name": "Tagaytay Ridge Drive", "highway": "unclassified", "v_posted": 40, "posted_imputed": false, "v_safe": 30, "gap": 10, "R": 3.16, "exposure": 0.021, "vru_150m": 0, "sss": 12.8, "recommended": 30, "fatal_reduction_pct": 68.4, "why": "local road, frontage/pedestrian mixing", "pop_density": 690.4, "pop_density_peak": 692.8, "v_design": 40, "design_gap": 10}}, {"type": "Feature", "geometry": {"type": "LineString", "coordinates": [[121.1250983, 14.1779227], [121.1249575, 14.1777699], [121.1248247, 14.1776556]]}, "properties": {"city": "calamba", "name": "Tagaytay Ridge Drive", "highway": "unclassified", "v_posted": 40, "posted_imputed": false, "v_safe": 30, "gap": 10, "R": 3.16, "exposure": 0.251, "vru_150m": 1, "sss": 15.6, "recommended": 30, "fatal_reduction_pct": 68.4, "why": "local road, frontage/pedestrian mixing", "pop_density": 2068.1, "pop_density_peak": 2068.1, "v_design": 40, "design_gap": 10}}, {"type": "Feature", "geometry": {"type": "LineString", "coordinates": [[121.1248247, 14.1776556], [121.1246186, 14.1774784], [121.1245203, 14.1773939]]}, "properties": {"city": "calamba", "name": "Tagaytay Ridge Drive", "highway": "unclassified", "v_posted": 40, "posted_imputed": false, "v_safe": 30, "gap": 10, "R": 3.16, "exposure": 0.059, "vru_150m": 0, "sss": 13.2, "recommended": 30, "fatal_reduction_pct": 68.4, "why": "local road, frontage/pedestrian mixing", "pop_density": 1902.5, "pop_density_peak": 2068.1, "v_design": 40, "design_gap": 10}}, {"type": "Feature", "geometry": {"type": "LineString", "coordinates": [[121.1250836, 14.1773792], [121.1248247, 14.1776556]]}, "properties": {"city": "calamba", "name": "Makiling Drive", "highway": "unclassified", "v_posted": 60, "posted_imputed": false, "v_safe": 30, "gap": 30, "R": 16.0, "exposure": 0.064, "vru_150m": 0, "sss": 39.9, "recommended": 30, "fatal_reduction_pct": 93.8, "why": "local road, frontage/pedestrian mixing", "pop_density": 2068.1, "pop_density_peak": 2068.1, "v_design": 40, "design_gap": 10}}, {"type": "Feature", "geometry": {"type": "LineString", "coordinates": [[121.1218627, 14.1732072], [121.1220548, 14.1733388]]}, "properties": {"city": "calamba", "name": "San Juan River Drive", "highway": "unclassified", "v_posted": 40, "posted_imputed": false, "v_safe": 30, "gap": 10, "R": 3.16, "exposure": 0.042, "vru_150m": 0, "sss": 13.0, "recommended": 30, "fatal_reduction_pct": 68.4, "why": "local road, frontage/pedestrian mixing", "pop_density": 1367.5, "pop_density_peak": 1367.5, "v_design": 40, "design_gap": 10}}, {"type": "Feature", "geometry": {"type": "LineString", "coordinates": [[121.1216341, 14.1730273], [121.1218627, 14.1732072]]}, "properties": {"city": "calamba", "name": "San Juan River Drive", "highway": "unclassified", "v_posted": 40, "posted_imputed": false, "v_safe": 30, "gap": 10, "R": 3.16, "exposure": 0.042, "vru_150m": 0, "sss": 13.0, "recommended": 30, "fatal_reduction_pct": 68.4, "why": "local road, frontage/pedestrian mixing", "pop_density": 1367.5, "pop_density_peak": 1367.5, "v_design": 40, "design_gap": 10}}, {"type": "Feature", "geometry": {"type": "LineString", "coordinates": [[121.1217069, 14.1734277], [121.1218627, 14.1732072]]}, "properties": {"city": "calamba", "name": "River Valley Road", "highway": "unclassified", "v_posted": 40, "posted_imputed": false, "v_safe": 30, "gap": 10, "R": 3.16, "exposure": 0.042, "vru_150m": 0, "sss": 13.0, "recommended": 30, "fatal_reduction_pct": 68.4, "why": "local road, frontage/pedestrian mixing", "pop_density": 1367.5, "pop_density_peak": 1367.5, "v_design": 40, "design_gap": 10}}, {"type": "Feature", "geometry": {"type": "LineString", "coordinates": [[121.1260754, 14.1763199], [121.1258524, 14.176558]]}, "properties": {"city": "calamba", "name": "Makiling Drive", "highway": "unclassified", "v_posted": 60, "posted_imputed": false, "v_safe": 30, "gap": 30, "R": 16.0, "exposure": 0.272, "vru_150m": 1, "sss": 47.7, "recommended": 30, "fatal_reduction_pct": 93.8, "why": "local road, frontage/pedestrian mixing", "pop_density": 2907.7, "pop_density_peak": 2907.7, "v_design": 40, "design_gap": 10}}, {"type": "Feature", "geometry": {"type": "LineString", "coordinates": [[121.1263402, 14.1760036], [121.1260754, 14.1763199]]}, "properties": {"city": "calamba", "name": "Makiling Drive", "highway": "unclassified", "v_posted": 60, "posted_imputed": false, "v_safe": 30, "gap": 30, "R": 16.0, "exposure": 0.267, "vru_150m": 1, "sss": 47.5, "recommended": 30, "fatal_reduction_pct": 93.8, "why": "local road, frontage/pedestrian mixing", "pop_density": 2707.8, "pop_density_peak": 2907.7, "v_design": 40, "design_gap": 10}}, {"type": "Feature", "geometry": {"type": "LineString", "coordinates": [[121.1268741, 14.1754317], [121.1263402, 14.1760036]]}, "properties": {"city": "calamba", "name": "Makiling Drive", "highway": "unclassified", "v_posted": 60, "posted_imputed": false, "v_safe": 30, "gap": 30, "R": 16.0, "exposure": 0.273, "vru_150m": 1, "sss": 47.7, "recommended": 30, "fatal_reduction_pct": 93.8, "why": "pedestrian activity (1 VRU site<=50m)", "pop_density": 2959.5, "pop_density_peak": 3411.0, "v_design": 40, "design_gap": 10}}, {"type": "Feature", "geometry": {"type": "LineString", "coordinates": [[121.1257673, 14.1760881], [121.1259171, 14.1762008], [121.1260754, 14.1763199]]}, "properties": {"city": "calamba", "name": "San Juan River Drive", "highway": "unclassified", "v_posted": 40, "posted_imputed": false, "v_safe": 30, "gap": 10, "R": 3.16, "exposure": 0.276, "vru_150m": 1, "sss": 16.0, "recommended": 30, "fatal_reduction_pct": 68.4, "why": "local road, frontage/pedestrian mixing", "pop_density": 3091.7, "pop_density_peak": 3275.6, "v_design": 40, "design_gap": 10}}, {"type": "Feature", "geometry": {"type": "LineString", "coordinates": [[121.118024, 14.1734476], [121.1179335, 14.173413], [121.1178437, 14.1733376], [121.11779, 14.1732426], [121.1177607, 14.1731644]]}, "properties": {"city": "calamba", "name": "Tagaytay Ridge Drive", "highway": "residential", "v_posted": 40, "posted_imputed": false, "v_safe": 30, "gap": 10, "R": 3.16, "exposure": 0.421, "vru_150m": 2, "sss": 17.8, "recommended": 30, "fatal_reduction_pct": 68.4, "why": "local road, frontage/pedestrian mixing", "pop_density": 1127.2, "pop_density_peak": 1374.4, "v_design": 35, "design_gap": 5}}, {"type": "Feature", "geometry": {"type": "LineString", "coordinates": [[121.1177607, 14.1731644], [121.1178464, 14.1732309], [121.1179121, 14.1732816], [121.1179885, 14.1733636], [121.118024, 14.1734476]]}, "properties": {"city": "calamba", "name": "Tagaytay Ridge Drive", "highway": "residential", "v_posted": 40, "posted_imputed": false, "v_safe": 30, "gap": 10, "R": 3.16, "exposure": 0.421, "vru_150m": 2, "sss": 17.8, "recommended": 30, "fatal_reduction_pct": 68.4, "why": "local road, frontage/pedestrian mixing", "pop_density": 1127.2, "pop_density_peak": 1374.4, "v_design": 35, "design_gap": 5}}, {"type": "Feature", "geometry": {"type": "LineString", "coordinates": [[121.143429, 14.1753554], [121.1436099, 14.1754395], [121.1446679, 14.1759311]]}, "properties": {"city": "calamba", "name": "Milagrosa-Bucal Bypass Road", "highway": "secondary", "v_posted": 60, "posted_imputed": false, "v_safe": 50, "gap": 10, "R": 2.07, "exposure": 0.0, "vru_150m": 0, "sss": 12.5, "recommended": 50, "fatal_reduction_pct": 51.8, "why": "undivided arterial, side-impact intersections", "pop_density": 0.0, "pop_density_peak": 0.0, "v_design": 50, "design_gap": 0}}, {"type": "Feature", "geometry": {"type": "LineString", "coordinates": [[121.1427761, 14.17505], [121.143429, 14.1753554]]}, "properties": {"city": "calamba", "name": "Milagrosa-Bucal Bypass Road", "highway": "secondary", "v_posted": 60, "posted_imputed": false, "v_safe": 50, "gap": 10, "R": 2.07, "exposure": 0.0, "vru_150m": 0, "sss": 12.5, "recommended": 50, "fatal_reduction_pct": 51.8, "why": "undivided arterial, side-impact intersections", "pop_density": 0.0, "pop_density_peak": 0.0, "v_design": 50, "design_gap": 0}}, {"type": "Feature", "geometry": {"type": "LineString", "coordinates": [[121.1446679, 14.1759311], [121.1452528, 14.1762079]]}, "properties": {"city": "calamba", "name": "Milagrosa-Bucal Bypass Road", "highway": "secondary", "v_posted": 60, "posted_imputed": false, "v_safe": 50, "gap": 10, "R": 2.07, "exposure": 0.0, "vru_150m": 0, "sss": 12.5, "recommended": 50, "fatal_reduction_pct": 51.8, "why": "undivided arterial, side-impact intersections", "pop_density": 0.0, "pop_density_peak": 0.0, "v_design": 50, "design_gap": 0}}, {"type": "Feature", "geometry": {"type": "LineString", "coordinates": [[121.1452528, 14.1762079], [121.1463268, 14.1766982], [121.1467953, 14.176811], [121.1472236, 14.1768486], [121.1476096, 14.176852], [121.1478059, 14.1768375]]}, "properties": {"city": "calamba", "name": "Milagrosa-Bucal Bypass Road", "highway": "secondary", "v_posted": 60, "posted_imputed": false, "v_safe": 50, "gap": 10, "R": 2.07, "exposure": 0.0, "vru_150m": 0, "sss": 12.5, "recommended": 50, "fatal_reduction_pct": 51.8, "why": "undivided arterial, side-impact intersections", "pop_density": 0.0, "pop_density_peak": 0.0, "v_design": 50, "design_gap": 0}}, {"type": "Feature", "geometry": {"type": "LineString", "coordinates": [[121.1392515, 14.1741402], [121.1400315, 14.1742367]]}, "properties": {"city": "calamba", "name": "Milagrosa-Bucal Bypass Road", "highway": "secondary", "v_posted": 60, "posted_imputed": false, "v_safe": 50, "gap": 10, "R": 2.07, "exposure": 0.0, "vru_150m": 0, "sss": 12.5, "recommended": 50, "fatal_reduction_pct": 51.8, "why": "undivided arterial, side-impact intersections", "pop_density": 0.0, "pop_density_peak": 0.0, "v_design": 50, "design_gap": 0}}, {"type": "Feature", "geometry": {"type": "LineString", "coordinates": [[121.1400315, 14.1742367], [121.1403054, 14.1742629], [121.1408801, 14.1743177], [121.1412567, 14.1744023], [121.1416144, 14.174522], [121.141682, 14.1745527], [121.1426419, 14.1749887], [121.1427338, 14.1750307], [121.1427761, 14.17505]]}, "properties": {"city": "calamba", "name": "Milagrosa-Bucal Bypass Road", "highway": "secondary", "v_posted": 60, "posted_imputed": false, "v_safe": 50, "gap": 10, "R": 2.07, "exposure": 0.0, "vru_150m": 0, "sss": 12.5, "recommended": 50, "fatal_reduction_pct": 51.8, "why": "undivided arterial, side-impact intersections", "pop_density": 0.0, "pop_density_peak": 0.0, "v_design": 50, "design_gap": 0}}, {"type": "Feature", "geometry": {"type": "LineString", "coordinates": [[121.151447, 14.1741711], [121.1515651, 14.1739155], [121.1519032, 14.1735944], [121.1522593, 14.1732951], [121.1524352, 14.17317]]}, "properties": {"city": "calamba", "name": "AGE Spine Road", "highway": "tertiary", "v_posted": 60, "posted_imputed": false, "v_safe": 50, "gap": 10, "R": 2.07, "exposure": 0.019, "vru_150m": 0, "sss": 12.7, "recommended": 50, "fatal_reduction_pct": 51.8, "why": "undivided arterial, side-impact intersections", "pop_density": 609.4, "pop_density_peak": 1218.7, "v_design": 45, "design_gap": -5}}, {"type": "Feature", "geometry": {"type": "LineString", "coordinates": [[121.1489137, 14.1765625], [121.1491197, 14.1764342], [121.1493083, 14.1763297], [121.1495416, 14.1761739], [121.1497402, 14.1760166], [121.1498362, 14.1759405]]}, "properties": {"city": "calamba", "name": "AGE Spine Road", "highway": "tertiary", "v_posted": 60, "posted_imputed": false, "v_safe": 50, "gap": 10, "R": 2.07, "exposure": 0.0, "vru_150m": 0, "sss": 12.5, "recommended": 50, "fatal_reduction_pct": 51.8, "why": "undivided arterial, side-impact intersections", "pop_density": 0.0, "pop_density_peak": 0.0, "v_design": 45, "design_gap": -5}}, {"type": "Feature", "geometry": {"type": "LineString", "coordinates": [[121.1478059, 14.1768375], [121.1481581, 14.1767692], [121.1483137, 14.1767361], [121.1486543, 14.1766384], [121.1489137, 14.1765625]]}, "properties": {"city": "calamba", "name": "Milagrosa-Bucal Bypass Road", "highway": "secondary", "v_posted": 60, "posted_imputed": false, "v_safe": 50, "gap": 10, "R": 2.07, "exposure": 0.0, "vru_150m": 0, "sss": 12.5, "recommended": 50, "fatal_reduction_pct": 51.8, "why": "undivided arterial, side-impact intersections", "pop_density": 0.0, "pop_density_peak": 0.0, "v_design": 50, "design_gap": 0}}, {"type": "Feature", "geometry": {"type": "LineString", "coordinates": [[121.1498362, 14.1759405], [121.1503105, 14.1754518], [121.1507704, 14.1749352], [121.151447, 14.1741711]]}, "properties": {"city": "calamba", "name": "AGE Spine Road", "highway": "tertiary", "v_posted": 60, "posted_imputed": false, "v_safe": 50, "gap": 10, "R": 2.07, "exposure": 0.0, "vru_150m": 0, "sss": 12.5, "recommended": 50, "fatal_reduction_pct": 51.8, "why": "undivided arterial, side-impact intersections", "pop_density": 0.0, "pop_density_peak": 0.0, "v_design": 45, "design_gap": -5}}, {"type": "Feature", "geometry": {"type": "LineString", "coordinates": [[121.152519, 14.1732812], [121.1524584, 14.1733241], [121.1521907, 14.1735136]]}, "properties": {"city": "calamba", "name": "AGE Spine Road", "highway": "tertiary", "v_posted": 60, "posted_imputed": false, "v_safe": 50, "gap": 10, "R": 2.07, "exposure": 0.038, "vru_150m": 0, "sss": 13.0, "recommended": 50, "fatal_reduction_pct": 51.8, "why": "undivided arterial, side-impact intersections", "pop_density": 1218.7, "pop_density_peak": 1218.7, "v_design": 45, "design_gap": -5}}, {"type": "Feature", "geometry": {"type": "LineString", "coordinates": [[121.1521907, 14.1735136], [121.1518501, 14.1738211], [121.151447, 14.1741711]]}, "properties": {"city": "calamba", "name": "AGE Spine Road", "highway": "tertiary", "v_posted": 60, "posted_imputed": false, "v_safe": 50, "gap": 10, "R": 2.07, "exposure": 0.019, "vru_150m": 0, "sss": 12.7, "recommended": 50, "fatal_reduction_pct": 51.8, "why": "undivided arterial, side-impact intersections", "pop_density": 609.4, "pop_density_peak": 1218.7, "v_design": 45, "design_gap": -5}}, {"type": "Feature", "geometry": {"type": "LineString", "coordinates": [[121.1379062, 14.1987301], [121.1378379, 14.1987211], [121.1377103, 14.1986706]]}, "properties": {"city": "calamba", "name": "", "highway": "service", "v_posted": 40, "posted_imputed": false, "v_safe": 30, "gap": 10, "R": 3.16, "exposure": 0.1, "vru_150m": 0, "sss": 13.7, "recommended": 30, "fatal_reduction_pct": 68.4, "why": "local road, frontage/pedestrian mixing", "pop_density": 3220.4, "pop_density_peak": 3220.4, "v_design": 25, "design_gap": -5}}, {"type": "Feature", "geometry": {"type": "LineString", "coordinates": [[121.0975162, 14.2199493], [121.0989943, 14.2203046], [121.1004333, 14.2206505], [121.1014449, 14.220882], [121.1015411, 14.2209032], [121.1024153, 14.2210935], [121.1026762, 14.2211566], [121.1032428, 14.2212757], [121.1042958, 14.2215117], [121.1052379, 14.221716], [121.1059002, 14.2218614], [121.1064279, 14.2220486], [121.1068244, 14.2222379], [121.1075279, 14.2225816], [121.1078985, 14.2227874], [121.1081287, 14.2228936], [121.1082762, 14.2229725], [121.1083925, 14.2230413], [121.1098118, 14.2238075], [121.1099468, 14.223916]]}, "properties": {"city": "calamba", "name": "C. A. Yulo Avenue", "highway": "secondary", "v_posted": 60, "posted_imputed": false, "v_safe": 50, "gap": 10, "R": 2.07, "exposure": 0.19, "vru_150m": 0, "sss": 14.9, "recommended": 50, "fatal_reduction_pct": 51.8, "why": "undivided arterial, side-impact intersections", "pop_density": 6157.1, "pop_density_peak": 7562.4, "v_design": 50, "design_gap": 0}}, {"type": "Feature", "geometry": {"type": "LineString", "coordinates": [[121.1314516, 14.1892374], [121.1314192, 14.1892333], [121.1314109, 14.1892428], [121.1313981, 14.1892575], [121.1313577, 14.1894609], [121.1313051, 14.1896776], [121.1312135, 14.1898715], [121.1309758, 14.1902614], [121.1307407, 14.1906646], [121.1304812, 14.1911506], [121.1304677, 14.1911927]]}, "properties": {"city": "calamba", "name": "", "highway": "residential", "v_posted": 40, "posted_imputed": false, "v_safe": 30, "gap": 10, "R": 3.16, "exposure": 0.058, "vru_150m": 0, "sss": 13.2, "recommended": 30, "fatal_reduction_pct": 68.4, "why": "local road, frontage/pedestrian mixing", "pop_density": 1890.2, "pop_density_peak": 3059.6, "v_design": 35, "design_gap": 5}}, {"type": "Feature", "geometry": {"type": "LineString", "coordinates": [[121.1053151, 14.196978], [121.1050549, 14.1968948], [121.1048269, 14.1974435], [121.10514, 14.197512], [121.105468, 14.1975839], [121.1055994, 14.1972537], [121.1056933, 14.1970222], [121.1058274, 14.196731], [121.1061466, 14.1961979], [121.1062425, 14.1960029], [121.1062472, 14.1959782], [121.1062405, 14.195947], [121.106223, 14.1959158]]}, "properties": {"city": "calamba", "name": "", "highway": "residential", "v_posted": 40, "posted_imputed": false, "v_safe": 30, "gap": 10, "R": 3.16, "exposure": 0.116, "vru_150m": 0, "sss": 14.0, "recommended": 30, "fatal_reduction_pct": 68.4, "why": "local road, frontage/pedestrian mixing", "pop_density": 3765.4, "pop_density_peak": 5110.8, "v_design": 25, "design_gap": -5}}, {"type": "Feature", "geometry": {"type": "LineString", "coordinates": [[121.1054821, 14.1954549], [121.106223, 14.1959158]]}, "properties": {"city": "calamba", "name": "", "highway": "residential", "v_posted": 40, "posted_imputed": false, "v_safe": 30, "gap": 10, "R": 3.16, "exposure": 0.326, "vru_150m": 1, "sss": 16.6, "recommended": 30, "fatal_reduction_pct": 68.4, "why": "local road, frontage/pedestrian mixing", "pop_density": 5110.8, "pop_density_peak": 5110.8, "v_design": 35, "design_gap": 5}}, {"type": "Feature", "geometry": {"type": "LineString", "coordinates": [[121.10514, 14.197512], [121.1053151, 14.196978], [121.105525, 14.1967154], [121.1056376, 14.1964645], [121.1056437, 14.1964248], [121.1056269, 14.1963832], [121.1055887, 14.1963273], [121.1055196, 14.1962311], [121.1052249, 14.195972], [121.1052145, 14.1959564], [121.1052055, 14.1959252], [121.1052078, 14.1958996], [121.1052641, 14.1957416], [121.105417, 14.1954868], [121.1054412, 14.1954568], [121.1054599, 14.195449], [121.1054821, 14.1954549]]}, "properties": {"city": "calamba", "name": "", "highway": "residential", "v_posted": 40, "posted_imputed": false, "v_safe": 30, "gap": 10, "R": 3.16, "exposure": 0.134, "vru_150m": 0, "sss": 14.2, "recommended": 30, "fatal_reduction_pct": 68.4, "why": "local road, frontage/pedestrian mixing", "pop_density": 4339.2, "pop_density_peak": 5110.8, "v_design": 30, "design_gap": 0}}, {"type": "Feature", "geometry": {"type": "LineString", "coordinates": [[121.1049648, 14.1956339], [121.1052641, 14.1957416], [121.1061466, 14.1961979]]}, "properties": {"city": "calamba", "name": "", "highway": "residential", "v_posted": 40, "posted_imputed": false, "v_safe": 30, "gap": 10, "R": 3.16, "exposure": 0.327, "vru_150m": 1, "sss": 16.6, "recommended": 30, "fatal_reduction_pct": 68.4, "why": "local road, frontage/pedestrian mixing", "pop_density": 5118.0, "pop_density_peak": 5125.1, "v_design": 35, "design_gap": 5}}, {"type": "Feature", "geometry": {"type": "LineString", "coordinates": [[121.1066932, 14.1988001], [121.106733, 14.1988499], [121.1067514, 14.1989104], [121.1067459, 14.1989732], [121.1067141, 14.1990336], [121.1066604, 14.1990771], [121.1065935, 14.1990969], [121.1065239, 14.1990898], [121.1064634, 14.1990574], [121.1064204, 14.1990049], [121.1064017, 14.1989404], [121.1064102, 14.1988739], [121.106445, 14.1988151], [121.1065006, 14.1987742], [121.1065683, 14.1987575], [121.1066374, 14.1987678], [121.1066932, 14.1988001]]}, "properties": {"city": "calamba", "name": "", "highway": "residential", "v_posted": 40, "posted_imputed": false, "v_safe": 30, "gap": 10, "R": 3.16, "exposure": 0.102, "vru_150m": 0, "sss": 13.8, "recommended": 30, "fatal_reduction_pct": 68.4, "why": "local road, frontage/pedestrian mixing", "pop_density": 3297.3, "pop_density_peak": 3297.3, "v_design": 35, "design_gap": 5}}, {"type": "Feature", "geometry": {"type": "LineString", "coordinates": [[121.106219, 14.2000697], [121.1062532, 14.1999794], [121.1064298, 14.1994199], [121.1065239, 14.1990898]]}, "properties": {"city": "calamba", "name": "Avila Boulevard", "highway": "residential", "v_posted": 40, "posted_imputed": false, "v_safe": 30, "gap": 10, "R": 3.16, "exposure": 0.136, "vru_150m": 0, "sss": 14.2, "recommended": 30, "fatal_reduction_pct": 68.4, "why": "local road, frontage/pedestrian mixing", "pop_density": 4390.9, "pop_density_peak": 5484.5, "v_design": 35, "design_gap": 5}}, {"type": "Feature", "geometry": {"type": "LineString", "coordinates": [[121.1070317, 14.2001712], [121.1071777, 14.1996504]]}, "properties": {"city": "calamba", "name": "Tascan Street", "highway": "residential", "v_posted": 40, "posted_imputed": false, "v_safe": 30, "gap": 10, "R": 3.16, "exposure": 0.178, "vru_150m": 0, "sss": 14.7, "recommended": 30, "fatal_reduction_pct": 68.4, "why": "local road, frontage/pedestrian mixing", "pop_density": 5762.9, "pop_density_peak": 6301.3, "v_design": 35, "design_gap": 5}}, {"type": "Feature", "geometry": {"type": "LineString", "coordinates": [[121.1067501, 14.2001816], [121.1069355, 14.1995719]]}, "properties": {"city": "calamba", "name": "Taylor Street", "highway": "residential", "v_posted": 40, "posted_imputed": false, "v_safe": 30, "gap": 10, "R": 3.16, "exposure": 0.132, "vru_150m": 0, "sss": 14.1, "recommended": 30, "fatal_reduction_pct": 68.4, "why": "local road, frontage/pedestrian mixing", "pop_density": 4260.9, "pop_density_peak": 5224.4, "v_design": 35, "design_gap": 5}}, {"type": "Feature", "geometry": {"type": "LineString", "coordinates": [[121.107715, 14.1995457], [121.1067669, 14.1992676]]}, "properties": {"city": "calamba", "name": "Vito Street", "highway": "residential", "v_posted": 40, "posted_imputed": false, "v_safe": 30, "gap": 10, "R": 3.16, "exposure": 0.108, "vru_150m": 0, "sss": 13.8, "recommended": 30, "fatal_reduction_pct": 68.4, "why": "local road, frontage/pedestrian mixing", "pop_density": 3477.3, "pop_density_peak": 3657.2, "v_design": 35, "design_gap": 5}}, {"type": "Feature", "geometry": {"type": "LineString", "coordinates": [[121.1065087, 14.2001166], [121.1066978, 14.1994949], [121.1067669, 14.1992676], [121.106799, 14.1991584]]}, "properties": {"city": "calamba", "name": "Tyler Street", "highway": "residential", "v_posted": 40, "posted_imputed": false, "v_safe": 30, "gap": 10, "R": 3.16, "exposure": 0.132, "vru_150m": 0, "sss": 14.1, "recommended": 30, "fatal_reduction_pct": 68.4, "why": "local road, frontage/pedestrian mixing", "pop_density": 4260.9, "pop_density_peak": 5224.4, "v_design": 35, "design_gap": 5}}, {"type": "Feature", "geometry": {"type": "LineString", "coordinates": [[121.1077056, 14.1998103], [121.1074206, 14.1997291], [121.1071777, 14.1996504], [121.1069355, 14.1995719], [121.1066978, 14.1994949], [121.1064298, 14.1994199]]}, "properties": {"city": "calamba", "name": "Kyser Street", "highway": "residential", "v_posted": 40, "posted_imputed": false, "v_safe": 30, "gap": 10, "R": 3.16, "exposure": 0.148, "vru_150m": 0, "sss": 14.4, "recommended": 30, "fatal_reduction_pct": 68.4, "why": "local road, frontage/pedestrian mixing", "pop_density": 4799.3, "pop_density_peak": 6301.3, "v_design": 35, "design_gap": 5}}, {"type": "Feature", "geometry": {"type": "LineString", "coordinates": [[121.1072704, 14.2001738], [121.1073428, 14.1999683], [121.1074206, 14.1997291]]}, "properties": {"city": "calamba", "name": "Sylvania Street", "highway": "residential", "v_posted": 40, "posted_imputed": false, "v_safe": 30, "gap": 10, "R": 3.16, "exposure": 0.195, "vru_150m": 0, "sss": 14.9, "recommended": 30, "fatal_reduction_pct": 68.4, "why": "local road, frontage/pedestrian mixing", "pop_density": 6301.3, "pop_density_peak": 6301.4, "v_design": 35, "design_gap": 5}}, {"type": "Feature", "geometry": {"type": "LineString", "coordinates": [[121.1062532, 14.1999794], [121.1063665, 14.2000281], [121.1065087, 14.2001166], [121.1066401, 14.2001842], [121.1067501, 14.2001816], [121.1070317, 14.2001712], [121.1072704, 14.2001738], [121.107603, 14.2004286], [121.1076701, 14.2004624]]}, "properties": {"city": "calamba", "name": "Leonard Street", "highway": "residential", "v_posted": 40, "posted_imputed": false, "v_safe": 30, "gap": 10, "R": 3.16, "exposure": 0.189, "vru_150m": 0, "sss": 14.9, "recommended": 30, "fatal_reduction_pct": 68.4, "why": "local road, frontage/pedestrian mixing", "pop_density": 6108.8, "pop_density_peak": 6540.5, "v_design": 35, "design_gap": 5}}, {"type": "Feature", "geometry": {"type": "LineString", "coordinates": [[121.108161, 14.2001907], [121.1081864, 14.2002336], [121.1081851, 14.2002765], [121.1081824, 14.2003259], [121.1081476, 14.2003597]]}, "properties": {"city": "calamba", "name": "Swann Street", "highway": "residential", "v_posted": 40, "posted_imputed": false, "v_safe": 30, "gap": 10, "R": 3.16, "exposure": 0.201, "vru_150m": 0, "sss": 15.0, "recommended": 30, "fatal_reduction_pct": 68.4, "why": "local road, frontage/pedestrian mixing", "pop_density": 6489.4, "pop_density_peak": 6489.4, "v_design": 30, "design_gap": 0}}, {"type": "Feature", "geometry": {"type": "LineString", "coordinates": [[121.1077157, 14.2015558], [121.1076208, 14.2015261], [121.1073723, 14.2014483], [121.1069642, 14.2013207], [121.1068722, 14.2012919]]}, "properties": {"city": "calamba", "name": "Woodstock Street", "highway": "residential", "v_posted": 40, "posted_imputed": false, "v_safe": 30, "gap": 10, "R": 3.16, "exposure": 0.144, "vru_150m": 0, "sss": 14.3, "recommended": 30, "fatal_reduction_pct": 68.4, "why": "local road, frontage/pedestrian mixing", "pop_density": 4651.4, "pop_density_peak": 4933.0, "v_design": 35, "design_gap": 5}}, {"type": "Feature", "geometry": {"type": "LineString", "coordinates": [[121.1076208, 14.2015261], [121.1078123, 14.200933]]}, "properties": {"city": "calamba", "name": "Warner Street", "highway": "residential", "v_posted": 40, "posted_imputed": false, "v_safe": 30, "gap": 10, "R": 3.16, "exposure": 0.177, "vru_150m": 0, "sss": 14.7, "recommended": 30, "fatal_reduction_pct": 68.4, "why": "local road, frontage/pedestrian mixing", "pop_density": 5736.7, "pop_density_peak": 6540.5, "v_design": 35, "design_gap": 5}}, {"type": "Feature", "geometry": {"type": "LineString", "coordinates": [[121.1081536, 14.2008083], [121.1078123, 14.200933]]}, "properties": {"city": "calamba", "name": "Zonda Street", "highway": "residential", "v_posted": 40, "posted_imputed": false, "v_safe": 30, "gap": 10, "R": 3.16, "exposure": 0.208, "vru_150m": 0, "sss": 15.1, "recommended": 30, "fatal_reduction_pct": 68.4, "why": "local road, frontage/pedestrian mixing", "pop_density": 6737.6, "pop_density_peak": 6934.8, "v_design": 35, "design_gap": 5}}, {"type": "Feature", "geometry": {"type": "LineString", "coordinates": [[121.1081931, 14.2006574], [121.1081536, 14.2008083], [121.10807, 14.201013], [121.108042, 14.2010921]]}, "properties": {"city": "calamba", "name": "Zildvian Street", "highway": "residential", "v_posted": 40, "posted_imputed": false, "v_safe": 30, "gap": 10, "R": 3.16, "exposure": 0.214, "vru_150m": 0, "sss": 15.2, "recommended": 30, "fatal_reduction_pct": 68.4, "why": "local road, frontage/pedestrian mixing", "pop_density": 6934.8, "pop_density_peak": 6934.8, "v_design": 35, "design_gap": 5}}, {"type": "Feature", "geometry": {"type": "LineString", "coordinates": [[121.1072021, 14.2007362], [121.1075628, 14.2008576], [121.1078123, 14.200933], [121.10807, 14.201013]]}, "properties": {"city": "calamba", "name": "Yorkville Street", "highway": "residential", "v_posted": 40, "posted_imputed": false, "v_safe": 30, "gap": 10, "R": 3.16, "exposure": 0.208, "vru_150m": 0, "sss": 15.1, "recommended": 30, "fatal_reduction_pct": 68.4, "why": "local road, frontage/pedestrian mixing", "pop_density": 6737.6, "pop_density_peak": 6934.8, "v_design": 35, "design_gap": 5}}, {"type": "Feature", "geometry": {"type": "LineString", "coordinates": [[121.1069642, 14.2013207], [121.1072021, 14.2007362], [121.1072704, 14.2005716]]}, "properties": {"city": "calamba", "name": "Warwick Street", "highway": "residential", "v_posted": 40, "posted_imputed": false, "v_safe": 30, "gap": 10, "R": 3.16, "exposure": 0.169, "vru_150m": 0, "sss": 14.6, "recommended": 30, "fatal_reduction_pct": 68.4, "why": "local road, frontage/pedestrian mixing", "pop_density": 5455.1, "pop_density_peak": 6540.5, "v_design": 35, "design_gap": 5}}, {"type": "Feature", "geometry": {"type": "LineString", "coordinates": [[121.1076567, 14.200569], [121.1076057, 14.2007276]]}, "properties": {"city": "calamba", "name": "Pyramid Street", "highway": "residential", "v_posted": 40, "posted_imputed": false, "v_safe": 30, "gap": 10, "R": 3.16, "exposure": 0.202, "vru_150m": 0, "sss": 15.0, "recommended": 30, "fatal_reduction_pct": 68.4, "why": "local road, frontage/pedestrian mixing", "pop_density": 6540.5, "pop_density_peak": 6540.5, "v_design": 35, "design_gap": 5}}, {"type": "Feature", "geometry": {"type": "LineString", "coordinates": [[121.1076057, 14.2007276], [121.1075628, 14.2008576], [121.1073723, 14.2014483]]}, "properties": {"city": "calamba", "name": "Pyramid Street", "highway": "residential", "v_posted": 40, "posted_imputed": false, "v_safe": 30, "gap": 10, "R": 3.16, "exposure": 0.177, "vru_150m": 0, "sss": 14.7, "recommended": 30, "fatal_reduction_pct": 68.4, "why": "local road, frontage/pedestrian mixing", "pop_density": 5736.7, "pop_density_peak": 6540.5, "v_design": 35, "design_gap": 5}}, {"type": "Feature", "geometry": {"type": "LineString", "coordinates": [[121.1078444, 14.1993131], [121.1077366, 14.1992745], [121.1067459, 14.1989732]]}, "properties": {"city": "calamba", "name": "Fox Street", "highway": "residential", "v_posted": 40, "posted_imputed": false, "v_safe": 30, "gap": 10, "R": 3.16, "exposure": 0.108, "vru_150m": 0, "sss": 13.8, "recommended": 30, "fatal_reduction_pct": 68.4, "why": "local road, frontage/pedestrian mixing", "pop_density": 3477.3, "pop_density_peak": 3657.2, "v_design": 35, "design_gap": 5}}, {"type": "Feature", "geometry": {"type": "LineString", "coordinates": [[121.1054871, 14.199403], [121.105837, 14.1995006]]}, "properties": {"city": "calamba", "name": "La Bella Street", "highway": "residential", "v_posted": 40, "posted_imputed": false, "v_safe": 30, "gap": 10, "R": 3.16, "exposure": 0.129, "vru_150m": 0, "sss": 14.1, "recommended": 30, "fatal_reduction_pct": 68.4, "why": "local road, frontage/pedestrian mixing", "pop_density": 4162.2, "pop_density_peak": 4162.2, "v_design": 35, "design_gap": 5}}, {"type": "Feature", "geometry": {"type": "LineString", "coordinates": [[121.1054317, 14.1995787], [121.1057792, 14.199675]]}, "properties": {"city": "calamba", "name": "Lace Street", "highway": "residential", "v_posted": 40, "posted_imputed": false, "v_safe": 30, "gap": 10, "R": 3.16, "exposure": 0.148, "vru_150m": 0, "sss": 14.4, "recommended": 30, "fatal_reduction_pct": 68.4, "why": "local road, frontage/pedestrian mixing", "pop_density": 4794.7, "pop_density_peak": 5484.5, "v_design": 35, "design_gap": 5}}, {"type": "Feature", "geometry": {"type": "LineString", "coordinates": [[121.1059103, 14.1992661], [121.105837, 14.1995006], [121.1057792, 14.199675], [121.1057112, 14.199905]]}, "properties": {"city": "calamba", "name": "", "highway": "residential", "v_posted": 40, "posted_imputed": false, "v_safe": 30, "gap": 10, "R": 3.16, "exposure": 0.149, "vru_150m": 0, "sss": 14.4, "recommended": 30, "fatal_reduction_pct": 68.4, "why": "local road, frontage/pedestrian mixing", "pop_density": 4823.4, "pop_density_peak": 5484.5, "v_design": 35, "design_gap": 5}}, {"type": "Feature", "geometry": {"type": "LineString", "coordinates": [[121.105561, 14.1991639], [121.1059103, 14.1992661], [121.1061533, 14.1993455], [121.1064298, 14.1994199]]}, "properties": {"city": "calamba", "name": "Kyser Street", "highway": "residential", "v_posted": 40, "posted_imputed": false, "v_safe": 30, "gap": 10, "R": 3.16, "exposure": 0.115, "vru_150m": 0, "sss": 13.9, "recommended": 30, "fatal_reduction_pct": 68.4, "why": "local road, frontage/pedestrian mixing", "pop_density": 3729.8, "pop_density_peak": 4162.2, "v_design": 35, "design_gap": 5}}, {"type": "Feature", "geometry": {"type": "LineString", "coordinates": [[121.1056406, 14.1989153], [121.105561, 14.1991639], [121.1054871, 14.199403], [121.1054317, 14.1995787], [121.1053493, 14.1998442]]}, "properties": {"city": "calamba", "name": "Ibanez Street", "highway": "residential", "v_posted": 40, "posted_imputed": false, "v_safe": 30, "gap": 10, "R": 3.16, "exposure": 0.134, "vru_150m": 0, "sss": 14.2, "recommended": 30, "fatal_reduction_pct": 68.4, "why": "local road, frontage/pedestrian mixing", "pop_density": 4323.3, "pop_density_peak": 4484.4, "v_design": 35, "design_gap": 5}}, {"type": "Feature", "geometry": {"type": "LineString", "coordinates": [[121.1059688, 14.1999482], [121.1061533, 14.1993455], [121.106219, 14.1990921]]}, "properties": {"city": "calamba", "name": "Holton Street", "highway": "residential", "v_posted": 40, "posted_imputed": false, "v_safe": 30, "gap": 10, "R": 3.16, "exposure": 0.149, "vru_150m": 0, "sss": 14.4, "recommended": 30, "fatal_reduction_pct": 68.4, "why": "local road, frontage/pedestrian mixing", "pop_density": 4823.4, "pop_density_peak": 5484.5, "v_design": 35, "design_gap": 5}}, {"type": "Feature", "geometry": {"type": "LineString", "coordinates": [[121.1062532, 14.1999794], [121.1059688, 14.1999482], [121.1057112, 14.199905], [121.1053493, 14.1998442], [121.1052232, 14.199826], [121.1050864, 14.1997974], [121.104904, 14.1997766], [121.1047833, 14.1997818], [121.1044454, 14.1998078]]}, "properties": {"city": "calamba", "name": "Leonard Street", "highway": "residential", "v_posted": 40, "posted_imputed": false, "v_safe": 30, "gap": 10, "R": 3.16, "exposure": 0.149, "vru_150m": 0, "sss": 14.4, "recommended": 30, "fatal_reduction_pct": 68.4, "why": "local road, frontage/pedestrian mixing", "pop_density": 4828.1, "pop_density_peak": 5484.5, "v_design": 35, "design_gap": 5}}, {"type": "Feature", "geometry": {"type": "LineString", "coordinates": [[121.104895, 14.1981299], [121.1052789, 14.1982326]]}, "properties": {"city": "calamba", "name": "Gretsch Street", "highway": "residential", "v_posted": 40, "posted_imputed": false, "v_safe": 30, "gap": 10, "R": 3.16, "exposure": 0.089, "vru_150m": 0, "sss": 13.6, "recommended": 30, "fatal_reduction_pct": 68.4, "why": "local road, frontage/pedestrian mixing", "pop_density": 2868.6, "pop_density_peak": 2868.6, "v_design": 35, "design_gap": 5}}, {"type": "Feature", "geometry": {"type": "LineString", "coordinates": [[121.1049408, 14.1979757], [121.105323, 14.1980941]]}, "properties": {"city": "calamba", "name": "Gibson Street", "highway": "residential", "v_posted": 40, "posted_imputed": false, "v_safe": 30, "gap": 10, "R": 3.16, "exposure": 0.089, "vru_150m": 0, "sss": 13.6, "recommended": 30, "fatal_reduction_pct": 68.4, "why": "local road, frontage/pedestrian mixing", "pop_density": 2868.6, "pop_density_peak": 2868.6, "v_design": 35, "design_gap": 5}}, {"type": "Feature", "geometry": {"type": "LineString", "coordinates": [[121.1052453, 14.198338], [121.1052789, 14.1982326], [121.105323, 14.1980941], [121.1054023, 14.1978447]]}, "properties": {"city": "calamba", "name": "", "highway": "residential", "v_posted": 40, "posted_imputed": false, "v_safe": 30, "gap": 10, "R": 3.16, "exposure": 0.088, "vru_150m": 0, "sss": 13.6, "recommended": 30, "fatal_reduction_pct": 68.4, "why": "local road, frontage/pedestrian mixing", "pop_density": 2832.3, "pop_density_peak": 2868.6, "v_design": 35, "design_gap": 5}}, {"type": "Feature", "geometry": {"type": "LineString", "coordinates": [[121.1043924, 14.1982574], [121.1045008, 14.1982884], [121.1054581, 14.1985626], [121.1064102, 14.1988739]]}, "properties": {"city": "calamba", "name": "Fox Street", "highway": "residential", "v_posted": 40, "posted_imputed": false, "v_safe": 30, "gap": 10, "R": 3.16, "exposure": 0.112, "vru_150m": 0, "sss": 13.9, "recommended": 30, "fatal_reduction_pct": 68.4, "why": "local road, frontage/pedestrian mixing", "pop_density": 3613.1, "pop_density_peak": 3928.8, "v_design": 35, "design_gap": 5}}, {"type": "Feature", "geometry": {"type": "LineString", "coordinates": [[121.1044058, 14.1985434], [121.1047899, 14.1986586], [121.10509, 14.1987486], [121.1053768, 14.1988346], [121.1056406, 14.1989153], [121.106219, 14.1990921]]}, "properties": {"city": "calamba", "name": "Jensen Street", "highway": "residential", "v_posted": 40, "posted_imputed": false, "v_safe": 30, "gap": 10, "R": 3.16, "exposure": 0.125, "vru_150m": 0, "sss": 14.1, "recommended": 30, "fatal_reduction_pct": 68.4, "why": "local road, frontage/pedestrian mixing", "pop_density": 4045.5, "pop_density_peak": 4162.2, "v_design": 35, "design_gap": 5}}, {"type": "Feature", "geometry": {"type": "LineString", "coordinates": [[121.1057657, 14.1975683], [121.1057253, 14.1976914], [121.1056504, 14.1979193], [121.1054581, 14.1985626], [121.1053768, 14.1988346], [121.1050864, 14.1997974]]}, "properties": {"city": "calamba", "name": "Beato Street", "highway": "residential", "v_posted": 40, "posted_imputed": false, "v_safe": 30, "gap": 10, "R": 3.16, "exposure": 0.084, "vru_150m": 0, "sss": 13.5, "recommended": 30, "fatal_reduction_pct": 68.4, "why": "local road, frontage/pedestrian mixing", "pop_density": 2709.0, "pop_density_peak": 4484.4, "v_design": 35, "design_gap": 5}}, {"type": "Feature", "geometry": {"type": "LineString", "coordinates": [[121.1058085, 14.1984028], [121.1063933, 14.1985746]]}, "properties": {"city": "calamba", "name": "", "highway": "residential", "v_posted": 40, "posted_imputed": false, "v_safe": 30, "gap": 10, "R": 3.16, "exposure": 0.056, "vru_150m": 0, "sss": 13.2, "recommended": 30, "fatal_reduction_pct": 68.4, "why": "local road, frontage/pedestrian mixing", "pop_density": 1820.3, "pop_density_peak": 2057.1, "v_design": 35, "design_gap": 5}}, {"type": "Feature", "geometry": {"type": "LineString", "coordinates": [[121.1058554, 14.1982577], [121.1064684, 14.1984342]]}, "properties": {"city": "calamba", "name": "", "highway": "residential", "v_posted": 40, "posted_imputed": false, "v_safe": 30, "gap": 10, "R": 3.16, "exposure": 0.056, "vru_150m": 0, "sss": 13.2, "recommended": 30, "fatal_reduction_pct": 68.4, "why": "local road, frontage/pedestrian mixing", "pop_density": 1820.3, "pop_density_peak": 2057.1, "v_design": 35, "design_gap": 5}}, {"type": "Feature", "geometry": {"type": "LineString", "coordinates": [[121.1059375, 14.1980041], [121.1058554, 14.1982577], [121.1058085, 14.1984028], [121.1057764, 14.1985018]]}, "properties": {"city": "calamba", "name": "", "highway": "residential", "v_posted": 40, "posted_imputed": false, "v_safe": 30, "gap": 10, "R": 3.16, "exposure": 0.064, "vru_150m": 0, "sss": 13.3, "recommended": 30, "fatal_reduction_pct": 68.4, "why": "local road, frontage/pedestrian mixing", "pop_density": 2057.1, "pop_density_peak": 2057.1, "v_design": 35, "design_gap": 5}}, {"type": "Feature", "geometry": {"type": "LineString", "coordinates": [[121.1046472, 14.1976177], [121.1047461, 14.1976474], [121.1050143, 14.1977281], [121.1054023, 14.1978447], [121.1056504, 14.1979193], [121.1059375, 14.1980041], [121.1066455, 14.1982132]]}, "properties": {"city": "calamba", "name": "Crown Street", "highway": "residential", "v_posted": 40, "posted_imputed": false, "v_safe": 30, "gap": 10, "R": 3.16, "exposure": 0.068, "vru_150m": 0, "sss": 13.3, "recommended": 30, "fatal_reduction_pct": 68.4, "why": "local road, frontage/pedestrian mixing", "pop_density": 2189.7, "pop_density_peak": 2796.1, "v_design": 35, "design_gap": 5}}, {"type": "Feature", "geometry": {"type": "LineString", "coordinates": [[121.1068225, 14.1970378], [121.1068815, 14.1973863], [121.1069003, 14.1975891], [121.1068734, 14.1977841], [121.1068198, 14.1979635], [121.1066455, 14.1982132], [121.1064684, 14.1984342], [121.1063933, 14.1985746], [121.1063585, 14.1986422]]}, "properties": {"city": "calamba", "name": "Ableton Street", "highway": "residential", "v_posted": 40, "posted_imputed": false, "v_safe": 30, "gap": 10, "R": 3.16, "exposure": 0.038, "vru_150m": 0, "sss": 13.0, "recommended": 30, "fatal_reduction_pct": 68.4, "why": "local road, frontage/pedestrian mixing", "pop_density": 1226.7, "pop_density_peak": 1583.4, "v_design": 35, "design_gap": 5}}, {"type": "Feature", "geometry": {"type": "LineString", "coordinates": [[121.1065286, 14.1978912], [121.1068225, 14.1970378], [121.1069512, 14.1966842], [121.1070488, 14.1964329]]}, "properties": {"city": "calamba", "name": "Anchor Street", "highway": "residential", "v_posted": 40, "posted_imputed": false, "v_safe": 30, "gap": 10, "R": 3.16, "exposure": 0.018, "vru_150m": 0, "sss": 12.7, "recommended": 30, "fatal_reduction_pct": 68.4, "why": "local road, frontage/pedestrian mixing", "pop_density": 588.5, "pop_density_peak": 663.7, "v_design": 35, "design_gap": 5}}, {"type": "Feature", "geometry": {"type": "LineString", "coordinates": [[121.1057253, 14.1976914], [121.1065286, 14.1978912], [121.1068198, 14.1979635], [121.1071095, 14.1980181]]}, "properties": {"city": "calamba", "name": "Corelli Street", "highway": "residential", "v_posted": 40, "posted_imputed": false, "v_safe": 30, "gap": 10, "R": 3.16, "exposure": 0.041, "vru_150m": 0, "sss": 13.0, "recommended": 30, "fatal_reduction_pct": 68.4, "why": "local road, frontage/pedestrian mixing", "pop_density": 1316.8, "pop_density_peak": 1700.0, "v_design": 35, "design_gap": 5}}, {"type": "Feature", "geometry": {"type": "LineString", "coordinates": [[121.1076567, 14.200569], [121.1076701, 14.2004624], [121.1076993, 14.2000821], [121.1077056, 14.1998103], [121.107715, 14.1995457], [121.1077366, 14.1992745], [121.1077827, 14.199001]]}, "properties": {"city": "calamba", "name": "Pyramid Street", "highway": "residential", "v_posted": 40, "posted_imputed": false, "v_safe": 30, "gap": 10, "R": 3.16, "exposure": 0.158, "vru_150m": 0, "sss": 14.5, "recommended": 30, "fatal_reduction_pct": 68.4, "why": "local road, frontage/pedestrian mixing", "pop_density": 5098.8, "pop_density_peak": 6540.5, "v_design": 35, "design_gap": 5}}, {"type": "Feature", "geometry": {"type": "LineString", "coordinates": [[121.1072892, 14.1983094], [121.1077076, 14.1984446]]}, "properties": {"city": "calamba", "name": "Rosetti Street", "highway": "residential", "v_posted": 40, "posted_imputed": false, "v_safe": 30, "gap": 10, "R": 3.16, "exposure": 0.053, "vru_150m": 0, "sss": 13.2, "recommended": 30, "fatal_reduction_pct": 68.4, "why": "local road, frontage/pedestrian mixing", "pop_density": 1700.0, "pop_density_peak": 1700.0, "v_design": 35, "design_gap": 5}}, {"type": "Feature", "geometry": {"type": "LineString", "coordinates": [[121.1071497, 14.1985252], [121.10763, 14.1986818]]}, "properties": {"city": "calamba", "name": "Slemer Street", "highway": "residential", "v_posted": 40, "posted_imputed": false, "v_safe": 30, "gap": 10, "R": 3.16, "exposure": 0.053, "vru_150m": 0, "sss": 13.2, "recommended": 30, "fatal_reduction_pct": 68.4, "why": "local road, frontage/pedestrian mixing", "pop_density": 1700.0, "pop_density_peak": 1700.0, "v_design": 35, "design_gap": 5}}, {"type": "Feature", "geometry": {"type": "LineString", "coordinates": [[121.1069807, 14.198728], [121.1075513, 14.1989222], [121.1077827, 14.199001]]}, "properties": {"city": "calamba", "name": "Serato Street", "highway": "residential", "v_posted": 40, "posted_imputed": false, "v_safe": 30, "gap": 10, "R": 3.16, "exposure": 0.081, "vru_150m": 0, "sss": 13.5, "recommended": 30, "fatal_reduction_pct": 68.4, "why": "local road, frontage/pedestrian mixing", "pop_density": 2620.3, "pop_density_peak": 3657.2, "v_design": 35, "design_gap": 5}}, {"type": "Feature", "geometry": {"type": "LineString", "coordinates": [[121.1075513, 14.1989222], [121.10763, 14.1986818], [121.1077076, 14.1984446], [121.1077559, 14.198273], [121.1077264, 14.1981742], [121.1075225, 14.1975579]]}, "properties": {"city": "calamba", "name": "Randial Street", "highway": "residential", "v_posted": 40, "posted_imputed": false, "v_safe": 30, "gap": 10, "R": 3.16, "exposure": 0.067, "vru_150m": 0, "sss": 13.3, "recommended": 30, "fatal_reduction_pct": 68.4, "why": "local road, frontage/pedestrian mixing", "pop_density": 2172.5, "pop_density_peak": 3657.2, "v_design": 35, "design_gap": 5}}, {"type": "Feature", "geometry": {"type": "LineString", "coordinates": [[121.1075225, 14.1975579], [121.1074957, 14.1976879], [121.1074635, 14.1978543], [121.1073884, 14.1980883], [121.1072892, 14.1983094], [121.1071497, 14.1985252], [121.1069807, 14.198728], [121.1069137, 14.1988327]]}, "properties": {"city": "calamba", "name": "Roland Street", "highway": "residential", "v_posted": 40, "posted_imputed": false, "v_safe": 30, "gap": 10, "R": 3.16, "exposure": 0.062, "vru_150m": 0, "sss": 13.3, "recommended": 30, "fatal_reduction_pct": 68.4, "why": "local road, frontage/pedestrian mixing", "pop_density": 1992.5, "pop_density_peak": 3297.3, "v_design": 35, "design_gap": 5}}, {"type": "Feature", "geometry": {"type": "LineString", "coordinates": [[121.1074808, 14.1966777], [121.1074421, 14.1968792], [121.107426, 14.1970508], [121.107434, 14.1972095], [121.1074582, 14.1973551], [121.1075225, 14.1975579]]}, "properties": {"city": "calamba", "name": "", "highway": "residential", "v_posted": 40, "posted_imputed": false, "v_safe": 30, "gap": 10, "R": 3.16, "exposure": 0.019, "vru_150m": 0, "sss": 12.7, "recommended": 30, "fatal_reduction_pct": 68.4, "why": "local road, frontage/pedestrian mixing", "pop_density": 616.5, "pop_density_peak": 687.7, "v_design": 35, "design_gap": 5}}, {"type": "Feature", "geometry": {"type": "LineString", "coordinates": [[121.1071962, 14.1958765], [121.1075708, 14.1960523]]}, "properties": {"city": "calamba", "name": "Pacific Street", "highway": "residential", "v_posted": 40, "posted_imputed": false, "v_safe": 30, "gap": 10, "R": 3.16, "exposure": 0.122, "vru_150m": 0, "sss": 14.0, "recommended": 30, "fatal_reduction_pct": 68.4, "why": "local road, frontage/pedestrian mixing", "pop_density": 3952.6, "pop_density_peak": 3952.6, "v_design": 35, "design_gap": 5}}, {"type": "Feature", "geometry": {"type": "LineString", "coordinates": [[121.1073911, 14.1955297], [121.1073555, 14.1955931], [121.1071962, 14.1958765], [121.1070469, 14.1961422], [121.1069995, 14.1962265]]}, "properties": {"city": "calamba", "name": "Nino Street", "highway": "residential", "v_posted": 40, "posted_imputed": false, "v_safe": 30, "gap": 10, "R": 3.16, "exposure": 0.3, "vru_150m": 1, "sss": 16.2, "recommended": 30, "fatal_reduction_pct": 68.4, "why": "local road, frontage/pedestrian mixing", "pop_density": 4027.9, "pop_density_peak": 4103.3, "v_design": 35, "design_gap": 5}}, {"type": "Feature", "geometry": {"type": "LineString", "coordinates": [[121.1086169, 14.1965568], [121.1083862, 14.1968636]]}, "properties": {"city": "calamba", "name": "", "highway": "residential", "v_posted": 40, "posted_imputed": false, "v_safe": 30, "gap": 10, "R": 3.16, "exposure": 0.078, "vru_150m": 0, "sss": 13.5, "recommended": 30, "fatal_reduction_pct": 68.4, "why": "local road, frontage/pedestrian mixing", "pop_density": 2535.8, "pop_density_peak": 2535.8, "v_design": 35, "design_gap": 5}}, {"type": "Feature", "geometry": {"type": "LineString", "coordinates": [[121.1070469, 14.1961422], [121.1074001, 14.1963165], [121.1076969, 14.1964658], [121.1079276, 14.196601], [121.1081706, 14.1967389], [121.1083862, 14.1968636]]}, "properties": {"city": "calamba", "name": "Olympus Street", "highway": "residential", "v_posted": 40, "posted_imputed": false, "v_safe": 30, "gap": 10, "R": 3.16, "exposure": 0.103, "vru_150m": 0, "sss": 13.8, "recommended": 30, "fatal_reduction_pct": 68.4, "why": "local road, frontage/pedestrian mixing", "pop_density": 3319.6, "pop_density_peak": 4103.3, "v_design": 35, "design_gap": 5}}, {"type": "Feature", "geometry": {"type": "LineString", "coordinates": [[121.1079651, 14.1960055], [121.1076969, 14.1964658]]}, "properties": {"city": "calamba", "name": "Normandy Street", "highway": "residential", "v_posted": 40, "posted_imputed": false, "v_safe": 30, "gap": 10, "R": 3.16, "exposure": 0.14, "vru_150m": 0, "sss": 14.3, "recommended": 30, "fatal_reduction_pct": 68.4, "why": "local road, frontage/pedestrian mixing", "pop_density": 4540.3, "pop_density_peak": 8535.2, "v_design": 35, "design_gap": 5}}, {"type": "Feature", "geometry": {"type": "LineString", "coordinates": [[121.1081824, 14.1961823], [121.1079276, 14.196601]]}, "properties": {"city": "calamba", "name": "Marshall Street", "highway": "residential", "v_posted": 40, "posted_imputed": false, "v_safe": 30, "gap": 10, "R": 3.16, "exposure": 0.14, "vru_150m": 0, "sss": 14.3, "recommended": 30, "fatal_reduction_pct": 68.4, "why": "local road, frontage/pedestrian mixing", "pop_density": 4540.3, "pop_density_peak": 8535.2, "v_design": 35, "design_gap": 5}}, {"type": "Feature", "geometry": {"type": "LineString", "coordinates": [[121.1073555, 14.1955931], [121.1077242, 14.1958067], [121.1079651, 14.1960055], [121.1081824, 14.1961823], [121.108413, 14.1963774], [121.1086169, 14.1965568]]}, "properties": {"city": "calamba", "name": "Odyssey Street", "highway": "residential", "v_posted": 40, "posted_imputed": false, "v_safe": 30, "gap": 10, "R": 3.16, "exposure": 0.1, "vru_150m": 0, "sss": 13.8, "recommended": 30, "fatal_reduction_pct": 68.4, "why": "local road, frontage/pedestrian mixing", "pop_density": 3244.2, "pop_density_peak": 3952.6, "v_design": 35, "design_gap": 5}}, {"type": "Feature", "geometry": {"type": "LineString", "coordinates": [[121.1074582, 14.1973551], [121.1076459, 14.1972589], [121.1078685, 14.1971262], [121.1079329, 14.197069], [121.1080104, 14.1969779], [121.1081706, 14.1967389], [121.108413, 14.1963774]]}, "properties": {"city": "calamba", "name": "Marks Street", "highway": "residential", "v_posted": 40, "posted_imputed": false, "v_safe": 30, "gap": 10, "R": 3.16, "exposure": 0.05, "vru_150m": 0, "sss": 13.1, "recommended": 30, "fatal_reduction_pct": 68.4, "why": "local road, frontage/pedestrian mixing", "pop_density": 1611.7, "pop_density_peak": 2535.8, "v_design": 35, "design_gap": 5}}, {"type": "Feature", "geometry": {"type": "LineString", "coordinates": [[121.1069646, 14.1963852], [121.1070488, 14.1964329], [121.1072508, 14.1965474], [121.1074808, 14.1966777], [121.1077867, 14.1968511], [121.1080104, 14.1969779], [121.1081529, 14.1970586]]}, "properties": {"city": "calamba", "name": "Clayton Street", "highway": "residential", "v_posted": 40, "posted_imputed": false, "v_safe": 30, "gap": 10, "R": 3.16, "exposure": 0.047, "vru_150m": 0, "sss": 13.1, "recommended": 30, "fatal_reduction_pct": 68.4, "why": "local road, frontage/pedestrian mixing", "pop_density": 1524.5, "pop_density_peak": 2535.8, "v_design": 35, "design_gap": 5}}, {"type": "Feature", "geometry": {"type": "LineString", "coordinates": [[121.1066374, 14.1987678], [121.106691, 14.198702], [121.1067662, 14.1985486], [121.1069754, 14.1982808], [121.1071095, 14.1980181], [121.1071604, 14.1978855], [121.10719, 14.1976385], [121.1071739, 14.1974071], [121.1071444, 14.1971418], [121.107139, 14.196952], [121.1071926, 14.1967128], [121.1072508, 14.1965474], [121.1074001, 14.1963165], [121.1075708, 14.1960523], [121.1077242, 14.1958067], [121.107941, 14.1954595]]}, "properties": {"city": "calamba", "name": "Avila Boulevard", "highway": "residential", "v_posted": 40, "posted_imputed": false, "v_safe": 30, "gap": 10, "R": 3.16, "exposure": 0.127, "vru_150m": 0, "sss": 14.1, "recommended": 30, "fatal_reduction_pct": 68.4, "why": "local road, frontage/pedestrian mixing", "pop_density": 4118.2, "pop_density_peak": 8535.2, "v_design": 35, "design_gap": 5}}, {"type": "Feature", "geometry": {"type": "LineString", "coordinates": [[121.1080845, 14.1953229], [121.1080382, 14.1953775]]}, "properties": {"city": "calamba", "name": "", "highway": "residential", "v_posted": 40, "posted_imputed": false, "v_safe": 30, "gap": 10, "R": 3.16, "exposure": 0.384, "vru_150m": 0, "sss": 17.3, "recommended": 30, "fatal_reduction_pct": 68.4, "why": "local road, frontage/pedestrian mixing", "pop_density": 12434.6, "pop_density_peak": 12434.6, "v_design": 35, "design_gap": 5}}, {"type": "Feature", "geometry": {"type": "LineString", "coordinates": [[121.107941, 14.1954595], [121.1079691, 14.195345]]}, "properties": {"city": "calamba", "name": "", "highway": "residential", "v_posted": 40, "posted_imputed": false, "v_safe": 30, "gap": 10, "R": 3.16, "exposure": 0.324, "vru_150m": 0, "sss": 16.6, "recommended": 30, "fatal_reduction_pct": 68.4, "why": "local road, frontage/pedestrian mixing", "pop_density": 10484.9, "pop_density_peak": 12434.6, "v_design": 35, "design_gap": 5}}, {"type": "Feature", "geometry": {"type": "LineString", "coordinates": [[121.1082317, 14.1951335], [121.1081663, 14.1952358], [121.108126, 14.1952878], [121.1080845, 14.1953229], [121.1080107, 14.1952956], [121.1079839, 14.1952644], [121.1079812, 14.1951916], [121.1080151, 14.1950873]]}, "properties": {"city": "calamba", "name": "", "highway": "residential", "v_posted": 40, "posted_imputed": false, "v_safe": 30, "gap": 10, "R": 3.16, "exposure": 0.384, "vru_150m": 0, "sss": 17.3, "recommended": 30, "fatal_reduction_pct": 68.4, "why": "local road, frontage/pedestrian mixing", "pop_density": 12434.6, "pop_density_peak": 12434.6, "v_design": 25, "design_gap": -5}}, {"type": "Feature", "geometry": {"type": "LineString", "coordinates": [[121.1317605, 14.1899456], [121.131829, 14.1898287], [121.1319534, 14.1895944], [121.1319547, 14.1895631]]}, "properties": {"city": "calamba", "name": "", "highway": "residential", "v_posted": 40, "posted_imputed": false, "v_safe": 30, "gap": 10, "R": 3.16, "exposure": 0.097, "vru_150m": 0, "sss": 13.7, "recommended": 30, "fatal_reduction_pct": 68.4, "why": "local road, frontage/pedestrian mixing", "pop_density": 3123.7, "pop_density_peak": 3187.7, "v_design": 35, "design_gap": 5}}, {"type": "Feature", "geometry": {"type": "LineString", "coordinates": [[121.1319547, 14.1895631], [121.1319329, 14.1895426], [121.1317849, 14.1894324], [121.1314516, 14.1892374]]}, "properties": {"city": "calamba", "name": "", "highway": "residential", "v_posted": 40, "posted_imputed": false, "v_safe": 30, "gap": 10, "R": 3.16, "exposure": 0.095, "vru_150m": 0, "sss": 13.7, "recommended": 30, "fatal_reduction_pct": 68.4, "why": "local road, frontage/pedestrian mixing", "pop_density": 3059.6, "pop_density_peak": 3059.6, "v_design": 35, "design_gap": 5}}, {"type": "Feature", "geometry": {"type": "LineString", "coordinates": [[121.1079691, 14.195345], [121.1079839, 14.1952644]]}, "properties": {"city": "calamba", "name": "", "highway": "residential", "v_posted": 40, "posted_imputed": false, "v_safe": 30, "gap": 10, "R": 3.16, "exposure": 0.384, "vru_150m": 0, "sss": 17.3, "recommended": 30, "fatal_reduction_pct": 68.4, "why": "local road, frontage/pedestrian mixing", "pop_density": 12434.6, "pop_density_peak": 12434.6, "v_design": 35, "design_gap": 5}}, {"type": "Feature", "geometry": {"type": "LineString", "coordinates": [[121.1080382, 14.1953775], [121.107941, 14.1954595]]}, "properties": {"city": "calamba", "name": "", "highway": "residential", "v_posted": 40, "posted_imputed": false, "v_safe": 30, "gap": 10, "R": 3.16, "exposure": 0.324, "vru_150m": 0, "sss": 16.6, "recommended": 30, "fatal_reduction_pct": 68.4, "why": "local road, frontage/pedestrian mixing", "pop_density": 10484.9, "pop_density_peak": 12434.6, "v_design": 35, "design_gap": 5}}, {"type": "Feature", "geometry": {"type": "LineString", "coordinates": [[121.1079946, 14.1983354], [121.1079624, 14.1982886], [121.1077264, 14.1981742], [121.1073884, 14.1980883], [121.1071095, 14.1980181]]}, "properties": {"city": "calamba", "name": "Corelli Street", "highway": "residential", "v_posted": 40, "posted_imputed": false, "v_safe": 30, "gap": 10, "R": 3.16, "exposure": 0.054, "vru_150m": 0, "sss": 13.2, "recommended": 30, "fatal_reduction_pct": 68.4, "why": "local road, frontage/pedestrian mixing", "pop_density": 1736.0, "pop_density_peak": 1772.0, "v_design": 35, "design_gap": 5}}, {"type": "Feature", "geometry": {"type": "LineString", "coordinates": [[121.1073428, 14.1999683], [121.1076993, 14.2000821], [121.1078364, 14.200101], [121.108161, 14.2001907]]}, "properties": {"city": "calamba", "name": "Vox Street", "highway": "residential", "v_posted": 40, "posted_imputed": false, "v_safe": 30, "gap": 10, "R": 3.16, "exposure": 0.198, "vru_150m": 0, "sss": 15.0, "recommended": 30, "fatal_reduction_pct": 68.4, "why": "local road, frontage/pedestrian mixing", "pop_density": 6395.3, "pop_density_peak": 6489.3, "v_design": 35, "design_gap": 5}}, {"type": "Feature", "geometry": {"type": "LineString", "coordinates": [[121.1081476, 14.2003597], [121.108059, 14.2003909], [121.1078632, 14.2004442], [121.1077532, 14.2004624], [121.1076701, 14.2004624]]}, "properties": {"city": "calamba", "name": "Leonard Street", "highway": "residential", "v_posted": 40, "posted_imputed": false, "v_safe": 30, "gap": 10, "R": 3.16, "exposure": 0.201, "vru_150m": 0, "sss": 15.0, "recommended": 30, "fatal_reduction_pct": 68.4, "why": "local road, frontage/pedestrian mixing", "pop_density": 6514.9, "pop_density_peak": 6540.5, "v_design": 35, "design_gap": 5}}, {"type": "Feature", "geometry": {"type": "LineString", "coordinates": [[121.1077827, 14.199001], [121.108, 14.1984082], [121.1079946, 14.1983354]]}, "properties": {"city": "calamba", "name": "Pyramid Street", "highway": "residential", "v_posted": 40, "posted_imputed": false, "v_safe": 30, "gap": 10, "R": 3.16, "exposure": 0.084, "vru_150m": 0, "sss": 13.5, "recommended": 30, "fatal_reduction_pct": 68.4, "why": "local road, frontage/pedestrian mixing", "pop_density": 2714.6, "pop_density_peak": 3657.2, "v_design": 35, "design_gap": 5}}, {"type": "Feature", "geometry": {"type": "LineString", "coordinates": [[121.1099468, 14.223916], [121.1097555, 14.2238829], [121.1083471, 14.2231198], [121.1082145, 14.2230531], [121.1080552, 14.2229714], [121.1078718, 14.2228594], [121.1074881, 14.2226713], [121.1067681, 14.2223198], [121.1064033, 14.2221489], [121.1058683, 14.2219652], [121.1052055, 14.2218141], [121.1042687, 14.2215948], [121.1026561, 14.2212398], [121.1023875, 14.2211763], [121.1015261, 14.2209818], [121.1014234, 14.2209639], [121.1004134, 14.2207304], [121.0989772, 14.2203985], [121.097933, 14.2201638], [121.0974839, 14.2200533]]}, "properties": {"city": "calamba", "name": "C. A. Yulo Avenue", "highway": "secondary", "v_posted": 60, "posted_imputed": false, "v_safe": 50, "gap": 10, "R": 2.07, "exposure": 0.177, "vru_150m": 0, "sss": 14.7, "recommended": 50, "fatal_reduction_pct": 51.8, "why": "undivided arterial, side-impact intersections", "pop_density": 5719.9, "pop_density_peak": 7562.4, "v_design": 50, "design_gap": 0}}, {"type": "Feature", "geometry": {"type": "LineString", "coordinates": [[121.1549197, 14.204546], [121.1546537, 14.2048985]]}, "properties": {"city": "calamba", "name": "", "highway": "service", "v_posted": 35, "posted_imputed": false, "v_safe": 30, "gap": 5, "R": 1.85, "exposure": 0.838, "vru_150m": 2, "sss": 11.5, "recommended": 30, "fatal_reduction_pct": 46.0, "why": "local road, frontage/pedestrian mixing", "pop_density": 23621.9, "pop_density_peak": 24562.7, "v_design": 25, "design_gap": -5}}, {"type": "Feature", "geometry": {"type": "LineString", "coordinates": [[121.1551624, 14.2026665], [121.1554285, 14.2028143], [121.1558327, 14.2030185], [121.1561798, 14.2031782]]}, "properties": {"city": "calamba", "name": "", "highway": "service", "v_posted": 35, "posted_imputed": false, "v_safe": 30, "gap": 5, "R": 1.85, "exposure": 0.633, "vru_150m": 1, "sss": 10.2, "recommended": 30, "fatal_reduction_pct": 46.0, "why": "local road, frontage/pedestrian mixing", "pop_density": 17508.9, "pop_density_peak": 18246.2, "v_design": 25, "design_gap": -5}}, {"type": "Feature", "geometry": {"type": "LineString", "coordinates": [[121.1552373, 14.2046647], [121.1552134, 14.2046837], [121.1551347, 14.2046793], [121.1549197, 14.204546], [121.154489, 14.2042608], [121.1542972, 14.2041366], [121.1542125, 14.2040867]]}, "properties": {"city": "calamba", "name": "", "highway": "service", "v_posted": 35, "posted_imputed": false, "v_safe": 30, "gap": 5, "R": 1.85, "exposure": 0.815, "vru_150m": 2, "sss": 11.3, "recommended": 30, "fatal_reduction_pct": 46.0, "why": "local road, frontage/pedestrian mixing", "pop_density": 22379.4, "pop_density_peak": 24562.6, "v_design": 25, "design_gap": -5}}, {"type": "Feature", "geometry": {"type": "LineString", "coordinates": [[121.158939, 14.2095485], [121.1585392, 14.2091223], [121.1583933, 14.2089689], [121.157532, 14.2080538], [121.1574542, 14.2079715], [121.1574225, 14.2079355], [121.1572049, 14.2076895], [121.1567993, 14.2072194], [121.1565154, 14.206931], [121.156426, 14.2068268], [121.1562072, 14.2065765], [121.1561654, 14.2065347], [121.1561149, 14.2064721]]}, "properties": {"city": "calamba", "name": "J. P. Rizal Street", "highway": "secondary", "v_posted": 40, "posted_imputed": false, "v_safe": 30, "gap": 10, "R": 3.16, "exposure": 1.0, "vru_150m": 4, "sss": 25.0, "recommended": 30, "fatal_reduction_pct": 68.4, "why": "pedestrian activity (1 VRU site<=50m)", "pop_density": 33077.2, "pop_density_peak": 37949.5, "v_design": 50, "design_gap": 20}}, {"type": "Feature", "geometry": {"type": "LineString", "coordinates": [[121.1530272, 14.189253], [121.1526481, 14.1900039], [121.1524309, 14.1904852], [121.1523061, 14.1907619], [121.1517834, 14.1919466], [121.1516335, 14.1922863], [121.1515149, 14.1924322], [121.1514142, 14.1925198], [121.1513114, 14.1925693], [121.1510176, 14.192596], [121.1506112, 14.1924524], [121.1500205, 14.1922437], [121.149841, 14.1921745], [121.1497272, 14.1921327], [121.1478561, 14.1914652], [121.1475423, 14.1914873], [121.1473672, 14.191603], [121.1472239, 14.1918289], [121.146834, 14.1925499], [121.1466212, 14.1929154], [121.1465107, 14.1931043], [121.1464423, 14.1931716]]}, "properties": {"city": "calamba", "name": "Mountain Drive", "highway": "unclassified", "v_posted": 40, "posted_imputed": false, "v_safe": 30, "gap": 10, "R": 3.16, "exposure": 0.2, "vru_150m": 0, "sss": 15.0, "recommended": 30, "fatal_reduction_pct": 68.4, "why": "local road, frontage/pedestrian mixing", "pop_density": 6473.2, "pop_density_peak": 10100.3, "v_design": 35, "design_gap": 5}}, {"type": "Feature", "geometry": {"type": "LineString", "coordinates": [[121.1464423, 14.1931716], [121.1460367, 14.1934704]]}, "properties": {"city": "calamba", "name": "Mountain Drive", "highway": "unclassified", "v_posted": 40, "posted_imputed": false, "v_safe": 30, "gap": 10, "R": 3.16, "exposure": 0.261, "vru_150m": 0, "sss": 15.8, "recommended": 30, "fatal_reduction_pct": 68.4, "why": "local road, frontage/pedestrian mixing", "pop_density": 8442.0, "pop_density_peak": 9531.9, "v_design": 40, "design_gap": 10}}, {"type": "Feature", "geometry": {"type": "LineString", "coordinates": [[121.1460367, 14.1934704], [121.145985, 14.1935139]]}, "properties": {"city": "calamba", "name": "Mountain Drive", "highway": "unclassified", "v_posted": 40, "posted_imputed": false, "v_safe": 30, "gap": 10, "R": 3.16, "exposure": 0.227, "vru_150m": 0, "sss": 15.3, "recommended": 30, "fatal_reduction_pct": 68.4, "why": "local road, frontage/pedestrian mixing", "pop_density": 7352.1, "pop_density_peak": 7352.1, "v_design": 40, "design_gap": 10}}, {"type": "Feature", "geometry": {"type": "LineString", "coordinates": [[121.1561749, 14.2031871], [121.1560377, 14.2034106], [121.1557205, 14.2039151], [121.1552373, 14.2046647]]}, "properties": {"city": "calamba", "name": "", "highway": "service", "v_posted": 35, "posted_imputed": false, "v_safe": 30, "gap": 5, "R": 1.85, "exposure": 0.797, "vru_150m": 2, "sss": 11.2, "recommended": 30, "fatal_reduction_pct": 46.0, "why": "local road, frontage/pedestrian mixing", "pop_density": 21404.4, "pop_density_peak": 24562.6, "v_design": 25, "design_gap": -5}}, {"type": "Feature", "geometry": {"type": "LineString", "coordinates": [[121.1561798, 14.2031782], [121.1561749, 14.2031871]]}, "properties": {"city": "calamba", "name": "", "highway": "service", "v_posted": 35, "posted_imputed": false, "v_safe": 30, "gap": 5, "R": 1.85, "exposure": 0.738, "vru_150m": 2, "sss": 10.9, "recommended": 30, "fatal_reduction_pct": 46.0, "why": "local road, frontage/pedestrian mixing", "pop_density": 18246.2, "pop_density_peak": 18246.2, "v_design": 25, "design_gap": -5}}, {"type": "Feature", "geometry": {"type": "LineString", "coordinates": [[121.1023494, 14.2404372], [121.103841, 14.2398916], [121.1039753, 14.2398704], [121.1043679, 14.2398569], [121.1047633, 14.2398446], [121.1049668, 14.2398688], [121.1055339, 14.2399827], [121.1056969, 14.2400155], [121.1060513, 14.2400889], [121.106683, 14.2402167], [121.107799, 14.2404066]]}, "properties": {"city": "calamba", "name": "Pulo Road", "highway": "unclassified", "v_posted": 60, "posted_imputed": false, "v_safe": 30, "gap": 30, "R": 16.0, "exposure": 0.013, "vru_150m": 0, "sss": 38.0, "recommended": 30, "fatal_reduction_pct": 93.8, "why": "local road, frontage/pedestrian mixing", "pop_density": 408.4, "pop_density_peak": 513.2, "v_design": 40, "design_gap": 10}}, {"type": "Feature", "geometry": {"type": "LineString", "coordinates": [[121.1076893, 14.2479228], [121.107581, 14.2478745], [121.1075071, 14.2478317]]}, "properties": {"city": "calamba", "name": "", "highway": "service", "v_posted": 40, "posted_imputed": false, "v_safe": 30, "gap": 10, "R": 3.16, "exposure": 0.0, "vru_150m": 0, "sss": 12.5, "recommended": 30, "fatal_reduction_pct": 68.4, "why": "local road, frontage/pedestrian mixing", "pop_density": 0.0, "pop_density_peak": 0.0, "v_design": 25, "design_gap": -5}}, {"type": "Feature", "geometry": {"type": "LineString", "coordinates": [[121.1078455, 14.2354901], [121.1078906, 14.2353359], [121.108004, 14.2347598], [121.1081533, 14.2340404], [121.1082568, 14.2336266], [121.1084369, 14.23293], [121.1084911, 14.2326699]]}, "properties": {"city": "calamba", "name": "Hologram", "highway": "unclassified", "v_posted": 40, "posted_imputed": false, "v_safe": 30, "gap": 10, "R": 3.16, "exposure": 0.03, "vru_150m": 0, "sss": 12.9, "recommended": 30, "fatal_reduction_pct": 68.4, "why": "local road, frontage/pedestrian mixing", "pop_density": 985.7, "pop_density_peak": 1150.4, "v_design": 40, "design_gap": 10}}, {"type": "Feature", "geometry": {"type": "LineString", "coordinates": [[121.1109674, 14.2337571], [121.1109197, 14.2339668], [121.1106292, 14.2352686], [121.1102822, 14.2367904]]}, "properties": {"city": "calamba", "name": "Ion Street", "highway": "service", "v_posted": 40, "posted_imputed": false, "v_safe": 30, "gap": 10, "R": 3.16, "exposure": 0.028, "vru_150m": 0, "sss": 12.9, "recommended": 30, "fatal_reduction_pct": 68.4, "why": "local road, frontage/pedestrian mixing", "pop_density": 913.3, "pop_density_peak": 1035.8, "v_design": 25, "design_gap": -5}}, {"type": "Feature", "geometry": {"type": "LineString", "coordinates": [[121.1095738, 14.2331711], [121.1096199, 14.2332475], [121.1096384, 14.2333312], [121.1096401, 14.2334533], [121.1095992, 14.2336898], [121.1095536, 14.23389], [121.1093164, 14.2349409], [121.1091862, 14.2354917], [121.1091243, 14.2357636], [121.1089077, 14.2367082]]}, "properties": {"city": "calamba", "name": "River Drive", "highway": "unclassified", "v_posted": 50, "posted_imputed": false, "v_safe": 30, "gap": 20, "R": 7.72, "exposure": 0.029, "vru_150m": 0, "sss": 25.7, "recommended": 30, "fatal_reduction_pct": 87.0, "why": "local road, frontage/pedestrian mixing", "pop_density": 949.7, "pop_density_peak": 1139.3, "v_design": 40, "design_gap": 10}}, {"type": "Feature", "geometry": {"type": "LineString", "coordinates": [[121.1055474, 14.2355657], [121.105536, 14.2354701], [121.1055306, 14.2351947], [121.1055366, 14.2350723], [121.1056359, 14.2344379], [121.1058055, 14.2331569], [121.1059187, 14.2324834], [121.1060933, 14.2318791], [121.1061586, 14.2316385]]}, "properties": {"city": "calamba", "name": "Gyro", "highway": "unclassified", "v_posted": 40, "posted_imputed": false, "v_safe": 30, "gap": 10, "R": 3.16, "exposure": 0.024, "vru_150m": 0, "sss": 12.8, "recommended": 30, "fatal_reduction_pct": 68.4, "why": "local road, frontage/pedestrian mixing", "pop_density": 790.8, "pop_density_peak": 1029.0, "v_design": 40, "design_gap": 10}}, {"type": "Feature", "geometry": {"type": "LineString", "coordinates": [[121.1093164, 14.2349409], [121.1095527, 14.2349985], [121.1099238, 14.2350856], [121.1106292, 14.2352686], [121.111494, 14.2354423], [121.1125316, 14.2356746], [121.1125907, 14.2356878]]}, "properties": {"city": "calamba", "name": "", "highway": "service", "v_posted": 50, "posted_imputed": false, "v_safe": 30, "gap": 20, "R": 7.72, "exposure": 0.029, "vru_150m": 0, "sss": 25.7, "recommended": 30, "fatal_reduction_pct": 87.0, "why": "local road, frontage/pedestrian mixing", "pop_density": 927.1, "pop_density_peak": 1163.7, "v_design": 25, "design_gap": -5}}, {"type": "Feature", "geometry": {"type": "LineString", "coordinates": [[121.0933981, 14.2340385], [121.0957923, 14.2344643], [121.0959316, 14.2344917], [121.0980217, 14.234859], [121.0982059, 14.2348871], [121.0989434, 14.2350179], [121.0993915, 14.2350949], [121.1006279, 14.235309], [121.1007673, 14.2353336], [121.1026552, 14.2357258], [121.1027536, 14.2357463], [121.1029095, 14.2357735], [121.1032241, 14.2358127], [121.1036079, 14.2358139], [121.1040724, 14.2357412], [121.1055474, 14.2355657], [121.1060487, 14.2355032], [121.1066321, 14.2354622], [121.1071003, 14.2354615], [121.1076082, 14.2354776], [121.1078455, 14.2354901], [121.1083045, 14.2355792]]}, "properties": {"city": "calamba", "name": "Main Avenue", "highway": "unclassified", "v_posted": 50, "posted_imputed": false, "v_safe": 30, "gap": 20, "R": 7.72, "exposure": 0.019, "vru_150m": 0, "sss": 25.5, "recommended": 30, "fatal_reduction_pct": 87.0, "why": "local road, frontage/pedestrian mixing", "pop_density": 612.6, "pop_density_peak": 1150.4, "v_design": 40, "design_gap": 10}}, {"type": "Feature", "geometry": {"type": "LineString", "coordinates": [[121.1071782, 14.2601566], [121.107218, 14.2602201], [121.1072878, 14.2602852], [121.1075471, 14.2604838]]}, "properties": {"city": "calamba", "name": "Asia Brewery Road", "highway": "unclassified", "v_posted": 40, "posted_imputed": false, "v_safe": 30, "gap": 10, "R": 3.16, "exposure": 0.167, "vru_150m": 0, "sss": 14.6, "recommended": 30, "fatal_reduction_pct": 68.4, "why": "local road, frontage/pedestrian mixing", "pop_density": 5387.2, "pop_density_peak": 5387.2, "v_design": 40, "design_gap": 10}}, {"type": "Feature", "geometry": {"type": "LineString", "coordinates": [[121.1075471, 14.2604838], [121.1072712, 14.2603978], [121.1071614, 14.2603817], [121.1070527, 14.2603928]]}, "properties": {"city": "calamba", "name": "Asia Brewery Road", "highway": "unclassified", "v_posted": 40, "posted_imputed": false, "v_safe": 30, "gap": 10, "R": 3.16, "exposure": 0.161, "vru_150m": 0, "sss": 14.5, "recommended": 30, "fatal_reduction_pct": 68.4, "why": "local road, frontage/pedestrian mixing", "pop_density": 5216.1, "pop_density_peak": 5387.2, "v_design": 40, "design_gap": 10}}, {"type": "Feature", "geometry": {"type": "LineString", "coordinates": [[121.1085707, 14.2582654], [121.1091117, 14.2585438], [121.1092682, 14.2586315], [121.1093172, 14.2586708], [121.1093538, 14.2587191]]}, "properties": {"city": "calamba", "name": "", "highway": "unclassified", "v_posted": 40, "posted_imputed": false, "v_safe": 30, "gap": 10, "R": 3.16, "exposure": 0.006, "vru_150m": 0, "sss": 12.6, "recommended": 30, "fatal_reduction_pct": 68.4, "why": "local road, frontage/pedestrian mixing", "pop_density": 187.1, "pop_density_peak": 374.3, "v_design": 40, "design_gap": 10}}, {"type": "Feature", "geometry": {"type": "LineString", "coordinates": [[121.1056488, 14.2366649], [121.1055559, 14.2356949], [121.1055474, 14.2355657]]}, "properties": {"city": "calamba", "name": "", "highway": "service", "v_posted": 40, "posted_imputed": false, "v_safe": 30, "gap": 10, "R": 3.16, "exposure": 0.031, "vru_150m": 0, "sss": 12.9, "recommended": 30, "fatal_reduction_pct": 68.4, "why": "local road, frontage/pedestrian mixing", "pop_density": 1017.6, "pop_density_peak": 1054.3, "v_design": 25, "design_gap": -5}}, {"type": "Feature", "geometry": {"type": "LineString", "coordinates": [[121.1022702, 14.2458421], [121.1025167, 14.2459037], [121.1026892, 14.2459505], [121.1029266, 14.2460155], [121.1031961, 14.2460805], [121.1035542, 14.2461325], [121.1038211, 14.2461715], [121.1040893, 14.2462014], [121.1045909, 14.2462572], [121.1052762, 14.2463248], [121.105641, 14.2463378], [121.1059052, 14.2462962], [121.1061502, 14.2462106], [121.1063051, 14.2461104], [121.1064751, 14.2459388], [121.1066039, 14.2457516], [121.1067004, 14.2455605], [121.1067447, 14.2454019], [121.1067729, 14.2452849], [121.1069411, 14.2444591]]}, "properties": {"city": "calamba", "name": "", "highway": "unclassified", "v_posted": 60, "posted_imputed": false, "v_safe": 30, "gap": 30, "R": 16.0, "exposure": 0.003, "vru_150m": 0, "sss": 37.6, "recommended": 30, "fatal_reduction_pct": 93.8, "why": "local road, frontage/pedestrian mixing", "pop_density": 105.2, "pop_density_peak": 298.4, "v_design": 35, "design_gap": 5}}, {"type": "Feature", "geometry": {"type": "LineString", "coordinates": [[121.1096357, 14.2590491], [121.1095851, 14.2591708], [121.1095497, 14.2593231], [121.1095271, 14.2594425], [121.1095265, 14.2595915], [121.1095467, 14.2597374], [121.1095664, 14.2598024], [121.1096164, 14.259944], [121.1097057, 14.260099], [121.109892, 14.2602982], [121.1100983, 14.2604344], [121.1103261, 14.2605401], [121.110614, 14.2605959]]}, "properties": {"city": "calamba", "name": "", "highway": "residential", "v_posted": 40, "posted_imputed": false, "v_safe": 30, "gap": 10, "R": 3.16, "exposure": 0.023, "vru_150m": 0, "sss": 12.8, "recommended": 30, "fatal_reduction_pct": 68.4, "why": "local road, frontage/pedestrian mixing", "pop_density": 727.9, "pop_density_peak": 739.6, "v_design": 30, "design_gap": 0}}, {"type": "Feature", "geometry": {"type": "LineString", "coordinates": [[121.1095848, 14.2585154], [121.1097263, 14.2584484], [121.1099853, 14.2583727], [121.1101154, 14.2583423], [121.1102392, 14.2583224], [121.1103663, 14.2583187], [121.1105069, 14.2583261], [121.1106497, 14.2583544], [121.1107916, 14.2583825], [121.1109319, 14.2584222], [121.1111691, 14.2585099], [121.111426, 14.2586765], [121.1116067, 14.2588963], [121.1117059, 14.2590744], [121.1117564, 14.2592386], [121.1117951, 14.2594019], [121.1117976, 14.2595073], [121.1117713, 14.2596868], [121.1117242, 14.2598859], [121.1116506, 14.2600563], [121.1115076, 14.2602497], [121.1112911, 14.2603955], [121.1111263, 14.2604815], [121.1109921, 14.26056]]}, "properties": {"city": "calamba", "name": "", "highway": "residential", "v_posted": 40, "posted_imputed": false, "v_safe": 30, "gap": 10, "R": 3.16, "exposure": 0.014, "vru_150m": 0, "sss": 12.7, "recommended": 30, "fatal_reduction_pct": 68.4, "why": "local road, frontage/pedestrian mixing", "pop_density": 453.3, "pop_density_peak": 809.4, "v_design": 25, "design_gap": -5}}, {"type": "Feature", "geometry": {"type": "LineString", "coordinates": [[121.1102405, 14.2602092], [121.1105552, 14.2596009]]}, "properties": {"city": "calamba", "name": "", "highway": "residential", "v_posted": 40, "posted_imputed": false, "v_safe": 30, "gap": 10, "R": 3.16, "exposure": 0.023, "vru_150m": 0, "sss": 12.8, "recommended": 30, "fatal_reduction_pct": 68.4, "why": "local road, frontage/pedestrian mixing", "pop_density": 746.1, "pop_density_peak": 752.6, "v_design": 35, "design_gap": 5}}, {"type": "Feature", "geometry": {"type": "LineString", "coordinates": [[121.1093083, 14.2572873], [121.109546, 14.2568731]]}, "properties": {"city": "calamba", "name": "", "highway": "residential", "v_posted": 40, "posted_imputed": false, "v_safe": 30, "gap": 10, "R": 3.16, "exposure": 0.0, "vru_150m": 0, "sss": 12.5, "recommended": 30, "fatal_reduction_pct": 68.4, "why": "local road, frontage/pedestrian mixing", "pop_density": 0.0, "pop_density_peak": 0.0, "v_design": 35, "design_gap": 5}}, {"type": "Feature", "geometry": {"type": "LineString", "coordinates": [[121.1086122, 14.2598737], [121.1093341, 14.2602149]]}, "properties": {"city": "calamba", "name": "", "highway": "residential", "v_posted": 40, "posted_imputed": false, "v_safe": 30, "gap": 10, "R": 3.16, "exposure": 0.071, "vru_150m": 0, "sss": 13.4, "recommended": 30, "fatal_reduction_pct": 68.4, "why": "local road, frontage/pedestrian mixing", "pop_density": 2297.9, "pop_density_peak": 3788.5, "v_design": 35, "design_gap": 5}}, {"type": "Feature", "geometry": {"type": "LineString", "coordinates": [[121.1104643, 14.2603007], [121.1107815, 14.2597162]]}, "properties": {"city": "calamba", "name": "", "highway": "residential", "v_posted": 40, "posted_imputed": false, "v_safe": 30, "gap": 10, "R": 3.16, "exposure": 0.023, "vru_150m": 0, "sss": 12.8, "recommended": 30, "fatal_reduction_pct": 68.4, "why": "local road, frontage/pedestrian mixing", "pop_density": 752.6, "pop_density_peak": 752.6, "v_design": 35, "design_gap": 5}}, {"type": "Feature", "geometry": {"type": "LineString", "coordinates": [[121.109892, 14.2602982], [121.1096663, 14.2606706]]}, "properties": {"city": "calamba", "name": "", "highway": "residential", "v_posted": 40, "posted_imputed": false, "v_safe": 30, "gap": 10, "R": 3.16, "exposure": 0.023, "vru_150m": 0, "sss": 12.8, "recommended": 30, "fatal_reduction_pct": 68.4, "why": "local road, frontage/pedestrian mixing", "pop_density": 727.8, "pop_density_peak": 739.6, "v_design": 35, "design_gap": 5}}, {"type": "Feature", "geometry": {"type": "LineString", "coordinates": [[121.1100244, 14.2571148], [121.1107968, 14.2575141]]}, "properties": {"city": "calamba", "name": "", "highway": "residential", "v_posted": 40, "posted_imputed": false, "v_safe": 30, "gap": 10, "R": 3.16, "exposure": 0.0, "vru_150m": 0, "sss": 12.5, "recommended": 30, "fatal_reduction_pct": 68.4, "why": "local road, frontage/pedestrian mixing", "pop_density": 0.0, "pop_density_peak": 0.0, "v_design": 35, "design_gap": 5}}, {"type": "Feature", "geometry": {"type": "LineString", "coordinates": [[121.1103216, 14.2594818], [121.1099982, 14.2600571]]}, "properties": {"city": "calamba", "name": "", "highway": "residential", "v_posted": 40, "posted_imputed": false, "v_safe": 30, "gap": 10, "R": 3.16, "exposure": 0.023, "vru_150m": 0, "sss": 12.8, "recommended": 30, "fatal_reduction_pct": 68.4, "why": "local road, frontage/pedestrian mixing", "pop_density": 739.6, "pop_density_peak": 739.6, "v_design": 35, "design_gap": 5}}, {"type": "Feature", "geometry": {"type": "LineString", "coordinates": [[121.1100962, 14.259336], [121.1098605, 14.2592236]]}, "properties": {"city": "calamba", "name": "", "highway": "residential", "v_posted": 40, "posted_imputed": false, "v_safe": 30, "gap": 10, "R": 3.16, "exposure": 0.023, "vru_150m": 0, "sss": 12.8, "recommended": 30, "fatal_reduction_pct": 68.4, "why": "local road, frontage/pedestrian mixing", "pop_density": 739.6, "pop_density_peak": 739.6, "v_design": 35, "design_gap": 5}}, {"type": "Feature", "geometry": {"type": "LineString", "coordinates": [[121.109787, 14.2569948], [121.1095575, 14.2574241]]}, "properties": {"city": "calamba", "name": "", "highway": "residential", "v_posted": 40, "posted_imputed": false, "v_safe": 30, "gap": 10, "R": 3.16, "exposure": 0.0, "vru_150m": 0, "sss": 12.5, "recommended": 30, "fatal_reduction_pct": 68.4, "why": "local road, frontage/pedestrian mixing", "pop_density": 0.0, "pop_density_peak": 0.0, "v_design": 35, "design_gap": 5}}, {"type": "Feature", "geometry": {"type": "LineString", "coordinates": [[121.1099091, 14.2573138], [121.1106855, 14.2577223]]}, "properties": {"city": "calamba", "name": "", "highway": "residential", "v_posted": 40, "posted_imputed": false, "v_safe": 30, "gap": 10, "R": 3.16, "exposure": 0.0, "vru_150m": 0, "sss": 12.5, "recommended": 30, "fatal_reduction_pct": 68.4, "why": "local road, frontage/pedestrian mixing", "pop_density": 0.0, "pop_density_peak": 0.0, "v_design": 35, "design_gap": 5}}, {"type": "Feature", "geometry": {"type": "LineString", "coordinates": [[121.108502, 14.2600764], [121.1092151, 14.2604263]]}, "properties": {"city": "calamba", "name": "", "highway": "residential", "v_posted": 40, "posted_imputed": false, "v_safe": 30, "gap": 10, "R": 3.16, "exposure": 0.071, "vru_150m": 0, "sss": 13.4, "recommended": 30, "fatal_reduction_pct": 68.4, "why": "local road, frontage/pedestrian mixing", "pop_density": 2297.9, "pop_density_peak": 3788.5, "v_design": 35, "design_gap": 5}}, {"type": "Feature", "geometry": {"type": "LineString", "coordinates": [[121.1091643, 14.2589434], [121.1090393, 14.2592142]]}, "properties": {"city": "calamba", "name": "", "highway": "residential", "v_posted": 40, "posted_imputed": false, "v_safe": 30, "gap": 10, "R": 3.16, "exposure": 0.025, "vru_150m": 0, "sss": 12.8, "recommended": 30, "fatal_reduction_pct": 68.4, "why": "local road, frontage/pedestrian mixing", "pop_density": 807.3, "pop_density_peak": 807.3, "v_design": 35, "design_gap": 5}}, {"type": "Feature", "geometry": {"type": "LineString", "coordinates": [[121.1100983, 14.2604344], [121.1098835, 14.2608109]]}, "properties": {"city": "calamba", "name": "", "highway": "residential", "v_posted": 40, "posted_imputed": false, "v_safe": 30, "gap": 10, "R": 3.16, "exposure": 0.022, "vru_150m": 0, "sss": 12.8, "recommended": 30, "fatal_reduction_pct": 68.4, "why": "local road, frontage/pedestrian mixing", "pop_density": 716.0, "pop_density_peak": 716.0, "v_design": 35, "design_gap": 5}}, {"type": "Feature", "geometry": {"type": "LineString", "coordinates": [[121.109323, 14.2578991], [121.1091181, 14.2582391]]}, "properties": {"city": "calamba", "name": "", "highway": "residential", "v_posted": 40, "posted_imputed": false, "v_safe": 30, "gap": 10, "R": 3.16, "exposure": 0.0, "vru_150m": 0, "sss": 12.5, "recommended": 30, "fatal_reduction_pct": 68.4, "why": "local road, frontage/pedestrian mixing", "pop_density": 0.0, "pop_density_peak": 0.0, "v_design": 35, "design_gap": 5}}, {"type": "Feature", "geometry": {"type": "LineString", "coordinates": [[121.1103261, 14.2605401], [121.1100976, 14.2609573]]}, "properties": {"city": "calamba", "name": "", "highway": "residential", "v_posted": 40, "posted_imputed": false, "v_safe": 30, "gap": 10, "R": 3.16, "exposure": 0.022, "vru_150m": 0, "sss": 12.8, "recommended": 30, "fatal_reduction_pct": 68.4, "why": "local road, frontage/pedestrian mixing", "pop_density": 716.0, "pop_density_peak": 716.0, "v_design": 35, "design_gap": 5}}, {"type": "Feature", "geometry": {"type": "LineString", "coordinates": [[121.1097057, 14.260099], [121.1094425, 14.2605366]]}, "properties": {"city": "calamba", "name": "", "highway": "residential", "v_posted": 40, "posted_imputed": false, "v_safe": 30, "gap": 10, "R": 3.16, "exposure": 0.024, "vru_150m": 0, "sss": 12.8, "recommended": 30, "fatal_reduction_pct": 68.4, "why": "local road, frontage/pedestrian mixing", "pop_density": 773.5, "pop_density_peak": 807.4, "v_design": 35, "design_gap": 5}}, {"type": "Feature", "geometry": {"type": "LineString", "coordinates": [[121.1115087, 14.2594377], [121.1117951, 14.2594019], [121.1124558, 14.2593192]]}, "properties": {"city": "calamba", "name": "", "highway": "residential", "v_posted": 40, "posted_imputed": false, "v_safe": 30, "gap": 10, "R": 3.16, "exposure": 0.025, "vru_150m": 0, "sss": 12.8, "recommended": 30, "fatal_reduction_pct": 68.4, "why": "local road, frontage/pedestrian mixing", "pop_density": 805.4, "pop_density_peak": 809.4, "v_design": 35, "design_gap": 5}}, {"type": "Feature", "geometry": {"type": "LineString", "coordinates": [[121.1091693, 14.2575204], [121.1098618, 14.2578845], [121.1101816, 14.2580527]]}, "properties": {"city": "calamba", "name": "", "highway": "residential", "v_posted": 40, "posted_imputed": false, "v_safe": 30, "gap": 10, "R": 3.16, "exposure": 0.0, "vru_150m": 0, "sss": 12.5, "recommended": 30, "fatal_reduction_pct": 68.4, "why": "local road, frontage/pedestrian mixing", "pop_density": 11.8, "pop_density_peak": 23.6, "v_design": 35, "design_gap": 5}}, {"type": "Feature", "geometry": {"type": "LineString", "coordinates": [[121.1107815, 14.2597162], [121.1105552, 14.2596009], [121.1103216, 14.2594818]]}, "properties": {"city": "calamba", "name": "", "highway": "residential", "v_posted": 40, "posted_imputed": false, "v_safe": 30, "gap": 10, "R": 3.16, "exposure": 0.023, "vru_150m": 0, "sss": 12.8, "recommended": 30, "fatal_reduction_pct": 68.4, "why": "local road, frontage/pedestrian mixing", "pop_density": 746.1, "pop_density_peak": 752.6, "v_design": 35, "design_gap": 5}}, {"type": "Feature", "geometry": {"type": "LineString", "coordinates": [[121.1098423, 14.2598042], [121.1100962, 14.259336], [121.1102106, 14.2591249]]}, "properties": {"city": "calamba", "name": "", "highway": "residential", "v_posted": 40, "posted_imputed": false, "v_safe": 30, "gap": 10, "R": 3.16, "exposure": 0.023, "vru_150m": 0, "sss": 12.8, "recommended": 30, "fatal_reduction_pct": 68.4, "why": "local road, frontage/pedestrian mixing", "pop_density": 739.6, "pop_density_peak": 739.6, "v_design": 35, "design_gap": 5}}, {"type": "Feature", "geometry": {"type": "LineString", "coordinates": [[121.1091117, 14.2585438], [121.1090778, 14.2586126], [121.1089663, 14.2588364]]}, "properties": {"city": "calamba", "name": "", "highway": "residential", "v_posted": 40, "posted_imputed": false, "v_safe": 30, "gap": 10, "R": 3.16, "exposure": 0.012, "vru_150m": 0, "sss": 12.7, "recommended": 30, "fatal_reduction_pct": 68.4, "why": "local road, frontage/pedestrian mixing", "pop_density": 403.7, "pop_density_peak": 807.3, "v_design": 35, "design_gap": 5}}, {"type": "Feature", "geometry": {"type": "LineString", "coordinates": [[121.1087265, 14.2596635], [121.1086122, 14.2598737], [121.108502, 14.2600764]]}, "properties": {"city": "calamba", "name": "", "highway": "residential", "v_posted": 40, "posted_imputed": false, "v_safe": 30, "gap": 10, "R": 3.16, "exposure": 0.117, "vru_150m": 0, "sss": 14.0, "recommended": 30, "fatal_reduction_pct": 68.4, "why": "local road, frontage/pedestrian mixing", "pop_density": 3788.5, "pop_density_peak": 3788.5, "v_design": 35, "design_gap": 5}}, {"type": "Feature", "geometry": {"type": "LineString", "coordinates": [[121.1095451, 14.2580046], [121.1093492, 14.2584053], [121.1095848, 14.2585154]]}, "properties": {"city": "calamba", "name": "", "highway": "residential", "v_posted": 40, "posted_imputed": false, "v_safe": 30, "gap": 10, "R": 3.16, "exposure": 0.0, "vru_150m": 0, "sss": 12.5, "recommended": 30, "fatal_reduction_pct": 68.4, "why": "local road, frontage/pedestrian mixing", "pop_density": 0.0, "pop_density_peak": 0.0, "v_design": 25, "design_gap": -5}}, {"type": "Feature", "geometry": {"type": "LineString", "coordinates": [[121.1082154, 14.2594237], [121.1083305, 14.2592024], [121.1086185, 14.2586485]]}, "properties": {"city": "calamba", "name": "", "highway": "residential", "v_posted": 40, "posted_imputed": false, "v_safe": 30, "gap": 10, "R": 3.16, "exposure": 0.07, "vru_150m": 0, "sss": 13.4, "recommended": 30, "fatal_reduction_pct": 68.4, "why": "local road, frontage/pedestrian mixing", "pop_density": 2268.5, "pop_density_peak": 4162.8, "v_design": 35, "design_gap": 5}}, {"type": "Feature", "geometry": {"type": "LineString", "coordinates": [[121.1098605, 14.2592236], [121.1098085, 14.2593277], [121.1097836, 14.2594544], [121.1097844, 14.2595822], [121.1098028, 14.2596989], [121.1098423, 14.2598042], [121.109895, 14.2599254], [121.1099982, 14.2600571], [121.1102405, 14.2602092], [121.1104643, 14.2603007], [121.1106363, 14.2603184], [121.1107694, 14.2603087], [121.1109747, 14.26027], [121.1111178, 14.2602022], [121.1112422, 14.2601142], [121.1113208, 14.2600218], [121.1114064, 14.2599041], [121.1114564, 14.2597809], [121.1114985, 14.2596231], [121.1115087, 14.2594377], [121.1114731, 14.2592772], [121.1114228, 14.2591456], [121.1113134, 14.2589877], [121.1111156, 14.2588321], [121.1108969, 14.2587148], [121.1106216, 14.2586195], [121.1104077, 14.2586004], [121.1102432, 14.2586036], [121.1100494, 14.2586261], [121.1098214, 14.2587005], [121.1096841, 14.2587637], [121.1095631, 14.2587839]]}, "properties": {"city": "calamba", "name": "", "highway": "unclassified", "v_posted": 40, "posted_imputed": false, "v_safe": 30, "gap": 10, "R": 3.16, "exposure": 0.02, "vru_150m": 0, "sss": 12.7, "recommended": 30, "fatal_reduction_pct": 68.4, "why": "local road, frontage/pedestrian mixing", "pop_density": 631.4, "pop_density_peak": 809.4, "v_design": 30, "design_gap": 0}}, {"type": "Feature", "geometry": {"type": "LineString", "coordinates": [[121.1107968, 14.2575141], [121.1106855, 14.2577223], [121.1105526, 14.2579705], [121.1103663, 14.2583187]]}, "properties": {"city": "calamba", "name": "", "highway": "residential", "v_posted": 40, "posted_imputed": false, "v_safe": 30, "gap": 10, "R": 3.16, "exposure": 0.0, "vru_150m": 0, "sss": 12.5, "recommended": 30, "fatal_reduction_pct": 68.4, "why": "local road, frontage/pedestrian mixing", "pop_density": 11.8, "pop_density_peak": 23.6, "v_design": 35, "design_gap": 5}}, {"type": "Feature", "geometry": {"type": "LineString", "coordinates": [[121.1094542, 14.2600017], [121.1087265, 14.2596635], [121.1086402, 14.2596235], [121.1082154, 14.2594237]]}, "properties": {"city": "calamba", "name": "", "highway": "residential", "v_posted": 40, "posted_imputed": false, "v_safe": 30, "gap": 10, "R": 3.16, "exposure": 0.077, "vru_150m": 0, "sss": 13.5, "recommended": 30, "fatal_reduction_pct": 68.4, "why": "local road, frontage/pedestrian mixing", "pop_density": 2485.1, "pop_density_peak": 4162.8, "v_design": 35, "design_gap": 5}}, {"type": "Feature", "geometry": {"type": "LineString", "coordinates": [[121.1105526, 14.2579705], [121.1097757, 14.2575439], [121.1095575, 14.2574241], [121.1093083, 14.2572873]]}, "properties": {"city": "calamba", "name": "", "highway": "residential", "v_posted": 40, "posted_imputed": false, "v_safe": 30, "gap": 10, "R": 3.16, "exposure": 0.001, "vru_150m": 0, "sss": 12.5, "recommended": 30, "fatal_reduction_pct": 68.4, "why": "local road, frontage/pedestrian mixing", "pop_density": 24.1, "pop_density_peak": 48.1, "v_design": 35, "design_gap": 5}}, {"type": "Feature", "geometry": {"type": "LineString", "coordinates": [[121.1095664, 14.2598024], [121.1094542, 14.2600017], [121.1093341, 14.2602149], [121.1092151, 14.2604263]]}, "properties": {"city": "calamba", "name": "", "highway": "residential", "v_posted": 40, "posted_imputed": false, "v_safe": 30, "gap": 10, "R": 3.16, "exposure": 0.025, "vru_150m": 0, "sss": 12.8, "recommended": 30, "fatal_reduction_pct": 68.4, "why": "local road, frontage/pedestrian mixing", "pop_density": 807.3, "pop_density_peak": 807.3, "v_design": 35, "design_gap": 5}}, {"type": "Feature", "geometry": {"type": "LineString", "coordinates": [[121.1109319, 14.2584222], [121.1112741, 14.2577684], [121.1110438, 14.257644], [121.1106497, 14.2583544]]}, "properties": {"city": "calamba", "name": "", "highway": "residential", "v_posted": 40, "posted_imputed": false, "v_safe": 30, "gap": 10, "R": 3.16, "exposure": 0.001, "vru_150m": 0, "sss": 12.5, "recommended": 30, "fatal_reduction_pct": 68.4, "why": "local road, frontage/pedestrian mixing", "pop_density": 48.1, "pop_density_peak": 48.1, "v_design": 25, "design_gap": -5}}, {"type": "Feature", "geometry": {"type": "LineString", "coordinates": [[121.1088478, 14.2587718], [121.1087053, 14.259058], [121.1090393, 14.2592142], [121.1095271, 14.2594425]]}, "properties": {"city": "calamba", "name": "", "highway": "residential", "v_posted": 40, "posted_imputed": false, "v_safe": 30, "gap": 10, "R": 3.16, "exposure": 0.025, "vru_150m": 0, "sss": 12.8, "recommended": 30, "fatal_reduction_pct": 68.4, "why": "local road, frontage/pedestrian mixing", "pop_density": 807.3, "pop_density_peak": 807.3, "v_design": 30, "design_gap": 0}}, {"type": "Feature", "geometry": {"type": "LineString", "coordinates": [[121.1083305, 14.2592024], [121.1086715, 14.2593542], [121.1087367, 14.2593564], [121.1095467, 14.2597374]]}, "properties": {"city": "calamba", "name": "", "highway": "residential", "v_posted": 40, "posted_imputed": false, "v_safe": 30, "gap": 10, "R": 3.16, "exposure": 0.077, "vru_150m": 0, "sss": 13.5, "recommended": 30, "fatal_reduction_pct": 68.4, "why": "local road, frontage/pedestrian mixing", "pop_density": 2485.1, "pop_density_peak": 4162.8, "v_design": 35, "design_gap": 5}}, {"type": "Feature", "geometry": {"type": "LineString", "coordinates": [[121.1111441, 14.2596164], [121.1107694, 14.2603087], [121.110614, 14.2605959], [121.1104778, 14.2608475]]}, "properties": {"city": "calamba", "name": "", "highway": "unclassified", "v_posted": 40, "posted_imputed": false, "v_safe": 30, "gap": 10, "R": 3.16, "exposure": 0.023, "vru_150m": 0, "sss": 12.8, "recommended": 30, "fatal_reduction_pct": 68.4, "why": "local road, frontage/pedestrian mixing", "pop_density": 728.6, "pop_density_peak": 752.6, "v_design": 40, "design_gap": 10}}, {"type": "Feature", "geometry": {"type": "LineString", "coordinates": [[121.1086185, 14.2586485], [121.1088478, 14.2587718], [121.1089663, 14.2588364], [121.1091643, 14.2589434], [121.1095851, 14.2591708]]}, "properties": {"city": "calamba", "name": "", "highway": "residential", "v_posted": 40, "posted_imputed": false, "v_safe": 30, "gap": 10, "R": 3.16, "exposure": 0.018, "vru_150m": 0, "sss": 12.7, "recommended": 30, "fatal_reduction_pct": 68.4, "why": "local road, frontage/pedestrian mixing", "pop_density": 590.8, "pop_density_peak": 807.3, "v_design": 35, "design_gap": 5}}, {"type": "Feature", "geometry": {"type": "LineString", "coordinates": [[121.1095631, 14.2587839], [121.1102106, 14.2591249], [121.1111441, 14.2596164]]}, "properties": {"city": "calamba", "name": "", "highway": "unclassified", "v_posted": 40, "posted_imputed": false, "v_safe": 30, "gap": 10, "R": 3.16, "exposure": 0.024, "vru_150m": 0, "sss": 12.8, "recommended": 30, "fatal_reduction_pct": 68.4, "why": "local road, frontage/pedestrian mixing", "pop_density": 780.0, "pop_density_peak": 807.3, "v_design": 40, "design_gap": 10}}, {"type": "Feature", "geometry": {"type": "LineString", "coordinates": [[121.1097263, 14.2584484], [121.1096052, 14.2580349], [121.1095451, 14.2580046], [121.109323, 14.2578991], [121.10908, 14.2577764], [121.1088967, 14.2581174]]}, "properties": {"city": "calamba", "name": "", "highway": "residential", "v_posted": 40, "posted_imputed": false, "v_safe": 30, "gap": 10, "R": 3.16, "exposure": 0.0, "vru_150m": 0, "sss": 12.5, "recommended": 30, "fatal_reduction_pct": 68.4, "why": "local road, frontage/pedestrian mixing", "pop_density": 11.8, "pop_density_peak": 23.6, "v_design": 25, "design_gap": -5}}, {"type": "Feature", "geometry": {"type": "LineString", "coordinates": [[121.1097757, 14.2575439], [121.1098618, 14.2578845], [121.1099853, 14.2583727], [121.1100494, 14.2586261]]}, "properties": {"city": "calamba", "name": "", "highway": "residential", "v_posted": 40, "posted_imputed": false, "v_safe": 30, "gap": 10, "R": 3.16, "exposure": 0.0, "vru_150m": 0, "sss": 12.5, "recommended": 30, "fatal_reduction_pct": 68.4, "why": "local road, frontage/pedestrian mixing", "pop_density": 11.8, "pop_density_peak": 23.6, "v_design": 35, "design_gap": 5}}, {"type": "Feature", "geometry": {"type": "LineString", "coordinates": [[121.1098857, 14.2617691], [121.1101854, 14.261323]]}, "properties": {"city": "calamba", "name": "", "highway": "unclassified", "v_posted": 40, "posted_imputed": false, "v_safe": 30, "gap": 10, "R": 3.16, "exposure": 0.0, "vru_150m": 0, "sss": 12.5, "recommended": 30, "fatal_reduction_pct": 68.4, "why": "local road, frontage/pedestrian mixing", "pop_density": 0.0, "pop_density_peak": 0.0, "v_design": 40, "design_gap": 10}}, {"type": "Feature", "geometry": {"type": "LineString", "coordinates": [[121.1093538, 14.2587191], [121.1092918, 14.2587096], [121.1092244, 14.2586857], [121.1090778, 14.2586126], [121.1085376, 14.2583243]]}, "properties": {"city": "calamba", "name": "", "highway": "unclassified", "v_posted": 40, "posted_imputed": false, "v_safe": 30, "gap": 10, "R": 3.16, "exposure": 0.006, "vru_150m": 0, "sss": 12.6, "recommended": 30, "fatal_reduction_pct": 68.4, "why": "local road, frontage/pedestrian mixing", "pop_density": 187.1, "pop_density_peak": 374.3, "v_design": 40, "design_gap": 10}}, {"type": "Feature", "geometry": {"type": "LineString", "coordinates": [[121.1104778, 14.2608475], [121.1104745, 14.2608813], [121.1104673, 14.2609374], [121.110246, 14.2613559]]}, "properties": {"city": "calamba", "name": "", "highway": "unclassified", "v_posted": 40, "posted_imputed": false, "v_safe": 30, "gap": 10, "R": 3.16, "exposure": 0.011, "vru_150m": 0, "sss": 12.6, "recommended": 30, "fatal_reduction_pct": 68.4, "why": "local road, frontage/pedestrian mixing", "pop_density": 352.2, "pop_density_peak": 704.5, "v_design": 40, "design_gap": 10}}, {"type": "Feature", "geometry": {"type": "LineString", "coordinates": [[121.108705, 14.2356582], [121.1088577, 14.2356896], [121.1091243, 14.2357636]]}, "properties": {"city": "calamba", "name": "Main Avenue", "highway": "unclassified", "v_posted": 40, "posted_imputed": false, "v_safe": 30, "gap": 10, "R": 3.16, "exposure": 0.031, "vru_150m": 0, "sss": 12.9, "recommended": 30, "fatal_reduction_pct": 68.4, "why": "local road, frontage/pedestrian mixing", "pop_density": 1012.4, "pop_density_peak": 1111.4, "v_design": 40, "design_gap": 10}}, {"type": "Feature", "geometry": {"type": "LineString", "coordinates": [[121.1083045, 14.2355792], [121.1083703, 14.2355621], [121.1085193, 14.2355768], [121.1086196, 14.2355925], [121.1086845, 14.2356299], [121.108705, 14.2356582]]}, "properties": {"city": "calamba", "name": "Main Avenue", "highway": "unclassified", "v_posted": 40, "posted_imputed": false, "v_safe": 30, "gap": 10, "R": 3.16, "exposure": 0.034, "vru_150m": 0, "sss": 12.9, "recommended": 30, "fatal_reduction_pct": 68.4, "why": "local road, frontage/pedestrian mixing", "pop_density": 1111.4, "pop_density_peak": 1111.4, "v_design": 40, "design_gap": 10}}, {"type": "Feature", "geometry": {"type": "LineString", "coordinates": [[121.108705, 14.2356582], [121.1086622, 14.235679], [121.1085963, 14.23568], [121.108499, 14.2356623], [121.1083643, 14.2356358], [121.1083045, 14.2355792]]}, "properties": {"city": "calamba", "name": "Main Avenue", "highway": "unclassified", "v_posted": 40, "posted_imputed": false, "v_safe": 30, "gap": 10, "R": 3.16, "exposure": 0.034, "vru_150m": 0, "sss": 12.9, "recommended": 30, "fatal_reduction_pct": 68.4, "why": "local road, frontage/pedestrian mixing", "pop_density": 1111.4, "pop_density_peak": 1111.4, "v_design": 40, "design_gap": 10}}, {"type": "Feature", "geometry": {"type": "LineString", "coordinates": [[121.1089077, 14.2367082], [121.1087535, 14.2374295]]}, "properties": {"city": "calamba", "name": "River Drive", "highway": "unclassified", "v_posted": 50, "posted_imputed": false, "v_safe": 30, "gap": 20, "R": 7.72, "exposure": 0.037, "vru_150m": 0, "sss": 25.9, "recommended": 30, "fatal_reduction_pct": 87.0, "why": "local road, frontage/pedestrian mixing", "pop_density": 1185.4, "pop_density_peak": 1231.6, "v_design": 40, "design_gap": 10}}, {"type": "Feature", "geometry": {"type": "LineString", "coordinates": [[121.1087535, 14.2374295], [121.1086701, 14.2376434], [121.1085094, 14.2379071], [121.1083053, 14.2382839], [121.1082198, 14.2385387], [121.1081272, 14.2388982], [121.107799, 14.2404066]]}, "properties": {"city": "calamba", "name": "River Drive", "highway": "unclassified", "v_posted": 50, "posted_imputed": false, "v_safe": 30, "gap": 20, "R": 7.72, "exposure": 0.026, "vru_150m": 0, "sss": 25.7, "recommended": 30, "fatal_reduction_pct": 87.0, "why": "local road, frontage/pedestrian mixing", "pop_density": 849.5, "pop_density_peak": 1231.6, "v_design": 40, "design_gap": 10}}, {"type": "Feature", "geometry": {"type": "LineString", "coordinates": [[121.1104511, 14.2608694], [121.1104745, 14.2608813], [121.110748, 14.2610206], [121.1109728, 14.2611351], [121.1112145, 14.2612582], [121.1114358, 14.261371], [121.1116671, 14.2614888], [121.1118991, 14.2616065]]}, "properties": {"city": "calamba", "name": "", "highway": "residential", "v_posted": 40, "posted_imputed": false, "v_safe": 30, "gap": 10, "R": 3.16, "exposure": 0.011, "vru_150m": 0, "sss": 12.6, "recommended": 30, "fatal_reduction_pct": 68.4, "why": "local road, frontage/pedestrian mixing", "pop_density": 352.2, "pop_density_peak": 704.5, "v_design": 35, "design_gap": 5}}, {"type": "Feature", "geometry": {"type": "LineString", "coordinates": [[121.1116671, 14.2614888], [121.1113874, 14.2619945]]}, "properties": {"city": "calamba", "name": "", "highway": "residential", "v_posted": 40, "posted_imputed": false, "v_safe": 30, "gap": 10, "R": 3.16, "exposure": 0.0, "vru_150m": 0, "sss": 12.5, "recommended": 30, "fatal_reduction_pct": 68.4, "why": "local road, frontage/pedestrian mixing", "pop_density": 0.0, "pop_density_peak": 0.0, "v_design": 35, "design_gap": 5}}, {"type": "Feature", "geometry": {"type": "LineString", "coordinates": [[121.1111679, 14.2618243], [121.1114358, 14.261371]]}, "properties": {"city": "calamba", "name": "", "highway": "residential", "v_posted": 40, "posted_imputed": false, "v_safe": 30, "gap": 10, "R": 3.16, "exposure": 0.0, "vru_150m": 0, "sss": 12.5, "recommended": 30, "fatal_reduction_pct": 68.4, "why": "local road, frontage/pedestrian mixing", "pop_density": 0.0, "pop_density_peak": 0.0, "v_design": 35, "design_gap": 5}}, {"type": "Feature", "geometry": {"type": "LineString", "coordinates": [[121.1112145, 14.2612582], [121.1110765, 14.2614635], [121.1109612, 14.261664]]}, "properties": {"city": "calamba", "name": "", "highway": "residential", "v_posted": 40, "posted_imputed": false, "v_safe": 30, "gap": 10, "R": 3.16, "exposure": 0.011, "vru_150m": 0, "sss": 12.6, "recommended": 30, "fatal_reduction_pct": 68.4, "why": "local road, frontage/pedestrian mixing", "pop_density": 352.2, "pop_density_peak": 704.5, "v_design": 35, "design_gap": 5}}, {"type": "Feature", "geometry": {"type": "LineString", "coordinates": [[121.1110765, 14.2614635], [121.1108724, 14.2613602]]}, "properties": {"city": "calamba", "name": "", "highway": "residential", "v_posted": 40, "posted_imputed": false, "v_safe": 30, "gap": 10, "R": 3.16, "exposure": 0.0, "vru_150m": 0, "sss": 12.5, "recommended": 30, "fatal_reduction_pct": 68.4, "why": "local road, frontage/pedestrian mixing", "pop_density": 0.0, "pop_density_peak": 0.0, "v_design": 35, "design_gap": 5}}, {"type": "Feature", "geometry": {"type": "LineString", "coordinates": [[121.1112911, 14.2603955], [121.1122827, 14.2609383]]}, "properties": {"city": "calamba", "name": "", "highway": "residential", "v_posted": 40, "posted_imputed": false, "v_safe": 30, "gap": 10, "R": 3.16, "exposure": 0.025, "vru_150m": 0, "sss": 12.8, "recommended": 30, "fatal_reduction_pct": 68.4, "why": "local road, frontage/pedestrian mixing", "pop_density": 793.1, "pop_density_peak": 809.4, "v_design": 35, "design_gap": 5}}, {"type": "Feature", "geometry": {"type": "LineString", "coordinates": [[121.112157, 14.2611573], [121.1112232, 14.2606785], [121.1109921, 14.26056]]}, "properties": {"city": "calamba", "name": "", "highway": "residential", "v_posted": 40, "posted_imputed": false, "v_safe": 30, "gap": 10, "R": 3.16, "exposure": 0.023, "vru_150m": 0, "sss": 12.8, "recommended": 30, "fatal_reduction_pct": 68.4, "why": "local road, frontage/pedestrian mixing", "pop_density": 740.6, "pop_density_peak": 776.8, "v_design": 35, "design_gap": 5}}, {"type": "Feature", "geometry": {"type": "LineString", "coordinates": [[121.1109728, 14.2611351], [121.1110958, 14.2609107], [121.1112232, 14.2606785]]}, "properties": {"city": "calamba", "name": "", "highway": "residential", "v_posted": 40, "posted_imputed": false, "v_safe": 30, "gap": 10, "R": 3.16, "exposure": 0.022, "vru_150m": 0, "sss": 12.8, "recommended": 30, "fatal_reduction_pct": 68.4, "why": "local road, frontage/pedestrian mixing", "pop_density": 704.5, "pop_density_peak": 704.5, "v_design": 35, "design_gap": 5}}, {"type": "Feature", "geometry": {"type": "LineString", "coordinates": [[121.1110958, 14.2609107], [121.1120248, 14.2613875]]}, "properties": {"city": "calamba", "name": "", "highway": "residential", "v_posted": 40, "posted_imputed": false, "v_safe": 30, "gap": 10, "R": 3.16, "exposure": 0.011, "vru_150m": 0, "sss": 12.6, "recommended": 30, "fatal_reduction_pct": 68.4, "why": "local road, frontage/pedestrian mixing", "pop_density": 352.2, "pop_density_peak": 704.5, "v_design": 35, "design_gap": 5}}, {"type": "Feature", "geometry": {"type": "LineString", "coordinates": [[121.1111691, 14.2585099], [121.1115253, 14.2579085], [121.1117759, 14.2580366], [121.1115261, 14.2585056], [121.111426, 14.2586765]]}, "properties": {"city": "calamba", "name": "", "highway": "residential", "v_posted": 40, "posted_imputed": false, "v_safe": 30, "gap": 10, "R": 3.16, "exposure": 0.001, "vru_150m": 0, "sss": 12.5, "recommended": 30, "fatal_reduction_pct": 68.4, "why": "local road, frontage/pedestrian mixing", "pop_density": 48.1, "pop_density_peak": 48.1, "v_design": 25, "design_gap": -5}}, {"type": "Feature", "geometry": {"type": "LineString", "coordinates": [[121.1115261, 14.2585056], [121.1117652, 14.2586313], [121.1122366, 14.2588822], [121.1126791, 14.2591248], [121.1128915, 14.2592418], [121.1131416, 14.2593751], [121.1134124, 14.2588699]]}, "properties": {"city": "calamba", "name": "", "highway": "residential", "v_posted": 40, "posted_imputed": false, "v_safe": 30, "gap": 10, "R": 3.16, "exposure": 0.017, "vru_150m": 0, "sss": 12.7, "recommended": 30, "fatal_reduction_pct": 68.4, "why": "local road, frontage/pedestrian mixing", "pop_density": 547.0, "pop_density_peak": 801.3, "v_design": 30, "design_gap": 0}}, {"type": "Feature", "geometry": {"type": "LineString", "coordinates": [[121.1118241, 14.2589789], [121.1121074, 14.2591313], [121.1124558, 14.2593192], [121.1127759, 14.259481], [121.1130877, 14.2596382]]}, "properties": {"city": "calamba", "name": "", "highway": "residential", "v_posted": 40, "posted_imputed": false, "v_safe": 30, "gap": 10, "R": 3.16, "exposure": 0.025, "vru_150m": 0, "sss": 12.8, "recommended": 30, "fatal_reduction_pct": 68.4, "why": "local road, frontage/pedestrian mixing", "pop_density": 800.4, "pop_density_peak": 809.4, "v_design": 35, "design_gap": 5}}, {"type": "Feature", "geometry": {"type": "LineString", "coordinates": [[121.1121074, 14.2591313], [121.1122366, 14.2588822]]}, "properties": {"city": "calamba", "name": "", "highway": "residential", "v_posted": 40, "posted_imputed": false, "v_safe": 30, "gap": 10, "R": 3.16, "exposure": 0.025, "vru_150m": 0, "sss": 12.8, "recommended": 30, "fatal_reduction_pct": 68.4, "why": "local road, frontage/pedestrian mixing", "pop_density": 801.3, "pop_density_peak": 801.3, "v_design": 35, "design_gap": 5}}, {"type": "Feature", "geometry": {"type": "LineString", "coordinates": [[121.1127759, 14.259481], [121.1128915, 14.2592418], [121.1131271, 14.2588067]]}, "properties": {"city": "calamba", "name": "", "highway": "residential", "v_posted": 40, "posted_imputed": false, "v_safe": 30, "gap": 10, "R": 3.16, "exposure": 0.025, "vru_150m": 0, "sss": 12.8, "recommended": 30, "fatal_reduction_pct": 68.4, "why": "local road, frontage/pedestrian mixing", "pop_density": 796.4, "pop_density_peak": 801.3, "v_design": 35, "design_gap": 5}}, {"type": "Feature", "geometry": {"type": "LineString", "coordinates": [[121.1126791, 14.2591248], [121.1128067, 14.2588891], [121.1129313, 14.2586589], [121.1120214, 14.2581654], [121.1118959, 14.2583936], [121.1117652, 14.2586313]]}, "properties": {"city": "calamba", "name": "", "highway": "residential", "v_posted": 40, "posted_imputed": false, "v_safe": 30, "gap": 10, "R": 3.16, "exposure": 0.009, "vru_150m": 0, "sss": 12.6, "recommended": 30, "fatal_reduction_pct": 68.4, "why": "local road, frontage/pedestrian mixing", "pop_density": 299.2, "pop_density_peak": 801.3, "v_design": 25, "design_gap": -5}}, {"type": "Feature", "geometry": {"type": "LineString", "coordinates": [[121.1112422, 14.2601142], [121.1115076, 14.2602497], [121.1117864, 14.260392], [121.1120445, 14.2605237], [121.1124125, 14.2607116]]}, "properties": {"city": "calamba", "name": "", "highway": "residential", "v_posted": 40, "posted_imputed": false, "v_safe": 30, "gap": 10, "R": 3.16, "exposure": 0.024, "vru_150m": 0, "sss": 12.8, "recommended": 30, "fatal_reduction_pct": 68.4, "why": "local road, frontage/pedestrian mixing", "pop_density": 764.7, "pop_density_peak": 776.8, "v_design": 35, "design_gap": 5}}, {"type": "Feature", "geometry": {"type": "LineString", "coordinates": [[121.1117976, 14.2595073], [121.1121873, 14.259715], [121.1124324, 14.2598457], [121.1127965, 14.2600397]]}, "properties": {"city": "calamba", "name": "", "highway": "residential", "v_posted": 40, "posted_imputed": false, "v_safe": 30, "gap": 10, "R": 3.16, "exposure": 0.025, "vru_150m": 0, "sss": 12.8, "recommended": 30, "fatal_reduction_pct": 68.4, "why": "local road, frontage/pedestrian mixing", "pop_density": 805.4, "pop_density_peak": 809.4, "v_design": 35, "design_gap": 5}}, {"type": "Feature", "geometry": {"type": "LineString", "coordinates": [[121.1120445, 14.2605237], [121.1121681, 14.2603077], [121.112306, 14.2600666], [121.1124324, 14.2598457], [121.1125527, 14.2596354]]}, "properties": {"city": "calamba", "name": "", "highway": "residential", "v_posted": 40, "posted_imputed": false, "v_safe": 30, "gap": 10, "R": 3.16, "exposure": 0.024, "vru_150m": 0, "sss": 12.8, "recommended": 30, "fatal_reduction_pct": 68.4, "why": "local road, frontage/pedestrian mixing", "pop_density": 781.3, "pop_density_peak": 801.3, "v_design": 35, "design_gap": 5}}, {"type": "Feature", "geometry": {"type": "LineString", "coordinates": [[121.112306, 14.2600666], [121.1126798, 14.2602595]]}, "properties": {"city": "calamba", "name": "", "highway": "residential", "v_posted": 40, "posted_imputed": false, "v_safe": 30, "gap": 10, "R": 3.16, "exposure": 0.025, "vru_150m": 0, "sss": 12.8, "recommended": 30, "fatal_reduction_pct": 68.4, "why": "local road, frontage/pedestrian mixing", "pop_density": 801.3, "pop_density_peak": 801.3, "v_design": 35, "design_gap": 5}}, {"type": "Feature", "geometry": {"type": "LineString", "coordinates": [[121.1121681, 14.2603077], [121.1125435, 14.2604926]]}, "properties": {"city": "calamba", "name": "", "highway": "residential", "v_posted": 40, "posted_imputed": false, "v_safe": 30, "gap": 10, "R": 3.16, "exposure": 0.024, "vru_150m": 0, "sss": 12.8, "recommended": 30, "fatal_reduction_pct": 68.4, "why": "local road, frontage/pedestrian mixing", "pop_density": 789.1, "pop_density_peak": 801.3, "v_design": 35, "design_gap": 5}}, {"type": "Feature", "geometry": {"type": "LineString", "coordinates": [[121.1125527, 14.2596354], [121.1129135, 14.2598276]]}, "properties": {"city": "calamba", "name": "", "highway": "residential", "v_posted": 40, "posted_imputed": false, "v_safe": 30, "gap": 10, "R": 3.16, "exposure": 0.025, "vru_150m": 0, "sss": 12.8, "recommended": 30, "fatal_reduction_pct": 68.4, "why": "local road, frontage/pedestrian mixing", "pop_density": 801.3, "pop_density_peak": 801.3, "v_design": 35, "design_gap": 5}}, {"type": "Feature", "geometry": {"type": "LineString", "coordinates": [[121.1117864, 14.260392], [121.1121873, 14.259715]]}, "properties": {"city": "calamba", "name": "", "highway": "residential", "v_posted": 40, "posted_imputed": false, "v_safe": 30, "gap": 10, "R": 3.16, "exposure": 0.025, "vru_150m": 0, "sss": 12.8, "recommended": 30, "fatal_reduction_pct": 68.4, "why": "local road, frontage/pedestrian mixing", "pop_density": 805.4, "pop_density_peak": 809.4, "v_design": 35, "design_gap": 5}}, {"type": "Feature", "geometry": {"type": "LineString", "coordinates": [[121.1118959, 14.2583936], [121.1128067, 14.2588891]]}, "properties": {"city": "calamba", "name": "", "highway": "residential", "v_posted": 40, "posted_imputed": false, "v_safe": 30, "gap": 10, "R": 3.16, "exposure": 0.013, "vru_150m": 0, "sss": 12.7, "recommended": 30, "fatal_reduction_pct": 68.4, "why": "local road, frontage/pedestrian mixing", "pop_density": 424.7, "pop_density_peak": 801.3, "v_design": 35, "design_gap": 5}}, {"type": "Feature", "geometry": {"type": "LineString", "coordinates": [[121.1070161, 14.244536], [121.1068627, 14.24532], [121.1068359, 14.2454318], [121.106793, 14.2455878], [121.1066897, 14.2457997], [121.1065543, 14.2459791], [121.1063537, 14.2461816], [121.1061902, 14.2462874], [121.1059274, 14.2463792], [121.1056486, 14.2464231], [121.1053047, 14.2464271], [121.1045989, 14.2463703], [121.1040893, 14.2463092], [121.1039713, 14.2462975], [121.1038238, 14.2462793], [121.103577, 14.2462417], [121.1031345, 14.246165], [121.10283, 14.2460883], [121.1026369, 14.2460246], [121.1024453, 14.2459424], [121.1022702, 14.2458421]]}, "properties": {"city": "calamba", "name": "", "highway": "unclassified", "v_posted": 60, "posted_imputed": false, "v_safe": 30, "gap": 30, "R": 16.0, "exposure": 0.002, "vru_150m": 0, "sss": 37.6, "recommended": 30, "fatal_reduction_pct": 93.8, "why": "local road, frontage/pedestrian mixing", "pop_density": 63.2, "pop_density_peak": 298.4, "v_design": 35, "design_gap": 5}}, {"type": "Feature", "geometry": {"type": "LineString", "coordinates": [[121.1077815, 14.2359541], [121.107803, 14.2357687], [121.1078197, 14.235636], [121.1078455, 14.2354901]]}, "properties": {"city": "calamba", "name": "Hologram", "highway": "service", "v_posted": 40, "posted_imputed": false, "v_safe": 30, "gap": 10, "R": 3.16, "exposure": 0.036, "vru_150m": 0, "sss": 12.9, "recommended": 30, "fatal_reduction_pct": 68.4, "why": "local road, frontage/pedestrian mixing", "pop_density": 1150.4, "pop_density_peak": 1150.4, "v_design": 25, "design_gap": -5}}, {"type": "Feature", "geometry": {"type": "LineString", "coordinates": [[121.1100244, 14.2571148], [121.1099091, 14.2573138], [121.1097757, 14.2575439]]}, "properties": {"city": "calamba", "name": "", "highway": "residential", "v_posted": 40, "posted_imputed": false, "v_safe": 30, "gap": 10, "R": 3.16, "exposure": 0.0, "vru_150m": 0, "sss": 12.5, "recommended": 30, "fatal_reduction_pct": 68.4, "why": "local road, frontage/pedestrian mixing", "pop_density": 0.0, "pop_density_peak": 0.0, "v_design": 35, "design_gap": 5}}, {"type": "Feature", "geometry": {"type": "LineString", "coordinates": [[121.1079829, 14.2579591], [121.1080457, 14.2579918], [121.1085707, 14.2582654]]}, "properties": {"city": "calamba", "name": "", "highway": "unclassified", "v_posted": 40, "posted_imputed": false, "v_safe": 30, "gap": 10, "R": 3.16, "exposure": 0.012, "vru_150m": 0, "sss": 12.6, "recommended": 30, "fatal_reduction_pct": 68.4, "why": "local road, frontage/pedestrian mixing", "pop_density": 374.3, "pop_density_peak": 374.3, "v_design": 40, "design_gap": 10}}, {"type": "Feature", "geometry": {"type": "LineString", "coordinates": [[121.1085376, 14.2583243], [121.1080125, 14.2580591], [121.107948, 14.2580266]]}, "properties": {"city": "calamba", "name": "", "highway": "unclassified", "v_posted": 40, "posted_imputed": false, "v_safe": 30, "gap": 10, "R": 3.16, "exposure": 0.012, "vru_150m": 0, "sss": 12.6, "recommended": 30, "fatal_reduction_pct": 68.4, "why": "local road, frontage/pedestrian mixing", "pop_density": 374.3, "pop_density_peak": 374.3, "v_design": 40, "design_gap": 10}}, {"type": "Feature", "geometry": {"type": "LineString", "coordinates": [[121.1109921, 14.26056], [121.110748, 14.2610206], [121.1105684, 14.2613594]]}, "properties": {"city": "calamba", "name": "", "highway": "residential", "v_posted": 40, "posted_imputed": false, "v_safe": 30, "gap": 10, "R": 3.16, "exposure": 0.011, "vru_150m": 0, "sss": 12.6, "recommended": 30, "fatal_reduction_pct": 68.4, "why": "local road, frontage/pedestrian mixing", "pop_density": 352.2, "pop_density_peak": 704.5, "v_design": 35, "design_gap": 5}}, {"type": "Feature", "geometry": {"type": "LineString", "coordinates": [[121.1105684, 14.2613594], [121.1109612, 14.261664], [121.1111679, 14.2618243], [121.1113874, 14.2619945], [121.1115873, 14.2621495]]}, "properties": {"city": "calamba", "name": "", "highway": "residential", "v_posted": 40, "posted_imputed": false, "v_safe": 30, "gap": 10, "R": 3.16, "exposure": 0.0, "vru_150m": 0, "sss": 12.5, "recommended": 30, "fatal_reduction_pct": 68.4, "why": "local road, frontage/pedestrian mixing", "pop_density": 0.0, "pop_density_peak": 0.0, "v_design": 35, "design_gap": 5}}, {"type": "Feature", "geometry": {"type": "LineString", "coordinates": [[121.1115873, 14.2621495], [121.1118991, 14.2616065], [121.1120248, 14.2613875], [121.112157, 14.2611573], [121.1122827, 14.2609383]]}, "properties": {"city": "calamba", "name": "", "highway": "residential", "v_posted": 40, "posted_imputed": false, "v_safe": 30, "gap": 10, "R": 3.16, "exposure": 0.012, "vru_150m": 0, "sss": 12.7, "recommended": 30, "fatal_reduction_pct": 68.4, "why": "local road, frontage/pedestrian mixing", "pop_density": 388.4, "pop_density_peak": 776.8, "v_design": 35, "design_gap": 5}}, {"type": "Feature", "geometry": {"type": "LineString", "coordinates": [[121.1095631, 14.2587839], [121.1094987, 14.2587752], [121.1094319, 14.2587568], [121.1093538, 14.2587191]]}, "properties": {"city": "calamba", "name": "", "highway": "unclassified", "v_posted": 40, "posted_imputed": false, "v_safe": 30, "gap": 10, "R": 3.16, "exposure": 0.012, "vru_150m": 0, "sss": 12.7, "recommended": 30, "fatal_reduction_pct": 68.4, "why": "local road, frontage/pedestrian mixing", "pop_density": 403.7, "pop_density_peak": 807.3, "v_design": 40, "design_gap": 10}}, {"type": "Feature", "geometry": {"type": "LineString", "coordinates": [[121.1111441, 14.2596164], [121.1114564, 14.2597809]]}, "properties": {"city": "calamba", "name": "", "highway": "unclassified", "v_posted": 40, "posted_imputed": false, "v_safe": 30, "gap": 10, "R": 3.16, "exposure": 0.024, "vru_150m": 0, "sss": 12.8, "recommended": 30, "fatal_reduction_pct": 68.4, "why": "local road, frontage/pedestrian mixing", "pop_density": 781.0, "pop_density_peak": 809.4, "v_design": 40, "design_gap": 10}}, {"type": "Feature", "geometry": {"type": "LineString", "coordinates": [[121.110246, 14.2613559], [121.1100048, 14.2618601]]}, "properties": {"city": "calamba", "name": "", "highway": "unclassified", "v_posted": 40, "posted_imputed": false, "v_safe": 30, "gap": 10, "R": 3.16, "exposure": 0.0, "vru_150m": 0, "sss": 12.5, "recommended": 30, "fatal_reduction_pct": 68.4, "why": "local road, frontage/pedestrian mixing", "pop_density": 0.0, "pop_density_peak": 0.0, "v_design": 40, "design_gap": 10}}, {"type": "Feature", "geometry": {"type": "LineString", "coordinates": [[121.1101854, 14.261323], [121.1104191, 14.2608956], [121.1104511, 14.2608694], [121.1104778, 14.2608475]]}, "properties": {"city": "calamba", "name": "", "highway": "unclassified", "v_posted": 40, "posted_imputed": false, "v_safe": 30, "gap": 10, "R": 3.16, "exposure": 0.011, "vru_150m": 0, "sss": 12.6, "recommended": 30, "fatal_reduction_pct": 68.4, "why": "local road, frontage/pedestrian mixing", "pop_density": 352.2, "pop_density_peak": 704.5, "v_design": 40, "design_gap": 10}}]}